# go_id	kind	status	crystal_refs	notes
browser_test.go::test::TestBinarySize	test	ported	-	false-positive: see plans/inventory/go_false_positive_notes.md
browser_test.go::test::TestBlockingNavigation	test	ported	-	false-positive: see plans/inventory/go_false_positive_notes.md
browser_test.go::test::TestBrowserCall	test	ported	-	false-positive: see plans/inventory/go_false_positive_notes.md
browser_test.go::test::TestBrowserClearStates	test	ported	-	false-positive: see plans/inventory/go_false_positive_notes.md
browser_test.go::test::TestBrowserConnectConflict	test	ported	-	false-positive: see plans/inventory/go_false_positive_notes.md
browser_test.go::test::TestBrowserConnectErr	test	ported	-	false-positive: see plans/inventory/go_false_positive_notes.md
browser_test.go::test::TestBrowserConnectFailure	test	ported	-	false-positive: see plans/inventory/go_false_positive_notes.md
browser_test.go::test::TestBrowserCookies	test	ported	-	false-positive: see plans/inventory/go_false_positive_notes.md
browser_test.go::test::TestBrowserCrash	test	ported	-	false-positive: see plans/inventory/go_false_positive_notes.md
browser_test.go::test::TestBrowserEvent	test	ported	-	false-positive: see plans/inventory/go_false_positive_notes.md
browser_test.go::test::TestBrowserLostConnection	test	ported	-	false-positive: see plans/inventory/go_false_positive_notes.md
browser_test.go::test::TestBrowserOthers	test	ported	-	false-positive: see plans/inventory/go_false_positive_notes.md
browser_test.go::test::TestBrowserPages	test	ported	-	false-positive: see plans/inventory/go_false_positive_notes.md
browser_test.go::test::TestBrowserPool	test	ported	-	false-positive: see plans/inventory/go_false_positive_notes.md
browser_test.go::test::TestBrowserResetControlURL	test	ported	-	false-positive: see plans/inventory/go_false_positive_notes.md
browser_test.go::test::TestBrowserWaitEvent	test	ported	-	false-positive: see plans/inventory/go_false_positive_notes.md
browser_test.go::test::TestDefaultDevice	test	ported	-	false-positive: see plans/inventory/go_false_positive_notes.md
browser_test.go::test::TestIncognito	test	ported	-	false-positive: see plans/inventory/go_false_positive_notes.md
browser_test.go::test::TestOldBrowser	test	ported	-	false-positive: see plans/inventory/go_false_positive_notes.md
browser_test.go::test::TestPageErr	test	ported	-	false-positive: see plans/inventory/go_false_positive_notes.md
browser_test.go::test::TestPageFromTarget	test	ported	-	false-positive: see plans/inventory/go_false_positive_notes.md
browser_test.go::test::TestResolveBlocking	test	ported	-	false-positive: see plans/inventory/go_false_positive_notes.md
browser_test.go::test::TestStreamReader	test	ported	-	false-positive: see plans/inventory/go_false_positive_notes.md
browser_test.go::test::TestTestTry	test	ported	-	false-positive: see plans/inventory/go_false_positive_notes.md
browser_test.go::test::TestWaitDownload	test	ported	-	false-positive: see plans/inventory/go_false_positive_notes.md
browser_test.go::test::TestWaitDownloadCancel	test	ported	-	false-positive: see plans/inventory/go_false_positive_notes.md
browser_test.go::test::TestWaitDownloadDataURI	test	ported	-	false-positive: see plans/inventory/go_false_positive_notes.md
browser_test.go::test::TestWaitDownloadFromNewPage	test	ported	-	false-positive: see plans/inventory/go_false_positive_notes.md
dev_helpers.go::type::TraceType	type	ported	-	false-positive: see plans/inventory/go_false_positive_notes.md
dev_helpers_test.go::test::TestExposeHelpers	test	ported	-	false-positive: see plans/inventory/go_false_positive_notes.md
dev_helpers_test.go::test::TestMonitor	test	ported	-	false-positive: see plans/inventory/go_false_positive_notes.md
dev_helpers_test.go::test::TestMonitorErr	test	ported	-	false-positive: see plans/inventory/go_false_positive_notes.md
dev_helpers_test.go::test::TestTrace	test	ported	-	false-positive: see plans/inventory/go_false_positive_notes.md
dev_helpers_test.go::test::TestTraceLogs	test	ported	-	false-positive: see plans/inventory/go_false_positive_notes.md
element.go::method::Element.GetXPath	method	ported	-	false-positive: see plans/inventory/go_false_positive_notes.md
element_test.go::test::TestAttribute	test	ported	-	false-positive: see plans/inventory/go_false_positive_notes.md
element_test.go::test::TestBackgroundImage	test	ported	-	false-positive: see plans/inventory/go_false_positive_notes.md
element_test.go::test::TestBlur	test	ported	-	false-positive: see plans/inventory/go_false_positive_notes.md
element_test.go::test::TestCanvasToImage	test	ported	-	false-positive: see plans/inventory/go_false_positive_notes.md
element_test.go::test::TestCheckbox	test	ported	-	false-positive: see plans/inventory/go_false_positive_notes.md
element_test.go::test::TestClick	test	ported	-	false-positive: see plans/inventory/go_false_positive_notes.md
element_test.go::test::TestClickWrapped	test	ported	-	false-positive: see plans/inventory/go_false_positive_notes.md
element_test.go::test::TestContains	test	ported	-	false-positive: see plans/inventory/go_false_positive_notes.md
element_test.go::test::TestDisabled	test	ported	-	false-positive: see plans/inventory/go_false_positive_notes.md
element_test.go::test::TestElementCancelContext	test	ported	-	false-positive: see plans/inventory/go_false_positive_notes.md
element_test.go::test::TestElementContext	test	ported	-	false-positive: see plans/inventory/go_false_positive_notes.md
element_test.go::test::TestElementEWithDepth	test	ported	-	false-positive: see plans/inventory/go_false_positive_notes.md
element_test.go::test::TestElementEqual	test	ported	-	false-positive: see plans/inventory/go_false_positive_notes.md
element_test.go::test::TestElementErrors	test	ported	-	false-positive: see plans/inventory/go_false_positive_notes.md
element_test.go::test::TestElementFromNodeErr	test	ported	-	false-positive: see plans/inventory/go_false_positive_notes.md
element_test.go::test::TestElementFromPointErr	test	ported	-	false-positive: see plans/inventory/go_false_positive_notes.md
element_test.go::test::TestElementGetXPath	test	ported	-	false-positive: see plans/inventory/go_false_positive_notes.md
element_test.go::test::TestElementInputDate	test	ported	-	false-positive: see plans/inventory/go_false_positive_notes.md
element_test.go::test::TestElementMoveMouseOut	test	ported	-	false-positive: see plans/inventory/go_false_positive_notes.md
element_test.go::test::TestElementMultipleTimes	test	ported	-	false-positive: see plans/inventory/go_false_positive_notes.md
element_test.go::test::TestElementOthers	test	ported	-	false-positive: see plans/inventory/go_false_positive_notes.md
element_test.go::test::TestElementRemove	test	ported	-	false-positive: see plans/inventory/go_false_positive_notes.md
element_test.go::test::TestElementScreenshot	test	ported	-	false-positive: see plans/inventory/go_false_positive_notes.md
element_test.go::test::TestElementWait	test	ported	-	false-positive: see plans/inventory/go_false_positive_notes.md
element_test.go::test::TestElementWaitLoad	test	ported	-	false-positive: see plans/inventory/go_false_positive_notes.md
element_test.go::test::TestEnter	test	ported	-	false-positive: see plans/inventory/go_false_positive_notes.md
element_test.go::test::TestFnErr	test	ported	-	false-positive: see plans/inventory/go_false_positive_notes.md
element_test.go::test::TestGetElementPage	test	ported	-	false-positive: see plans/inventory/go_false_positive_notes.md
element_test.go::test::TestHover	test	ported	-	false-positive: see plans/inventory/go_false_positive_notes.md
element_test.go::test::TestIframeCrossDomains	test	ported	-	false-positive: see plans/inventory/go_false_positive_notes.md
element_test.go::test::TestIframes	test	ported	-	false-positive: see plans/inventory/go_false_positive_notes.md
element_test.go::test::TestInputColor	test	ported	-	false-positive: see plans/inventory/go_false_positive_notes.md
element_test.go::test::TestInputTime	test	ported	-	false-positive: see plans/inventory/go_false_positive_notes.md
element_test.go::test::TestInteractable	test	ported	-	false-positive: see plans/inventory/go_false_positive_notes.md
element_test.go::test::TestInteractableWithNoShape	test	ported	-	false-positive: see plans/inventory/go_false_positive_notes.md
element_test.go::test::TestMatches	test	ported	-	false-positive: see plans/inventory/go_false_positive_notes.md
element_test.go::test::TestNotInteractable	test	ported	-	false-positive: see plans/inventory/go_false_positive_notes.md
element_test.go::test::TestNotInteractableWithNoPointerEvents	test	ported	-	false-positive: see plans/inventory/go_false_positive_notes.md
element_test.go::test::TestProperty	test	ported	-	false-positive: see plans/inventory/go_false_positive_notes.md
element_test.go::test::TestResource	test	ported	-	false-positive: see plans/inventory/go_false_positive_notes.md
element_test.go::test::TestSelectOptions	test	ported	-	false-positive: see plans/inventory/go_false_positive_notes.md
element_test.go::test::TestSelectQuery	test	ported	-	false-positive: see plans/inventory/go_false_positive_notes.md
element_test.go::test::TestSelectText	test	ported	-	false-positive: see plans/inventory/go_false_positive_notes.md
element_test.go::test::TestSetFiles	test	ported	-	false-positive: see plans/inventory/go_false_positive_notes.md
element_test.go::test::TestShadowDOM	test	ported	-	false-positive: see plans/inventory/go_false_positive_notes.md
element_test.go::test::TestShapeInIframe	test	ported	-	false-positive: see plans/inventory/go_false_positive_notes.md
element_test.go::test::TestTap	test	ported	-	false-positive: see plans/inventory/go_false_positive_notes.md
element_test.go::test::TestUseReleasedElement	test	ported	-	false-positive: see plans/inventory/go_false_positive_notes.md
element_test.go::test::TestWaitEnabled	test	ported	-	false-positive: see plans/inventory/go_false_positive_notes.md
element_test.go::test::TestWaitInteractable	test	ported	-	false-positive: see plans/inventory/go_false_positive_notes.md
element_test.go::test::TestWaitInvisible	test	ported	-	false-positive: see plans/inventory/go_false_positive_notes.md
element_test.go::test::TestWaitStable	test	ported	-	false-positive: see plans/inventory/go_false_positive_notes.md
element_test.go::test::TestWaitStableRAP	test	ported	-	false-positive: see plans/inventory/go_false_positive_notes.md
element_test.go::test::TestWaitWritable	test	ported	-	false-positive: see plans/inventory/go_false_positive_notes.md
error.go::method::CoveredError.Is	method	ported	-	false-positive: see plans/inventory/go_false_positive_notes.md
error.go::method::EvalError.Is	method	ported	-	false-positive: see plans/inventory/go_false_positive_notes.md
error.go::method::ExpectElementError.Is	method	ported	-	false-positive: see plans/inventory/go_false_positive_notes.md
error.go::method::ExpectElementsError.Is	method	ported	-	false-positive: see plans/inventory/go_false_positive_notes.md
error.go::method::InvisibleShapeError.Is	method	ported	-	false-positive: see plans/inventory/go_false_positive_notes.md
error.go::method::NavigationError.Is	method	ported	-	false-positive: see plans/inventory/go_false_positive_notes.md
error.go::method::NoPointerEventsError.Is	method	ported	-	false-positive: see plans/inventory/go_false_positive_notes.md
error.go::method::NoShadowRootError.Is	method	ported	-	false-positive: see plans/inventory/go_false_positive_notes.md
error.go::method::ObjectNotFoundError.Is	method	ported	-	false-positive: see plans/inventory/go_false_positive_notes.md
error.go::method::TryError.Is	method	ported	-	false-positive: see plans/inventory/go_false_positive_notes.md
hijack.go::method::HijackRequest.IsNavigation	method	ported	-	false-positive: see plans/inventory/go_false_positive_notes.md
hijack_test.go::test::TestHandleAuth	test	ported	-	false-positive: see plans/inventory/go_false_positive_notes.md
hijack_test.go::test::TestHijack	test	ported	-	false-positive: see plans/inventory/go_false_positive_notes.md
hijack_test.go::test::TestHijackContinue	test	ported	-	false-positive: see plans/inventory/go_false_positive_notes.md
hijack_test.go::test::TestHijackFailRequest	test	ported	-	false-positive: see plans/inventory/go_false_positive_notes.md
hijack_test.go::test::TestHijackLoadResponseErr	test	ported	-	false-positive: see plans/inventory/go_false_positive_notes.md
hijack_test.go::test::TestHijackMockWholeResponse	test	ported	-	false-positive: see plans/inventory/go_false_positive_notes.md
hijack_test.go::test::TestHijackMockWholeResponseEmptyBody	test	ported	-	false-positive: see plans/inventory/go_false_positive_notes.md
hijack_test.go::test::TestHijackMockWholeResponseNoBody	test	ported	-	false-positive: see plans/inventory/go_false_positive_notes.md
hijack_test.go::test::TestHijackOnErrorLog	test	ported	-	false-positive: see plans/inventory/go_false_positive_notes.md
hijack_test.go::test::TestHijackResponseErr	test	ported	-	false-positive: see plans/inventory/go_false_positive_notes.md
hijack_test.go::test::TestHijackSkip	test	ported	-	false-positive: see plans/inventory/go_false_positive_notes.md
input.go::const::KeyActionPress	const	ported	-	false-positive: see plans/inventory/go_false_positive_notes.md
input.go::const::KeyActionRelease	const	ported	-	false-positive: see plans/inventory/go_false_positive_notes.md
input.go::const::KeyActionTypeKey	const	ported	-	false-positive: see plans/inventory/go_false_positive_notes.md
input_test.go::test::TestInput	test	ported	-	false-positive: see plans/inventory/go_false_positive_notes.md
input_test.go::test::TestKeyActions	test	ported	-	false-positive: see plans/inventory/go_false_positive_notes.md
input_test.go::test::TestKeyType	test	ported	-	false-positive: see plans/inventory/go_false_positive_notes.md
input_test.go::test::TestKeyTypeErr	test	ported	-	false-positive: see plans/inventory/go_false_positive_notes.md
input_test.go::test::TestMouse	test	ported	-	false-positive: see plans/inventory/go_false_positive_notes.md
input_test.go::test::TestMouseClick	test	ported	-	false-positive: see plans/inventory/go_false_positive_notes.md
input_test.go::test::TestMouseDoubleClick	test	ported	-	false-positive: see plans/inventory/go_false_positive_notes.md
input_test.go::test::TestMouseDrag	test	ported	-	false-positive: see plans/inventory/go_false_positive_notes.md
input_test.go::test::TestMouseHoldMultiple	test	ported	-	false-positive: see plans/inventory/go_false_positive_notes.md
input_test.go::test::TestMouseMoveErr	test	ported	-	false-positive: see plans/inventory/go_false_positive_notes.md
input_test.go::test::TestMouseMoveLinear	test	ported	-	false-positive: see plans/inventory/go_false_positive_notes.md
input_test.go::test::TestMouseScroll	test	ported	-	false-positive: see plans/inventory/go_false_positive_notes.md
input_test.go::test::TestNativeDrag	test	ported	-	false-positive: see plans/inventory/go_false_positive_notes.md
input_test.go::test::TestTouch	test	ported	-	false-positive: see plans/inventory/go_false_positive_notes.md
lib/cdp/client.go::type::WebSocketable	type	ported	-	false-positive: see plans/inventory/go_false_positive_notes.md
lib/cdp/client_test.go::test::TestBasic	test	ported	-	false-positive: see plans/inventory/go_false_positive_notes.md
lib/cdp/client_test.go::test::TestCancelCallLeak	test	ported	-	false-positive: see plans/inventory/go_false_positive_notes.md
lib/cdp/client_test.go::test::TestConcurrentCall	test	ported	-	false-positive: see plans/inventory/go_false_positive_notes.md
lib/cdp/client_test.go::test::TestCrash	test	ported	-	false-positive: see plans/inventory/go_false_positive_notes.md
lib/cdp/client_test.go::test::TestError	test	ported	-	false-positive: see plans/inventory/go_false_positive_notes.md
lib/cdp/client_test.go::test::TestFormat	test	ported	-	false-positive: see plans/inventory/go_false_positive_notes.md
lib/cdp/client_test.go::test::TestMassBrowserClose	test	ported	-	false-positive: see plans/inventory/go_false_positive_notes.md
lib/cdp/client_test.go::test::TestSlowSend	test	ported	-	false-positive: see plans/inventory/go_false_positive_notes.md
lib/cdp/error.go::method::Error.Is	method	ported	-	false-positive: see plans/inventory/go_false_positive_notes.md
lib/cdp/utils.go::func::MustConnectWS	func	ported	-	false-positive: see plans/inventory/go_false_positive_notes.md
lib/cdp/utils.go::func::MustStartWithURL	func	ported	-	false-positive: see plans/inventory/go_false_positive_notes.md
lib/cdp/utils.go::func::StartWithURL	func	ported	-	false-positive: see plans/inventory/go_false_positive_notes.md
lib/cdp/utils.go::method::tlsDialer.DialContext	method	ported	-	false-positive: see plans/inventory/go_false_positive_notes.md
lib/cdp/utils.go::type::Dialer	type	ported	-	false-positive: see plans/inventory/go_false_positive_notes.md
lib/cdp/websocket.go::struct::BadHandshakeError	struct	ported	-	false-positive: see plans/inventory/go_false_positive_notes.md
lib/cdp/websocket_private_test.go::test::TestWebSocketErr	test	ported	-	false-positive: see plans/inventory/go_false_positive_notes.md
lib/cdp/websocket_test.go::test::TestDuplicatedConnectErr	test	ported	-	false-positive: see plans/inventory/go_false_positive_notes.md
lib/cdp/websocket_test.go::test::TestWebSocketHeader	test	ported	-	false-positive: see plans/inventory/go_false_positive_notes.md
lib/cdp/websocket_test.go::test::TestWebSocketLargePayload	test	ported	-	false-positive: see plans/inventory/go_false_positive_notes.md
lib/defaults/defaults_test.go::test::TestBasic	test	ported	-	false-positive: see plans/inventory/go_false_positive_notes.md
lib/defaults/defaults_test.go::test::TestParseFlag	test	ported	-	false-positive: see plans/inventory/go_false_positive_notes.md
lib/devices/device.go::method::Device.IsClear	method	ported	-	false-positive: see plans/inventory/go_false_positive_notes.md
lib/devices/utils_test.go::test::TestErr	test	ported	-	false-positive: see plans/inventory/go_false_positive_notes.md
lib/examples/compare-chromedp/proxy/main.go::method::transport.RoundTrip	method	ported	-	false-positive: see plans/inventory/go_false_positive_notes.md
lib/examples/custom-websocket/main.go::func::NewWebSocket	func	ported	-	false-positive: see plans/inventory/go_false_positive_notes.md
lib/examples/e2e-testing/calculator_test.go::test::TestAdd	test	ported	-	false-positive: see plans/inventory/go_false_positive_notes.md
lib/examples/e2e-testing/calculator_test.go::test::TestMultiple	test	ported	-	false-positive: see plans/inventory/go_false_positive_notes.md
lib/input/keyboard.go::method::Key.Printable	method	ported	-	false-positive: see plans/inventory/go_false_positive_notes.md
lib/input/keyboard.go::method::Key.Shift	method	ported	-	false-positive: see plans/inventory/go_false_positive_notes.md
lib/input/keyboard_test.go::test::TestKeyEncode	test	ported	-	false-positive: see plans/inventory/go_false_positive_notes.md
lib/input/keyboard_test.go::test::TestKeyMap	test	ported	-	false-positive: see plans/inventory/go_false_positive_notes.md
lib/input/keyboard_test.go::test::TestKeyModifier	test	ported	-	false-positive: see plans/inventory/go_false_positive_notes.md
lib/input/keyboard_test.go::test::TestMac	test	ported	-	false-positive: see plans/inventory/go_false_positive_notes.md
lib/input/mouse_test.go::test::TestMouseEncode	test	ported	-	false-positive: see plans/inventory/go_false_positive_notes.md
lib/launcher/browser.go::func::NewBrowser	func	ported	-	false-positive: see plans/inventory/go_false_positive_notes.md
lib/launcher/browser.go::type::Host	type	ported	-	false-positive: see plans/inventory/go_false_positive_notes.md
lib/launcher/flags/flags.go::method::Flag.NormalizeFlag	method	ported	-	false-positive: see plans/inventory/go_false_positive_notes.md
lib/launcher/flags/flags.go::type::Flag	type	ported	-	false-positive: see plans/inventory/go_false_positive_notes.md
lib/launcher/launcher.go::method::Launcher.GetFlags	method	ported	-	false-positive: see plans/inventory/go_false_positive_notes.md
lib/launcher/launcher.go::method::Launcher.IgnoreCerts	method	ported	-	false-positive: see plans/inventory/go_false_positive_notes.md
lib/launcher/launcher.go::method::Launcher.MustLaunch	method	ported	-	false-positive: see plans/inventory/go_false_positive_notes.md
lib/launcher/launcher_test.go::test::TestAppMode	test	ported	-	false-positive: see plans/inventory/go_false_positive_notes.md
lib/launcher/launcher_test.go::test::TestBrowserDownloadErr	test	ported	-	false-positive: see plans/inventory/go_false_positive_notes.md
lib/launcher/launcher_test.go::test::TestBrowserValid	test	ported	-	false-positive: see plans/inventory/go_false_positive_notes.md
lib/launcher/launcher_test.go::test::TestDownload	test	ported	-	false-positive: see plans/inventory/go_false_positive_notes.md
lib/launcher/launcher_test.go::test::TestDownloadHosts	test	ported	-	false-positive: see plans/inventory/go_false_positive_notes.md
lib/launcher/launcher_test.go::test::TestGetWebSocketDebuggerURLErr	test	ported	-	false-positive: see plans/inventory/go_false_positive_notes.md
lib/launcher/launcher_test.go::test::TestIgnoreCerts	test	ported	-	false-positive: see plans/inventory/go_false_positive_notes.md
lib/launcher/launcher_test.go::test::TestIgnoreCerts_InvalidCert	test	ported	-	false-positive: see plans/inventory/go_false_positive_notes.md
lib/launcher/launcher_test.go::test::TestLaunch	test	ported	-	false-positive: see plans/inventory/go_false_positive_notes.md
lib/launcher/launcher_test.go::test::TestLaunchErr	test	ported	-	false-positive: see plans/inventory/go_false_positive_notes.md
lib/launcher/launcher_test.go::test::TestLaunchMultiTimes	test	ported	-	false-positive: see plans/inventory/go_false_positive_notes.md
lib/launcher/launcher_test.go::test::TestLaunchUserMode	test	ported	-	false-positive: see plans/inventory/go_false_positive_notes.md
lib/launcher/launcher_test.go::test::TestProfileDir	test	ported	-	false-positive: see plans/inventory/go_false_positive_notes.md
lib/launcher/launcher_test.go::test::TestUserModeErr	test	ported	-	false-positive: see plans/inventory/go_false_positive_notes.md
lib/launcher/manager.go::method::Manager.ServeHTTP	method	ported	-	false-positive: see plans/inventory/go_false_positive_notes.md
lib/launcher/private_test.go::test::TestGetURLErr	test	ported	-	false-positive: see plans/inventory/go_false_positive_notes.md
lib/launcher/private_test.go::test::TestLaunchClient	test	ported	-	false-positive: see plans/inventory/go_false_positive_notes.md
lib/launcher/private_test.go::test::TestLaunchErrs	test	ported	-	false-positive: see plans/inventory/go_false_positive_notes.md
lib/launcher/private_test.go::test::TestLaunchOptions	test	ported	-	false-positive: see plans/inventory/go_false_positive_notes.md
lib/launcher/private_test.go::test::TestManaged	test	ported	-	false-positive: see plans/inventory/go_false_positive_notes.md
lib/launcher/private_test.go::test::TestTestOpen	test	ported	-	false-positive: see plans/inventory/go_false_positive_notes.md
lib/launcher/private_test.go::test::TestToHTTP	test	ported	-	false-positive: see plans/inventory/go_false_positive_notes.md
lib/launcher/private_test.go::test::TestToWS	test	ported	-	false-positive: see plans/inventory/go_false_positive_notes.md
lib/launcher/private_test.go::test::TestURLParserErr	test	ported	-	false-positive: see plans/inventory/go_false_positive_notes.md
lib/launcher/url_parser.go::func::NewURLParser	func	ported	-	false-positive: see plans/inventory/go_false_positive_notes.md
lib/proto/a_patch.go::func::NewPoint	func	ported	-	false-positive: see plans/inventory/go_false_positive_notes.md
lib/proto/a_patch.go::type::MonotonicTime	type	ported	-	false-positive: see plans/inventory/go_false_positive_notes.md
lib/proto/a_patch.go::type::Shape	type	ported	-	false-positive: see plans/inventory/go_false_positive_notes.md
lib/proto/a_patch.go::type::TimeSinceEpoch	type	ported	-	false-positive: see plans/inventory/go_false_positive_notes.md
lib/proto/a_utils_test.go::test::Test	test	ported	-	false-positive: see plans/inventory/go_false_positive_notes.md
lib/proto/accessibility.go::const::AccessibilityAXPropertyNameActivedescendant	const	ported	-	false-positive: see plans/inventory/go_false_positive_notes.md
lib/proto/accessibility.go::const::AccessibilityAXPropertyNameAtomic	const	ported	-	false-positive: see plans/inventory/go_false_positive_notes.md
lib/proto/accessibility.go::const::AccessibilityAXPropertyNameAutocomplete	const	ported	-	false-positive: see plans/inventory/go_false_positive_notes.md
lib/proto/accessibility.go::const::AccessibilityAXPropertyNameBusy	const	ported	-	false-positive: see plans/inventory/go_false_positive_notes.md
lib/proto/accessibility.go::const::AccessibilityAXPropertyNameChecked	const	ported	-	false-positive: see plans/inventory/go_false_positive_notes.md
lib/proto/accessibility.go::const::AccessibilityAXPropertyNameControls	const	ported	-	false-positive: see plans/inventory/go_false_positive_notes.md
lib/proto/accessibility.go::const::AccessibilityAXPropertyNameDescribedby	const	ported	-	false-positive: see plans/inventory/go_false_positive_notes.md
lib/proto/accessibility.go::const::AccessibilityAXPropertyNameDetails	const	ported	-	false-positive: see plans/inventory/go_false_positive_notes.md
lib/proto/accessibility.go::const::AccessibilityAXPropertyNameDisabled	const	ported	-	false-positive: see plans/inventory/go_false_positive_notes.md
lib/proto/accessibility.go::const::AccessibilityAXPropertyNameEditable	const	ported	-	false-positive: see plans/inventory/go_false_positive_notes.md
lib/proto/accessibility.go::const::AccessibilityAXPropertyNameErrormessage	const	ported	-	false-positive: see plans/inventory/go_false_positive_notes.md
lib/proto/accessibility.go::const::AccessibilityAXPropertyNameExpanded	const	ported	-	false-positive: see plans/inventory/go_false_positive_notes.md
lib/proto/accessibility.go::const::AccessibilityAXPropertyNameFlowto	const	ported	-	false-positive: see plans/inventory/go_false_positive_notes.md
lib/proto/accessibility.go::const::AccessibilityAXPropertyNameFocusable	const	ported	-	false-positive: see plans/inventory/go_false_positive_notes.md
lib/proto/accessibility.go::const::AccessibilityAXPropertyNameFocused	const	ported	-	false-positive: see plans/inventory/go_false_positive_notes.md
lib/proto/accessibility.go::const::AccessibilityAXPropertyNameHasPopup	const	ported	-	false-positive: see plans/inventory/go_false_positive_notes.md
lib/proto/accessibility.go::const::AccessibilityAXPropertyNameHidden	const	ported	-	false-positive: see plans/inventory/go_false_positive_notes.md
lib/proto/accessibility.go::const::AccessibilityAXPropertyNameHiddenRoot	const	ported	-	false-positive: see plans/inventory/go_false_positive_notes.md
lib/proto/accessibility.go::const::AccessibilityAXPropertyNameInvalid	const	ported	-	false-positive: see plans/inventory/go_false_positive_notes.md
lib/proto/accessibility.go::const::AccessibilityAXPropertyNameKeyshortcuts	const	ported	-	false-positive: see plans/inventory/go_false_positive_notes.md
lib/proto/accessibility.go::const::AccessibilityAXPropertyNameLabelledby	const	ported	-	false-positive: see plans/inventory/go_false_positive_notes.md
lib/proto/accessibility.go::const::AccessibilityAXPropertyNameLevel	const	ported	-	false-positive: see plans/inventory/go_false_positive_notes.md
lib/proto/accessibility.go::const::AccessibilityAXPropertyNameLive	const	ported	-	false-positive: see plans/inventory/go_false_positive_notes.md
lib/proto/accessibility.go::const::AccessibilityAXPropertyNameModal	const	ported	-	false-positive: see plans/inventory/go_false_positive_notes.md
lib/proto/accessibility.go::const::AccessibilityAXPropertyNameMultiline	const	ported	-	false-positive: see plans/inventory/go_false_positive_notes.md
lib/proto/accessibility.go::const::AccessibilityAXPropertyNameMultiselectable	const	ported	-	false-positive: see plans/inventory/go_false_positive_notes.md
lib/proto/accessibility.go::const::AccessibilityAXPropertyNameOrientation	const	ported	-	false-positive: see plans/inventory/go_false_positive_notes.md
lib/proto/accessibility.go::const::AccessibilityAXPropertyNameOwns	const	ported	-	false-positive: see plans/inventory/go_false_positive_notes.md
lib/proto/accessibility.go::const::AccessibilityAXPropertyNamePressed	const	ported	-	false-positive: see plans/inventory/go_false_positive_notes.md
lib/proto/accessibility.go::const::AccessibilityAXPropertyNameReadonly	const	ported	-	false-positive: see plans/inventory/go_false_positive_notes.md
lib/proto/accessibility.go::const::AccessibilityAXPropertyNameRelevant	const	ported	-	false-positive: see plans/inventory/go_false_positive_notes.md
lib/proto/accessibility.go::const::AccessibilityAXPropertyNameRequired	const	ported	-	false-positive: see plans/inventory/go_false_positive_notes.md
lib/proto/accessibility.go::const::AccessibilityAXPropertyNameRoledescription	const	ported	-	false-positive: see plans/inventory/go_false_positive_notes.md
lib/proto/accessibility.go::const::AccessibilityAXPropertyNameRoot	const	ported	-	false-positive: see plans/inventory/go_false_positive_notes.md
lib/proto/accessibility.go::const::AccessibilityAXPropertyNameSelected	const	ported	-	false-positive: see plans/inventory/go_false_positive_notes.md
lib/proto/accessibility.go::const::AccessibilityAXPropertyNameSettable	const	ported	-	false-positive: see plans/inventory/go_false_positive_notes.md
lib/proto/accessibility.go::const::AccessibilityAXPropertyNameURL	const	ported	-	false-positive: see plans/inventory/go_false_positive_notes.md
lib/proto/accessibility.go::const::AccessibilityAXPropertyNameValuemax	const	ported	-	false-positive: see plans/inventory/go_false_positive_notes.md
lib/proto/accessibility.go::const::AccessibilityAXPropertyNameValuemin	const	ported	-	false-positive: see plans/inventory/go_false_positive_notes.md
lib/proto/accessibility.go::const::AccessibilityAXPropertyNameValuetext	const	ported	-	false-positive: see plans/inventory/go_false_positive_notes.md
lib/proto/accessibility.go::const::AccessibilityAXValueNativeSourceTypeDescription	const	ported	-	false-positive: see plans/inventory/go_false_positive_notes.md
lib/proto/accessibility.go::const::AccessibilityAXValueNativeSourceTypeFigcaption	const	ported	-	false-positive: see plans/inventory/go_false_positive_notes.md
lib/proto/accessibility.go::const::AccessibilityAXValueNativeSourceTypeLabel	const	ported	-	false-positive: see plans/inventory/go_false_positive_notes.md
lib/proto/accessibility.go::const::AccessibilityAXValueNativeSourceTypeLabelfor	const	ported	-	false-positive: see plans/inventory/go_false_positive_notes.md
lib/proto/accessibility.go::const::AccessibilityAXValueNativeSourceTypeLabelwrapped	const	ported	-	false-positive: see plans/inventory/go_false_positive_notes.md
lib/proto/accessibility.go::const::AccessibilityAXValueNativeSourceTypeLegend	const	ported	-	false-positive: see plans/inventory/go_false_positive_notes.md
lib/proto/accessibility.go::const::AccessibilityAXValueNativeSourceTypeOther	const	ported	-	false-positive: see plans/inventory/go_false_positive_notes.md
lib/proto/accessibility.go::const::AccessibilityAXValueNativeSourceTypeRubyannotation	const	ported	-	false-positive: see plans/inventory/go_false_positive_notes.md
lib/proto/accessibility.go::const::AccessibilityAXValueNativeSourceTypeTablecaption	const	ported	-	false-positive: see plans/inventory/go_false_positive_notes.md
lib/proto/accessibility.go::const::AccessibilityAXValueNativeSourceTypeTitle	const	ported	-	false-positive: see plans/inventory/go_false_positive_notes.md
lib/proto/accessibility.go::const::AccessibilityAXValueSourceTypeAttribute	const	ported	-	false-positive: see plans/inventory/go_false_positive_notes.md
lib/proto/accessibility.go::const::AccessibilityAXValueSourceTypeContents	const	ported	-	false-positive: see plans/inventory/go_false_positive_notes.md
lib/proto/accessibility.go::const::AccessibilityAXValueSourceTypeImplicit	const	ported	-	false-positive: see plans/inventory/go_false_positive_notes.md
lib/proto/accessibility.go::const::AccessibilityAXValueSourceTypePlaceholder	const	ported	-	false-positive: see plans/inventory/go_false_positive_notes.md
lib/proto/accessibility.go::const::AccessibilityAXValueSourceTypeRelatedElement	const	ported	-	false-positive: see plans/inventory/go_false_positive_notes.md
lib/proto/accessibility.go::const::AccessibilityAXValueSourceTypeStyle	const	ported	-	false-positive: see plans/inventory/go_false_positive_notes.md
lib/proto/accessibility.go::const::AccessibilityAXValueTypeBoolean	const	ported	-	false-positive: see plans/inventory/go_false_positive_notes.md
lib/proto/accessibility.go::const::AccessibilityAXValueTypeBooleanOrUndefined	const	ported	-	false-positive: see plans/inventory/go_false_positive_notes.md
lib/proto/accessibility.go::const::AccessibilityAXValueTypeComputedString	const	ported	-	false-positive: see plans/inventory/go_false_positive_notes.md
lib/proto/accessibility.go::const::AccessibilityAXValueTypeDomRelation	const	ported	-	false-positive: see plans/inventory/go_false_positive_notes.md
lib/proto/accessibility.go::const::AccessibilityAXValueTypeIdref	const	ported	-	false-positive: see plans/inventory/go_false_positive_notes.md
lib/proto/accessibility.go::const::AccessibilityAXValueTypeIdrefList	const	ported	-	false-positive: see plans/inventory/go_false_positive_notes.md
lib/proto/accessibility.go::const::AccessibilityAXValueTypeInteger	const	ported	-	false-positive: see plans/inventory/go_false_positive_notes.md
lib/proto/accessibility.go::const::AccessibilityAXValueTypeInternalRole	const	ported	-	false-positive: see plans/inventory/go_false_positive_notes.md
lib/proto/accessibility.go::const::AccessibilityAXValueTypeNode	const	ported	-	false-positive: see plans/inventory/go_false_positive_notes.md
lib/proto/accessibility.go::const::AccessibilityAXValueTypeNodeList	const	ported	-	false-positive: see plans/inventory/go_false_positive_notes.md
lib/proto/accessibility.go::const::AccessibilityAXValueTypeNumber	const	ported	-	false-positive: see plans/inventory/go_false_positive_notes.md
lib/proto/accessibility.go::const::AccessibilityAXValueTypeRole	const	ported	-	false-positive: see plans/inventory/go_false_positive_notes.md
lib/proto/accessibility.go::const::AccessibilityAXValueTypeString	const	ported	-	false-positive: see plans/inventory/go_false_positive_notes.md
lib/proto/accessibility.go::const::AccessibilityAXValueTypeToken	const	ported	-	false-positive: see plans/inventory/go_false_positive_notes.md
lib/proto/accessibility.go::const::AccessibilityAXValueTypeTokenList	const	ported	-	false-positive: see plans/inventory/go_false_positive_notes.md
lib/proto/accessibility.go::const::AccessibilityAXValueTypeTristate	const	ported	-	false-positive: see plans/inventory/go_false_positive_notes.md
lib/proto/accessibility.go::const::AccessibilityAXValueTypeValueUndefined	const	ported	-	false-positive: see plans/inventory/go_false_positive_notes.md
lib/proto/accessibility.go::struct::AccessibilityAXNode	struct	ported	-	false-positive: see plans/inventory/go_false_positive_notes.md
lib/proto/accessibility.go::struct::AccessibilityAXProperty	struct	ported	-	false-positive: see plans/inventory/go_false_positive_notes.md
lib/proto/accessibility.go::struct::AccessibilityAXRelatedNode	struct	ported	-	false-positive: see plans/inventory/go_false_positive_notes.md
lib/proto/accessibility.go::struct::AccessibilityAXValue	struct	ported	-	false-positive: see plans/inventory/go_false_positive_notes.md
lib/proto/accessibility.go::struct::AccessibilityAXValueSource	struct	ported	-	false-positive: see plans/inventory/go_false_positive_notes.md
lib/proto/accessibility.go::struct::AccessibilityDisable	struct	ported	-	false-positive: see plans/inventory/go_false_positive_notes.md
lib/proto/accessibility.go::struct::AccessibilityEnable	struct	ported	-	false-positive: see plans/inventory/go_false_positive_notes.md
lib/proto/accessibility.go::struct::AccessibilityGetAXNodeAndAncestors	struct	ported	-	false-positive: see plans/inventory/go_false_positive_notes.md
lib/proto/accessibility.go::struct::AccessibilityGetAXNodeAndAncestorsResult	struct	ported	-	false-positive: see plans/inventory/go_false_positive_notes.md
lib/proto/accessibility.go::struct::AccessibilityGetChildAXNodes	struct	ported	-	false-positive: see plans/inventory/go_false_positive_notes.md
lib/proto/accessibility.go::struct::AccessibilityGetChildAXNodesResult	struct	ported	-	false-positive: see plans/inventory/go_false_positive_notes.md
lib/proto/accessibility.go::struct::AccessibilityGetFullAXTree	struct	ported	-	false-positive: see plans/inventory/go_false_positive_notes.md
lib/proto/accessibility.go::struct::AccessibilityGetFullAXTreeResult	struct	ported	-	false-positive: see plans/inventory/go_false_positive_notes.md
lib/proto/accessibility.go::struct::AccessibilityGetPartialAXTree	struct	ported	-	false-positive: see plans/inventory/go_false_positive_notes.md
lib/proto/accessibility.go::struct::AccessibilityGetPartialAXTreeResult	struct	ported	-	false-positive: see plans/inventory/go_false_positive_notes.md
lib/proto/accessibility.go::struct::AccessibilityGetRootAXNode	struct	ported	-	false-positive: see plans/inventory/go_false_positive_notes.md
lib/proto/accessibility.go::struct::AccessibilityGetRootAXNodeResult	struct	ported	-	false-positive: see plans/inventory/go_false_positive_notes.md
lib/proto/accessibility.go::struct::AccessibilityLoadComplete	struct	ported	-	false-positive: see plans/inventory/go_false_positive_notes.md
lib/proto/accessibility.go::struct::AccessibilityNodesUpdated	struct	ported	-	false-positive: see plans/inventory/go_false_positive_notes.md
lib/proto/accessibility.go::struct::AccessibilityQueryAXTree	struct	ported	-	false-positive: see plans/inventory/go_false_positive_notes.md
lib/proto/accessibility.go::struct::AccessibilityQueryAXTreeResult	struct	ported	-	false-positive: see plans/inventory/go_false_positive_notes.md
lib/proto/accessibility.go::type::AccessibilityAXNodeID	type	ported	-	false-positive: see plans/inventory/go_false_positive_notes.md
lib/proto/accessibility.go::type::AccessibilityAXPropertyName	type	ported	-	false-positive: see plans/inventory/go_false_positive_notes.md
lib/proto/accessibility.go::type::AccessibilityAXValueNativeSourceType	type	ported	-	false-positive: see plans/inventory/go_false_positive_notes.md
lib/proto/accessibility.go::type::AccessibilityAXValueSourceType	type	ported	-	false-positive: see plans/inventory/go_false_positive_notes.md
lib/proto/accessibility.go::type::AccessibilityAXValueType	type	ported	-	false-positive: see plans/inventory/go_false_positive_notes.md
lib/proto/animation.go::const::AnimationAnimationTypeCSSAnimation	const	ported	-	false-positive: see plans/inventory/go_false_positive_notes.md
lib/proto/animation.go::const::AnimationAnimationTypeCSSTransition	const	ported	-	false-positive: see plans/inventory/go_false_positive_notes.md
lib/proto/animation.go::const::AnimationAnimationTypeWebAnimation	const	ported	-	false-positive: see plans/inventory/go_false_positive_notes.md
lib/proto/animation.go::struct::AnimationAnimation	struct	ported	-	false-positive: see plans/inventory/go_false_positive_notes.md
lib/proto/animation.go::struct::AnimationAnimationCanceled	struct	ported	-	false-positive: see plans/inventory/go_false_positive_notes.md
lib/proto/animation.go::struct::AnimationAnimationCreated	struct	ported	-	false-positive: see plans/inventory/go_false_positive_notes.md
lib/proto/animation.go::struct::AnimationAnimationEffect	struct	ported	-	false-positive: see plans/inventory/go_false_positive_notes.md
lib/proto/animation.go::struct::AnimationAnimationStarted	struct	ported	-	false-positive: see plans/inventory/go_false_positive_notes.md
lib/proto/animation.go::struct::AnimationAnimationUpdated	struct	ported	-	false-positive: see plans/inventory/go_false_positive_notes.md
lib/proto/animation.go::struct::AnimationDisable	struct	ported	-	false-positive: see plans/inventory/go_false_positive_notes.md
lib/proto/animation.go::struct::AnimationEnable	struct	ported	-	false-positive: see plans/inventory/go_false_positive_notes.md
lib/proto/animation.go::struct::AnimationGetCurrentTime	struct	ported	-	false-positive: see plans/inventory/go_false_positive_notes.md
lib/proto/animation.go::struct::AnimationGetCurrentTimeResult	struct	ported	-	false-positive: see plans/inventory/go_false_positive_notes.md
lib/proto/animation.go::struct::AnimationGetPlaybackRate	struct	ported	-	false-positive: see plans/inventory/go_false_positive_notes.md
lib/proto/animation.go::struct::AnimationGetPlaybackRateResult	struct	ported	-	false-positive: see plans/inventory/go_false_positive_notes.md
lib/proto/animation.go::struct::AnimationKeyframeStyle	struct	ported	-	false-positive: see plans/inventory/go_false_positive_notes.md
lib/proto/animation.go::struct::AnimationKeyframesRule	struct	ported	-	false-positive: see plans/inventory/go_false_positive_notes.md
lib/proto/animation.go::struct::AnimationReleaseAnimations	struct	ported	-	false-positive: see plans/inventory/go_false_positive_notes.md
lib/proto/animation.go::struct::AnimationResolveAnimation	struct	ported	-	false-positive: see plans/inventory/go_false_positive_notes.md
lib/proto/animation.go::struct::AnimationResolveAnimationResult	struct	ported	-	false-positive: see plans/inventory/go_false_positive_notes.md
lib/proto/animation.go::struct::AnimationSeekAnimations	struct	ported	-	false-positive: see plans/inventory/go_false_positive_notes.md
lib/proto/animation.go::struct::AnimationSetPaused	struct	ported	-	false-positive: see plans/inventory/go_false_positive_notes.md
lib/proto/animation.go::struct::AnimationSetPlaybackRate	struct	ported	-	false-positive: see plans/inventory/go_false_positive_notes.md
lib/proto/animation.go::struct::AnimationSetTiming	struct	ported	-	false-positive: see plans/inventory/go_false_positive_notes.md
lib/proto/animation.go::struct::AnimationViewOrScrollTimeline	struct	ported	-	false-positive: see plans/inventory/go_false_positive_notes.md
lib/proto/animation.go::type::AnimationAnimationType	type	ported	-	false-positive: see plans/inventory/go_false_positive_notes.md
lib/proto/audits.go::const::AuditsAttributionReportingIssueTypeInsecureContext	const	ported	-	false-positive: see plans/inventory/go_false_positive_notes.md
lib/proto/audits.go::const::AuditsAttributionReportingIssueTypeInvalidHeader	const	ported	-	false-positive: see plans/inventory/go_false_positive_notes.md
lib/proto/audits.go::const::AuditsAttributionReportingIssueTypeInvalidInfoHeader	const	ported	-	false-positive: see plans/inventory/go_false_positive_notes.md
lib/proto/audits.go::const::AuditsAttributionReportingIssueTypeInvalidRegisterOsSourceHeader	const	ported	-	false-positive: see plans/inventory/go_false_positive_notes.md
lib/proto/audits.go::const::AuditsAttributionReportingIssueTypeInvalidRegisterOsTriggerHeader	const	ported	-	false-positive: see plans/inventory/go_false_positive_notes.md
lib/proto/audits.go::const::AuditsAttributionReportingIssueTypeInvalidRegisterTriggerHeader	const	ported	-	false-positive: see plans/inventory/go_false_positive_notes.md
lib/proto/audits.go::const::AuditsAttributionReportingIssueTypeNavigationRegistrationWithoutTransientUserActivation	const	ported	-	false-positive: see plans/inventory/go_false_positive_notes.md
lib/proto/audits.go::const::AuditsAttributionReportingIssueTypeNoRegisterOsSourceHeader	const	ported	-	false-positive: see plans/inventory/go_false_positive_notes.md
lib/proto/audits.go::const::AuditsAttributionReportingIssueTypeNoRegisterOsTriggerHeader	const	ported	-	false-positive: see plans/inventory/go_false_positive_notes.md
lib/proto/audits.go::const::AuditsAttributionReportingIssueTypeNoRegisterSourceHeader	const	ported	-	false-positive: see plans/inventory/go_false_positive_notes.md
lib/proto/audits.go::const::AuditsAttributionReportingIssueTypeNoRegisterTriggerHeader	const	ported	-	false-positive: see plans/inventory/go_false_positive_notes.md
lib/proto/audits.go::const::AuditsAttributionReportingIssueTypeNoWebOrOsSupport	const	ported	-	false-positive: see plans/inventory/go_false_positive_notes.md
lib/proto/audits.go::const::AuditsAttributionReportingIssueTypeOsSourceIgnored	const	ported	-	false-positive: see plans/inventory/go_false_positive_notes.md
lib/proto/audits.go::const::AuditsAttributionReportingIssueTypeOsTriggerIgnored	const	ported	-	false-positive: see plans/inventory/go_false_positive_notes.md
lib/proto/audits.go::const::AuditsAttributionReportingIssueTypePermissionPolicyDisabled	const	ported	-	false-positive: see plans/inventory/go_false_positive_notes.md
lib/proto/audits.go::const::AuditsAttributionReportingIssueTypeSourceAndTriggerHeaders	const	ported	-	false-positive: see plans/inventory/go_false_positive_notes.md
lib/proto/audits.go::const::AuditsAttributionReportingIssueTypeSourceIgnored	const	ported	-	false-positive: see plans/inventory/go_false_positive_notes.md
lib/proto/audits.go::const::AuditsAttributionReportingIssueTypeTriggerIgnored	const	ported	-	false-positive: see plans/inventory/go_false_positive_notes.md
lib/proto/audits.go::const::AuditsAttributionReportingIssueTypeUntrustworthyReportingOrigin	const	ported	-	false-positive: see plans/inventory/go_false_positive_notes.md
lib/proto/audits.go::const::AuditsAttributionReportingIssueTypeWebAndOsHeaders	const	ported	-	false-positive: see plans/inventory/go_false_positive_notes.md
lib/proto/audits.go::const::AuditsBlockedByResponseReasonCoepFrameResourceNeedsCoepHeader	const	ported	-	false-positive: see plans/inventory/go_false_positive_notes.md
lib/proto/audits.go::const::AuditsBlockedByResponseReasonCoopSandboxedIFrameCannotNavigateToCoopPage	const	ported	-	false-positive: see plans/inventory/go_false_positive_notes.md
lib/proto/audits.go::const::AuditsBlockedByResponseReasonCorpNotSameOrigin	const	ported	-	false-positive: see plans/inventory/go_false_positive_notes.md
lib/proto/audits.go::const::AuditsBlockedByResponseReasonCorpNotSameOriginAfterDefaultedToSameOriginByCoep	const	ported	-	false-positive: see plans/inventory/go_false_positive_notes.md
lib/proto/audits.go::const::AuditsBlockedByResponseReasonCorpNotSameOriginAfterDefaultedToSameOriginByCoepAndDip	const	ported	-	false-positive: see plans/inventory/go_false_positive_notes.md
lib/proto/audits.go::const::AuditsBlockedByResponseReasonCorpNotSameOriginAfterDefaultedToSameOriginByDip	const	ported	-	false-positive: see plans/inventory/go_false_positive_notes.md
lib/proto/audits.go::const::AuditsBlockedByResponseReasonCorpNotSameSite	const	ported	-	false-positive: see plans/inventory/go_false_positive_notes.md
lib/proto/audits.go::const::AuditsClientHintIssueReasonMetaTagAllowListInvalidOrigin	const	ported	-	false-positive: see plans/inventory/go_false_positive_notes.md
lib/proto/audits.go::const::AuditsClientHintIssueReasonMetaTagModifiedHTML	const	ported	-	false-positive: see plans/inventory/go_false_positive_notes.md
lib/proto/audits.go::const::AuditsContentSecurityPolicyViolationTypeKEvalViolation	const	ported	-	false-positive: see plans/inventory/go_false_positive_notes.md
lib/proto/audits.go::const::AuditsContentSecurityPolicyViolationTypeKInlineViolation	const	ported	-	false-positive: see plans/inventory/go_false_positive_notes.md
lib/proto/audits.go::const::AuditsContentSecurityPolicyViolationTypeKTrustedTypesPolicyViolation	const	ported	-	false-positive: see plans/inventory/go_false_positive_notes.md
lib/proto/audits.go::const::AuditsContentSecurityPolicyViolationTypeKTrustedTypesSinkViolation	const	ported	-	false-positive: see plans/inventory/go_false_positive_notes.md
lib/proto/audits.go::const::AuditsContentSecurityPolicyViolationTypeKURLViolation	const	ported	-	false-positive: see plans/inventory/go_false_positive_notes.md
lib/proto/audits.go::const::AuditsContentSecurityPolicyViolationTypeKWasmEvalViolation	const	ported	-	false-positive: see plans/inventory/go_false_positive_notes.md
lib/proto/audits.go::const::AuditsCookieExclusionReasonExcludeDomainNonASCII	const	ported	-	false-positive: see plans/inventory/go_false_positive_notes.md
lib/proto/audits.go::const::AuditsCookieExclusionReasonExcludeInvalidSameParty	const	ported	-	false-positive: see plans/inventory/go_false_positive_notes.md
lib/proto/audits.go::const::AuditsCookieExclusionReasonExcludeSamePartyCrossPartyContext	const	ported	-	false-positive: see plans/inventory/go_false_positive_notes.md
lib/proto/audits.go::const::AuditsCookieExclusionReasonExcludeSameSiteLax	const	ported	-	false-positive: see plans/inventory/go_false_positive_notes.md
lib/proto/audits.go::const::AuditsCookieExclusionReasonExcludeSameSiteNoneInsecure	const	ported	-	false-positive: see plans/inventory/go_false_positive_notes.md
lib/proto/audits.go::const::AuditsCookieExclusionReasonExcludeSameSiteStrict	const	ported	-	false-positive: see plans/inventory/go_false_positive_notes.md
lib/proto/audits.go::const::AuditsCookieExclusionReasonExcludeSameSiteUnspecifiedTreatedAsLax	const	ported	-	false-positive: see plans/inventory/go_false_positive_notes.md
lib/proto/audits.go::const::AuditsCookieExclusionReasonExcludeThirdPartyCookieBlockedInFirstPartySet	const	ported	-	false-positive: see plans/inventory/go_false_positive_notes.md
lib/proto/audits.go::const::AuditsCookieExclusionReasonExcludeThirdPartyPhaseout	const	ported	-	false-positive: see plans/inventory/go_false_positive_notes.md
lib/proto/audits.go::const::AuditsCookieOperationReadCookie	const	ported	-	false-positive: see plans/inventory/go_false_positive_notes.md
lib/proto/audits.go::const::AuditsCookieOperationSetCookie	const	ported	-	false-positive: see plans/inventory/go_false_positive_notes.md
lib/proto/audits.go::const::AuditsCookieWarningReasonWarnAttributeValueExceedsMaxSize	const	ported	-	false-positive: see plans/inventory/go_false_positive_notes.md
lib/proto/audits.go::const::AuditsCookieWarningReasonWarnCrossSiteRedirectDowngradeChangesInclusion	const	ported	-	false-positive: see plans/inventory/go_false_positive_notes.md
lib/proto/audits.go::const::AuditsCookieWarningReasonWarnDomainNonASCII	const	ported	-	false-positive: see plans/inventory/go_false_positive_notes.md
lib/proto/audits.go::const::AuditsCookieWarningReasonWarnSameSiteLaxCrossDowngradeLax	const	ported	-	false-positive: see plans/inventory/go_false_positive_notes.md
lib/proto/audits.go::const::AuditsCookieWarningReasonWarnSameSiteLaxCrossDowngradeStrict	const	ported	-	false-positive: see plans/inventory/go_false_positive_notes.md
lib/proto/audits.go::const::AuditsCookieWarningReasonWarnSameSiteNoneInsecure	const	ported	-	false-positive: see plans/inventory/go_false_positive_notes.md
lib/proto/audits.go::const::AuditsCookieWarningReasonWarnSameSiteStrictCrossDowngradeLax	const	ported	-	false-positive: see plans/inventory/go_false_positive_notes.md
lib/proto/audits.go::const::AuditsCookieWarningReasonWarnSameSiteStrictCrossDowngradeStrict	const	ported	-	false-positive: see plans/inventory/go_false_positive_notes.md
lib/proto/audits.go::const::AuditsCookieWarningReasonWarnSameSiteStrictLaxDowngradeStrict	const	ported	-	false-positive: see plans/inventory/go_false_positive_notes.md
lib/proto/audits.go::const::AuditsCookieWarningReasonWarnSameSiteUnspecifiedCrossSiteContext	const	ported	-	false-positive: see plans/inventory/go_false_positive_notes.md
lib/proto/audits.go::const::AuditsCookieWarningReasonWarnSameSiteUnspecifiedLaxAllowUnsafe	const	ported	-	false-positive: see plans/inventory/go_false_positive_notes.md
lib/proto/audits.go::const::AuditsCookieWarningReasonWarnThirdPartyPhaseout	const	ported	-	false-positive: see plans/inventory/go_false_positive_notes.md
lib/proto/audits.go::const::AuditsFederatedAuthRequestIssueReasonAccountsHTTPNotFound	const	ported	-	false-positive: see plans/inventory/go_false_positive_notes.md
lib/proto/audits.go::const::AuditsFederatedAuthRequestIssueReasonAccountsInvalidContentType	const	ported	-	false-positive: see plans/inventory/go_false_positive_notes.md
lib/proto/audits.go::const::AuditsFederatedAuthRequestIssueReasonAccountsInvalidResponse	const	ported	-	false-positive: see plans/inventory/go_false_positive_notes.md
lib/proto/audits.go::const::AuditsFederatedAuthRequestIssueReasonAccountsListEmpty	const	ported	-	false-positive: see plans/inventory/go_false_positive_notes.md
lib/proto/audits.go::const::AuditsFederatedAuthRequestIssueReasonAccountsNoResponse	const	ported	-	false-positive: see plans/inventory/go_false_positive_notes.md
lib/proto/audits.go::const::AuditsFederatedAuthRequestIssueReasonCanceled	const	ported	-	false-positive: see plans/inventory/go_false_positive_notes.md
lib/proto/audits.go::const::AuditsFederatedAuthRequestIssueReasonClientMetadataHTTPNotFound	const	ported	-	false-positive: see plans/inventory/go_false_positive_notes.md
lib/proto/audits.go::const::AuditsFederatedAuthRequestIssueReasonClientMetadataInvalidContentType	const	ported	-	false-positive: see plans/inventory/go_false_positive_notes.md
lib/proto/audits.go::const::AuditsFederatedAuthRequestIssueReasonClientMetadataInvalidResponse	const	ported	-	false-positive: see plans/inventory/go_false_positive_notes.md
lib/proto/audits.go::const::AuditsFederatedAuthRequestIssueReasonClientMetadataNoResponse	const	ported	-	false-positive: see plans/inventory/go_false_positive_notes.md
lib/proto/audits.go::const::AuditsFederatedAuthRequestIssueReasonConfigHTTPNotFound	const	ported	-	false-positive: see plans/inventory/go_false_positive_notes.md
lib/proto/audits.go::const::AuditsFederatedAuthRequestIssueReasonConfigInvalidContentType	const	ported	-	false-positive: see plans/inventory/go_false_positive_notes.md
lib/proto/audits.go::const::AuditsFederatedAuthRequestIssueReasonConfigInvalidResponse	const	ported	-	false-positive: see plans/inventory/go_false_positive_notes.md
lib/proto/audits.go::const::AuditsFederatedAuthRequestIssueReasonConfigNoResponse	const	ported	-	false-positive: see plans/inventory/go_false_positive_notes.md
lib/proto/audits.go::const::AuditsFederatedAuthRequestIssueReasonConfigNotInWellKnown	const	ported	-	false-positive: see plans/inventory/go_false_positive_notes.md
lib/proto/audits.go::const::AuditsFederatedAuthRequestIssueReasonDisabledInFlags	const	ported	-	false-positive: see plans/inventory/go_false_positive_notes.md
lib/proto/audits.go::const::AuditsFederatedAuthRequestIssueReasonDisabledInSettings	const	ported	-	false-positive: see plans/inventory/go_false_positive_notes.md
lib/proto/audits.go::const::AuditsFederatedAuthRequestIssueReasonErrorFetchingSignin	const	ported	-	false-positive: see plans/inventory/go_false_positive_notes.md
lib/proto/audits.go::const::AuditsFederatedAuthRequestIssueReasonErrorIDToken	const	ported	-	false-positive: see plans/inventory/go_false_positive_notes.md
lib/proto/audits.go::const::AuditsFederatedAuthRequestIssueReasonIDTokenCrossSiteIdpErrorResponse	const	ported	-	false-positive: see plans/inventory/go_false_positive_notes.md
lib/proto/audits.go::const::AuditsFederatedAuthRequestIssueReasonIDTokenHTTPNotFound	const	ported	-	false-positive: see plans/inventory/go_false_positive_notes.md
lib/proto/audits.go::const::AuditsFederatedAuthRequestIssueReasonIDTokenIdpErrorResponse	const	ported	-	false-positive: see plans/inventory/go_false_positive_notes.md
lib/proto/audits.go::const::AuditsFederatedAuthRequestIssueReasonIDTokenInvalidContentType	const	ported	-	false-positive: see plans/inventory/go_false_positive_notes.md
lib/proto/audits.go::const::AuditsFederatedAuthRequestIssueReasonIDTokenInvalidRequest	const	ported	-	false-positive: see plans/inventory/go_false_positive_notes.md
lib/proto/audits.go::const::AuditsFederatedAuthRequestIssueReasonIDTokenInvalidResponse	const	ported	-	false-positive: see plans/inventory/go_false_positive_notes.md
lib/proto/audits.go::const::AuditsFederatedAuthRequestIssueReasonIDTokenNoResponse	const	ported	-	false-positive: see plans/inventory/go_false_positive_notes.md
lib/proto/audits.go::const::AuditsFederatedAuthRequestIssueReasonIdpNotPotentiallyTrustworthy	const	ported	-	false-positive: see plans/inventory/go_false_positive_notes.md
lib/proto/audits.go::const::AuditsFederatedAuthRequestIssueReasonInvalidFieldsSpecified	const	ported	-	false-positive: see plans/inventory/go_false_positive_notes.md
lib/proto/audits.go::const::AuditsFederatedAuthRequestIssueReasonInvalidSigninResponse	const	ported	-	false-positive: see plans/inventory/go_false_positive_notes.md
lib/proto/audits.go::const::AuditsFederatedAuthRequestIssueReasonMissingTransientUserActivation	const	ported	-	false-positive: see plans/inventory/go_false_positive_notes.md
lib/proto/audits.go::const::AuditsFederatedAuthRequestIssueReasonNotSignedInWithIdp	const	ported	-	false-positive: see plans/inventory/go_false_positive_notes.md
lib/proto/audits.go::const::AuditsFederatedAuthRequestIssueReasonRelyingPartyOriginIsOpaque	const	ported	-	false-positive: see plans/inventory/go_false_positive_notes.md
lib/proto/audits.go::const::AuditsFederatedAuthRequestIssueReasonReplacedByButtonMode	const	ported	-	false-positive: see plans/inventory/go_false_positive_notes.md
lib/proto/audits.go::const::AuditsFederatedAuthRequestIssueReasonRpPageNotVisible	const	ported	-	false-positive: see plans/inventory/go_false_positive_notes.md
lib/proto/audits.go::const::AuditsFederatedAuthRequestIssueReasonShouldEmbargo	const	ported	-	false-positive: see plans/inventory/go_false_positive_notes.md
lib/proto/audits.go::const::AuditsFederatedAuthRequestIssueReasonSilentMediationFailure	const	ported	-	false-positive: see plans/inventory/go_false_positive_notes.md
lib/proto/audits.go::const::AuditsFederatedAuthRequestIssueReasonThirdPartyCookiesBlocked	const	ported	-	false-positive: see plans/inventory/go_false_positive_notes.md
lib/proto/audits.go::const::AuditsFederatedAuthRequestIssueReasonTooManyRequests	const	ported	-	false-positive: see plans/inventory/go_false_positive_notes.md
lib/proto/audits.go::const::AuditsFederatedAuthRequestIssueReasonTypeNotMatching	const	ported	-	false-positive: see plans/inventory/go_false_positive_notes.md
lib/proto/audits.go::const::AuditsFederatedAuthRequestIssueReasonWellKnownHTTPNotFound	const	ported	-	false-positive: see plans/inventory/go_false_positive_notes.md
lib/proto/audits.go::const::AuditsFederatedAuthRequestIssueReasonWellKnownInvalidContentType	const	ported	-	false-positive: see plans/inventory/go_false_positive_notes.md
lib/proto/audits.go::const::AuditsFederatedAuthRequestIssueReasonWellKnownInvalidResponse	const	ported	-	false-positive: see plans/inventory/go_false_positive_notes.md
lib/proto/audits.go::const::AuditsFederatedAuthRequestIssueReasonWellKnownListEmpty	const	ported	-	false-positive: see plans/inventory/go_false_positive_notes.md
lib/proto/audits.go::const::AuditsFederatedAuthRequestIssueReasonWellKnownNoResponse	const	ported	-	false-positive: see plans/inventory/go_false_positive_notes.md
lib/proto/audits.go::const::AuditsFederatedAuthRequestIssueReasonWellKnownTooBig	const	ported	-	false-positive: see plans/inventory/go_false_positive_notes.md
lib/proto/audits.go::const::AuditsFederatedAuthUserInfoRequestIssueReasonInvalidAccountsResponse	const	ported	-	false-positive: see plans/inventory/go_false_positive_notes.md
lib/proto/audits.go::const::AuditsFederatedAuthUserInfoRequestIssueReasonInvalidConfigOrWellKnown	const	ported	-	false-positive: see plans/inventory/go_false_positive_notes.md
lib/proto/audits.go::const::AuditsFederatedAuthUserInfoRequestIssueReasonNoAPIPermission	const	ported	-	false-positive: see plans/inventory/go_false_positive_notes.md
lib/proto/audits.go::const::AuditsFederatedAuthUserInfoRequestIssueReasonNoAccountSharingPermission	const	ported	-	false-positive: see plans/inventory/go_false_positive_notes.md
lib/proto/audits.go::const::AuditsFederatedAuthUserInfoRequestIssueReasonNoReturningUserFromFetchedAccounts	const	ported	-	false-positive: see plans/inventory/go_false_positive_notes.md
lib/proto/audits.go::const::AuditsFederatedAuthUserInfoRequestIssueReasonNotIframe	const	ported	-	false-positive: see plans/inventory/go_false_positive_notes.md
lib/proto/audits.go::const::AuditsFederatedAuthUserInfoRequestIssueReasonNotPotentiallyTrustworthy	const	ported	-	false-positive: see plans/inventory/go_false_positive_notes.md
lib/proto/audits.go::const::AuditsFederatedAuthUserInfoRequestIssueReasonNotSameOrigin	const	ported	-	false-positive: see plans/inventory/go_false_positive_notes.md
lib/proto/audits.go::const::AuditsFederatedAuthUserInfoRequestIssueReasonNotSignedInWithIdp	const	ported	-	false-positive: see plans/inventory/go_false_positive_notes.md
lib/proto/audits.go::const::AuditsGenericIssueErrorTypeCrossOriginPortalPostMessageError	const	ported	-	false-positive: see plans/inventory/go_false_positive_notes.md
lib/proto/audits.go::const::AuditsGenericIssueErrorTypeFormAriaLabelledByToNonExistingID	const	ported	-	false-positive: see plans/inventory/go_false_positive_notes.md
lib/proto/audits.go::const::AuditsGenericIssueErrorTypeFormAutocompleteAttributeEmptyError	const	ported	-	false-positive: see plans/inventory/go_false_positive_notes.md
lib/proto/audits.go::const::AuditsGenericIssueErrorTypeFormDuplicateIDForInputError	const	ported	-	false-positive: see plans/inventory/go_false_positive_notes.md
lib/proto/audits.go::const::AuditsGenericIssueErrorTypeFormEmptyIDAndNameAttributesForInputError	const	ported	-	false-positive: see plans/inventory/go_false_positive_notes.md
lib/proto/audits.go::const::AuditsGenericIssueErrorTypeFormInputAssignedAutocompleteValueToIDOrNameAttributeError	const	ported	-	false-positive: see plans/inventory/go_false_positive_notes.md
lib/proto/audits.go::const::AuditsGenericIssueErrorTypeFormInputHasWrongButWellIntendedAutocompleteValueError	const	ported	-	false-positive: see plans/inventory/go_false_positive_notes.md
lib/proto/audits.go::const::AuditsGenericIssueErrorTypeFormInputWithNoLabelError	const	ported	-	false-positive: see plans/inventory/go_false_positive_notes.md
lib/proto/audits.go::const::AuditsGenericIssueErrorTypeFormLabelForMatchesNonExistingIDError	const	ported	-	false-positive: see plans/inventory/go_false_positive_notes.md
lib/proto/audits.go::const::AuditsGenericIssueErrorTypeFormLabelForNameError	const	ported	-	false-positive: see plans/inventory/go_false_positive_notes.md
lib/proto/audits.go::const::AuditsGenericIssueErrorTypeFormLabelHasNeitherForNorNestedInput	const	ported	-	false-positive: see plans/inventory/go_false_positive_notes.md
lib/proto/audits.go::const::AuditsGenericIssueErrorTypeResponseWasBlockedByORB	const	ported	-	false-positive: see plans/inventory/go_false_positive_notes.md
lib/proto/audits.go::const::AuditsGetEncodedResponseEncodingJpeg	const	ported	-	false-positive: see plans/inventory/go_false_positive_notes.md
lib/proto/audits.go::const::AuditsGetEncodedResponseEncodingPng	const	ported	-	false-positive: see plans/inventory/go_false_positive_notes.md
lib/proto/audits.go::const::AuditsGetEncodedResponseEncodingWebp	const	ported	-	false-positive: see plans/inventory/go_false_positive_notes.md
lib/proto/audits.go::const::AuditsHeavyAdReasonCPUPeakLimit	const	ported	-	false-positive: see plans/inventory/go_false_positive_notes.md
lib/proto/audits.go::const::AuditsHeavyAdReasonCPUTotalLimit	const	ported	-	false-positive: see plans/inventory/go_false_positive_notes.md
lib/proto/audits.go::const::AuditsHeavyAdReasonNetworkTotalLimit	const	ported	-	false-positive: see plans/inventory/go_false_positive_notes.md
lib/proto/audits.go::const::AuditsHeavyAdResolutionStatusHeavyAdBlocked	const	ported	-	false-positive: see plans/inventory/go_false_positive_notes.md
lib/proto/audits.go::const::AuditsHeavyAdResolutionStatusHeavyAdWarning	const	ported	-	false-positive: see plans/inventory/go_false_positive_notes.md
lib/proto/audits.go::const::AuditsInspectorIssueCodeAttributionReportingIssue	const	ported	-	false-positive: see plans/inventory/go_false_positive_notes.md
lib/proto/audits.go::const::AuditsInspectorIssueCodeBlockedByResponseIssue	const	ported	-	false-positive: see plans/inventory/go_false_positive_notes.md
lib/proto/audits.go::const::AuditsInspectorIssueCodeBounceTrackingIssue	const	ported	-	false-positive: see plans/inventory/go_false_positive_notes.md
lib/proto/audits.go::const::AuditsInspectorIssueCodeClientHintIssue	const	ported	-	false-positive: see plans/inventory/go_false_positive_notes.md
lib/proto/audits.go::const::AuditsInspectorIssueCodeContentSecurityPolicyIssue	const	ported	-	false-positive: see plans/inventory/go_false_positive_notes.md
lib/proto/audits.go::const::AuditsInspectorIssueCodeCookieDeprecationMetadataIssue	const	ported	-	false-positive: see plans/inventory/go_false_positive_notes.md
lib/proto/audits.go::const::AuditsInspectorIssueCodeCookieIssue	const	ported	-	false-positive: see plans/inventory/go_false_positive_notes.md
lib/proto/audits.go::const::AuditsInspectorIssueCodeCorsIssue	const	ported	-	false-positive: see plans/inventory/go_false_positive_notes.md
lib/proto/audits.go::const::AuditsInspectorIssueCodeDeprecationIssue	const	ported	-	false-positive: see plans/inventory/go_false_positive_notes.md
lib/proto/audits.go::const::AuditsInspectorIssueCodeFederatedAuthRequestIssue	const	ported	-	false-positive: see plans/inventory/go_false_positive_notes.md
lib/proto/audits.go::const::AuditsInspectorIssueCodeFederatedAuthUserInfoRequestIssue	const	ported	-	false-positive: see plans/inventory/go_false_positive_notes.md
lib/proto/audits.go::const::AuditsInspectorIssueCodeGenericIssue	const	ported	-	false-positive: see plans/inventory/go_false_positive_notes.md
lib/proto/audits.go::const::AuditsInspectorIssueCodeHeavyAdIssue	const	ported	-	false-positive: see plans/inventory/go_false_positive_notes.md
lib/proto/audits.go::const::AuditsInspectorIssueCodeLowTextContrastIssue	const	ported	-	false-positive: see plans/inventory/go_false_positive_notes.md
lib/proto/audits.go::const::AuditsInspectorIssueCodeMixedContentIssue	const	ported	-	false-positive: see plans/inventory/go_false_positive_notes.md
lib/proto/audits.go::const::AuditsInspectorIssueCodeNavigatorUserAgentIssue	const	ported	-	false-positive: see plans/inventory/go_false_positive_notes.md
lib/proto/audits.go::const::AuditsInspectorIssueCodePropertyRuleIssue	const	ported	-	false-positive: see plans/inventory/go_false_positive_notes.md
lib/proto/audits.go::const::AuditsInspectorIssueCodeQuirksModeIssue	const	ported	-	false-positive: see plans/inventory/go_false_positive_notes.md
lib/proto/audits.go::const::AuditsInspectorIssueCodeSharedArrayBufferIssue	const	ported	-	false-positive: see plans/inventory/go_false_positive_notes.md
lib/proto/audits.go::const::AuditsInspectorIssueCodeSharedDictionaryIssue	const	ported	-	false-positive: see plans/inventory/go_false_positive_notes.md
lib/proto/audits.go::const::AuditsInspectorIssueCodeStylesheetLoadingIssue	const	ported	-	false-positive: see plans/inventory/go_false_positive_notes.md
lib/proto/audits.go::const::AuditsMixedContentResolutionStatusMixedContentAutomaticallyUpgraded	const	ported	-	false-positive: see plans/inventory/go_false_positive_notes.md
lib/proto/audits.go::const::AuditsMixedContentResolutionStatusMixedContentBlocked	const	ported	-	false-positive: see plans/inventory/go_false_positive_notes.md
lib/proto/audits.go::const::AuditsMixedContentResolutionStatusMixedContentWarning	const	ported	-	false-positive: see plans/inventory/go_false_positive_notes.md
lib/proto/audits.go::const::AuditsMixedContentResourceTypeAttributionSrc	const	ported	-	false-positive: see plans/inventory/go_false_positive_notes.md
lib/proto/audits.go::const::AuditsMixedContentResourceTypeAudio	const	ported	-	false-positive: see plans/inventory/go_false_positive_notes.md
lib/proto/audits.go::const::AuditsMixedContentResourceTypeBeacon	const	ported	-	false-positive: see plans/inventory/go_false_positive_notes.md
lib/proto/audits.go::const::AuditsMixedContentResourceTypeCSPReport	const	ported	-	false-positive: see plans/inventory/go_false_positive_notes.md
lib/proto/audits.go::const::AuditsMixedContentResourceTypeDownload	const	ported	-	false-positive: see plans/inventory/go_false_positive_notes.md
lib/proto/audits.go::const::AuditsMixedContentResourceTypeEventSource	const	ported	-	false-positive: see plans/inventory/go_false_positive_notes.md
lib/proto/audits.go::const::AuditsMixedContentResourceTypeFavicon	const	ported	-	false-positive: see plans/inventory/go_false_positive_notes.md
lib/proto/audits.go::const::AuditsMixedContentResourceTypeFont	const	ported	-	false-positive: see plans/inventory/go_false_positive_notes.md
lib/proto/audits.go::const::AuditsMixedContentResourceTypeForm	const	ported	-	false-positive: see plans/inventory/go_false_positive_notes.md
lib/proto/audits.go::const::AuditsMixedContentResourceTypeFrame	const	ported	-	false-positive: see plans/inventory/go_false_positive_notes.md
lib/proto/audits.go::const::AuditsMixedContentResourceTypeImage	const	ported	-	false-positive: see plans/inventory/go_false_positive_notes.md
lib/proto/audits.go::const::AuditsMixedContentResourceTypeImport	const	ported	-	false-positive: see plans/inventory/go_false_positive_notes.md
lib/proto/audits.go::const::AuditsMixedContentResourceTypeJSON	const	ported	-	false-positive: see plans/inventory/go_false_positive_notes.md
lib/proto/audits.go::const::AuditsMixedContentResourceTypeManifest	const	ported	-	false-positive: see plans/inventory/go_false_positive_notes.md
lib/proto/audits.go::const::AuditsMixedContentResourceTypePing	const	ported	-	false-positive: see plans/inventory/go_false_positive_notes.md
lib/proto/audits.go::const::AuditsMixedContentResourceTypePluginData	const	ported	-	false-positive: see plans/inventory/go_false_positive_notes.md
lib/proto/audits.go::const::AuditsMixedContentResourceTypePluginResource	const	ported	-	false-positive: see plans/inventory/go_false_positive_notes.md
lib/proto/audits.go::const::AuditsMixedContentResourceTypePrefetch	const	ported	-	false-positive: see plans/inventory/go_false_positive_notes.md
lib/proto/audits.go::const::AuditsMixedContentResourceTypeResource	const	ported	-	false-positive: see plans/inventory/go_false_positive_notes.md
lib/proto/audits.go::const::AuditsMixedContentResourceTypeScript	const	ported	-	false-positive: see plans/inventory/go_false_positive_notes.md
lib/proto/audits.go::const::AuditsMixedContentResourceTypeServiceWorker	const	ported	-	false-positive: see plans/inventory/go_false_positive_notes.md
lib/proto/audits.go::const::AuditsMixedContentResourceTypeSharedWorker	const	ported	-	false-positive: see plans/inventory/go_false_positive_notes.md
lib/proto/audits.go::const::AuditsMixedContentResourceTypeSpeculationRules	const	ported	-	false-positive: see plans/inventory/go_false_positive_notes.md
lib/proto/audits.go::const::AuditsMixedContentResourceTypeStylesheet	const	ported	-	false-positive: see plans/inventory/go_false_positive_notes.md
lib/proto/audits.go::const::AuditsMixedContentResourceTypeTrack	const	ported	-	false-positive: see plans/inventory/go_false_positive_notes.md
lib/proto/audits.go::const::AuditsMixedContentResourceTypeVideo	const	ported	-	false-positive: see plans/inventory/go_false_positive_notes.md
lib/proto/audits.go::const::AuditsMixedContentResourceTypeWorker	const	ported	-	false-positive: see plans/inventory/go_false_positive_notes.md
lib/proto/audits.go::const::AuditsMixedContentResourceTypeXMLHTTPRequest	const	ported	-	false-positive: see plans/inventory/go_false_positive_notes.md
lib/proto/audits.go::const::AuditsMixedContentResourceTypeXSLT	const	ported	-	false-positive: see plans/inventory/go_false_positive_notes.md
lib/proto/audits.go::const::AuditsPropertyRuleIssueReasonInvalidInherits	const	ported	-	false-positive: see plans/inventory/go_false_positive_notes.md
lib/proto/audits.go::const::AuditsPropertyRuleIssueReasonInvalidInitialValue	const	ported	-	false-positive: see plans/inventory/go_false_positive_notes.md
lib/proto/audits.go::const::AuditsPropertyRuleIssueReasonInvalidName	const	ported	-	false-positive: see plans/inventory/go_false_positive_notes.md
lib/proto/audits.go::const::AuditsPropertyRuleIssueReasonInvalidSyntax	const	ported	-	false-positive: see plans/inventory/go_false_positive_notes.md
lib/proto/audits.go::const::AuditsSharedArrayBufferIssueTypeCreationIssue	const	ported	-	false-positive: see plans/inventory/go_false_positive_notes.md
lib/proto/audits.go::const::AuditsSharedArrayBufferIssueTypeTransferIssue	const	ported	-	false-positive: see plans/inventory/go_false_positive_notes.md
lib/proto/audits.go::const::AuditsSharedDictionaryErrorUseErrorCrossOriginNoCorsRequest	const	ported	-	false-positive: see plans/inventory/go_false_positive_notes.md
lib/proto/audits.go::const::AuditsSharedDictionaryErrorUseErrorDictionaryLoadFailure	const	ported	-	false-positive: see plans/inventory/go_false_positive_notes.md
lib/proto/audits.go::const::AuditsSharedDictionaryErrorUseErrorMatchingDictionaryNotUsed	const	ported	-	false-positive: see plans/inventory/go_false_positive_notes.md
lib/proto/audits.go::const::AuditsSharedDictionaryErrorUseErrorUnexpectedContentDictionaryHeader	const	ported	-	false-positive: see plans/inventory/go_false_positive_notes.md
lib/proto/audits.go::const::AuditsSharedDictionaryErrorWriteErrorCossOriginNoCorsRequest	const	ported	-	false-positive: see plans/inventory/go_false_positive_notes.md
lib/proto/audits.go::const::AuditsSharedDictionaryErrorWriteErrorDisallowedBySettings	const	ported	-	false-positive: see plans/inventory/go_false_positive_notes.md
lib/proto/audits.go::const::AuditsSharedDictionaryErrorWriteErrorExpiredResponse	const	ported	-	false-positive: see plans/inventory/go_false_positive_notes.md
lib/proto/audits.go::const::AuditsSharedDictionaryErrorWriteErrorFeatureDisabled	const	ported	-	false-positive: see plans/inventory/go_false_positive_notes.md
lib/proto/audits.go::const::AuditsSharedDictionaryErrorWriteErrorInsufficientResources	const	ported	-	false-positive: see plans/inventory/go_false_positive_notes.md
lib/proto/audits.go::const::AuditsSharedDictionaryErrorWriteErrorInvalidMatchField	const	ported	-	false-positive: see plans/inventory/go_false_positive_notes.md
lib/proto/audits.go::const::AuditsSharedDictionaryErrorWriteErrorInvalidStructuredHeader	const	ported	-	false-positive: see plans/inventory/go_false_positive_notes.md
lib/proto/audits.go::const::AuditsSharedDictionaryErrorWriteErrorNavigationRequest	const	ported	-	false-positive: see plans/inventory/go_false_positive_notes.md
lib/proto/audits.go::const::AuditsSharedDictionaryErrorWriteErrorNoMatchField	const	ported	-	false-positive: see plans/inventory/go_false_positive_notes.md
lib/proto/audits.go::const::AuditsSharedDictionaryErrorWriteErrorNonListMatchDestField	const	ported	-	false-positive: see plans/inventory/go_false_positive_notes.md
lib/proto/audits.go::const::AuditsSharedDictionaryErrorWriteErrorNonSecureContext	const	ported	-	false-positive: see plans/inventory/go_false_positive_notes.md
lib/proto/audits.go::const::AuditsSharedDictionaryErrorWriteErrorNonStringIDField	const	ported	-	false-positive: see plans/inventory/go_false_positive_notes.md
lib/proto/audits.go::const::AuditsSharedDictionaryErrorWriteErrorNonStringInMatchDestList	const	ported	-	false-positive: see plans/inventory/go_false_positive_notes.md
lib/proto/audits.go::const::AuditsSharedDictionaryErrorWriteErrorNonStringMatchField	const	ported	-	false-positive: see plans/inventory/go_false_positive_notes.md
lib/proto/audits.go::const::AuditsSharedDictionaryErrorWriteErrorNonTokenTypeField	const	ported	-	false-positive: see plans/inventory/go_false_positive_notes.md
lib/proto/audits.go::const::AuditsSharedDictionaryErrorWriteErrorRequestAborted	const	ported	-	false-positive: see plans/inventory/go_false_positive_notes.md
lib/proto/audits.go::const::AuditsSharedDictionaryErrorWriteErrorShuttingDown	const	ported	-	false-positive: see plans/inventory/go_false_positive_notes.md
lib/proto/audits.go::const::AuditsSharedDictionaryErrorWriteErrorTooLongIDField	const	ported	-	false-positive: see plans/inventory/go_false_positive_notes.md
lib/proto/audits.go::const::AuditsSharedDictionaryErrorWriteErrorUnsupportedType	const	ported	-	false-positive: see plans/inventory/go_false_positive_notes.md
lib/proto/audits.go::const::AuditsStyleSheetLoadingIssueReasonLateImportRule	const	ported	-	false-positive: see plans/inventory/go_false_positive_notes.md
lib/proto/audits.go::const::AuditsStyleSheetLoadingIssueReasonRequestFailed	const	ported	-	false-positive: see plans/inventory/go_false_positive_notes.md
lib/proto/audits.go::struct::AuditsAffectedCookie	struct	ported	-	false-positive: see plans/inventory/go_false_positive_notes.md
lib/proto/audits.go::struct::AuditsAffectedFrame	struct	ported	-	false-positive: see plans/inventory/go_false_positive_notes.md
lib/proto/audits.go::struct::AuditsAffectedRequest	struct	ported	-	false-positive: see plans/inventory/go_false_positive_notes.md
lib/proto/audits.go::struct::AuditsAttributionReportingIssueDetails	struct	ported	-	false-positive: see plans/inventory/go_false_positive_notes.md
lib/proto/audits.go::struct::AuditsBlockedByResponseIssueDetails	struct	ported	-	false-positive: see plans/inventory/go_false_positive_notes.md
lib/proto/audits.go::struct::AuditsBounceTrackingIssueDetails	struct	ported	-	false-positive: see plans/inventory/go_false_positive_notes.md
lib/proto/audits.go::struct::AuditsCheckContrast	struct	ported	-	false-positive: see plans/inventory/go_false_positive_notes.md
lib/proto/audits.go::struct::AuditsCheckFormsIssues	struct	ported	-	false-positive: see plans/inventory/go_false_positive_notes.md
lib/proto/audits.go::struct::AuditsCheckFormsIssuesResult	struct	ported	-	false-positive: see plans/inventory/go_false_positive_notes.md
lib/proto/audits.go::struct::AuditsClientHintIssueDetails	struct	ported	-	false-positive: see plans/inventory/go_false_positive_notes.md
lib/proto/audits.go::struct::AuditsContentSecurityPolicyIssueDetails	struct	ported	-	false-positive: see plans/inventory/go_false_positive_notes.md
lib/proto/audits.go::struct::AuditsCookieDeprecationMetadataIssueDetails	struct	ported	-	false-positive: see plans/inventory/go_false_positive_notes.md
lib/proto/audits.go::struct::AuditsCookieIssueDetails	struct	ported	-	false-positive: see plans/inventory/go_false_positive_notes.md
lib/proto/audits.go::struct::AuditsCorsIssueDetails	struct	ported	-	false-positive: see plans/inventory/go_false_positive_notes.md
lib/proto/audits.go::struct::AuditsDeprecationIssueDetails	struct	ported	-	false-positive: see plans/inventory/go_false_positive_notes.md
lib/proto/audits.go::struct::AuditsDisable	struct	ported	-	false-positive: see plans/inventory/go_false_positive_notes.md
lib/proto/audits.go::struct::AuditsEnable	struct	ported	-	false-positive: see plans/inventory/go_false_positive_notes.md
lib/proto/audits.go::struct::AuditsFailedRequestInfo	struct	ported	-	false-positive: see plans/inventory/go_false_positive_notes.md
lib/proto/audits.go::struct::AuditsFederatedAuthRequestIssueDetails	struct	ported	-	false-positive: see plans/inventory/go_false_positive_notes.md
lib/proto/audits.go::struct::AuditsFederatedAuthUserInfoRequestIssueDetails	struct	ported	-	false-positive: see plans/inventory/go_false_positive_notes.md
lib/proto/audits.go::struct::AuditsGenericIssueDetails	struct	ported	-	false-positive: see plans/inventory/go_false_positive_notes.md
lib/proto/audits.go::struct::AuditsGetEncodedResponse	struct	ported	-	false-positive: see plans/inventory/go_false_positive_notes.md
lib/proto/audits.go::struct::AuditsGetEncodedResponseResult	struct	ported	-	false-positive: see plans/inventory/go_false_positive_notes.md
lib/proto/audits.go::struct::AuditsHeavyAdIssueDetails	struct	ported	-	false-positive: see plans/inventory/go_false_positive_notes.md
lib/proto/audits.go::struct::AuditsInspectorIssue	struct	ported	-	false-positive: see plans/inventory/go_false_positive_notes.md
lib/proto/audits.go::struct::AuditsInspectorIssueDetails	struct	ported	-	false-positive: see plans/inventory/go_false_positive_notes.md
lib/proto/audits.go::struct::AuditsIssueAdded	struct	ported	-	false-positive: see plans/inventory/go_false_positive_notes.md
lib/proto/audits.go::struct::AuditsLowTextContrastIssueDetails	struct	ported	-	false-positive: see plans/inventory/go_false_positive_notes.md
lib/proto/audits.go::struct::AuditsMixedContentIssueDetails	struct	ported	-	false-positive: see plans/inventory/go_false_positive_notes.md
lib/proto/audits.go::struct::AuditsNavigatorUserAgentIssueDetails	struct	ported	-	false-positive: see plans/inventory/go_false_positive_notes.md
lib/proto/audits.go::struct::AuditsPropertyRuleIssueDetails	struct	ported	-	false-positive: see plans/inventory/go_false_positive_notes.md
lib/proto/audits.go::struct::AuditsQuirksModeIssueDetails	struct	ported	-	false-positive: see plans/inventory/go_false_positive_notes.md
lib/proto/audits.go::struct::AuditsSharedArrayBufferIssueDetails	struct	ported	-	false-positive: see plans/inventory/go_false_positive_notes.md
lib/proto/audits.go::struct::AuditsSharedDictionaryIssueDetails	struct	ported	-	false-positive: see plans/inventory/go_false_positive_notes.md
lib/proto/audits.go::struct::AuditsSourceCodeLocation	struct	ported	-	false-positive: see plans/inventory/go_false_positive_notes.md
lib/proto/audits.go::struct::AuditsStylesheetLoadingIssueDetails	struct	ported	-	false-positive: see plans/inventory/go_false_positive_notes.md
lib/proto/audits.go::type::AuditsAttributionReportingIssueType	type	ported	-	false-positive: see plans/inventory/go_false_positive_notes.md
lib/proto/audits.go::type::AuditsBlockedByResponseReason	type	ported	-	false-positive: see plans/inventory/go_false_positive_notes.md
lib/proto/audits.go::type::AuditsClientHintIssueReason	type	ported	-	false-positive: see plans/inventory/go_false_positive_notes.md
lib/proto/audits.go::type::AuditsContentSecurityPolicyViolationType	type	ported	-	false-positive: see plans/inventory/go_false_positive_notes.md
lib/proto/audits.go::type::AuditsCookieExclusionReason	type	ported	-	false-positive: see plans/inventory/go_false_positive_notes.md
lib/proto/audits.go::type::AuditsCookieOperation	type	ported	-	false-positive: see plans/inventory/go_false_positive_notes.md
lib/proto/audits.go::type::AuditsCookieWarningReason	type	ported	-	false-positive: see plans/inventory/go_false_positive_notes.md
lib/proto/audits.go::type::AuditsFederatedAuthRequestIssueReason	type	ported	-	false-positive: see plans/inventory/go_false_positive_notes.md
lib/proto/audits.go::type::AuditsFederatedAuthUserInfoRequestIssueReason	type	ported	-	false-positive: see plans/inventory/go_false_positive_notes.md
lib/proto/audits.go::type::AuditsGenericIssueErrorType	type	ported	-	false-positive: see plans/inventory/go_false_positive_notes.md
lib/proto/audits.go::type::AuditsGetEncodedResponseEncoding	type	ported	-	false-positive: see plans/inventory/go_false_positive_notes.md
lib/proto/audits.go::type::AuditsHeavyAdReason	type	ported	-	false-positive: see plans/inventory/go_false_positive_notes.md
lib/proto/audits.go::type::AuditsHeavyAdResolutionStatus	type	ported	-	false-positive: see plans/inventory/go_false_positive_notes.md
lib/proto/audits.go::type::AuditsInspectorIssueCode	type	ported	-	false-positive: see plans/inventory/go_false_positive_notes.md
lib/proto/audits.go::type::AuditsIssueID	type	ported	-	false-positive: see plans/inventory/go_false_positive_notes.md
lib/proto/audits.go::type::AuditsMixedContentResolutionStatus	type	ported	-	false-positive: see plans/inventory/go_false_positive_notes.md
lib/proto/audits.go::type::AuditsMixedContentResourceType	type	ported	-	false-positive: see plans/inventory/go_false_positive_notes.md
lib/proto/audits.go::type::AuditsPropertyRuleIssueReason	type	ported	-	false-positive: see plans/inventory/go_false_positive_notes.md
lib/proto/audits.go::type::AuditsSharedArrayBufferIssueType	type	ported	-	false-positive: see plans/inventory/go_false_positive_notes.md
lib/proto/audits.go::type::AuditsSharedDictionaryError	type	ported	-	false-positive: see plans/inventory/go_false_positive_notes.md
lib/proto/audits.go::type::AuditsStyleSheetLoadingIssueReason	type	ported	-	false-positive: see plans/inventory/go_false_positive_notes.md
lib/proto/autofill.go::const::AutofillFillingStrategyAutocompleteAttribute	const	ported	-	false-positive: see plans/inventory/go_false_positive_notes.md
lib/proto/autofill.go::const::AutofillFillingStrategyAutofillInferred	const	ported	-	false-positive: see plans/inventory/go_false_positive_notes.md
lib/proto/autofill.go::struct::AutofillAddress	struct	ported	-	false-positive: see plans/inventory/go_false_positive_notes.md
lib/proto/autofill.go::struct::AutofillAddressField	struct	ported	-	false-positive: see plans/inventory/go_false_positive_notes.md
lib/proto/autofill.go::struct::AutofillAddressFields	struct	ported	-	false-positive: see plans/inventory/go_false_positive_notes.md
lib/proto/autofill.go::struct::AutofillAddressFormFilled	struct	ported	-	false-positive: see plans/inventory/go_false_positive_notes.md
lib/proto/autofill.go::struct::AutofillAddressUI	struct	ported	-	false-positive: see plans/inventory/go_false_positive_notes.md
lib/proto/autofill.go::struct::AutofillCreditCard	struct	ported	-	false-positive: see plans/inventory/go_false_positive_notes.md
lib/proto/autofill.go::struct::AutofillDisable	struct	ported	-	false-positive: see plans/inventory/go_false_positive_notes.md
lib/proto/autofill.go::struct::AutofillEnable	struct	ported	-	false-positive: see plans/inventory/go_false_positive_notes.md
lib/proto/autofill.go::struct::AutofillFilledField	struct	ported	-	false-positive: see plans/inventory/go_false_positive_notes.md
lib/proto/autofill.go::struct::AutofillSetAddresses	struct	ported	-	false-positive: see plans/inventory/go_false_positive_notes.md
lib/proto/autofill.go::struct::AutofillTrigger	struct	ported	-	false-positive: see plans/inventory/go_false_positive_notes.md
lib/proto/autofill.go::type::AutofillFillingStrategy	type	ported	-	false-positive: see plans/inventory/go_false_positive_notes.md
lib/proto/background_service.go::const::BackgroundServiceServiceNameBackgroundFetch	const	ported	-	false-positive: see plans/inventory/go_false_positive_notes.md
lib/proto/background_service.go::const::BackgroundServiceServiceNameBackgroundSync	const	ported	-	false-positive: see plans/inventory/go_false_positive_notes.md
lib/proto/background_service.go::const::BackgroundServiceServiceNameNotifications	const	ported	-	false-positive: see plans/inventory/go_false_positive_notes.md
lib/proto/background_service.go::const::BackgroundServiceServiceNamePaymentHandler	const	ported	-	false-positive: see plans/inventory/go_false_positive_notes.md
lib/proto/background_service.go::const::BackgroundServiceServiceNamePeriodicBackgroundSync	const	ported	-	false-positive: see plans/inventory/go_false_positive_notes.md
lib/proto/background_service.go::const::BackgroundServiceServiceNamePushMessaging	const	ported	-	false-positive: see plans/inventory/go_false_positive_notes.md
lib/proto/background_service.go::struct::BackgroundServiceBackgroundServiceEvent	struct	ported	-	false-positive: see plans/inventory/go_false_positive_notes.md
lib/proto/background_service.go::struct::BackgroundServiceBackgroundServiceEventReceived	struct	ported	-	false-positive: see plans/inventory/go_false_positive_notes.md
lib/proto/background_service.go::struct::BackgroundServiceClearEvents	struct	ported	-	false-positive: see plans/inventory/go_false_positive_notes.md
lib/proto/background_service.go::struct::BackgroundServiceEventMetadata	struct	ported	-	false-positive: see plans/inventory/go_false_positive_notes.md
lib/proto/background_service.go::struct::BackgroundServiceRecordingStateChanged	struct	ported	-	false-positive: see plans/inventory/go_false_positive_notes.md
lib/proto/background_service.go::struct::BackgroundServiceSetRecording	struct	ported	-	false-positive: see plans/inventory/go_false_positive_notes.md
lib/proto/background_service.go::struct::BackgroundServiceStartObserving	struct	ported	-	false-positive: see plans/inventory/go_false_positive_notes.md
lib/proto/background_service.go::struct::BackgroundServiceStopObserving	struct	ported	-	false-positive: see plans/inventory/go_false_positive_notes.md
lib/proto/background_service.go::type::BackgroundServiceServiceName	type	ported	-	false-positive: see plans/inventory/go_false_positive_notes.md
lib/proto/browser.go::const::BrowserBrowserCommandIDCloseTabSearch	const	ported	-	false-positive: see plans/inventory/go_false_positive_notes.md
lib/proto/browser.go::const::BrowserBrowserCommandIDOpenTabSearch	const	ported	-	false-positive: see plans/inventory/go_false_positive_notes.md
lib/proto/browser.go::const::BrowserDownloadProgressStateCanceled	const	ported	-	false-positive: see plans/inventory/go_false_positive_notes.md
lib/proto/browser.go::const::BrowserDownloadProgressStateCompleted	const	ported	-	false-positive: see plans/inventory/go_false_positive_notes.md
lib/proto/browser.go::const::BrowserDownloadProgressStateInProgress	const	ported	-	false-positive: see plans/inventory/go_false_positive_notes.md
lib/proto/browser.go::const::BrowserPermissionSettingDenied	const	ported	-	false-positive: see plans/inventory/go_false_positive_notes.md
lib/proto/browser.go::const::BrowserPermissionSettingGranted	const	ported	-	false-positive: see plans/inventory/go_false_positive_notes.md
lib/proto/browser.go::const::BrowserPermissionSettingPrompt	const	ported	-	false-positive: see plans/inventory/go_false_positive_notes.md
lib/proto/browser.go::const::BrowserPermissionTypeAccessibilityEvents	const	ported	-	false-positive: see plans/inventory/go_false_positive_notes.md
lib/proto/browser.go::const::BrowserPermissionTypeAudioCapture	const	ported	-	false-positive: see plans/inventory/go_false_positive_notes.md
lib/proto/browser.go::const::BrowserPermissionTypeBackgroundFetch	const	ported	-	false-positive: see plans/inventory/go_false_positive_notes.md
lib/proto/browser.go::const::BrowserPermissionTypeBackgroundSync	const	ported	-	false-positive: see plans/inventory/go_false_positive_notes.md
lib/proto/browser.go::const::BrowserPermissionTypeCapturedSurfaceControl	const	ported	-	false-positive: see plans/inventory/go_false_positive_notes.md
lib/proto/browser.go::const::BrowserPermissionTypeClipboardReadWrite	const	ported	-	false-positive: see plans/inventory/go_false_positive_notes.md
lib/proto/browser.go::const::BrowserPermissionTypeClipboardSanitizedWrite	const	ported	-	false-positive: see plans/inventory/go_false_positive_notes.md
lib/proto/browser.go::const::BrowserPermissionTypeDisplayCapture	const	ported	-	false-positive: see plans/inventory/go_false_positive_notes.md
lib/proto/browser.go::const::BrowserPermissionTypeDurableStorage	const	ported	-	false-positive: see plans/inventory/go_false_positive_notes.md
lib/proto/browser.go::const::BrowserPermissionTypeFlash	const	ported	-	false-positive: see plans/inventory/go_false_positive_notes.md
lib/proto/browser.go::const::BrowserPermissionTypeGeolocation	const	ported	-	false-positive: see plans/inventory/go_false_positive_notes.md
lib/proto/browser.go::const::BrowserPermissionTypeIdleDetection	const	ported	-	false-positive: see plans/inventory/go_false_positive_notes.md
lib/proto/browser.go::const::BrowserPermissionTypeLocalFonts	const	ported	-	false-positive: see plans/inventory/go_false_positive_notes.md
lib/proto/browser.go::const::BrowserPermissionTypeMidi	const	ported	-	false-positive: see plans/inventory/go_false_positive_notes.md
lib/proto/browser.go::const::BrowserPermissionTypeMidiSysex	const	ported	-	false-positive: see plans/inventory/go_false_positive_notes.md
lib/proto/browser.go::const::BrowserPermissionTypeNfc	const	ported	-	false-positive: see plans/inventory/go_false_positive_notes.md
lib/proto/browser.go::const::BrowserPermissionTypeNotifications	const	ported	-	false-positive: see plans/inventory/go_false_positive_notes.md
lib/proto/browser.go::const::BrowserPermissionTypePaymentHandler	const	ported	-	false-positive: see plans/inventory/go_false_positive_notes.md
lib/proto/browser.go::const::BrowserPermissionTypePeriodicBackgroundSync	const	ported	-	false-positive: see plans/inventory/go_false_positive_notes.md
lib/proto/browser.go::const::BrowserPermissionTypeProtectedMediaIdentifier	const	ported	-	false-positive: see plans/inventory/go_false_positive_notes.md
lib/proto/browser.go::const::BrowserPermissionTypeSensors	const	ported	-	false-positive: see plans/inventory/go_false_positive_notes.md
lib/proto/browser.go::const::BrowserPermissionTypeSpeakerSelection	const	ported	-	false-positive: see plans/inventory/go_false_positive_notes.md
lib/proto/browser.go::const::BrowserPermissionTypeStorageAccess	const	ported	-	false-positive: see plans/inventory/go_false_positive_notes.md
lib/proto/browser.go::const::BrowserPermissionTypeTopLevelStorageAccess	const	ported	-	false-positive: see plans/inventory/go_false_positive_notes.md
lib/proto/browser.go::const::BrowserPermissionTypeVideoCapture	const	ported	-	false-positive: see plans/inventory/go_false_positive_notes.md
lib/proto/browser.go::const::BrowserPermissionTypeVideoCapturePanTiltZoom	const	ported	-	false-positive: see plans/inventory/go_false_positive_notes.md
lib/proto/browser.go::const::BrowserPermissionTypeWakeLockScreen	const	ported	-	false-positive: see plans/inventory/go_false_positive_notes.md
lib/proto/browser.go::const::BrowserPermissionTypeWakeLockSystem	const	ported	-	false-positive: see plans/inventory/go_false_positive_notes.md
lib/proto/browser.go::const::BrowserPermissionTypeWindowManagement	const	ported	-	false-positive: see plans/inventory/go_false_positive_notes.md
lib/proto/browser.go::const::BrowserSetDownloadBehaviorBehaviorAllow	const	ported	-	false-positive: see plans/inventory/go_false_positive_notes.md
lib/proto/browser.go::const::BrowserSetDownloadBehaviorBehaviorAllowAndName	const	ported	-	false-positive: see plans/inventory/go_false_positive_notes.md
lib/proto/browser.go::const::BrowserSetDownloadBehaviorBehaviorDefault	const	ported	-	false-positive: see plans/inventory/go_false_positive_notes.md
lib/proto/browser.go::const::BrowserSetDownloadBehaviorBehaviorDeny	const	ported	-	false-positive: see plans/inventory/go_false_positive_notes.md
lib/proto/browser.go::const::BrowserWindowStateFullscreen	const	ported	-	false-positive: see plans/inventory/go_false_positive_notes.md
lib/proto/browser.go::const::BrowserWindowStateMaximized	const	ported	-	false-positive: see plans/inventory/go_false_positive_notes.md
lib/proto/browser.go::const::BrowserWindowStateMinimized	const	ported	-	false-positive: see plans/inventory/go_false_positive_notes.md
lib/proto/browser.go::const::BrowserWindowStateNormal	const	ported	-	false-positive: see plans/inventory/go_false_positive_notes.md
lib/proto/browser.go::struct::BrowserAddPrivacySandboxEnrollmentOverride	struct	ported	-	false-positive: see plans/inventory/go_false_positive_notes.md
lib/proto/browser.go::struct::BrowserBounds	struct	ported	-	false-positive: see plans/inventory/go_false_positive_notes.md
lib/proto/browser.go::struct::BrowserBucket	struct	ported	-	false-positive: see plans/inventory/go_false_positive_notes.md
lib/proto/browser.go::struct::BrowserCancelDownload	struct	ported	-	false-positive: see plans/inventory/go_false_positive_notes.md
lib/proto/browser.go::struct::BrowserClose	struct	ported	-	false-positive: see plans/inventory/go_false_positive_notes.md
lib/proto/browser.go::struct::BrowserCrash	struct	ported	-	false-positive: see plans/inventory/go_false_positive_notes.md
lib/proto/browser.go::struct::BrowserCrashGpuProcess	struct	ported	-	false-positive: see plans/inventory/go_false_positive_notes.md
lib/proto/browser.go::struct::BrowserDownloadProgress	struct	ported	-	false-positive: see plans/inventory/go_false_positive_notes.md
lib/proto/browser.go::struct::BrowserDownloadWillBegin	struct	ported	-	false-positive: see plans/inventory/go_false_positive_notes.md
lib/proto/browser.go::struct::BrowserExecuteBrowserCommand	struct	ported	-	false-positive: see plans/inventory/go_false_positive_notes.md
lib/proto/browser.go::struct::BrowserGetBrowserCommandLine	struct	ported	-	false-positive: see plans/inventory/go_false_positive_notes.md
lib/proto/browser.go::struct::BrowserGetBrowserCommandLineResult	struct	ported	-	false-positive: see plans/inventory/go_false_positive_notes.md
lib/proto/browser.go::struct::BrowserGetHistogram	struct	ported	-	false-positive: see plans/inventory/go_false_positive_notes.md
lib/proto/browser.go::struct::BrowserGetHistogramResult	struct	ported	-	false-positive: see plans/inventory/go_false_positive_notes.md
lib/proto/browser.go::struct::BrowserGetHistograms	struct	ported	-	false-positive: see plans/inventory/go_false_positive_notes.md
lib/proto/browser.go::struct::BrowserGetHistogramsResult	struct	ported	-	false-positive: see plans/inventory/go_false_positive_notes.md
lib/proto/browser.go::struct::BrowserGetVersion	struct	ported	-	false-positive: see plans/inventory/go_false_positive_notes.md
lib/proto/browser.go::struct::BrowserGetVersionResult	struct	ported	-	false-positive: see plans/inventory/go_false_positive_notes.md
lib/proto/browser.go::struct::BrowserGetWindowBounds	struct	ported	-	false-positive: see plans/inventory/go_false_positive_notes.md
lib/proto/browser.go::struct::BrowserGetWindowBoundsResult	struct	ported	-	false-positive: see plans/inventory/go_false_positive_notes.md
lib/proto/browser.go::struct::BrowserGetWindowForTarget	struct	ported	-	false-positive: see plans/inventory/go_false_positive_notes.md
lib/proto/browser.go::struct::BrowserGetWindowForTargetResult	struct	ported	-	false-positive: see plans/inventory/go_false_positive_notes.md
lib/proto/browser.go::struct::BrowserGrantPermissions	struct	ported	-	false-positive: see plans/inventory/go_false_positive_notes.md
lib/proto/browser.go::struct::BrowserHistogram	struct	ported	-	false-positive: see plans/inventory/go_false_positive_notes.md
lib/proto/browser.go::struct::BrowserPermissionDescriptor	struct	ported	-	false-positive: see plans/inventory/go_false_positive_notes.md
lib/proto/browser.go::struct::BrowserResetPermissions	struct	ported	-	false-positive: see plans/inventory/go_false_positive_notes.md
lib/proto/browser.go::struct::BrowserSetDockTile	struct	ported	-	false-positive: see plans/inventory/go_false_positive_notes.md
lib/proto/browser.go::struct::BrowserSetDownloadBehavior	struct	ported	-	false-positive: see plans/inventory/go_false_positive_notes.md
lib/proto/browser.go::struct::BrowserSetPermission	struct	ported	-	false-positive: see plans/inventory/go_false_positive_notes.md
lib/proto/browser.go::struct::BrowserSetWindowBounds	struct	ported	-	false-positive: see plans/inventory/go_false_positive_notes.md
lib/proto/browser.go::type::BrowserBrowserCommandID	type	ported	-	false-positive: see plans/inventory/go_false_positive_notes.md
lib/proto/browser.go::type::BrowserBrowserContextID	type	ported	-	false-positive: see plans/inventory/go_false_positive_notes.md
lib/proto/browser.go::type::BrowserDownloadProgressState	type	ported	-	false-positive: see plans/inventory/go_false_positive_notes.md
lib/proto/browser.go::type::BrowserPermissionSetting	type	ported	-	false-positive: see plans/inventory/go_false_positive_notes.md
lib/proto/browser.go::type::BrowserPermissionType	type	ported	-	false-positive: see plans/inventory/go_false_positive_notes.md
lib/proto/browser.go::type::BrowserSetDownloadBehaviorBehavior	type	ported	-	false-positive: see plans/inventory/go_false_positive_notes.md
lib/proto/browser.go::type::BrowserWindowID	type	ported	-	false-positive: see plans/inventory/go_false_positive_notes.md
lib/proto/browser.go::type::BrowserWindowState	type	ported	-	false-positive: see plans/inventory/go_false_positive_notes.md
lib/proto/cache_storage.go::const::CacheStorageCachedResponseTypeBasic	const	ported	-	false-positive: see plans/inventory/go_false_positive_notes.md
lib/proto/cache_storage.go::const::CacheStorageCachedResponseTypeCors	const	ported	-	false-positive: see plans/inventory/go_false_positive_notes.md
lib/proto/cache_storage.go::const::CacheStorageCachedResponseTypeDefault	const	ported	-	false-positive: see plans/inventory/go_false_positive_notes.md
lib/proto/cache_storage.go::const::CacheStorageCachedResponseTypeError	const	ported	-	false-positive: see plans/inventory/go_false_positive_notes.md
lib/proto/cache_storage.go::const::CacheStorageCachedResponseTypeOpaqueRedirect	const	ported	-	false-positive: see plans/inventory/go_false_positive_notes.md
lib/proto/cache_storage.go::const::CacheStorageCachedResponseTypeOpaqueResponse	const	ported	-	false-positive: see plans/inventory/go_false_positive_notes.md
lib/proto/cache_storage.go::struct::CacheStorageCache	struct	ported	-	false-positive: see plans/inventory/go_false_positive_notes.md
lib/proto/cache_storage.go::struct::CacheStorageCachedResponse	struct	ported	-	false-positive: see plans/inventory/go_false_positive_notes.md
lib/proto/cache_storage.go::struct::CacheStorageDataEntry	struct	ported	-	false-positive: see plans/inventory/go_false_positive_notes.md
lib/proto/cache_storage.go::struct::CacheStorageDeleteCache	struct	ported	-	false-positive: see plans/inventory/go_false_positive_notes.md
lib/proto/cache_storage.go::struct::CacheStorageDeleteEntry	struct	ported	-	false-positive: see plans/inventory/go_false_positive_notes.md
lib/proto/cache_storage.go::struct::CacheStorageHeader	struct	ported	-	false-positive: see plans/inventory/go_false_positive_notes.md
lib/proto/cache_storage.go::struct::CacheStorageRequestCacheNames	struct	ported	-	false-positive: see plans/inventory/go_false_positive_notes.md
lib/proto/cache_storage.go::struct::CacheStorageRequestCacheNamesResult	struct	ported	-	false-positive: see plans/inventory/go_false_positive_notes.md
lib/proto/cache_storage.go::struct::CacheStorageRequestCachedResponse	struct	ported	-	false-positive: see plans/inventory/go_false_positive_notes.md
lib/proto/cache_storage.go::struct::CacheStorageRequestCachedResponseResult	struct	ported	-	false-positive: see plans/inventory/go_false_positive_notes.md
lib/proto/cache_storage.go::struct::CacheStorageRequestEntries	struct	ported	-	false-positive: see plans/inventory/go_false_positive_notes.md
lib/proto/cache_storage.go::struct::CacheStorageRequestEntriesResult	struct	ported	-	false-positive: see plans/inventory/go_false_positive_notes.md
lib/proto/cache_storage.go::type::CacheStorageCacheID	type	ported	-	false-positive: see plans/inventory/go_false_positive_notes.md
lib/proto/cache_storage.go::type::CacheStorageCachedResponseType	type	ported	-	false-positive: see plans/inventory/go_false_positive_notes.md
lib/proto/cast.go::struct::CastDisable	struct	ported	-	false-positive: see plans/inventory/go_false_positive_notes.md
lib/proto/cast.go::struct::CastEnable	struct	ported	-	false-positive: see plans/inventory/go_false_positive_notes.md
lib/proto/cast.go::struct::CastIssueUpdated	struct	ported	-	false-positive: see plans/inventory/go_false_positive_notes.md
lib/proto/cast.go::struct::CastSetSinkToUse	struct	ported	-	false-positive: see plans/inventory/go_false_positive_notes.md
lib/proto/cast.go::struct::CastSink	struct	ported	-	false-positive: see plans/inventory/go_false_positive_notes.md
lib/proto/cast.go::struct::CastSinksUpdated	struct	ported	-	false-positive: see plans/inventory/go_false_positive_notes.md
lib/proto/cast.go::struct::CastStartDesktopMirroring	struct	ported	-	false-positive: see plans/inventory/go_false_positive_notes.md
lib/proto/cast.go::struct::CastStartTabMirroring	struct	ported	-	false-positive: see plans/inventory/go_false_positive_notes.md
lib/proto/cast.go::struct::CastStopCasting	struct	ported	-	false-positive: see plans/inventory/go_false_positive_notes.md
lib/proto/console.go::const::ConsoleConsoleMessageLevelDebug	const	ported	-	false-positive: see plans/inventory/go_false_positive_notes.md
lib/proto/console.go::const::ConsoleConsoleMessageLevelError	const	ported	-	false-positive: see plans/inventory/go_false_positive_notes.md
lib/proto/console.go::const::ConsoleConsoleMessageLevelInfo	const	ported	-	false-positive: see plans/inventory/go_false_positive_notes.md
lib/proto/console.go::const::ConsoleConsoleMessageLevelLog	const	ported	-	false-positive: see plans/inventory/go_false_positive_notes.md
lib/proto/console.go::const::ConsoleConsoleMessageLevelWarning	const	ported	-	false-positive: see plans/inventory/go_false_positive_notes.md
lib/proto/console.go::const::ConsoleConsoleMessageSourceAppcache	const	ported	-	false-positive: see plans/inventory/go_false_positive_notes.md
lib/proto/console.go::const::ConsoleConsoleMessageSourceConsoleAPI	const	ported	-	false-positive: see plans/inventory/go_false_positive_notes.md
lib/proto/console.go::const::ConsoleConsoleMessageSourceDeprecation	const	ported	-	false-positive: see plans/inventory/go_false_positive_notes.md
lib/proto/console.go::const::ConsoleConsoleMessageSourceJavascript	const	ported	-	false-positive: see plans/inventory/go_false_positive_notes.md
lib/proto/console.go::const::ConsoleConsoleMessageSourceNetwork	const	ported	-	false-positive: see plans/inventory/go_false_positive_notes.md
lib/proto/console.go::const::ConsoleConsoleMessageSourceOther	const	ported	-	false-positive: see plans/inventory/go_false_positive_notes.md
lib/proto/console.go::const::ConsoleConsoleMessageSourceRendering	const	ported	-	false-positive: see plans/inventory/go_false_positive_notes.md
lib/proto/console.go::const::ConsoleConsoleMessageSourceSecurity	const	ported	-	false-positive: see plans/inventory/go_false_positive_notes.md
lib/proto/console.go::const::ConsoleConsoleMessageSourceStorage	const	ported	-	false-positive: see plans/inventory/go_false_positive_notes.md
lib/proto/console.go::const::ConsoleConsoleMessageSourceWorker	const	ported	-	false-positive: see plans/inventory/go_false_positive_notes.md
lib/proto/console.go::const::ConsoleConsoleMessageSourceXML	const	ported	-	false-positive: see plans/inventory/go_false_positive_notes.md
lib/proto/console.go::struct::ConsoleClearMessages	struct	ported	-	false-positive: see plans/inventory/go_false_positive_notes.md
lib/proto/console.go::struct::ConsoleConsoleMessage	struct	ported	-	false-positive: see plans/inventory/go_false_positive_notes.md
lib/proto/console.go::struct::ConsoleDisable	struct	ported	-	false-positive: see plans/inventory/go_false_positive_notes.md
lib/proto/console.go::struct::ConsoleEnable	struct	ported	-	false-positive: see plans/inventory/go_false_positive_notes.md
lib/proto/console.go::struct::ConsoleMessageAdded	struct	ported	-	false-positive: see plans/inventory/go_false_positive_notes.md
lib/proto/console.go::type::ConsoleConsoleMessageLevel	type	ported	-	false-positive: see plans/inventory/go_false_positive_notes.md
lib/proto/console.go::type::ConsoleConsoleMessageSource	type	ported	-	false-positive: see plans/inventory/go_false_positive_notes.md
lib/proto/css.go::const::CSSCSSMediaSourceImportRule	const	ported	-	false-positive: see plans/inventory/go_false_positive_notes.md
lib/proto/css.go::const::CSSCSSMediaSourceInlineSheet	const	ported	-	false-positive: see plans/inventory/go_false_positive_notes.md
lib/proto/css.go::const::CSSCSSMediaSourceLinkedSheet	const	ported	-	false-positive: see plans/inventory/go_false_positive_notes.md
lib/proto/css.go::const::CSSCSSMediaSourceMediaRule	const	ported	-	false-positive: see plans/inventory/go_false_positive_notes.md
lib/proto/css.go::const::CSSCSSRuleTypeContainerRule	const	ported	-	false-positive: see plans/inventory/go_false_positive_notes.md
lib/proto/css.go::const::CSSCSSRuleTypeLayerRule	const	ported	-	false-positive: see plans/inventory/go_false_positive_notes.md
lib/proto/css.go::const::CSSCSSRuleTypeMediaRule	const	ported	-	false-positive: see plans/inventory/go_false_positive_notes.md
lib/proto/css.go::const::CSSCSSRuleTypeScopeRule	const	ported	-	false-positive: see plans/inventory/go_false_positive_notes.md
lib/proto/css.go::const::CSSCSSRuleTypeStyleRule	const	ported	-	false-positive: see plans/inventory/go_false_positive_notes.md
lib/proto/css.go::const::CSSCSSRuleTypeSupportsRule	const	ported	-	false-positive: see plans/inventory/go_false_positive_notes.md
lib/proto/css.go::const::CSSStyleSheetOriginInjected	const	ported	-	false-positive: see plans/inventory/go_false_positive_notes.md
lib/proto/css.go::const::CSSStyleSheetOriginInspector	const	ported	-	false-positive: see plans/inventory/go_false_positive_notes.md
lib/proto/css.go::const::CSSStyleSheetOriginRegular	const	ported	-	false-positive: see plans/inventory/go_false_positive_notes.md
lib/proto/css.go::const::CSSStyleSheetOriginUserAgent	const	ported	-	false-positive: see plans/inventory/go_false_positive_notes.md
lib/proto/css.go::struct::CSSAddRule	struct	ported	-	false-positive: see plans/inventory/go_false_positive_notes.md
lib/proto/css.go::struct::CSSAddRuleResult	struct	ported	-	false-positive: see plans/inventory/go_false_positive_notes.md
lib/proto/css.go::struct::CSSCSSComputedStyleProperty	struct	ported	-	false-positive: see plans/inventory/go_false_positive_notes.md
lib/proto/css.go::struct::CSSCSSContainerQuery	struct	ported	-	false-positive: see plans/inventory/go_false_positive_notes.md
lib/proto/css.go::struct::CSSCSSFontPaletteValuesRule	struct	ported	-	false-positive: see plans/inventory/go_false_positive_notes.md
lib/proto/css.go::struct::CSSCSSKeyframeRule	struct	ported	-	false-positive: see plans/inventory/go_false_positive_notes.md
lib/proto/css.go::struct::CSSCSSKeyframesRule	struct	ported	-	false-positive: see plans/inventory/go_false_positive_notes.md
lib/proto/css.go::struct::CSSCSSLayer	struct	ported	-	false-positive: see plans/inventory/go_false_positive_notes.md
lib/proto/css.go::struct::CSSCSSLayerData	struct	ported	-	false-positive: see plans/inventory/go_false_positive_notes.md
lib/proto/css.go::struct::CSSCSSMedia	struct	ported	-	false-positive: see plans/inventory/go_false_positive_notes.md
lib/proto/css.go::struct::CSSCSSPositionFallbackRule	struct	ported	-	false-positive: see plans/inventory/go_false_positive_notes.md
lib/proto/css.go::struct::CSSCSSPositionTryRule	struct	ported	-	false-positive: see plans/inventory/go_false_positive_notes.md
lib/proto/css.go::struct::CSSCSSProperty	struct	ported	-	false-positive: see plans/inventory/go_false_positive_notes.md
lib/proto/css.go::struct::CSSCSSPropertyRegistration	struct	ported	-	false-positive: see plans/inventory/go_false_positive_notes.md
lib/proto/css.go::struct::CSSCSSPropertyRule	struct	ported	-	false-positive: see plans/inventory/go_false_positive_notes.md
lib/proto/css.go::struct::CSSCSSRule	struct	ported	-	false-positive: see plans/inventory/go_false_positive_notes.md
lib/proto/css.go::struct::CSSCSSScope	struct	ported	-	false-positive: see plans/inventory/go_false_positive_notes.md
lib/proto/css.go::struct::CSSCSSStyle	struct	ported	-	false-positive: see plans/inventory/go_false_positive_notes.md
lib/proto/css.go::struct::CSSCSSStyleSheetHeader	struct	ported	-	false-positive: see plans/inventory/go_false_positive_notes.md
lib/proto/css.go::struct::CSSCSSSupports	struct	ported	-	false-positive: see plans/inventory/go_false_positive_notes.md
lib/proto/css.go::struct::CSSCSSTryRule	struct	ported	-	false-positive: see plans/inventory/go_false_positive_notes.md
lib/proto/css.go::struct::CSSCollectClassNames	struct	ported	-	false-positive: see plans/inventory/go_false_positive_notes.md
lib/proto/css.go::struct::CSSCollectClassNamesResult	struct	ported	-	false-positive: see plans/inventory/go_false_positive_notes.md
lib/proto/css.go::struct::CSSCreateStyleSheet	struct	ported	-	false-positive: see plans/inventory/go_false_positive_notes.md
lib/proto/css.go::struct::CSSCreateStyleSheetResult	struct	ported	-	false-positive: see plans/inventory/go_false_positive_notes.md
lib/proto/css.go::struct::CSSDisable	struct	ported	-	false-positive: see plans/inventory/go_false_positive_notes.md
lib/proto/css.go::struct::CSSEnable	struct	ported	-	false-positive: see plans/inventory/go_false_positive_notes.md
lib/proto/css.go::struct::CSSFontFace	struct	ported	-	false-positive: see plans/inventory/go_false_positive_notes.md
lib/proto/css.go::struct::CSSFontVariationAxis	struct	ported	-	false-positive: see plans/inventory/go_false_positive_notes.md
lib/proto/css.go::struct::CSSFontsUpdated	struct	ported	-	false-positive: see plans/inventory/go_false_positive_notes.md
lib/proto/css.go::struct::CSSForcePseudoState	struct	ported	-	false-positive: see plans/inventory/go_false_positive_notes.md
lib/proto/css.go::struct::CSSGetBackgroundColors	struct	ported	-	false-positive: see plans/inventory/go_false_positive_notes.md
lib/proto/css.go::struct::CSSGetBackgroundColorsResult	struct	ported	-	false-positive: see plans/inventory/go_false_positive_notes.md
lib/proto/css.go::struct::CSSGetComputedStyleForNode	struct	ported	-	false-positive: see plans/inventory/go_false_positive_notes.md
lib/proto/css.go::struct::CSSGetComputedStyleForNodeResult	struct	ported	-	false-positive: see plans/inventory/go_false_positive_notes.md
lib/proto/css.go::struct::CSSGetInlineStylesForNode	struct	ported	-	false-positive: see plans/inventory/go_false_positive_notes.md
lib/proto/css.go::struct::CSSGetInlineStylesForNodeResult	struct	ported	-	false-positive: see plans/inventory/go_false_positive_notes.md
lib/proto/css.go::struct::CSSGetLayersForNode	struct	ported	-	false-positive: see plans/inventory/go_false_positive_notes.md
lib/proto/css.go::struct::CSSGetLayersForNodeResult	struct	ported	-	false-positive: see plans/inventory/go_false_positive_notes.md
lib/proto/css.go::struct::CSSGetLocationForSelector	struct	ported	-	false-positive: see plans/inventory/go_false_positive_notes.md
lib/proto/css.go::struct::CSSGetLocationForSelectorResult	struct	ported	-	false-positive: see plans/inventory/go_false_positive_notes.md
lib/proto/css.go::struct::CSSGetMatchedStylesForNode	struct	ported	-	false-positive: see plans/inventory/go_false_positive_notes.md
lib/proto/css.go::struct::CSSGetMatchedStylesForNodeResult	struct	ported	-	false-positive: see plans/inventory/go_false_positive_notes.md
lib/proto/css.go::struct::CSSGetMediaQueries	struct	ported	-	false-positive: see plans/inventory/go_false_positive_notes.md
lib/proto/css.go::struct::CSSGetMediaQueriesResult	struct	ported	-	false-positive: see plans/inventory/go_false_positive_notes.md
lib/proto/css.go::struct::CSSGetPlatformFontsForNode	struct	ported	-	false-positive: see plans/inventory/go_false_positive_notes.md
lib/proto/css.go::struct::CSSGetPlatformFontsForNodeResult	struct	ported	-	false-positive: see plans/inventory/go_false_positive_notes.md
lib/proto/css.go::struct::CSSGetStyleSheetText	struct	ported	-	false-positive: see plans/inventory/go_false_positive_notes.md
lib/proto/css.go::struct::CSSGetStyleSheetTextResult	struct	ported	-	false-positive: see plans/inventory/go_false_positive_notes.md
lib/proto/css.go::struct::CSSInheritedPseudoElementMatches	struct	ported	-	false-positive: see plans/inventory/go_false_positive_notes.md
lib/proto/css.go::struct::CSSInheritedStyleEntry	struct	ported	-	false-positive: see plans/inventory/go_false_positive_notes.md
lib/proto/css.go::struct::CSSMediaQuery	struct	ported	-	false-positive: see plans/inventory/go_false_positive_notes.md
lib/proto/css.go::struct::CSSMediaQueryExpression	struct	ported	-	false-positive: see plans/inventory/go_false_positive_notes.md
lib/proto/css.go::struct::CSSMediaQueryResultChanged	struct	ported	-	false-positive: see plans/inventory/go_false_positive_notes.md
lib/proto/css.go::struct::CSSPlatformFontUsage	struct	ported	-	false-positive: see plans/inventory/go_false_positive_notes.md
lib/proto/css.go::struct::CSSPseudoElementMatches	struct	ported	-	false-positive: see plans/inventory/go_false_positive_notes.md
lib/proto/css.go::struct::CSSRuleMatch	struct	ported	-	false-positive: see plans/inventory/go_false_positive_notes.md
lib/proto/css.go::struct::CSSRuleUsage	struct	ported	-	false-positive: see plans/inventory/go_false_positive_notes.md
lib/proto/css.go::struct::CSSSelectorList	struct	ported	-	false-positive: see plans/inventory/go_false_positive_notes.md
lib/proto/css.go::struct::CSSSetContainerQueryText	struct	ported	-	false-positive: see plans/inventory/go_false_positive_notes.md
lib/proto/css.go::struct::CSSSetContainerQueryTextResult	struct	ported	-	false-positive: see plans/inventory/go_false_positive_notes.md
lib/proto/css.go::struct::CSSSetEffectivePropertyValueForNode	struct	ported	-	false-positive: see plans/inventory/go_false_positive_notes.md
lib/proto/css.go::struct::CSSSetKeyframeKey	struct	ported	-	false-positive: see plans/inventory/go_false_positive_notes.md
lib/proto/css.go::struct::CSSSetKeyframeKeyResult	struct	ported	-	false-positive: see plans/inventory/go_false_positive_notes.md
lib/proto/css.go::struct::CSSSetLocalFontsEnabled	struct	ported	-	false-positive: see plans/inventory/go_false_positive_notes.md
lib/proto/css.go::struct::CSSSetMediaText	struct	ported	-	false-positive: see plans/inventory/go_false_positive_notes.md
lib/proto/css.go::struct::CSSSetMediaTextResult	struct	ported	-	false-positive: see plans/inventory/go_false_positive_notes.md
lib/proto/css.go::struct::CSSSetPropertyRulePropertyName	struct	ported	-	false-positive: see plans/inventory/go_false_positive_notes.md
lib/proto/css.go::struct::CSSSetPropertyRulePropertyNameResult	struct	ported	-	false-positive: see plans/inventory/go_false_positive_notes.md
lib/proto/css.go::struct::CSSSetRuleSelector	struct	ported	-	false-positive: see plans/inventory/go_false_positive_notes.md
lib/proto/css.go::struct::CSSSetRuleSelectorResult	struct	ported	-	false-positive: see plans/inventory/go_false_positive_notes.md
lib/proto/css.go::struct::CSSSetScopeText	struct	ported	-	false-positive: see plans/inventory/go_false_positive_notes.md
lib/proto/css.go::struct::CSSSetScopeTextResult	struct	ported	-	false-positive: see plans/inventory/go_false_positive_notes.md
lib/proto/css.go::struct::CSSSetStyleSheetText	struct	ported	-	false-positive: see plans/inventory/go_false_positive_notes.md
lib/proto/css.go::struct::CSSSetStyleSheetTextResult	struct	ported	-	false-positive: see plans/inventory/go_false_positive_notes.md
lib/proto/css.go::struct::CSSSetStyleTexts	struct	ported	-	false-positive: see plans/inventory/go_false_positive_notes.md
lib/proto/css.go::struct::CSSSetStyleTextsResult	struct	ported	-	false-positive: see plans/inventory/go_false_positive_notes.md
lib/proto/css.go::struct::CSSSetSupportsText	struct	ported	-	false-positive: see plans/inventory/go_false_positive_notes.md
lib/proto/css.go::struct::CSSSetSupportsTextResult	struct	ported	-	false-positive: see plans/inventory/go_false_positive_notes.md
lib/proto/css.go::struct::CSSShorthandEntry	struct	ported	-	false-positive: see plans/inventory/go_false_positive_notes.md
lib/proto/css.go::struct::CSSSourceRange	struct	ported	-	false-positive: see plans/inventory/go_false_positive_notes.md
lib/proto/css.go::struct::CSSSpecificity	struct	ported	-	false-positive: see plans/inventory/go_false_positive_notes.md
lib/proto/css.go::struct::CSSStartRuleUsageTracking	struct	ported	-	false-positive: see plans/inventory/go_false_positive_notes.md
lib/proto/css.go::struct::CSSStopRuleUsageTracking	struct	ported	-	false-positive: see plans/inventory/go_false_positive_notes.md
lib/proto/css.go::struct::CSSStopRuleUsageTrackingResult	struct	ported	-	false-positive: see plans/inventory/go_false_positive_notes.md
lib/proto/css.go::struct::CSSStyleDeclarationEdit	struct	ported	-	false-positive: see plans/inventory/go_false_positive_notes.md
lib/proto/css.go::struct::CSSStyleSheetAdded	struct	ported	-	false-positive: see plans/inventory/go_false_positive_notes.md
lib/proto/css.go::struct::CSSStyleSheetChanged	struct	ported	-	false-positive: see plans/inventory/go_false_positive_notes.md
lib/proto/css.go::struct::CSSStyleSheetRemoved	struct	ported	-	false-positive: see plans/inventory/go_false_positive_notes.md
lib/proto/css.go::struct::CSSTakeComputedStyleUpdates	struct	ported	-	false-positive: see plans/inventory/go_false_positive_notes.md
lib/proto/css.go::struct::CSSTakeComputedStyleUpdatesResult	struct	ported	-	false-positive: see plans/inventory/go_false_positive_notes.md
lib/proto/css.go::struct::CSSTakeCoverageDelta	struct	ported	-	false-positive: see plans/inventory/go_false_positive_notes.md
lib/proto/css.go::struct::CSSTakeCoverageDeltaResult	struct	ported	-	false-positive: see plans/inventory/go_false_positive_notes.md
lib/proto/css.go::struct::CSSTrackComputedStyleUpdates	struct	ported	-	false-positive: see plans/inventory/go_false_positive_notes.md
lib/proto/css.go::struct::CSSValue	struct	ported	-	false-positive: see plans/inventory/go_false_positive_notes.md
lib/proto/css.go::type::CSSCSSMediaSource	type	ported	-	false-positive: see plans/inventory/go_false_positive_notes.md
lib/proto/css.go::type::CSSCSSRuleType	type	ported	-	false-positive: see plans/inventory/go_false_positive_notes.md
lib/proto/css.go::type::CSSStyleSheetID	type	ported	-	false-positive: see plans/inventory/go_false_positive_notes.md
lib/proto/css.go::type::CSSStyleSheetOrigin	type	ported	-	false-positive: see plans/inventory/go_false_positive_notes.md
lib/proto/database.go::struct::DatabaseAddDatabase	struct	ported	-	false-positive: see plans/inventory/go_false_positive_notes.md
lib/proto/database.go::struct::DatabaseDatabase	struct	ported	-	false-positive: see plans/inventory/go_false_positive_notes.md
lib/proto/database.go::struct::DatabaseDisable	struct	ported	-	false-positive: see plans/inventory/go_false_positive_notes.md
lib/proto/database.go::struct::DatabaseEnable	struct	ported	-	false-positive: see plans/inventory/go_false_positive_notes.md
lib/proto/database.go::struct::DatabaseError	struct	ported	-	false-positive: see plans/inventory/go_false_positive_notes.md
lib/proto/database.go::struct::DatabaseExecuteSQL	struct	ported	-	false-positive: see plans/inventory/go_false_positive_notes.md
lib/proto/database.go::struct::DatabaseExecuteSQLResult	struct	ported	-	false-positive: see plans/inventory/go_false_positive_notes.md
lib/proto/database.go::struct::DatabaseGetDatabaseTableNames	struct	ported	-	false-positive: see plans/inventory/go_false_positive_notes.md
lib/proto/database.go::struct::DatabaseGetDatabaseTableNamesResult	struct	ported	-	false-positive: see plans/inventory/go_false_positive_notes.md
lib/proto/database.go::type::DatabaseDatabaseID	type	ported	-	false-positive: see plans/inventory/go_false_positive_notes.md
lib/proto/debugger.go::const::DebuggerBreakLocationTypeCall	const	ported	-	false-positive: see plans/inventory/go_false_positive_notes.md
lib/proto/debugger.go::const::DebuggerBreakLocationTypeDebuggerStatement	const	ported	-	false-positive: see plans/inventory/go_false_positive_notes.md
lib/proto/debugger.go::const::DebuggerBreakLocationTypeReturn	const	ported	-	false-positive: see plans/inventory/go_false_positive_notes.md
lib/proto/debugger.go::const::DebuggerContinueToLocationTargetCallFramesAny	const	ported	-	false-positive: see plans/inventory/go_false_positive_notes.md
lib/proto/debugger.go::const::DebuggerContinueToLocationTargetCallFramesCurrent	const	ported	-	false-positive: see plans/inventory/go_false_positive_notes.md
lib/proto/debugger.go::const::DebuggerDebugSymbolsTypeEmbeddedDWARF	const	ported	-	false-positive: see plans/inventory/go_false_positive_notes.md
lib/proto/debugger.go::const::DebuggerDebugSymbolsTypeExternalDWARF	const	ported	-	false-positive: see plans/inventory/go_false_positive_notes.md
lib/proto/debugger.go::const::DebuggerDebugSymbolsTypeNone	const	ported	-	false-positive: see plans/inventory/go_false_positive_notes.md
lib/proto/debugger.go::const::DebuggerDebugSymbolsTypeSourceMap	const	ported	-	false-positive: see plans/inventory/go_false_positive_notes.md
lib/proto/debugger.go::const::DebuggerPausedReasonAmbiguous	const	ported	-	false-positive: see plans/inventory/go_false_positive_notes.md
lib/proto/debugger.go::const::DebuggerPausedReasonAssert	const	ported	-	false-positive: see plans/inventory/go_false_positive_notes.md
lib/proto/debugger.go::const::DebuggerPausedReasonCSPViolation	const	ported	-	false-positive: see plans/inventory/go_false_positive_notes.md
lib/proto/debugger.go::const::DebuggerPausedReasonDOM	const	ported	-	false-positive: see plans/inventory/go_false_positive_notes.md
lib/proto/debugger.go::const::DebuggerPausedReasonDebugCommand	const	ported	-	false-positive: see plans/inventory/go_false_positive_notes.md
lib/proto/debugger.go::const::DebuggerPausedReasonEventListener	const	ported	-	false-positive: see plans/inventory/go_false_positive_notes.md
lib/proto/debugger.go::const::DebuggerPausedReasonException	const	ported	-	false-positive: see plans/inventory/go_false_positive_notes.md
lib/proto/debugger.go::const::DebuggerPausedReasonInstrumentation	const	ported	-	false-positive: see plans/inventory/go_false_positive_notes.md
lib/proto/debugger.go::const::DebuggerPausedReasonOOM	const	ported	-	false-positive: see plans/inventory/go_false_positive_notes.md
lib/proto/debugger.go::const::DebuggerPausedReasonOther	const	ported	-	false-positive: see plans/inventory/go_false_positive_notes.md
lib/proto/debugger.go::const::DebuggerPausedReasonPromiseRejection	const	ported	-	false-positive: see plans/inventory/go_false_positive_notes.md
lib/proto/debugger.go::const::DebuggerPausedReasonStep	const	ported	-	false-positive: see plans/inventory/go_false_positive_notes.md
lib/proto/debugger.go::const::DebuggerPausedReasonXHR	const	ported	-	false-positive: see plans/inventory/go_false_positive_notes.md
lib/proto/debugger.go::const::DebuggerRestartFrameModeStepInto	const	ported	-	false-positive: see plans/inventory/go_false_positive_notes.md
lib/proto/debugger.go::const::DebuggerScopeTypeBlock	const	ported	-	false-positive: see plans/inventory/go_false_positive_notes.md
lib/proto/debugger.go::const::DebuggerScopeTypeCatch	const	ported	-	false-positive: see plans/inventory/go_false_positive_notes.md
lib/proto/debugger.go::const::DebuggerScopeTypeClosure	const	ported	-	false-positive: see plans/inventory/go_false_positive_notes.md
lib/proto/debugger.go::const::DebuggerScopeTypeEval	const	ported	-	false-positive: see plans/inventory/go_false_positive_notes.md
lib/proto/debugger.go::const::DebuggerScopeTypeGlobal	const	ported	-	false-positive: see plans/inventory/go_false_positive_notes.md
lib/proto/debugger.go::const::DebuggerScopeTypeLocal	const	ported	-	false-positive: see plans/inventory/go_false_positive_notes.md
lib/proto/debugger.go::const::DebuggerScopeTypeModule	const	ported	-	false-positive: see plans/inventory/go_false_positive_notes.md
lib/proto/debugger.go::const::DebuggerScopeTypeScript	const	ported	-	false-positive: see plans/inventory/go_false_positive_notes.md
lib/proto/debugger.go::const::DebuggerScopeTypeWasmExpressionStack	const	ported	-	false-positive: see plans/inventory/go_false_positive_notes.md
lib/proto/debugger.go::const::DebuggerScopeTypeWith	const	ported	-	false-positive: see plans/inventory/go_false_positive_notes.md
lib/proto/debugger.go::const::DebuggerScriptLanguageJavaScript	const	ported	-	false-positive: see plans/inventory/go_false_positive_notes.md
lib/proto/debugger.go::const::DebuggerScriptLanguageWebAssembly	const	ported	-	false-positive: see plans/inventory/go_false_positive_notes.md
lib/proto/debugger.go::const::DebuggerSetInstrumentationBreakpointInstrumentationBeforeScriptExecution	const	ported	-	false-positive: see plans/inventory/go_false_positive_notes.md
lib/proto/debugger.go::const::DebuggerSetInstrumentationBreakpointInstrumentationBeforeScriptWithSourceMapExecution	const	ported	-	false-positive: see plans/inventory/go_false_positive_notes.md
lib/proto/debugger.go::const::DebuggerSetPauseOnExceptionsStateAll	const	ported	-	false-positive: see plans/inventory/go_false_positive_notes.md
lib/proto/debugger.go::const::DebuggerSetPauseOnExceptionsStateCaught	const	ported	-	false-positive: see plans/inventory/go_false_positive_notes.md
lib/proto/debugger.go::const::DebuggerSetPauseOnExceptionsStateNone	const	ported	-	false-positive: see plans/inventory/go_false_positive_notes.md
lib/proto/debugger.go::const::DebuggerSetPauseOnExceptionsStateUncaught	const	ported	-	false-positive: see plans/inventory/go_false_positive_notes.md
lib/proto/debugger.go::const::DebuggerSetScriptSourceResultStatusBlockedByActiveFunction	const	ported	-	false-positive: see plans/inventory/go_false_positive_notes.md
lib/proto/debugger.go::const::DebuggerSetScriptSourceResultStatusBlockedByActiveGenerator	const	ported	-	false-positive: see plans/inventory/go_false_positive_notes.md
lib/proto/debugger.go::const::DebuggerSetScriptSourceResultStatusBlockedByTopLevelEsModuleChange	const	ported	-	false-positive: see plans/inventory/go_false_positive_notes.md
lib/proto/debugger.go::const::DebuggerSetScriptSourceResultStatusCompileError	const	ported	-	false-positive: see plans/inventory/go_false_positive_notes.md
lib/proto/debugger.go::const::DebuggerSetScriptSourceResultStatusOk	const	ported	-	false-positive: see plans/inventory/go_false_positive_notes.md
lib/proto/debugger.go::struct::DebuggerBreakLocation	struct	ported	-	false-positive: see plans/inventory/go_false_positive_notes.md
lib/proto/debugger.go::struct::DebuggerBreakpointResolved	struct	ported	-	false-positive: see plans/inventory/go_false_positive_notes.md
lib/proto/debugger.go::struct::DebuggerCallFrame	struct	ported	-	false-positive: see plans/inventory/go_false_positive_notes.md
lib/proto/debugger.go::struct::DebuggerContinueToLocation	struct	ported	-	false-positive: see plans/inventory/go_false_positive_notes.md
lib/proto/debugger.go::struct::DebuggerDebugSymbols	struct	ported	-	false-positive: see plans/inventory/go_false_positive_notes.md
lib/proto/debugger.go::struct::DebuggerDisable	struct	ported	-	false-positive: see plans/inventory/go_false_positive_notes.md
lib/proto/debugger.go::struct::DebuggerDisassembleWasmModule	struct	ported	-	false-positive: see plans/inventory/go_false_positive_notes.md
lib/proto/debugger.go::struct::DebuggerDisassembleWasmModuleResult	struct	ported	-	false-positive: see plans/inventory/go_false_positive_notes.md
lib/proto/debugger.go::struct::DebuggerEnable	struct	ported	-	false-positive: see plans/inventory/go_false_positive_notes.md
lib/proto/debugger.go::struct::DebuggerEnableResult	struct	ported	-	false-positive: see plans/inventory/go_false_positive_notes.md
lib/proto/debugger.go::struct::DebuggerEvaluateOnCallFrame	struct	ported	-	false-positive: see plans/inventory/go_false_positive_notes.md
lib/proto/debugger.go::struct::DebuggerEvaluateOnCallFrameResult	struct	ported	-	false-positive: see plans/inventory/go_false_positive_notes.md
lib/proto/debugger.go::struct::DebuggerGetPossibleBreakpoints	struct	ported	-	false-positive: see plans/inventory/go_false_positive_notes.md
lib/proto/debugger.go::struct::DebuggerGetPossibleBreakpointsResult	struct	ported	-	false-positive: see plans/inventory/go_false_positive_notes.md
lib/proto/debugger.go::struct::DebuggerGetScriptSource	struct	ported	-	false-positive: see plans/inventory/go_false_positive_notes.md
lib/proto/debugger.go::struct::DebuggerGetScriptSourceResult	struct	ported	-	false-positive: see plans/inventory/go_false_positive_notes.md
lib/proto/debugger.go::struct::DebuggerGetStackTrace	struct	ported	-	false-positive: see plans/inventory/go_false_positive_notes.md
lib/proto/debugger.go::struct::DebuggerGetStackTraceResult	struct	ported	-	false-positive: see plans/inventory/go_false_positive_notes.md
lib/proto/debugger.go::struct::DebuggerGetWasmBytecode	struct	ported	-	false-positive: see plans/inventory/go_false_positive_notes.md
lib/proto/debugger.go::struct::DebuggerGetWasmBytecodeResult	struct	ported	-	false-positive: see plans/inventory/go_false_positive_notes.md
lib/proto/debugger.go::struct::DebuggerLocation	struct	ported	-	false-positive: see plans/inventory/go_false_positive_notes.md
lib/proto/debugger.go::struct::DebuggerLocationRange	struct	ported	-	false-positive: see plans/inventory/go_false_positive_notes.md
lib/proto/debugger.go::struct::DebuggerNextWasmDisassemblyChunk	struct	ported	-	false-positive: see plans/inventory/go_false_positive_notes.md
lib/proto/debugger.go::struct::DebuggerNextWasmDisassemblyChunkResult	struct	ported	-	false-positive: see plans/inventory/go_false_positive_notes.md
lib/proto/debugger.go::struct::DebuggerPause	struct	ported	-	false-positive: see plans/inventory/go_false_positive_notes.md
lib/proto/debugger.go::struct::DebuggerPauseOnAsyncCall	struct	ported	-	false-positive: see plans/inventory/go_false_positive_notes.md
lib/proto/debugger.go::struct::DebuggerPaused	struct	ported	-	false-positive: see plans/inventory/go_false_positive_notes.md
lib/proto/debugger.go::struct::DebuggerRemoveBreakpoint	struct	ported	-	false-positive: see plans/inventory/go_false_positive_notes.md
lib/proto/debugger.go::struct::DebuggerRestartFrame	struct	ported	-	false-positive: see plans/inventory/go_false_positive_notes.md
lib/proto/debugger.go::struct::DebuggerRestartFrameResult	struct	ported	-	false-positive: see plans/inventory/go_false_positive_notes.md
lib/proto/debugger.go::struct::DebuggerResume	struct	ported	-	false-positive: see plans/inventory/go_false_positive_notes.md
lib/proto/debugger.go::struct::DebuggerResumed	struct	ported	-	false-positive: see plans/inventory/go_false_positive_notes.md
lib/proto/debugger.go::struct::DebuggerScope	struct	ported	-	false-positive: see plans/inventory/go_false_positive_notes.md
lib/proto/debugger.go::struct::DebuggerScriptFailedToParse	struct	ported	-	false-positive: see plans/inventory/go_false_positive_notes.md
lib/proto/debugger.go::struct::DebuggerScriptParsed	struct	ported	-	false-positive: see plans/inventory/go_false_positive_notes.md
lib/proto/debugger.go::struct::DebuggerScriptPosition	struct	ported	-	false-positive: see plans/inventory/go_false_positive_notes.md
lib/proto/debugger.go::struct::DebuggerSearchInContent	struct	ported	-	false-positive: see plans/inventory/go_false_positive_notes.md
lib/proto/debugger.go::struct::DebuggerSearchInContentResult	struct	ported	-	false-positive: see plans/inventory/go_false_positive_notes.md
lib/proto/debugger.go::struct::DebuggerSearchMatch	struct	ported	-	false-positive: see plans/inventory/go_false_positive_notes.md
lib/proto/debugger.go::struct::DebuggerSetAsyncCallStackDepth	struct	ported	-	false-positive: see plans/inventory/go_false_positive_notes.md
lib/proto/debugger.go::struct::DebuggerSetBlackboxPatterns	struct	ported	-	false-positive: see plans/inventory/go_false_positive_notes.md
lib/proto/debugger.go::struct::DebuggerSetBlackboxedRanges	struct	ported	-	false-positive: see plans/inventory/go_false_positive_notes.md
lib/proto/debugger.go::struct::DebuggerSetBreakpoint	struct	ported	-	false-positive: see plans/inventory/go_false_positive_notes.md
lib/proto/debugger.go::struct::DebuggerSetBreakpointByURL	struct	ported	-	false-positive: see plans/inventory/go_false_positive_notes.md
lib/proto/debugger.go::struct::DebuggerSetBreakpointByURLResult	struct	ported	-	false-positive: see plans/inventory/go_false_positive_notes.md
lib/proto/debugger.go::struct::DebuggerSetBreakpointOnFunctionCall	struct	ported	-	false-positive: see plans/inventory/go_false_positive_notes.md
lib/proto/debugger.go::struct::DebuggerSetBreakpointOnFunctionCallResult	struct	ported	-	false-positive: see plans/inventory/go_false_positive_notes.md
lib/proto/debugger.go::struct::DebuggerSetBreakpointResult	struct	ported	-	false-positive: see plans/inventory/go_false_positive_notes.md
lib/proto/debugger.go::struct::DebuggerSetBreakpointsActive	struct	ported	-	false-positive: see plans/inventory/go_false_positive_notes.md
lib/proto/debugger.go::struct::DebuggerSetInstrumentationBreakpoint	struct	ported	-	false-positive: see plans/inventory/go_false_positive_notes.md
lib/proto/debugger.go::struct::DebuggerSetInstrumentationBreakpointResult	struct	ported	-	false-positive: see plans/inventory/go_false_positive_notes.md
lib/proto/debugger.go::struct::DebuggerSetPauseOnExceptions	struct	ported	-	false-positive: see plans/inventory/go_false_positive_notes.md
lib/proto/debugger.go::struct::DebuggerSetReturnValue	struct	ported	-	false-positive: see plans/inventory/go_false_positive_notes.md
lib/proto/debugger.go::struct::DebuggerSetScriptSource	struct	ported	-	false-positive: see plans/inventory/go_false_positive_notes.md
lib/proto/debugger.go::struct::DebuggerSetScriptSourceResult	struct	ported	-	false-positive: see plans/inventory/go_false_positive_notes.md
lib/proto/debugger.go::struct::DebuggerSetSkipAllPauses	struct	ported	-	false-positive: see plans/inventory/go_false_positive_notes.md
lib/proto/debugger.go::struct::DebuggerSetVariableValue	struct	ported	-	false-positive: see plans/inventory/go_false_positive_notes.md
lib/proto/debugger.go::struct::DebuggerStepInto	struct	ported	-	false-positive: see plans/inventory/go_false_positive_notes.md
lib/proto/debugger.go::struct::DebuggerStepOut	struct	ported	-	false-positive: see plans/inventory/go_false_positive_notes.md
lib/proto/debugger.go::struct::DebuggerStepOver	struct	ported	-	false-positive: see plans/inventory/go_false_positive_notes.md
lib/proto/debugger.go::struct::DebuggerWasmDisassemblyChunk	struct	ported	-	false-positive: see plans/inventory/go_false_positive_notes.md
lib/proto/debugger.go::type::DebuggerBreakLocationType	type	ported	-	false-positive: see plans/inventory/go_false_positive_notes.md
lib/proto/debugger.go::type::DebuggerBreakpointID	type	ported	-	false-positive: see plans/inventory/go_false_positive_notes.md
lib/proto/debugger.go::type::DebuggerCallFrameID	type	ported	-	false-positive: see plans/inventory/go_false_positive_notes.md
lib/proto/debugger.go::type::DebuggerContinueToLocationTargetCallFrames	type	ported	-	false-positive: see plans/inventory/go_false_positive_notes.md
lib/proto/debugger.go::type::DebuggerDebugSymbolsType	type	ported	-	false-positive: see plans/inventory/go_false_positive_notes.md
lib/proto/debugger.go::type::DebuggerPausedReason	type	ported	-	false-positive: see plans/inventory/go_false_positive_notes.md
lib/proto/debugger.go::type::DebuggerRestartFrameMode	type	ported	-	false-positive: see plans/inventory/go_false_positive_notes.md
lib/proto/debugger.go::type::DebuggerScopeType	type	ported	-	false-positive: see plans/inventory/go_false_positive_notes.md
lib/proto/debugger.go::type::DebuggerScriptLanguage	type	ported	-	false-positive: see plans/inventory/go_false_positive_notes.md
lib/proto/debugger.go::type::DebuggerSetInstrumentationBreakpointInstrumentation	type	ported	-	false-positive: see plans/inventory/go_false_positive_notes.md
lib/proto/debugger.go::type::DebuggerSetPauseOnExceptionsState	type	ported	-	false-positive: see plans/inventory/go_false_positive_notes.md
lib/proto/debugger.go::type::DebuggerSetScriptSourceResultStatus	type	ported	-	false-positive: see plans/inventory/go_false_positive_notes.md
lib/proto/device_access.go::struct::DeviceAccessCancelPrompt	struct	ported	-	false-positive: see plans/inventory/go_false_positive_notes.md
lib/proto/device_access.go::struct::DeviceAccessDeviceRequestPrompted	struct	ported	-	false-positive: see plans/inventory/go_false_positive_notes.md
lib/proto/device_access.go::struct::DeviceAccessDisable	struct	ported	-	false-positive: see plans/inventory/go_false_positive_notes.md
lib/proto/device_access.go::struct::DeviceAccessEnable	struct	ported	-	false-positive: see plans/inventory/go_false_positive_notes.md
lib/proto/device_access.go::struct::DeviceAccessPromptDevice	struct	ported	-	false-positive: see plans/inventory/go_false_positive_notes.md
lib/proto/device_access.go::struct::DeviceAccessSelectPrompt	struct	ported	-	false-positive: see plans/inventory/go_false_positive_notes.md
lib/proto/device_access.go::type::DeviceAccessDeviceID	type	ported	-	false-positive: see plans/inventory/go_false_positive_notes.md
lib/proto/device_access.go::type::DeviceAccessRequestID	type	ported	-	false-positive: see plans/inventory/go_false_positive_notes.md
lib/proto/device_orientation.go::struct::DeviceOrientationClearDeviceOrientationOverride	struct	ported	-	false-positive: see plans/inventory/go_false_positive_notes.md
lib/proto/device_orientation.go::struct::DeviceOrientationSetDeviceOrientationOverride	struct	ported	-	false-positive: see plans/inventory/go_false_positive_notes.md
lib/proto/dom.go::const::DOMCompatibilityModeLimitedQuirksMode	const	ported	-	false-positive: see plans/inventory/go_false_positive_notes.md
lib/proto/dom.go::const::DOMCompatibilityModeNoQuirksMode	const	ported	-	false-positive: see plans/inventory/go_false_positive_notes.md
lib/proto/dom.go::const::DOMCompatibilityModeQuirksMode	const	ported	-	false-positive: see plans/inventory/go_false_positive_notes.md
lib/proto/dom.go::const::DOMEnableIncludeWhitespaceAll	const	ported	-	false-positive: see plans/inventory/go_false_positive_notes.md
lib/proto/dom.go::const::DOMEnableIncludeWhitespaceNone	const	ported	-	false-positive: see plans/inventory/go_false_positive_notes.md
lib/proto/dom.go::const::DOMGetElementByRelationRelationPopoverTarget	const	ported	-	false-positive: see plans/inventory/go_false_positive_notes.md
lib/proto/dom.go::const::DOMLogicalAxesBlock	const	ported	-	false-positive: see plans/inventory/go_false_positive_notes.md
lib/proto/dom.go::const::DOMLogicalAxesBoth	const	ported	-	false-positive: see plans/inventory/go_false_positive_notes.md
lib/proto/dom.go::const::DOMLogicalAxesInline	const	ported	-	false-positive: see plans/inventory/go_false_positive_notes.md
lib/proto/dom.go::const::DOMPhysicalAxesBoth	const	ported	-	false-positive: see plans/inventory/go_false_positive_notes.md
lib/proto/dom.go::const::DOMPhysicalAxesHorizontal	const	ported	-	false-positive: see plans/inventory/go_false_positive_notes.md
lib/proto/dom.go::const::DOMPhysicalAxesVertical	const	ported	-	false-positive: see plans/inventory/go_false_positive_notes.md
lib/proto/dom.go::const::DOMPseudoTypeAfter	const	ported	-	false-positive: see plans/inventory/go_false_positive_notes.md
lib/proto/dom.go::const::DOMPseudoTypeBackdrop	const	ported	-	false-positive: see plans/inventory/go_false_positive_notes.md
lib/proto/dom.go::const::DOMPseudoTypeBefore	const	ported	-	false-positive: see plans/inventory/go_false_positive_notes.md
lib/proto/dom.go::const::DOMPseudoTypeFirstLetter	const	ported	-	false-positive: see plans/inventory/go_false_positive_notes.md
lib/proto/dom.go::const::DOMPseudoTypeFirstLine	const	ported	-	false-positive: see plans/inventory/go_false_positive_notes.md
lib/proto/dom.go::const::DOMPseudoTypeFirstLineInherited	const	ported	-	false-positive: see plans/inventory/go_false_positive_notes.md
lib/proto/dom.go::const::DOMPseudoTypeGrammarError	const	ported	-	false-positive: see plans/inventory/go_false_positive_notes.md
lib/proto/dom.go::const::DOMPseudoTypeHighlight	const	ported	-	false-positive: see plans/inventory/go_false_positive_notes.md
lib/proto/dom.go::const::DOMPseudoTypeInputListButton	const	ported	-	false-positive: see plans/inventory/go_false_positive_notes.md
lib/proto/dom.go::const::DOMPseudoTypeMarker	const	ported	-	false-positive: see plans/inventory/go_false_positive_notes.md
lib/proto/dom.go::const::DOMPseudoTypeResizer	const	ported	-	false-positive: see plans/inventory/go_false_positive_notes.md
lib/proto/dom.go::const::DOMPseudoTypeScrollMarker	const	ported	-	false-positive: see plans/inventory/go_false_positive_notes.md
lib/proto/dom.go::const::DOMPseudoTypeScrollMarkerGroup	const	ported	-	false-positive: see plans/inventory/go_false_positive_notes.md
lib/proto/dom.go::const::DOMPseudoTypeScrollbar	const	ported	-	false-positive: see plans/inventory/go_false_positive_notes.md
lib/proto/dom.go::const::DOMPseudoTypeScrollbarButton	const	ported	-	false-positive: see plans/inventory/go_false_positive_notes.md
lib/proto/dom.go::const::DOMPseudoTypeScrollbarCorner	const	ported	-	false-positive: see plans/inventory/go_false_positive_notes.md
lib/proto/dom.go::const::DOMPseudoTypeScrollbarThumb	const	ported	-	false-positive: see plans/inventory/go_false_positive_notes.md
lib/proto/dom.go::const::DOMPseudoTypeScrollbarTrack	const	ported	-	false-positive: see plans/inventory/go_false_positive_notes.md
lib/proto/dom.go::const::DOMPseudoTypeScrollbarTrackPiece	const	ported	-	false-positive: see plans/inventory/go_false_positive_notes.md
lib/proto/dom.go::const::DOMPseudoTypeSearchText	const	ported	-	false-positive: see plans/inventory/go_false_positive_notes.md
lib/proto/dom.go::const::DOMPseudoTypeSelection	const	ported	-	false-positive: see plans/inventory/go_false_positive_notes.md
lib/proto/dom.go::const::DOMPseudoTypeSpellingError	const	ported	-	false-positive: see plans/inventory/go_false_positive_notes.md
lib/proto/dom.go::const::DOMPseudoTypeTargetText	const	ported	-	false-positive: see plans/inventory/go_false_positive_notes.md
lib/proto/dom.go::const::DOMPseudoTypeViewTransition	const	ported	-	false-positive: see plans/inventory/go_false_positive_notes.md
lib/proto/dom.go::const::DOMPseudoTypeViewTransitionGroup	const	ported	-	false-positive: see plans/inventory/go_false_positive_notes.md
lib/proto/dom.go::const::DOMPseudoTypeViewTransitionImagePair	const	ported	-	false-positive: see plans/inventory/go_false_positive_notes.md
lib/proto/dom.go::const::DOMPseudoTypeViewTransitionNew	const	ported	-	false-positive: see plans/inventory/go_false_positive_notes.md
lib/proto/dom.go::const::DOMPseudoTypeViewTransitionOld	const	ported	-	false-positive: see plans/inventory/go_false_positive_notes.md
lib/proto/dom.go::const::DOMScrollOrientationHorizontal	const	ported	-	false-positive: see plans/inventory/go_false_positive_notes.md
lib/proto/dom.go::const::DOMScrollOrientationVertical	const	ported	-	false-positive: see plans/inventory/go_false_positive_notes.md
lib/proto/dom.go::const::DOMShadowRootTypeClosed	const	ported	-	false-positive: see plans/inventory/go_false_positive_notes.md
lib/proto/dom.go::const::DOMShadowRootTypeOpen	const	ported	-	false-positive: see plans/inventory/go_false_positive_notes.md
lib/proto/dom.go::const::DOMShadowRootTypeUserAgent	const	ported	-	false-positive: see plans/inventory/go_false_positive_notes.md
lib/proto/dom.go::struct::DOMAttributeModified	struct	ported	-	false-positive: see plans/inventory/go_false_positive_notes.md
lib/proto/dom.go::struct::DOMAttributeRemoved	struct	ported	-	false-positive: see plans/inventory/go_false_positive_notes.md
lib/proto/dom.go::struct::DOMBackendNode	struct	ported	-	false-positive: see plans/inventory/go_false_positive_notes.md
lib/proto/dom.go::struct::DOMBoxModel	struct	ported	-	false-positive: see plans/inventory/go_false_positive_notes.md
lib/proto/dom.go::struct::DOMCSSComputedStyleProperty	struct	ported	-	false-positive: see plans/inventory/go_false_positive_notes.md
lib/proto/dom.go::struct::DOMCharacterDataModified	struct	ported	-	false-positive: see plans/inventory/go_false_positive_notes.md
lib/proto/dom.go::struct::DOMChildNodeCountUpdated	struct	ported	-	false-positive: see plans/inventory/go_false_positive_notes.md
lib/proto/dom.go::struct::DOMChildNodeInserted	struct	ported	-	false-positive: see plans/inventory/go_false_positive_notes.md
lib/proto/dom.go::struct::DOMChildNodeRemoved	struct	ported	-	false-positive: see plans/inventory/go_false_positive_notes.md
lib/proto/dom.go::struct::DOMCollectClassNamesFromSubtree	struct	ported	-	false-positive: see plans/inventory/go_false_positive_notes.md
lib/proto/dom.go::struct::DOMCollectClassNamesFromSubtreeResult	struct	ported	-	false-positive: see plans/inventory/go_false_positive_notes.md
lib/proto/dom.go::struct::DOMCopyTo	struct	ported	-	false-positive: see plans/inventory/go_false_positive_notes.md
lib/proto/dom.go::struct::DOMCopyToResult	struct	ported	-	false-positive: see plans/inventory/go_false_positive_notes.md
lib/proto/dom.go::struct::DOMDescribeNode	struct	ported	-	false-positive: see plans/inventory/go_false_positive_notes.md
lib/proto/dom.go::struct::DOMDescribeNodeResult	struct	ported	-	false-positive: see plans/inventory/go_false_positive_notes.md
lib/proto/dom.go::struct::DOMDisable	struct	ported	-	false-positive: see plans/inventory/go_false_positive_notes.md
lib/proto/dom.go::struct::DOMDiscardSearchResults	struct	ported	-	false-positive: see plans/inventory/go_false_positive_notes.md
lib/proto/dom.go::struct::DOMDistributedNodesUpdated	struct	ported	-	false-positive: see plans/inventory/go_false_positive_notes.md
lib/proto/dom.go::struct::DOMDocumentUpdated	struct	ported	-	false-positive: see plans/inventory/go_false_positive_notes.md
lib/proto/dom.go::struct::DOMEnable	struct	ported	-	false-positive: see plans/inventory/go_false_positive_notes.md
lib/proto/dom.go::struct::DOMFocus	struct	ported	-	false-positive: see plans/inventory/go_false_positive_notes.md
lib/proto/dom.go::struct::DOMGetAnchorElement	struct	ported	-	false-positive: see plans/inventory/go_false_positive_notes.md
lib/proto/dom.go::struct::DOMGetAnchorElementResult	struct	ported	-	false-positive: see plans/inventory/go_false_positive_notes.md
lib/proto/dom.go::struct::DOMGetAttributes	struct	ported	-	false-positive: see plans/inventory/go_false_positive_notes.md
lib/proto/dom.go::struct::DOMGetAttributesResult	struct	ported	-	false-positive: see plans/inventory/go_false_positive_notes.md
lib/proto/dom.go::struct::DOMGetBoxModel	struct	ported	-	false-positive: see plans/inventory/go_false_positive_notes.md
lib/proto/dom.go::struct::DOMGetBoxModelResult	struct	ported	-	false-positive: see plans/inventory/go_false_positive_notes.md
lib/proto/dom.go::struct::DOMGetContainerForNode	struct	ported	-	false-positive: see plans/inventory/go_false_positive_notes.md
lib/proto/dom.go::struct::DOMGetContainerForNodeResult	struct	ported	-	false-positive: see plans/inventory/go_false_positive_notes.md
lib/proto/dom.go::struct::DOMGetContentQuads	struct	ported	-	false-positive: see plans/inventory/go_false_positive_notes.md
lib/proto/dom.go::struct::DOMGetContentQuadsResult	struct	ported	-	false-positive: see plans/inventory/go_false_positive_notes.md
lib/proto/dom.go::struct::DOMGetDocument	struct	ported	-	false-positive: see plans/inventory/go_false_positive_notes.md
lib/proto/dom.go::struct::DOMGetDocumentResult	struct	ported	-	false-positive: see plans/inventory/go_false_positive_notes.md
lib/proto/dom.go::struct::DOMGetElementByRelation	struct	ported	-	false-positive: see plans/inventory/go_false_positive_notes.md
lib/proto/dom.go::struct::DOMGetElementByRelationResult	struct	ported	-	false-positive: see plans/inventory/go_false_positive_notes.md
lib/proto/dom.go::struct::DOMGetFileInfo	struct	ported	-	false-positive: see plans/inventory/go_false_positive_notes.md
lib/proto/dom.go::struct::DOMGetFileInfoResult	struct	ported	-	false-positive: see plans/inventory/go_false_positive_notes.md
lib/proto/dom.go::struct::DOMGetFlattenedDocument	struct	ported	-	false-positive: see plans/inventory/go_false_positive_notes.md
lib/proto/dom.go::struct::DOMGetFlattenedDocumentResult	struct	ported	-	false-positive: see plans/inventory/go_false_positive_notes.md
lib/proto/dom.go::struct::DOMGetFrameOwner	struct	ported	-	false-positive: see plans/inventory/go_false_positive_notes.md
lib/proto/dom.go::struct::DOMGetFrameOwnerResult	struct	ported	-	false-positive: see plans/inventory/go_false_positive_notes.md
lib/proto/dom.go::struct::DOMGetNodeForLocation	struct	ported	-	false-positive: see plans/inventory/go_false_positive_notes.md
lib/proto/dom.go::struct::DOMGetNodeForLocationResult	struct	ported	-	false-positive: see plans/inventory/go_false_positive_notes.md
lib/proto/dom.go::struct::DOMGetNodeStackTraces	struct	ported	-	false-positive: see plans/inventory/go_false_positive_notes.md
lib/proto/dom.go::struct::DOMGetNodeStackTracesResult	struct	ported	-	false-positive: see plans/inventory/go_false_positive_notes.md
lib/proto/dom.go::struct::DOMGetNodesForSubtreeByStyle	struct	ported	-	false-positive: see plans/inventory/go_false_positive_notes.md
lib/proto/dom.go::struct::DOMGetNodesForSubtreeByStyleResult	struct	ported	-	false-positive: see plans/inventory/go_false_positive_notes.md
lib/proto/dom.go::struct::DOMGetOuterHTML	struct	ported	-	false-positive: see plans/inventory/go_false_positive_notes.md
lib/proto/dom.go::struct::DOMGetOuterHTMLResult	struct	ported	-	false-positive: see plans/inventory/go_false_positive_notes.md
lib/proto/dom.go::struct::DOMGetQueryingDescendantsForContainer	struct	ported	-	false-positive: see plans/inventory/go_false_positive_notes.md
lib/proto/dom.go::struct::DOMGetQueryingDescendantsForContainerResult	struct	ported	-	false-positive: see plans/inventory/go_false_positive_notes.md
lib/proto/dom.go::struct::DOMGetRelayoutBoundary	struct	ported	-	false-positive: see plans/inventory/go_false_positive_notes.md
lib/proto/dom.go::struct::DOMGetRelayoutBoundaryResult	struct	ported	-	false-positive: see plans/inventory/go_false_positive_notes.md
lib/proto/dom.go::struct::DOMGetSearchResults	struct	ported	-	false-positive: see plans/inventory/go_false_positive_notes.md
lib/proto/dom.go::struct::DOMGetSearchResultsResult	struct	ported	-	false-positive: see plans/inventory/go_false_positive_notes.md
lib/proto/dom.go::struct::DOMGetTopLayerElements	struct	ported	-	false-positive: see plans/inventory/go_false_positive_notes.md
lib/proto/dom.go::struct::DOMGetTopLayerElementsResult	struct	ported	-	false-positive: see plans/inventory/go_false_positive_notes.md
lib/proto/dom.go::struct::DOMHideHighlight	struct	ported	-	false-positive: see plans/inventory/go_false_positive_notes.md
lib/proto/dom.go::struct::DOMHighlightNode	struct	ported	-	false-positive: see plans/inventory/go_false_positive_notes.md
lib/proto/dom.go::struct::DOMHighlightRect	struct	ported	-	false-positive: see plans/inventory/go_false_positive_notes.md
lib/proto/dom.go::struct::DOMInlineStyleInvalidated	struct	ported	-	false-positive: see plans/inventory/go_false_positive_notes.md
lib/proto/dom.go::struct::DOMMarkUndoableState	struct	ported	-	false-positive: see plans/inventory/go_false_positive_notes.md
lib/proto/dom.go::struct::DOMMoveTo	struct	ported	-	false-positive: see plans/inventory/go_false_positive_notes.md
lib/proto/dom.go::struct::DOMMoveToResult	struct	ported	-	false-positive: see plans/inventory/go_false_positive_notes.md
lib/proto/dom.go::struct::DOMPerformSearch	struct	ported	-	false-positive: see plans/inventory/go_false_positive_notes.md
lib/proto/dom.go::struct::DOMPerformSearchResult	struct	ported	-	false-positive: see plans/inventory/go_false_positive_notes.md
lib/proto/dom.go::struct::DOMPseudoElementAdded	struct	ported	-	false-positive: see plans/inventory/go_false_positive_notes.md
lib/proto/dom.go::struct::DOMPseudoElementRemoved	struct	ported	-	false-positive: see plans/inventory/go_false_positive_notes.md
lib/proto/dom.go::struct::DOMPushNodeByPathToFrontend	struct	ported	-	false-positive: see plans/inventory/go_false_positive_notes.md
lib/proto/dom.go::struct::DOMPushNodeByPathToFrontendResult	struct	ported	-	false-positive: see plans/inventory/go_false_positive_notes.md
lib/proto/dom.go::struct::DOMPushNodesByBackendIDsToFrontend	struct	ported	-	false-positive: see plans/inventory/go_false_positive_notes.md
lib/proto/dom.go::struct::DOMPushNodesByBackendIDsToFrontendResult	struct	ported	-	false-positive: see plans/inventory/go_false_positive_notes.md
lib/proto/dom.go::struct::DOMQuerySelector	struct	ported	-	false-positive: see plans/inventory/go_false_positive_notes.md
lib/proto/dom.go::struct::DOMQuerySelectorAll	struct	ported	-	false-positive: see plans/inventory/go_false_positive_notes.md
lib/proto/dom.go::struct::DOMQuerySelectorAllResult	struct	ported	-	false-positive: see plans/inventory/go_false_positive_notes.md
lib/proto/dom.go::struct::DOMQuerySelectorResult	struct	ported	-	false-positive: see plans/inventory/go_false_positive_notes.md
lib/proto/dom.go::struct::DOMRGBA	struct	ported	-	false-positive: see plans/inventory/go_false_positive_notes.md
lib/proto/dom.go::struct::DOMRect	struct	ported	-	false-positive: see plans/inventory/go_false_positive_notes.md
lib/proto/dom.go::struct::DOMRedo	struct	ported	-	false-positive: see plans/inventory/go_false_positive_notes.md
lib/proto/dom.go::struct::DOMRemoveAttribute	struct	ported	-	false-positive: see plans/inventory/go_false_positive_notes.md
lib/proto/dom.go::struct::DOMRemoveNode	struct	ported	-	false-positive: see plans/inventory/go_false_positive_notes.md
lib/proto/dom.go::struct::DOMRequestChildNodes	struct	ported	-	false-positive: see plans/inventory/go_false_positive_notes.md
lib/proto/dom.go::struct::DOMRequestNode	struct	ported	-	false-positive: see plans/inventory/go_false_positive_notes.md
lib/proto/dom.go::struct::DOMRequestNodeResult	struct	ported	-	false-positive: see plans/inventory/go_false_positive_notes.md
lib/proto/dom.go::struct::DOMResolveNode	struct	ported	-	false-positive: see plans/inventory/go_false_positive_notes.md
lib/proto/dom.go::struct::DOMResolveNodeResult	struct	ported	-	false-positive: see plans/inventory/go_false_positive_notes.md
lib/proto/dom.go::struct::DOMScrollIntoViewIfNeeded	struct	ported	-	false-positive: see plans/inventory/go_false_positive_notes.md
lib/proto/dom.go::struct::DOMSetAttributeValue	struct	ported	-	false-positive: see plans/inventory/go_false_positive_notes.md
lib/proto/dom.go::struct::DOMSetAttributesAsText	struct	ported	-	false-positive: see plans/inventory/go_false_positive_notes.md
lib/proto/dom.go::struct::DOMSetChildNodes	struct	ported	-	false-positive: see plans/inventory/go_false_positive_notes.md
lib/proto/dom.go::struct::DOMSetFileInputFiles	struct	ported	-	false-positive: see plans/inventory/go_false_positive_notes.md
lib/proto/dom.go::struct::DOMSetInspectedNode	struct	ported	-	false-positive: see plans/inventory/go_false_positive_notes.md
lib/proto/dom.go::struct::DOMSetNodeName	struct	ported	-	false-positive: see plans/inventory/go_false_positive_notes.md
lib/proto/dom.go::struct::DOMSetNodeNameResult	struct	ported	-	false-positive: see plans/inventory/go_false_positive_notes.md
lib/proto/dom.go::struct::DOMSetNodeStackTracesEnabled	struct	ported	-	false-positive: see plans/inventory/go_false_positive_notes.md
lib/proto/dom.go::struct::DOMSetNodeValue	struct	ported	-	false-positive: see plans/inventory/go_false_positive_notes.md
lib/proto/dom.go::struct::DOMSetOuterHTML	struct	ported	-	false-positive: see plans/inventory/go_false_positive_notes.md
lib/proto/dom.go::struct::DOMShadowRootPopped	struct	ported	-	false-positive: see plans/inventory/go_false_positive_notes.md
lib/proto/dom.go::struct::DOMShadowRootPushed	struct	ported	-	false-positive: see plans/inventory/go_false_positive_notes.md
lib/proto/dom.go::struct::DOMShapeOutsideInfo	struct	ported	-	false-positive: see plans/inventory/go_false_positive_notes.md
lib/proto/dom.go::struct::DOMTopLayerElementsUpdated	struct	ported	-	false-positive: see plans/inventory/go_false_positive_notes.md
lib/proto/dom.go::struct::DOMUndo	struct	ported	-	false-positive: see plans/inventory/go_false_positive_notes.md
lib/proto/dom.go::type::DOMBackendNodeID	type	ported	-	false-positive: see plans/inventory/go_false_positive_notes.md
lib/proto/dom.go::type::DOMCompatibilityMode	type	ported	-	false-positive: see plans/inventory/go_false_positive_notes.md
lib/proto/dom.go::type::DOMEnableIncludeWhitespace	type	ported	-	false-positive: see plans/inventory/go_false_positive_notes.md
lib/proto/dom.go::type::DOMGetElementByRelationRelation	type	ported	-	false-positive: see plans/inventory/go_false_positive_notes.md
lib/proto/dom.go::type::DOMLogicalAxes	type	ported	-	false-positive: see plans/inventory/go_false_positive_notes.md
lib/proto/dom.go::type::DOMNodeID	type	ported	-	false-positive: see plans/inventory/go_false_positive_notes.md
lib/proto/dom.go::type::DOMPhysicalAxes	type	ported	-	false-positive: see plans/inventory/go_false_positive_notes.md
lib/proto/dom.go::type::DOMPseudoType	type	ported	-	false-positive: see plans/inventory/go_false_positive_notes.md
lib/proto/dom.go::type::DOMQuad	type	ported	-	false-positive: see plans/inventory/go_false_positive_notes.md
lib/proto/dom.go::type::DOMScrollOrientation	type	ported	-	false-positive: see plans/inventory/go_false_positive_notes.md
lib/proto/dom.go::type::DOMShadowRootType	type	ported	-	false-positive: see plans/inventory/go_false_positive_notes.md
lib/proto/dom_debugger.go::const::DOMDebuggerCSPViolationTypeTrustedtypePolicyViolation	const	ported	-	false-positive: see plans/inventory/go_false_positive_notes.md
lib/proto/dom_debugger.go::const::DOMDebuggerCSPViolationTypeTrustedtypeSinkViolation	const	ported	-	false-positive: see plans/inventory/go_false_positive_notes.md
lib/proto/dom_debugger.go::const::DOMDebuggerDOMBreakpointTypeAttributeModified	const	ported	-	false-positive: see plans/inventory/go_false_positive_notes.md
lib/proto/dom_debugger.go::const::DOMDebuggerDOMBreakpointTypeNodeRemoved	const	ported	-	false-positive: see plans/inventory/go_false_positive_notes.md
lib/proto/dom_debugger.go::const::DOMDebuggerDOMBreakpointTypeSubtreeModified	const	ported	-	false-positive: see plans/inventory/go_false_positive_notes.md
lib/proto/dom_debugger.go::struct::DOMDebuggerEventListener	struct	ported	-	false-positive: see plans/inventory/go_false_positive_notes.md
lib/proto/dom_debugger.go::struct::DOMDebuggerGetEventListeners	struct	ported	-	false-positive: see plans/inventory/go_false_positive_notes.md
lib/proto/dom_debugger.go::struct::DOMDebuggerGetEventListenersResult	struct	ported	-	false-positive: see plans/inventory/go_false_positive_notes.md
lib/proto/dom_debugger.go::struct::DOMDebuggerRemoveDOMBreakpoint	struct	ported	-	false-positive: see plans/inventory/go_false_positive_notes.md
lib/proto/dom_debugger.go::struct::DOMDebuggerRemoveEventListenerBreakpoint	struct	ported	-	false-positive: see plans/inventory/go_false_positive_notes.md
lib/proto/dom_debugger.go::struct::DOMDebuggerRemoveInstrumentationBreakpoint	struct	ported	-	false-positive: see plans/inventory/go_false_positive_notes.md
lib/proto/dom_debugger.go::struct::DOMDebuggerRemoveXHRBreakpoint	struct	ported	-	false-positive: see plans/inventory/go_false_positive_notes.md
lib/proto/dom_debugger.go::struct::DOMDebuggerSetBreakOnCSPViolation	struct	ported	-	false-positive: see plans/inventory/go_false_positive_notes.md
lib/proto/dom_debugger.go::struct::DOMDebuggerSetDOMBreakpoint	struct	ported	-	false-positive: see plans/inventory/go_false_positive_notes.md
lib/proto/dom_debugger.go::struct::DOMDebuggerSetEventListenerBreakpoint	struct	ported	-	false-positive: see plans/inventory/go_false_positive_notes.md
lib/proto/dom_debugger.go::struct::DOMDebuggerSetInstrumentationBreakpoint	struct	ported	-	false-positive: see plans/inventory/go_false_positive_notes.md
lib/proto/dom_debugger.go::struct::DOMDebuggerSetXHRBreakpoint	struct	ported	-	false-positive: see plans/inventory/go_false_positive_notes.md
lib/proto/dom_debugger.go::type::DOMDebuggerCSPViolationType	type	ported	-	false-positive: see plans/inventory/go_false_positive_notes.md
lib/proto/dom_debugger.go::type::DOMDebuggerDOMBreakpointType	type	ported	-	false-positive: see plans/inventory/go_false_positive_notes.md
lib/proto/dom_snapshot.go::struct::DOMSnapshotCaptureSnapshot	struct	ported	-	false-positive: see plans/inventory/go_false_positive_notes.md
lib/proto/dom_snapshot.go::struct::DOMSnapshotCaptureSnapshotResult	struct	ported	-	false-positive: see plans/inventory/go_false_positive_notes.md
lib/proto/dom_snapshot.go::struct::DOMSnapshotComputedStyle	struct	ported	-	false-positive: see plans/inventory/go_false_positive_notes.md
lib/proto/dom_snapshot.go::struct::DOMSnapshotDOMNode	struct	ported	-	false-positive: see plans/inventory/go_false_positive_notes.md
lib/proto/dom_snapshot.go::struct::DOMSnapshotDisable	struct	ported	-	false-positive: see plans/inventory/go_false_positive_notes.md
lib/proto/dom_snapshot.go::struct::DOMSnapshotDocumentSnapshot	struct	ported	-	false-positive: see plans/inventory/go_false_positive_notes.md
lib/proto/dom_snapshot.go::struct::DOMSnapshotEnable	struct	ported	-	false-positive: see plans/inventory/go_false_positive_notes.md
lib/proto/dom_snapshot.go::struct::DOMSnapshotGetSnapshot	struct	ported	-	false-positive: see plans/inventory/go_false_positive_notes.md
lib/proto/dom_snapshot.go::struct::DOMSnapshotGetSnapshotResult	struct	ported	-	false-positive: see plans/inventory/go_false_positive_notes.md
lib/proto/dom_snapshot.go::struct::DOMSnapshotInlineTextBox	struct	ported	-	false-positive: see plans/inventory/go_false_positive_notes.md
lib/proto/dom_snapshot.go::struct::DOMSnapshotLayoutTreeNode	struct	ported	-	false-positive: see plans/inventory/go_false_positive_notes.md
lib/proto/dom_snapshot.go::struct::DOMSnapshotLayoutTreeSnapshot	struct	ported	-	false-positive: see plans/inventory/go_false_positive_notes.md
lib/proto/dom_snapshot.go::struct::DOMSnapshotNameValue	struct	ported	-	false-positive: see plans/inventory/go_false_positive_notes.md
lib/proto/dom_snapshot.go::struct::DOMSnapshotNodeTreeSnapshot	struct	ported	-	false-positive: see plans/inventory/go_false_positive_notes.md
lib/proto/dom_snapshot.go::struct::DOMSnapshotRareBooleanData	struct	ported	-	false-positive: see plans/inventory/go_false_positive_notes.md
lib/proto/dom_snapshot.go::struct::DOMSnapshotRareIntegerData	struct	ported	-	false-positive: see plans/inventory/go_false_positive_notes.md
lib/proto/dom_snapshot.go::struct::DOMSnapshotRareStringData	struct	ported	-	false-positive: see plans/inventory/go_false_positive_notes.md
lib/proto/dom_snapshot.go::struct::DOMSnapshotTextBoxSnapshot	struct	ported	-	false-positive: see plans/inventory/go_false_positive_notes.md
lib/proto/dom_snapshot.go::type::DOMSnapshotArrayOfStrings	type	ported	-	false-positive: see plans/inventory/go_false_positive_notes.md
lib/proto/dom_snapshot.go::type::DOMSnapshotRectangle	type	ported	-	false-positive: see plans/inventory/go_false_positive_notes.md
lib/proto/dom_snapshot.go::type::DOMSnapshotStringIndex	type	ported	-	false-positive: see plans/inventory/go_false_positive_notes.md
lib/proto/dom_storage.go::struct::DOMStorageClear	struct	ported	-	false-positive: see plans/inventory/go_false_positive_notes.md
lib/proto/dom_storage.go::struct::DOMStorageDisable	struct	ported	-	false-positive: see plans/inventory/go_false_positive_notes.md
lib/proto/dom_storage.go::struct::DOMStorageDomStorageItemAdded	struct	ported	-	false-positive: see plans/inventory/go_false_positive_notes.md
lib/proto/dom_storage.go::struct::DOMStorageDomStorageItemRemoved	struct	ported	-	false-positive: see plans/inventory/go_false_positive_notes.md
lib/proto/dom_storage.go::struct::DOMStorageDomStorageItemUpdated	struct	ported	-	false-positive: see plans/inventory/go_false_positive_notes.md
lib/proto/dom_storage.go::struct::DOMStorageDomStorageItemsCleared	struct	ported	-	false-positive: see plans/inventory/go_false_positive_notes.md
lib/proto/dom_storage.go::struct::DOMStorageEnable	struct	ported	-	false-positive: see plans/inventory/go_false_positive_notes.md
lib/proto/dom_storage.go::struct::DOMStorageGetDOMStorageItems	struct	ported	-	false-positive: see plans/inventory/go_false_positive_notes.md
lib/proto/dom_storage.go::struct::DOMStorageGetDOMStorageItemsResult	struct	ported	-	false-positive: see plans/inventory/go_false_positive_notes.md
lib/proto/dom_storage.go::struct::DOMStorageRemoveDOMStorageItem	struct	ported	-	false-positive: see plans/inventory/go_false_positive_notes.md
lib/proto/dom_storage.go::struct::DOMStorageSetDOMStorageItem	struct	ported	-	false-positive: see plans/inventory/go_false_positive_notes.md
lib/proto/dom_storage.go::struct::DOMStorageStorageID	struct	ported	-	false-positive: see plans/inventory/go_false_positive_notes.md
lib/proto/dom_storage.go::type::DOMStorageItem	type	ported	-	false-positive: see plans/inventory/go_false_positive_notes.md
lib/proto/dom_storage.go::type::DOMStorageSerializedStorageKey	type	ported	-	false-positive: see plans/inventory/go_false_positive_notes.md
lib/proto/emulation.go::const::EmulationDevicePostureTypeContinuous	const	ported	-	false-positive: see plans/inventory/go_false_positive_notes.md
lib/proto/emulation.go::const::EmulationDevicePostureTypeFolded	const	ported	-	false-positive: see plans/inventory/go_false_positive_notes.md
lib/proto/emulation.go::const::EmulationDisabledImageTypeAvif	const	ported	-	false-positive: see plans/inventory/go_false_positive_notes.md
lib/proto/emulation.go::const::EmulationDisabledImageTypeWebp	const	ported	-	false-positive: see plans/inventory/go_false_positive_notes.md
lib/proto/emulation.go::const::EmulationDisplayFeatureOrientationHorizontal	const	ported	-	false-positive: see plans/inventory/go_false_positive_notes.md
lib/proto/emulation.go::const::EmulationDisplayFeatureOrientationVertical	const	ported	-	false-positive: see plans/inventory/go_false_positive_notes.md
lib/proto/emulation.go::const::EmulationScreenOrientationTypeLandscapePrimary	const	ported	-	false-positive: see plans/inventory/go_false_positive_notes.md
lib/proto/emulation.go::const::EmulationScreenOrientationTypeLandscapeSecondary	const	ported	-	false-positive: see plans/inventory/go_false_positive_notes.md
lib/proto/emulation.go::const::EmulationScreenOrientationTypePortraitPrimary	const	ported	-	false-positive: see plans/inventory/go_false_positive_notes.md
lib/proto/emulation.go::const::EmulationScreenOrientationTypePortraitSecondary	const	ported	-	false-positive: see plans/inventory/go_false_positive_notes.md
lib/proto/emulation.go::const::EmulationSensorTypeAbsoluteOrientation	const	ported	-	false-positive: see plans/inventory/go_false_positive_notes.md
lib/proto/emulation.go::const::EmulationSensorTypeAccelerometer	const	ported	-	false-positive: see plans/inventory/go_false_positive_notes.md
lib/proto/emulation.go::const::EmulationSensorTypeAmbientLight	const	ported	-	false-positive: see plans/inventory/go_false_positive_notes.md
lib/proto/emulation.go::const::EmulationSensorTypeGravity	const	ported	-	false-positive: see plans/inventory/go_false_positive_notes.md
lib/proto/emulation.go::const::EmulationSensorTypeGyroscope	const	ported	-	false-positive: see plans/inventory/go_false_positive_notes.md
lib/proto/emulation.go::const::EmulationSensorTypeLinearAcceleration	const	ported	-	false-positive: see plans/inventory/go_false_positive_notes.md
lib/proto/emulation.go::const::EmulationSensorTypeMagnetometer	const	ported	-	false-positive: see plans/inventory/go_false_positive_notes.md
lib/proto/emulation.go::const::EmulationSensorTypeProximity	const	ported	-	false-positive: see plans/inventory/go_false_positive_notes.md
lib/proto/emulation.go::const::EmulationSensorTypeRelativeOrientation	const	ported	-	false-positive: see plans/inventory/go_false_positive_notes.md
lib/proto/emulation.go::const::EmulationSetEmitTouchEventsForMouseConfigurationDesktop	const	ported	-	false-positive: see plans/inventory/go_false_positive_notes.md
lib/proto/emulation.go::const::EmulationSetEmitTouchEventsForMouseConfigurationMobile	const	ported	-	false-positive: see plans/inventory/go_false_positive_notes.md
lib/proto/emulation.go::const::EmulationSetEmulatedVisionDeficiencyTypeAchromatopsia	const	ported	-	false-positive: see plans/inventory/go_false_positive_notes.md
lib/proto/emulation.go::const::EmulationSetEmulatedVisionDeficiencyTypeBlurredVision	const	ported	-	false-positive: see plans/inventory/go_false_positive_notes.md
lib/proto/emulation.go::const::EmulationSetEmulatedVisionDeficiencyTypeDeuteranopia	const	ported	-	false-positive: see plans/inventory/go_false_positive_notes.md
lib/proto/emulation.go::const::EmulationSetEmulatedVisionDeficiencyTypeNone	const	ported	-	false-positive: see plans/inventory/go_false_positive_notes.md
lib/proto/emulation.go::const::EmulationSetEmulatedVisionDeficiencyTypeProtanopia	const	ported	-	false-positive: see plans/inventory/go_false_positive_notes.md
lib/proto/emulation.go::const::EmulationSetEmulatedVisionDeficiencyTypeReducedContrast	const	ported	-	false-positive: see plans/inventory/go_false_positive_notes.md
lib/proto/emulation.go::const::EmulationSetEmulatedVisionDeficiencyTypeTritanopia	const	ported	-	false-positive: see plans/inventory/go_false_positive_notes.md
lib/proto/emulation.go::const::EmulationVirtualTimePolicyAdvance	const	ported	-	false-positive: see plans/inventory/go_false_positive_notes.md
lib/proto/emulation.go::const::EmulationVirtualTimePolicyPause	const	ported	-	false-positive: see plans/inventory/go_false_positive_notes.md
lib/proto/emulation.go::const::EmulationVirtualTimePolicyPauseIfNetworkFetchesPending	const	ported	-	false-positive: see plans/inventory/go_false_positive_notes.md
lib/proto/emulation.go::struct::EmulationCanEmulate	struct	ported	-	false-positive: see plans/inventory/go_false_positive_notes.md
lib/proto/emulation.go::struct::EmulationCanEmulateResult	struct	ported	-	false-positive: see plans/inventory/go_false_positive_notes.md
lib/proto/emulation.go::struct::EmulationClearDeviceMetricsOverride	struct	ported	-	false-positive: see plans/inventory/go_false_positive_notes.md
lib/proto/emulation.go::struct::EmulationClearDevicePostureOverride	struct	ported	-	false-positive: see plans/inventory/go_false_positive_notes.md
lib/proto/emulation.go::struct::EmulationClearGeolocationOverride	struct	ported	-	false-positive: see plans/inventory/go_false_positive_notes.md
lib/proto/emulation.go::struct::EmulationClearIdleOverride	struct	ported	-	false-positive: see plans/inventory/go_false_positive_notes.md
lib/proto/emulation.go::struct::EmulationDevicePosture	struct	ported	-	false-positive: see plans/inventory/go_false_positive_notes.md
lib/proto/emulation.go::struct::EmulationDisplayFeature	struct	ported	-	false-positive: see plans/inventory/go_false_positive_notes.md
lib/proto/emulation.go::struct::EmulationGetOverriddenSensorInformation	struct	ported	-	false-positive: see plans/inventory/go_false_positive_notes.md
lib/proto/emulation.go::struct::EmulationGetOverriddenSensorInformationResult	struct	ported	-	false-positive: see plans/inventory/go_false_positive_notes.md
lib/proto/emulation.go::struct::EmulationMediaFeature	struct	ported	-	false-positive: see plans/inventory/go_false_positive_notes.md
lib/proto/emulation.go::struct::EmulationResetPageScaleFactor	struct	ported	-	false-positive: see plans/inventory/go_false_positive_notes.md
lib/proto/emulation.go::struct::EmulationScreenOrientation	struct	ported	-	false-positive: see plans/inventory/go_false_positive_notes.md
lib/proto/emulation.go::struct::EmulationSensorMetadata	struct	ported	-	false-positive: see plans/inventory/go_false_positive_notes.md
lib/proto/emulation.go::struct::EmulationSensorReading	struct	ported	-	false-positive: see plans/inventory/go_false_positive_notes.md
lib/proto/emulation.go::struct::EmulationSensorReadingQuaternion	struct	ported	-	false-positive: see plans/inventory/go_false_positive_notes.md
lib/proto/emulation.go::struct::EmulationSensorReadingSingle	struct	ported	-	false-positive: see plans/inventory/go_false_positive_notes.md
lib/proto/emulation.go::struct::EmulationSensorReadingXYZ	struct	ported	-	false-positive: see plans/inventory/go_false_positive_notes.md
lib/proto/emulation.go::struct::EmulationSetAutoDarkModeOverride	struct	ported	-	false-positive: see plans/inventory/go_false_positive_notes.md
lib/proto/emulation.go::struct::EmulationSetAutomationOverride	struct	ported	-	false-positive: see plans/inventory/go_false_positive_notes.md
lib/proto/emulation.go::struct::EmulationSetCPUThrottlingRate	struct	ported	-	false-positive: see plans/inventory/go_false_positive_notes.md
lib/proto/emulation.go::struct::EmulationSetDefaultBackgroundColorOverride	struct	ported	-	false-positive: see plans/inventory/go_false_positive_notes.md
lib/proto/emulation.go::struct::EmulationSetDeviceMetricsOverride	struct	ported	-	false-positive: see plans/inventory/go_false_positive_notes.md
lib/proto/emulation.go::struct::EmulationSetDevicePostureOverride	struct	ported	-	false-positive: see plans/inventory/go_false_positive_notes.md
lib/proto/emulation.go::struct::EmulationSetDisabledImageTypes	struct	ported	-	false-positive: see plans/inventory/go_false_positive_notes.md
lib/proto/emulation.go::struct::EmulationSetDocumentCookieDisabled	struct	ported	-	false-positive: see plans/inventory/go_false_positive_notes.md
lib/proto/emulation.go::struct::EmulationSetEmitTouchEventsForMouse	struct	ported	-	false-positive: see plans/inventory/go_false_positive_notes.md
lib/proto/emulation.go::struct::EmulationSetEmulatedMedia	struct	ported	-	false-positive: see plans/inventory/go_false_positive_notes.md
lib/proto/emulation.go::struct::EmulationSetEmulatedVisionDeficiency	struct	ported	-	false-positive: see plans/inventory/go_false_positive_notes.md
lib/proto/emulation.go::struct::EmulationSetFocusEmulationEnabled	struct	ported	-	false-positive: see plans/inventory/go_false_positive_notes.md
lib/proto/emulation.go::struct::EmulationSetGeolocationOverride	struct	ported	-	false-positive: see plans/inventory/go_false_positive_notes.md
lib/proto/emulation.go::struct::EmulationSetHardwareConcurrencyOverride	struct	ported	-	false-positive: see plans/inventory/go_false_positive_notes.md
lib/proto/emulation.go::struct::EmulationSetIdleOverride	struct	ported	-	false-positive: see plans/inventory/go_false_positive_notes.md
lib/proto/emulation.go::struct::EmulationSetLocaleOverride	struct	ported	-	false-positive: see plans/inventory/go_false_positive_notes.md
lib/proto/emulation.go::struct::EmulationSetNavigatorOverrides	struct	ported	-	false-positive: see plans/inventory/go_false_positive_notes.md
lib/proto/emulation.go::struct::EmulationSetPageScaleFactor	struct	ported	-	false-positive: see plans/inventory/go_false_positive_notes.md
lib/proto/emulation.go::struct::EmulationSetScriptExecutionDisabled	struct	ported	-	false-positive: see plans/inventory/go_false_positive_notes.md
lib/proto/emulation.go::struct::EmulationSetScrollbarsHidden	struct	ported	-	false-positive: see plans/inventory/go_false_positive_notes.md
lib/proto/emulation.go::struct::EmulationSetSensorOverrideEnabled	struct	ported	-	false-positive: see plans/inventory/go_false_positive_notes.md
lib/proto/emulation.go::struct::EmulationSetSensorOverrideReadings	struct	ported	-	false-positive: see plans/inventory/go_false_positive_notes.md
lib/proto/emulation.go::struct::EmulationSetTimezoneOverride	struct	ported	-	false-positive: see plans/inventory/go_false_positive_notes.md
lib/proto/emulation.go::struct::EmulationSetTouchEmulationEnabled	struct	ported	-	false-positive: see plans/inventory/go_false_positive_notes.md
lib/proto/emulation.go::struct::EmulationSetUserAgentOverride	struct	ported	-	false-positive: see plans/inventory/go_false_positive_notes.md
lib/proto/emulation.go::struct::EmulationSetVirtualTimePolicy	struct	ported	-	false-positive: see plans/inventory/go_false_positive_notes.md
lib/proto/emulation.go::struct::EmulationSetVirtualTimePolicyResult	struct	ported	-	false-positive: see plans/inventory/go_false_positive_notes.md
lib/proto/emulation.go::struct::EmulationSetVisibleSize	struct	ported	-	false-positive: see plans/inventory/go_false_positive_notes.md
lib/proto/emulation.go::struct::EmulationUserAgentBrandVersion	struct	ported	-	false-positive: see plans/inventory/go_false_positive_notes.md
lib/proto/emulation.go::struct::EmulationUserAgentMetadata	struct	ported	-	false-positive: see plans/inventory/go_false_positive_notes.md
lib/proto/emulation.go::struct::EmulationVirtualTimeBudgetExpired	struct	ported	-	false-positive: see plans/inventory/go_false_positive_notes.md
lib/proto/emulation.go::type::EmulationDevicePostureType	type	ported	-	false-positive: see plans/inventory/go_false_positive_notes.md
lib/proto/emulation.go::type::EmulationDisabledImageType	type	ported	-	false-positive: see plans/inventory/go_false_positive_notes.md
lib/proto/emulation.go::type::EmulationDisplayFeatureOrientation	type	ported	-	false-positive: see plans/inventory/go_false_positive_notes.md
lib/proto/emulation.go::type::EmulationScreenOrientationType	type	ported	-	false-positive: see plans/inventory/go_false_positive_notes.md
lib/proto/emulation.go::type::EmulationSensorType	type	ported	-	false-positive: see plans/inventory/go_false_positive_notes.md
lib/proto/emulation.go::type::EmulationSetEmitTouchEventsForMouseConfiguration	type	ported	-	false-positive: see plans/inventory/go_false_positive_notes.md
lib/proto/emulation.go::type::EmulationSetEmulatedVisionDeficiencyType	type	ported	-	false-positive: see plans/inventory/go_false_positive_notes.md
lib/proto/emulation.go::type::EmulationVirtualTimePolicy	type	ported	-	false-positive: see plans/inventory/go_false_positive_notes.md
lib/proto/event_breakpoints.go::struct::EventBreakpointsDisable	struct	ported	-	false-positive: see plans/inventory/go_false_positive_notes.md
lib/proto/event_breakpoints.go::struct::EventBreakpointsRemoveInstrumentationBreakpoint	struct	ported	-	false-positive: see plans/inventory/go_false_positive_notes.md
lib/proto/event_breakpoints.go::struct::EventBreakpointsSetInstrumentationBreakpoint	struct	ported	-	false-positive: see plans/inventory/go_false_positive_notes.md
lib/proto/extensions.go::struct::ExtensionsLoadUnpacked	struct	ported	-	false-positive: see plans/inventory/go_false_positive_notes.md
lib/proto/extensions.go::struct::ExtensionsLoadUnpackedResult	struct	ported	-	false-positive: see plans/inventory/go_false_positive_notes.md
lib/proto/fed_cm.go::const::FedCmAccountURLTypePrivacyPolicy	const	ported	-	false-positive: see plans/inventory/go_false_positive_notes.md
lib/proto/fed_cm.go::const::FedCmAccountURLTypeTermsOfService	const	ported	-	false-positive: see plans/inventory/go_false_positive_notes.md
lib/proto/fed_cm.go::const::FedCmDialogButtonConfirmIdpLoginContinue	const	ported	-	false-positive: see plans/inventory/go_false_positive_notes.md
lib/proto/fed_cm.go::const::FedCmDialogButtonErrorGotIt	const	ported	-	false-positive: see plans/inventory/go_false_positive_notes.md
lib/proto/fed_cm.go::const::FedCmDialogButtonErrorMoreDetails	const	ported	-	false-positive: see plans/inventory/go_false_positive_notes.md
lib/proto/fed_cm.go::const::FedCmDialogTypeAccountChooser	const	ported	-	false-positive: see plans/inventory/go_false_positive_notes.md
lib/proto/fed_cm.go::const::FedCmDialogTypeAutoReauthn	const	ported	-	false-positive: see plans/inventory/go_false_positive_notes.md
lib/proto/fed_cm.go::const::FedCmDialogTypeConfirmIdpLogin	const	ported	-	false-positive: see plans/inventory/go_false_positive_notes.md
lib/proto/fed_cm.go::const::FedCmDialogTypeError	const	ported	-	false-positive: see plans/inventory/go_false_positive_notes.md
lib/proto/fed_cm.go::const::FedCmLoginStateSignIn	const	ported	-	false-positive: see plans/inventory/go_false_positive_notes.md
lib/proto/fed_cm.go::const::FedCmLoginStateSignUp	const	ported	-	false-positive: see plans/inventory/go_false_positive_notes.md
lib/proto/fed_cm.go::struct::FedCmAccount	struct	ported	-	false-positive: see plans/inventory/go_false_positive_notes.md
lib/proto/fed_cm.go::struct::FedCmClickDialogButton	struct	ported	-	false-positive: see plans/inventory/go_false_positive_notes.md
lib/proto/fed_cm.go::struct::FedCmDialogClosed	struct	ported	-	false-positive: see plans/inventory/go_false_positive_notes.md
lib/proto/fed_cm.go::struct::FedCmDialogShown	struct	ported	-	false-positive: see plans/inventory/go_false_positive_notes.md
lib/proto/fed_cm.go::struct::FedCmDisable	struct	ported	-	false-positive: see plans/inventory/go_false_positive_notes.md
lib/proto/fed_cm.go::struct::FedCmDismissDialog	struct	ported	-	false-positive: see plans/inventory/go_false_positive_notes.md
lib/proto/fed_cm.go::struct::FedCmEnable	struct	ported	-	false-positive: see plans/inventory/go_false_positive_notes.md
lib/proto/fed_cm.go::struct::FedCmOpenURL	struct	ported	-	false-positive: see plans/inventory/go_false_positive_notes.md
lib/proto/fed_cm.go::struct::FedCmResetCooldown	struct	ported	-	false-positive: see plans/inventory/go_false_positive_notes.md
lib/proto/fed_cm.go::struct::FedCmSelectAccount	struct	ported	-	false-positive: see plans/inventory/go_false_positive_notes.md
lib/proto/fed_cm.go::type::FedCmAccountURLType	type	ported	-	false-positive: see plans/inventory/go_false_positive_notes.md
lib/proto/fed_cm.go::type::FedCmDialogButton	type	ported	-	false-positive: see plans/inventory/go_false_positive_notes.md
lib/proto/fed_cm.go::type::FedCmDialogType	type	ported	-	false-positive: see plans/inventory/go_false_positive_notes.md
lib/proto/fed_cm.go::type::FedCmLoginState	type	ported	-	false-positive: see plans/inventory/go_false_positive_notes.md
lib/proto/fetch.go::const::FetchAuthChallengeResponseResponseCancelAuth	const	ported	-	false-positive: see plans/inventory/go_false_positive_notes.md
lib/proto/fetch.go::const::FetchAuthChallengeResponseResponseDefault	const	ported	-	false-positive: see plans/inventory/go_false_positive_notes.md
lib/proto/fetch.go::const::FetchAuthChallengeResponseResponseProvideCredentials	const	ported	-	false-positive: see plans/inventory/go_false_positive_notes.md
lib/proto/fetch.go::const::FetchAuthChallengeSourceProxy	const	ported	-	false-positive: see plans/inventory/go_false_positive_notes.md
lib/proto/fetch.go::const::FetchAuthChallengeSourceServer	const	ported	-	false-positive: see plans/inventory/go_false_positive_notes.md
lib/proto/fetch.go::const::FetchRequestStageRequest	const	ported	-	false-positive: see plans/inventory/go_false_positive_notes.md
lib/proto/fetch.go::const::FetchRequestStageResponse	const	ported	-	false-positive: see plans/inventory/go_false_positive_notes.md
lib/proto/fetch.go::struct::FetchAuthChallenge	struct	ported	-	false-positive: see plans/inventory/go_false_positive_notes.md
lib/proto/fetch.go::struct::FetchAuthChallengeResponse	struct	ported	-	false-positive: see plans/inventory/go_false_positive_notes.md
lib/proto/fetch.go::struct::FetchAuthRequired	struct	ported	-	false-positive: see plans/inventory/go_false_positive_notes.md
lib/proto/fetch.go::struct::FetchContinueRequest	struct	ported	-	false-positive: see plans/inventory/go_false_positive_notes.md
lib/proto/fetch.go::struct::FetchContinueResponse	struct	ported	-	false-positive: see plans/inventory/go_false_positive_notes.md
lib/proto/fetch.go::struct::FetchContinueWithAuth	struct	ported	-	false-positive: see plans/inventory/go_false_positive_notes.md
lib/proto/fetch.go::struct::FetchDisable	struct	ported	-	false-positive: see plans/inventory/go_false_positive_notes.md
lib/proto/fetch.go::struct::FetchEnable	struct	ported	-	false-positive: see plans/inventory/go_false_positive_notes.md
lib/proto/fetch.go::struct::FetchFailRequest	struct	ported	-	false-positive: see plans/inventory/go_false_positive_notes.md
lib/proto/fetch.go::struct::FetchFulfillRequest	struct	ported	-	false-positive: see plans/inventory/go_false_positive_notes.md
lib/proto/fetch.go::struct::FetchGetResponseBody	struct	ported	-	false-positive: see plans/inventory/go_false_positive_notes.md
lib/proto/fetch.go::struct::FetchGetResponseBodyResult	struct	ported	-	false-positive: see plans/inventory/go_false_positive_notes.md
lib/proto/fetch.go::struct::FetchHeaderEntry	struct	ported	-	false-positive: see plans/inventory/go_false_positive_notes.md
lib/proto/fetch.go::struct::FetchRequestPattern	struct	ported	-	false-positive: see plans/inventory/go_false_positive_notes.md
lib/proto/fetch.go::struct::FetchRequestPaused	struct	ported	-	false-positive: see plans/inventory/go_false_positive_notes.md
lib/proto/fetch.go::struct::FetchTakeResponseBodyAsStream	struct	ported	-	false-positive: see plans/inventory/go_false_positive_notes.md
lib/proto/fetch.go::struct::FetchTakeResponseBodyAsStreamResult	struct	ported	-	false-positive: see plans/inventory/go_false_positive_notes.md
lib/proto/fetch.go::type::FetchAuthChallengeResponseResponse	type	ported	-	false-positive: see plans/inventory/go_false_positive_notes.md
lib/proto/fetch.go::type::FetchAuthChallengeSource	type	ported	-	false-positive: see plans/inventory/go_false_positive_notes.md
lib/proto/fetch.go::type::FetchRequestID	type	ported	-	false-positive: see plans/inventory/go_false_positive_notes.md
lib/proto/fetch.go::type::FetchRequestStage	type	ported	-	false-positive: see plans/inventory/go_false_positive_notes.md
lib/proto/headless_experimental.go::const::HeadlessExperimentalScreenshotParamsFormatJpeg	const	ported	-	false-positive: see plans/inventory/go_false_positive_notes.md
lib/proto/headless_experimental.go::const::HeadlessExperimentalScreenshotParamsFormatPng	const	ported	-	false-positive: see plans/inventory/go_false_positive_notes.md
lib/proto/headless_experimental.go::const::HeadlessExperimentalScreenshotParamsFormatWebp	const	ported	-	false-positive: see plans/inventory/go_false_positive_notes.md
lib/proto/headless_experimental.go::struct::HeadlessExperimentalBeginFrame	struct	ported	-	false-positive: see plans/inventory/go_false_positive_notes.md
lib/proto/headless_experimental.go::struct::HeadlessExperimentalBeginFrameResult	struct	ported	-	false-positive: see plans/inventory/go_false_positive_notes.md
lib/proto/headless_experimental.go::struct::HeadlessExperimentalDisable	struct	ported	-	false-positive: see plans/inventory/go_false_positive_notes.md
lib/proto/headless_experimental.go::struct::HeadlessExperimentalEnable	struct	ported	-	false-positive: see plans/inventory/go_false_positive_notes.md
lib/proto/headless_experimental.go::struct::HeadlessExperimentalScreenshotParams	struct	ported	-	false-positive: see plans/inventory/go_false_positive_notes.md
lib/proto/headless_experimental.go::type::HeadlessExperimentalScreenshotParamsFormat	type	ported	-	false-positive: see plans/inventory/go_false_positive_notes.md
lib/proto/heap_profiler.go::struct::HeapProfilerAddHeapSnapshotChunk	struct	ported	-	false-positive: see plans/inventory/go_false_positive_notes.md
lib/proto/heap_profiler.go::struct::HeapProfilerAddInspectedHeapObject	struct	ported	-	false-positive: see plans/inventory/go_false_positive_notes.md
lib/proto/heap_profiler.go::struct::HeapProfilerCollectGarbage	struct	ported	-	false-positive: see plans/inventory/go_false_positive_notes.md
lib/proto/heap_profiler.go::struct::HeapProfilerDisable	struct	ported	-	false-positive: see plans/inventory/go_false_positive_notes.md
lib/proto/heap_profiler.go::struct::HeapProfilerEnable	struct	ported	-	false-positive: see plans/inventory/go_false_positive_notes.md
lib/proto/heap_profiler.go::struct::HeapProfilerGetHeapObjectID	struct	ported	-	false-positive: see plans/inventory/go_false_positive_notes.md
lib/proto/heap_profiler.go::struct::HeapProfilerGetHeapObjectIDResult	struct	ported	-	false-positive: see plans/inventory/go_false_positive_notes.md
lib/proto/heap_profiler.go::struct::HeapProfilerGetObjectByHeapObjectID	struct	ported	-	false-positive: see plans/inventory/go_false_positive_notes.md
lib/proto/heap_profiler.go::struct::HeapProfilerGetObjectByHeapObjectIDResult	struct	ported	-	false-positive: see plans/inventory/go_false_positive_notes.md
lib/proto/heap_profiler.go::struct::HeapProfilerGetSamplingProfile	struct	ported	-	false-positive: see plans/inventory/go_false_positive_notes.md
lib/proto/heap_profiler.go::struct::HeapProfilerGetSamplingProfileResult	struct	ported	-	false-positive: see plans/inventory/go_false_positive_notes.md
lib/proto/heap_profiler.go::struct::HeapProfilerHeapStatsUpdate	struct	ported	-	false-positive: see plans/inventory/go_false_positive_notes.md
lib/proto/heap_profiler.go::struct::HeapProfilerLastSeenObjectID	struct	ported	-	false-positive: see plans/inventory/go_false_positive_notes.md
lib/proto/heap_profiler.go::struct::HeapProfilerReportHeapSnapshotProgress	struct	ported	-	false-positive: see plans/inventory/go_false_positive_notes.md
lib/proto/heap_profiler.go::struct::HeapProfilerResetProfiles	struct	ported	-	false-positive: see plans/inventory/go_false_positive_notes.md
lib/proto/heap_profiler.go::struct::HeapProfilerSamplingHeapProfile	struct	ported	-	false-positive: see plans/inventory/go_false_positive_notes.md
lib/proto/heap_profiler.go::struct::HeapProfilerSamplingHeapProfileNode	struct	ported	-	false-positive: see plans/inventory/go_false_positive_notes.md
lib/proto/heap_profiler.go::struct::HeapProfilerSamplingHeapProfileSample	struct	ported	-	false-positive: see plans/inventory/go_false_positive_notes.md
lib/proto/heap_profiler.go::struct::HeapProfilerStartSampling	struct	ported	-	false-positive: see plans/inventory/go_false_positive_notes.md
lib/proto/heap_profiler.go::struct::HeapProfilerStartTrackingHeapObjects	struct	ported	-	false-positive: see plans/inventory/go_false_positive_notes.md
lib/proto/heap_profiler.go::struct::HeapProfilerStopSampling	struct	ported	-	false-positive: see plans/inventory/go_false_positive_notes.md
lib/proto/heap_profiler.go::struct::HeapProfilerStopSamplingResult	struct	ported	-	false-positive: see plans/inventory/go_false_positive_notes.md
lib/proto/heap_profiler.go::struct::HeapProfilerStopTrackingHeapObjects	struct	ported	-	false-positive: see plans/inventory/go_false_positive_notes.md
lib/proto/heap_profiler.go::struct::HeapProfilerTakeHeapSnapshot	struct	ported	-	false-positive: see plans/inventory/go_false_positive_notes.md
lib/proto/heap_profiler.go::type::HeapProfilerHeapSnapshotObjectID	type	ported	-	false-positive: see plans/inventory/go_false_positive_notes.md
lib/proto/indexed_db.go::const::IndexedDBKeyPathTypeArray	const	ported	-	false-positive: see plans/inventory/go_false_positive_notes.md
lib/proto/indexed_db.go::const::IndexedDBKeyPathTypeNull	const	ported	-	false-positive: see plans/inventory/go_false_positive_notes.md
lib/proto/indexed_db.go::const::IndexedDBKeyPathTypeString	const	ported	-	false-positive: see plans/inventory/go_false_positive_notes.md
lib/proto/indexed_db.go::const::IndexedDBKeyTypeArray	const	ported	-	false-positive: see plans/inventory/go_false_positive_notes.md
lib/proto/indexed_db.go::const::IndexedDBKeyTypeDate	const	ported	-	false-positive: see plans/inventory/go_false_positive_notes.md
lib/proto/indexed_db.go::const::IndexedDBKeyTypeNumber	const	ported	-	false-positive: see plans/inventory/go_false_positive_notes.md
lib/proto/indexed_db.go::const::IndexedDBKeyTypeString	const	ported	-	false-positive: see plans/inventory/go_false_positive_notes.md
lib/proto/indexed_db.go::struct::IndexedDBClearObjectStore	struct	ported	-	false-positive: see plans/inventory/go_false_positive_notes.md
lib/proto/indexed_db.go::struct::IndexedDBDataEntry	struct	ported	-	false-positive: see plans/inventory/go_false_positive_notes.md
lib/proto/indexed_db.go::struct::IndexedDBDatabaseWithObjectStores	struct	ported	-	false-positive: see plans/inventory/go_false_positive_notes.md
lib/proto/indexed_db.go::struct::IndexedDBDeleteDatabase	struct	ported	-	false-positive: see plans/inventory/go_false_positive_notes.md
lib/proto/indexed_db.go::struct::IndexedDBDeleteObjectStoreEntries	struct	ported	-	false-positive: see plans/inventory/go_false_positive_notes.md
lib/proto/indexed_db.go::struct::IndexedDBDisable	struct	ported	-	false-positive: see plans/inventory/go_false_positive_notes.md
lib/proto/indexed_db.go::struct::IndexedDBEnable	struct	ported	-	false-positive: see plans/inventory/go_false_positive_notes.md
lib/proto/indexed_db.go::struct::IndexedDBGetMetadata	struct	ported	-	false-positive: see plans/inventory/go_false_positive_notes.md
lib/proto/indexed_db.go::struct::IndexedDBGetMetadataResult	struct	ported	-	false-positive: see plans/inventory/go_false_positive_notes.md
lib/proto/indexed_db.go::struct::IndexedDBKey	struct	ported	-	false-positive: see plans/inventory/go_false_positive_notes.md
lib/proto/indexed_db.go::struct::IndexedDBKeyPath	struct	ported	-	false-positive: see plans/inventory/go_false_positive_notes.md
lib/proto/indexed_db.go::struct::IndexedDBKeyRange	struct	ported	-	false-positive: see plans/inventory/go_false_positive_notes.md
lib/proto/indexed_db.go::struct::IndexedDBObjectStore	struct	ported	-	false-positive: see plans/inventory/go_false_positive_notes.md
lib/proto/indexed_db.go::struct::IndexedDBObjectStoreIndex	struct	ported	-	false-positive: see plans/inventory/go_false_positive_notes.md
lib/proto/indexed_db.go::struct::IndexedDBRequestData	struct	ported	-	false-positive: see plans/inventory/go_false_positive_notes.md
lib/proto/indexed_db.go::struct::IndexedDBRequestDataResult	struct	ported	-	false-positive: see plans/inventory/go_false_positive_notes.md
lib/proto/indexed_db.go::struct::IndexedDBRequestDatabase	struct	ported	-	false-positive: see plans/inventory/go_false_positive_notes.md
lib/proto/indexed_db.go::struct::IndexedDBRequestDatabaseNames	struct	ported	-	false-positive: see plans/inventory/go_false_positive_notes.md
lib/proto/indexed_db.go::struct::IndexedDBRequestDatabaseNamesResult	struct	ported	-	false-positive: see plans/inventory/go_false_positive_notes.md
lib/proto/indexed_db.go::struct::IndexedDBRequestDatabaseResult	struct	ported	-	false-positive: see plans/inventory/go_false_positive_notes.md
lib/proto/indexed_db.go::type::IndexedDBKeyPathType	type	ported	-	false-positive: see plans/inventory/go_false_positive_notes.md
lib/proto/indexed_db.go::type::IndexedDBKeyType	type	ported	-	false-positive: see plans/inventory/go_false_positive_notes.md
lib/proto/input.go::const::InputDispatchDragEventTypeDragCancel	const	ported	-	false-positive: see plans/inventory/go_false_positive_notes.md
lib/proto/input.go::const::InputDispatchDragEventTypeDragEnter	const	ported	-	false-positive: see plans/inventory/go_false_positive_notes.md
lib/proto/input.go::const::InputDispatchDragEventTypeDragOver	const	ported	-	false-positive: see plans/inventory/go_false_positive_notes.md
lib/proto/input.go::const::InputDispatchDragEventTypeDrop	const	ported	-	false-positive: see plans/inventory/go_false_positive_notes.md
lib/proto/input.go::const::InputDispatchKeyEventTypeChar	const	ported	-	false-positive: see plans/inventory/go_false_positive_notes.md
lib/proto/input.go::const::InputDispatchKeyEventTypeKeyDown	const	ported	-	false-positive: see plans/inventory/go_false_positive_notes.md
lib/proto/input.go::const::InputDispatchKeyEventTypeKeyUp	const	ported	-	false-positive: see plans/inventory/go_false_positive_notes.md
lib/proto/input.go::const::InputDispatchKeyEventTypeRawKeyDown	const	ported	-	false-positive: see plans/inventory/go_false_positive_notes.md
lib/proto/input.go::const::InputDispatchMouseEventPointerTypeMouse	const	ported	-	false-positive: see plans/inventory/go_false_positive_notes.md
lib/proto/input.go::const::InputDispatchMouseEventPointerTypePen	const	ported	-	false-positive: see plans/inventory/go_false_positive_notes.md
lib/proto/input.go::const::InputDispatchMouseEventTypeMouseMoved	const	ported	-	false-positive: see plans/inventory/go_false_positive_notes.md
lib/proto/input.go::const::InputDispatchMouseEventTypeMousePressed	const	ported	-	false-positive: see plans/inventory/go_false_positive_notes.md
lib/proto/input.go::const::InputDispatchMouseEventTypeMouseReleased	const	ported	-	false-positive: see plans/inventory/go_false_positive_notes.md
lib/proto/input.go::const::InputDispatchMouseEventTypeMouseWheel	const	ported	-	false-positive: see plans/inventory/go_false_positive_notes.md
lib/proto/input.go::const::InputDispatchTouchEventTypeTouchCancel	const	ported	-	false-positive: see plans/inventory/go_false_positive_notes.md
lib/proto/input.go::const::InputDispatchTouchEventTypeTouchEnd	const	ported	-	false-positive: see plans/inventory/go_false_positive_notes.md
lib/proto/input.go::const::InputDispatchTouchEventTypeTouchMove	const	ported	-	false-positive: see plans/inventory/go_false_positive_notes.md
lib/proto/input.go::const::InputDispatchTouchEventTypeTouchStart	const	ported	-	false-positive: see plans/inventory/go_false_positive_notes.md
lib/proto/input.go::const::InputEmulateTouchFromMouseEventTypeMouseMoved	const	ported	-	false-positive: see plans/inventory/go_false_positive_notes.md
lib/proto/input.go::const::InputEmulateTouchFromMouseEventTypeMousePressed	const	ported	-	false-positive: see plans/inventory/go_false_positive_notes.md
lib/proto/input.go::const::InputEmulateTouchFromMouseEventTypeMouseReleased	const	ported	-	false-positive: see plans/inventory/go_false_positive_notes.md
lib/proto/input.go::const::InputEmulateTouchFromMouseEventTypeMouseWheel	const	ported	-	false-positive: see plans/inventory/go_false_positive_notes.md
lib/proto/input.go::const::InputGestureSourceTypeDefault	const	ported	-	false-positive: see plans/inventory/go_false_positive_notes.md
lib/proto/input.go::const::InputGestureSourceTypeMouse	const	ported	-	false-positive: see plans/inventory/go_false_positive_notes.md
lib/proto/input.go::const::InputGestureSourceTypeTouch	const	ported	-	false-positive: see plans/inventory/go_false_positive_notes.md
lib/proto/input.go::const::InputMouseButtonBack	const	ported	-	false-positive: see plans/inventory/go_false_positive_notes.md
lib/proto/input.go::const::InputMouseButtonForward	const	ported	-	false-positive: see plans/inventory/go_false_positive_notes.md
lib/proto/input.go::const::InputMouseButtonLeft	const	ported	-	false-positive: see plans/inventory/go_false_positive_notes.md
lib/proto/input.go::const::InputMouseButtonMiddle	const	ported	-	false-positive: see plans/inventory/go_false_positive_notes.md
lib/proto/input.go::const::InputMouseButtonNone	const	ported	-	false-positive: see plans/inventory/go_false_positive_notes.md
lib/proto/input.go::const::InputMouseButtonRight	const	ported	-	false-positive: see plans/inventory/go_false_positive_notes.md
lib/proto/input.go::struct::InputCancelDragging	struct	ported	-	false-positive: see plans/inventory/go_false_positive_notes.md
lib/proto/input.go::struct::InputDispatchDragEvent	struct	ported	-	false-positive: see plans/inventory/go_false_positive_notes.md
lib/proto/input.go::struct::InputDispatchKeyEvent	struct	ported	-	false-positive: see plans/inventory/go_false_positive_notes.md
lib/proto/input.go::struct::InputDispatchMouseEvent	struct	ported	-	false-positive: see plans/inventory/go_false_positive_notes.md
lib/proto/input.go::struct::InputDispatchTouchEvent	struct	ported	-	false-positive: see plans/inventory/go_false_positive_notes.md
lib/proto/input.go::struct::InputDragData	struct	ported	-	false-positive: see plans/inventory/go_false_positive_notes.md
lib/proto/input.go::struct::InputDragDataItem	struct	ported	-	false-positive: see plans/inventory/go_false_positive_notes.md
lib/proto/input.go::struct::InputDragIntercepted	struct	ported	-	false-positive: see plans/inventory/go_false_positive_notes.md
lib/proto/input.go::struct::InputEmulateTouchFromMouseEvent	struct	ported	-	false-positive: see plans/inventory/go_false_positive_notes.md
lib/proto/input.go::struct::InputImeSetComposition	struct	ported	-	false-positive: see plans/inventory/go_false_positive_notes.md
lib/proto/input.go::struct::InputInsertText	struct	ported	-	false-positive: see plans/inventory/go_false_positive_notes.md
lib/proto/input.go::struct::InputSetIgnoreInputEvents	struct	ported	-	false-positive: see plans/inventory/go_false_positive_notes.md
lib/proto/input.go::struct::InputSetInterceptDrags	struct	ported	-	false-positive: see plans/inventory/go_false_positive_notes.md
lib/proto/input.go::struct::InputSynthesizePinchGesture	struct	ported	-	false-positive: see plans/inventory/go_false_positive_notes.md
lib/proto/input.go::struct::InputSynthesizeScrollGesture	struct	ported	-	false-positive: see plans/inventory/go_false_positive_notes.md
lib/proto/input.go::struct::InputSynthesizeTapGesture	struct	ported	-	false-positive: see plans/inventory/go_false_positive_notes.md
lib/proto/input.go::struct::InputTouchPoint	struct	ported	-	false-positive: see plans/inventory/go_false_positive_notes.md
lib/proto/input.go::type::InputDispatchDragEventType	type	ported	-	false-positive: see plans/inventory/go_false_positive_notes.md
lib/proto/input.go::type::InputDispatchKeyEventType	type	ported	-	false-positive: see plans/inventory/go_false_positive_notes.md
lib/proto/input.go::type::InputDispatchMouseEventPointerType	type	ported	-	false-positive: see plans/inventory/go_false_positive_notes.md
lib/proto/input.go::type::InputDispatchMouseEventType	type	ported	-	false-positive: see plans/inventory/go_false_positive_notes.md
lib/proto/input.go::type::InputDispatchTouchEventType	type	ported	-	false-positive: see plans/inventory/go_false_positive_notes.md
lib/proto/input.go::type::InputEmulateTouchFromMouseEventType	type	ported	-	false-positive: see plans/inventory/go_false_positive_notes.md
lib/proto/input.go::type::InputGestureSourceType	type	ported	-	false-positive: see plans/inventory/go_false_positive_notes.md
lib/proto/input.go::type::InputMouseButton	type	ported	-	false-positive: see plans/inventory/go_false_positive_notes.md
lib/proto/inspector.go::struct::InspectorDetached	struct	ported	-	false-positive: see plans/inventory/go_false_positive_notes.md
lib/proto/inspector.go::struct::InspectorDisable	struct	ported	-	false-positive: see plans/inventory/go_false_positive_notes.md
lib/proto/inspector.go::struct::InspectorEnable	struct	ported	-	false-positive: see plans/inventory/go_false_positive_notes.md
lib/proto/inspector.go::struct::InspectorTargetCrashed	struct	ported	-	false-positive: see plans/inventory/go_false_positive_notes.md
lib/proto/inspector.go::struct::InspectorTargetReloadedAfterCrash	struct	ported	-	false-positive: see plans/inventory/go_false_positive_notes.md
lib/proto/io.go::struct::IOClose	struct	ported	-	false-positive: see plans/inventory/go_false_positive_notes.md
lib/proto/io.go::struct::IORead	struct	ported	-	false-positive: see plans/inventory/go_false_positive_notes.md
lib/proto/io.go::struct::IOReadResult	struct	ported	-	false-positive: see plans/inventory/go_false_positive_notes.md
lib/proto/io.go::struct::IOResolveBlob	struct	ported	-	false-positive: see plans/inventory/go_false_positive_notes.md
lib/proto/io.go::struct::IOResolveBlobResult	struct	ported	-	false-positive: see plans/inventory/go_false_positive_notes.md
lib/proto/io.go::type::IOStreamHandle	type	ported	-	false-positive: see plans/inventory/go_false_positive_notes.md
lib/proto/layer_tree.go::const::LayerTreeScrollRectTypeRepaintsOnScroll	const	ported	-	false-positive: see plans/inventory/go_false_positive_notes.md
lib/proto/layer_tree.go::const::LayerTreeScrollRectTypeTouchEventHandler	const	ported	-	false-positive: see plans/inventory/go_false_positive_notes.md
lib/proto/layer_tree.go::const::LayerTreeScrollRectTypeWheelEventHandler	const	ported	-	false-positive: see plans/inventory/go_false_positive_notes.md
lib/proto/layer_tree.go::struct::LayerTreeCompositingReasons	struct	ported	-	false-positive: see plans/inventory/go_false_positive_notes.md
lib/proto/layer_tree.go::struct::LayerTreeCompositingReasonsResult	struct	ported	-	false-positive: see plans/inventory/go_false_positive_notes.md
lib/proto/layer_tree.go::struct::LayerTreeDisable	struct	ported	-	false-positive: see plans/inventory/go_false_positive_notes.md
lib/proto/layer_tree.go::struct::LayerTreeEnable	struct	ported	-	false-positive: see plans/inventory/go_false_positive_notes.md
lib/proto/layer_tree.go::struct::LayerTreeLayer	struct	ported	-	false-positive: see plans/inventory/go_false_positive_notes.md
lib/proto/layer_tree.go::struct::LayerTreeLayerPainted	struct	ported	-	false-positive: see plans/inventory/go_false_positive_notes.md
lib/proto/layer_tree.go::struct::LayerTreeLayerTreeDidChange	struct	ported	-	false-positive: see plans/inventory/go_false_positive_notes.md
lib/proto/layer_tree.go::struct::LayerTreeLoadSnapshot	struct	ported	-	false-positive: see plans/inventory/go_false_positive_notes.md
lib/proto/layer_tree.go::struct::LayerTreeLoadSnapshotResult	struct	ported	-	false-positive: see plans/inventory/go_false_positive_notes.md
lib/proto/layer_tree.go::struct::LayerTreeMakeSnapshot	struct	ported	-	false-positive: see plans/inventory/go_false_positive_notes.md
lib/proto/layer_tree.go::struct::LayerTreeMakeSnapshotResult	struct	ported	-	false-positive: see plans/inventory/go_false_positive_notes.md
lib/proto/layer_tree.go::struct::LayerTreePictureTile	struct	ported	-	false-positive: see plans/inventory/go_false_positive_notes.md
lib/proto/layer_tree.go::struct::LayerTreeProfileSnapshot	struct	ported	-	false-positive: see plans/inventory/go_false_positive_notes.md
lib/proto/layer_tree.go::struct::LayerTreeProfileSnapshotResult	struct	ported	-	false-positive: see plans/inventory/go_false_positive_notes.md
lib/proto/layer_tree.go::struct::LayerTreeReleaseSnapshot	struct	ported	-	false-positive: see plans/inventory/go_false_positive_notes.md
lib/proto/layer_tree.go::struct::LayerTreeReplaySnapshot	struct	ported	-	false-positive: see plans/inventory/go_false_positive_notes.md
lib/proto/layer_tree.go::struct::LayerTreeReplaySnapshotResult	struct	ported	-	false-positive: see plans/inventory/go_false_positive_notes.md
lib/proto/layer_tree.go::struct::LayerTreeScrollRect	struct	ported	-	false-positive: see plans/inventory/go_false_positive_notes.md
lib/proto/layer_tree.go::struct::LayerTreeSnapshotCommandLog	struct	ported	-	false-positive: see plans/inventory/go_false_positive_notes.md
lib/proto/layer_tree.go::struct::LayerTreeSnapshotCommandLogResult	struct	ported	-	false-positive: see plans/inventory/go_false_positive_notes.md
lib/proto/layer_tree.go::struct::LayerTreeStickyPositionConstraint	struct	ported	-	false-positive: see plans/inventory/go_false_positive_notes.md
lib/proto/layer_tree.go::type::LayerTreeLayerID	type	ported	-	false-positive: see plans/inventory/go_false_positive_notes.md
lib/proto/layer_tree.go::type::LayerTreePaintProfile	type	ported	-	false-positive: see plans/inventory/go_false_positive_notes.md
lib/proto/layer_tree.go::type::LayerTreeScrollRectType	type	ported	-	false-positive: see plans/inventory/go_false_positive_notes.md
lib/proto/layer_tree.go::type::LayerTreeSnapshotID	type	ported	-	false-positive: see plans/inventory/go_false_positive_notes.md
lib/proto/log.go::const::LogLogEntryCategoryCors	const	ported	-	false-positive: see plans/inventory/go_false_positive_notes.md
lib/proto/log.go::const::LogLogEntryLevelError	const	ported	-	false-positive: see plans/inventory/go_false_positive_notes.md
lib/proto/log.go::const::LogLogEntryLevelInfo	const	ported	-	false-positive: see plans/inventory/go_false_positive_notes.md
lib/proto/log.go::const::LogLogEntryLevelVerbose	const	ported	-	false-positive: see plans/inventory/go_false_positive_notes.md
lib/proto/log.go::const::LogLogEntryLevelWarning	const	ported	-	false-positive: see plans/inventory/go_false_positive_notes.md
lib/proto/log.go::const::LogLogEntrySourceAppcache	const	ported	-	false-positive: see plans/inventory/go_false_positive_notes.md
lib/proto/log.go::const::LogLogEntrySourceDeprecation	const	ported	-	false-positive: see plans/inventory/go_false_positive_notes.md
lib/proto/log.go::const::LogLogEntrySourceIntervention	const	ported	-	false-positive: see plans/inventory/go_false_positive_notes.md
lib/proto/log.go::const::LogLogEntrySourceJavascript	const	ported	-	false-positive: see plans/inventory/go_false_positive_notes.md
lib/proto/log.go::const::LogLogEntrySourceNetwork	const	ported	-	false-positive: see plans/inventory/go_false_positive_notes.md
lib/proto/log.go::const::LogLogEntrySourceOther	const	ported	-	false-positive: see plans/inventory/go_false_positive_notes.md
lib/proto/log.go::const::LogLogEntrySourceRecommendation	const	ported	-	false-positive: see plans/inventory/go_false_positive_notes.md
lib/proto/log.go::const::LogLogEntrySourceRendering	const	ported	-	false-positive: see plans/inventory/go_false_positive_notes.md
lib/proto/log.go::const::LogLogEntrySourceSecurity	const	ported	-	false-positive: see plans/inventory/go_false_positive_notes.md
lib/proto/log.go::const::LogLogEntrySourceStorage	const	ported	-	false-positive: see plans/inventory/go_false_positive_notes.md
lib/proto/log.go::const::LogLogEntrySourceViolation	const	ported	-	false-positive: see plans/inventory/go_false_positive_notes.md
lib/proto/log.go::const::LogLogEntrySourceWorker	const	ported	-	false-positive: see plans/inventory/go_false_positive_notes.md
lib/proto/log.go::const::LogLogEntrySourceXML	const	ported	-	false-positive: see plans/inventory/go_false_positive_notes.md
lib/proto/log.go::const::LogViolationSettingNameBlockedEvent	const	ported	-	false-positive: see plans/inventory/go_false_positive_notes.md
lib/proto/log.go::const::LogViolationSettingNameBlockedParser	const	ported	-	false-positive: see plans/inventory/go_false_positive_notes.md
lib/proto/log.go::const::LogViolationSettingNameDiscouragedAPIUse	const	ported	-	false-positive: see plans/inventory/go_false_positive_notes.md
lib/proto/log.go::const::LogViolationSettingNameHandler	const	ported	-	false-positive: see plans/inventory/go_false_positive_notes.md
lib/proto/log.go::const::LogViolationSettingNameLongLayout	const	ported	-	false-positive: see plans/inventory/go_false_positive_notes.md
lib/proto/log.go::const::LogViolationSettingNameLongTask	const	ported	-	false-positive: see plans/inventory/go_false_positive_notes.md
lib/proto/log.go::const::LogViolationSettingNameRecurringHandler	const	ported	-	false-positive: see plans/inventory/go_false_positive_notes.md
lib/proto/log.go::struct::LogClear	struct	ported	-	false-positive: see plans/inventory/go_false_positive_notes.md
lib/proto/log.go::struct::LogDisable	struct	ported	-	false-positive: see plans/inventory/go_false_positive_notes.md
lib/proto/log.go::struct::LogEnable	struct	ported	-	false-positive: see plans/inventory/go_false_positive_notes.md
lib/proto/log.go::struct::LogEntryAdded	struct	ported	-	false-positive: see plans/inventory/go_false_positive_notes.md
lib/proto/log.go::struct::LogLogEntry	struct	ported	-	false-positive: see plans/inventory/go_false_positive_notes.md
lib/proto/log.go::struct::LogStartViolationsReport	struct	ported	-	false-positive: see plans/inventory/go_false_positive_notes.md
lib/proto/log.go::struct::LogStopViolationsReport	struct	ported	-	false-positive: see plans/inventory/go_false_positive_notes.md
lib/proto/log.go::struct::LogViolationSetting	struct	ported	-	false-positive: see plans/inventory/go_false_positive_notes.md
lib/proto/log.go::type::LogLogEntryCategory	type	ported	-	false-positive: see plans/inventory/go_false_positive_notes.md
lib/proto/log.go::type::LogLogEntryLevel	type	ported	-	false-positive: see plans/inventory/go_false_positive_notes.md
lib/proto/log.go::type::LogLogEntrySource	type	ported	-	false-positive: see plans/inventory/go_false_positive_notes.md
lib/proto/log.go::type::LogViolationSettingName	type	ported	-	false-positive: see plans/inventory/go_false_positive_notes.md
lib/proto/media.go::const::MediaPlayerMessageLevelDebug	const	ported	-	false-positive: see plans/inventory/go_false_positive_notes.md
lib/proto/media.go::const::MediaPlayerMessageLevelError	const	ported	-	false-positive: see plans/inventory/go_false_positive_notes.md
lib/proto/media.go::const::MediaPlayerMessageLevelInfo	const	ported	-	false-positive: see plans/inventory/go_false_positive_notes.md
lib/proto/media.go::const::MediaPlayerMessageLevelWarning	const	ported	-	false-positive: see plans/inventory/go_false_positive_notes.md
lib/proto/media.go::struct::MediaDisable	struct	ported	-	false-positive: see plans/inventory/go_false_positive_notes.md
lib/proto/media.go::struct::MediaEnable	struct	ported	-	false-positive: see plans/inventory/go_false_positive_notes.md
lib/proto/media.go::struct::MediaPlayerError	struct	ported	-	false-positive: see plans/inventory/go_false_positive_notes.md
lib/proto/media.go::struct::MediaPlayerErrorSourceLocation	struct	ported	-	false-positive: see plans/inventory/go_false_positive_notes.md
lib/proto/media.go::struct::MediaPlayerErrorsRaised	struct	ported	-	false-positive: see plans/inventory/go_false_positive_notes.md
lib/proto/media.go::struct::MediaPlayerEvent	struct	ported	-	false-positive: see plans/inventory/go_false_positive_notes.md
lib/proto/media.go::struct::MediaPlayerEventsAdded	struct	ported	-	false-positive: see plans/inventory/go_false_positive_notes.md
lib/proto/media.go::struct::MediaPlayerMessage	struct	ported	-	false-positive: see plans/inventory/go_false_positive_notes.md
lib/proto/media.go::struct::MediaPlayerMessagesLogged	struct	ported	-	false-positive: see plans/inventory/go_false_positive_notes.md
lib/proto/media.go::struct::MediaPlayerPropertiesChanged	struct	ported	-	false-positive: see plans/inventory/go_false_positive_notes.md
lib/proto/media.go::struct::MediaPlayerProperty	struct	ported	-	false-positive: see plans/inventory/go_false_positive_notes.md
lib/proto/media.go::struct::MediaPlayersCreated	struct	ported	-	false-positive: see plans/inventory/go_false_positive_notes.md
lib/proto/media.go::type::MediaPlayerID	type	ported	-	false-positive: see plans/inventory/go_false_positive_notes.md
lib/proto/media.go::type::MediaPlayerMessageLevel	type	ported	-	false-positive: see plans/inventory/go_false_positive_notes.md
lib/proto/media.go::type::MediaTimestamp	type	ported	-	false-positive: see plans/inventory/go_false_positive_notes.md
lib/proto/memory.go::const::MemoryPressureLevelCritical	const	ported	-	false-positive: see plans/inventory/go_false_positive_notes.md
lib/proto/memory.go::const::MemoryPressureLevelModerate	const	ported	-	false-positive: see plans/inventory/go_false_positive_notes.md
lib/proto/memory.go::struct::MemoryForciblyPurgeJavaScriptMemory	struct	ported	-	false-positive: see plans/inventory/go_false_positive_notes.md
lib/proto/memory.go::struct::MemoryGetAllTimeSamplingProfile	struct	ported	-	false-positive: see plans/inventory/go_false_positive_notes.md
lib/proto/memory.go::struct::MemoryGetAllTimeSamplingProfileResult	struct	ported	-	false-positive: see plans/inventory/go_false_positive_notes.md
lib/proto/memory.go::struct::MemoryGetBrowserSamplingProfile	struct	ported	-	false-positive: see plans/inventory/go_false_positive_notes.md
lib/proto/memory.go::struct::MemoryGetBrowserSamplingProfileResult	struct	ported	-	false-positive: see plans/inventory/go_false_positive_notes.md
lib/proto/memory.go::struct::MemoryGetDOMCounters	struct	ported	-	false-positive: see plans/inventory/go_false_positive_notes.md
lib/proto/memory.go::struct::MemoryGetDOMCountersResult	struct	ported	-	false-positive: see plans/inventory/go_false_positive_notes.md
lib/proto/memory.go::struct::MemoryGetSamplingProfile	struct	ported	-	false-positive: see plans/inventory/go_false_positive_notes.md
lib/proto/memory.go::struct::MemoryGetSamplingProfileResult	struct	ported	-	false-positive: see plans/inventory/go_false_positive_notes.md
lib/proto/memory.go::struct::MemoryModule	struct	ported	-	false-positive: see plans/inventory/go_false_positive_notes.md
lib/proto/memory.go::struct::MemoryPrepareForLeakDetection	struct	ported	-	false-positive: see plans/inventory/go_false_positive_notes.md
lib/proto/memory.go::struct::MemorySamplingProfile	struct	ported	-	false-positive: see plans/inventory/go_false_positive_notes.md
lib/proto/memory.go::struct::MemorySamplingProfileNode	struct	ported	-	false-positive: see plans/inventory/go_false_positive_notes.md
lib/proto/memory.go::struct::MemorySetPressureNotificationsSuppressed	struct	ported	-	false-positive: see plans/inventory/go_false_positive_notes.md
lib/proto/memory.go::struct::MemorySimulatePressureNotification	struct	ported	-	false-positive: see plans/inventory/go_false_positive_notes.md
lib/proto/memory.go::struct::MemoryStartSampling	struct	ported	-	false-positive: see plans/inventory/go_false_positive_notes.md
lib/proto/memory.go::struct::MemoryStopSampling	struct	ported	-	false-positive: see plans/inventory/go_false_positive_notes.md
lib/proto/memory.go::type::MemoryPressureLevel	type	ported	-	false-positive: see plans/inventory/go_false_positive_notes.md
lib/proto/network.go::const::NetworkAlternateProtocolUsageAlternativeJobWonRace	const	ported	-	false-positive: see plans/inventory/go_false_positive_notes.md
lib/proto/network.go::const::NetworkAlternateProtocolUsageAlternativeJobWonWithoutRace	const	ported	-	false-positive: see plans/inventory/go_false_positive_notes.md
lib/proto/network.go::const::NetworkAlternateProtocolUsageBroken	const	ported	-	false-positive: see plans/inventory/go_false_positive_notes.md
lib/proto/network.go::const::NetworkAlternateProtocolUsageDNSAlpnH3JobWonRace	const	ported	-	false-positive: see plans/inventory/go_false_positive_notes.md
lib/proto/network.go::const::NetworkAlternateProtocolUsageDNSAlpnH3JobWonWithoutRace	const	ported	-	false-positive: see plans/inventory/go_false_positive_notes.md
lib/proto/network.go::const::NetworkAlternateProtocolUsageMainJobWonRace	const	ported	-	false-positive: see plans/inventory/go_false_positive_notes.md
lib/proto/network.go::const::NetworkAlternateProtocolUsageMappingMissing	const	ported	-	false-positive: see plans/inventory/go_false_positive_notes.md
lib/proto/network.go::const::NetworkAlternateProtocolUsageUnspecifiedReason	const	ported	-	false-positive: see plans/inventory/go_false_positive_notes.md
lib/proto/network.go::const::NetworkAuthChallengeResponseResponseCancelAuth	const	ported	-	false-positive: see plans/inventory/go_false_positive_notes.md
lib/proto/network.go::const::NetworkAuthChallengeResponseResponseDefault	const	ported	-	false-positive: see plans/inventory/go_false_positive_notes.md
lib/proto/network.go::const::NetworkAuthChallengeResponseResponseProvideCredentials	const	ported	-	false-positive: see plans/inventory/go_false_positive_notes.md
lib/proto/network.go::const::NetworkAuthChallengeSourceProxy	const	ported	-	false-positive: see plans/inventory/go_false_positive_notes.md
lib/proto/network.go::const::NetworkAuthChallengeSourceServer	const	ported	-	false-positive: see plans/inventory/go_false_positive_notes.md
lib/proto/network.go::const::NetworkBlockedReasonCoepFrameResourceNeedsCoepHeader	const	ported	-	false-positive: see plans/inventory/go_false_positive_notes.md
lib/proto/network.go::const::NetworkBlockedReasonContentType	const	ported	-	false-positive: see plans/inventory/go_false_positive_notes.md
lib/proto/network.go::const::NetworkBlockedReasonCoopSandboxedIframeCannotNavigateToCoopPage	const	ported	-	false-positive: see plans/inventory/go_false_positive_notes.md
lib/proto/network.go::const::NetworkBlockedReasonCorpNotSameOrigin	const	ported	-	false-positive: see plans/inventory/go_false_positive_notes.md
lib/proto/network.go::const::NetworkBlockedReasonCorpNotSameOriginAfterDefaultedToSameOriginByCoep	const	ported	-	false-positive: see plans/inventory/go_false_positive_notes.md
lib/proto/network.go::const::NetworkBlockedReasonCorpNotSameOriginAfterDefaultedToSameOriginByCoepAndDip	const	ported	-	false-positive: see plans/inventory/go_false_positive_notes.md
lib/proto/network.go::const::NetworkBlockedReasonCorpNotSameOriginAfterDefaultedToSameOriginByDip	const	ported	-	false-positive: see plans/inventory/go_false_positive_notes.md
lib/proto/network.go::const::NetworkBlockedReasonCorpNotSameSite	const	ported	-	false-positive: see plans/inventory/go_false_positive_notes.md
lib/proto/network.go::const::NetworkBlockedReasonCsp	const	ported	-	false-positive: see plans/inventory/go_false_positive_notes.md
lib/proto/network.go::const::NetworkBlockedReasonInspector	const	ported	-	false-positive: see plans/inventory/go_false_positive_notes.md
lib/proto/network.go::const::NetworkBlockedReasonMixedContent	const	ported	-	false-positive: see plans/inventory/go_false_positive_notes.md
lib/proto/network.go::const::NetworkBlockedReasonOrigin	const	ported	-	false-positive: see plans/inventory/go_false_positive_notes.md
lib/proto/network.go::const::NetworkBlockedReasonOther	const	ported	-	false-positive: see plans/inventory/go_false_positive_notes.md
lib/proto/network.go::const::NetworkBlockedReasonSubresourceFilter	const	ported	-	false-positive: see plans/inventory/go_false_positive_notes.md
lib/proto/network.go::const::NetworkCertificateTransparencyComplianceCompliant	const	ported	-	false-positive: see plans/inventory/go_false_positive_notes.md
lib/proto/network.go::const::NetworkCertificateTransparencyComplianceNotCompliant	const	ported	-	false-positive: see plans/inventory/go_false_positive_notes.md
lib/proto/network.go::const::NetworkCertificateTransparencyComplianceUnknown	const	ported	-	false-positive: see plans/inventory/go_false_positive_notes.md
lib/proto/network.go::const::NetworkConnectionTypeBluetooth	const	ported	-	false-positive: see plans/inventory/go_false_positive_notes.md
lib/proto/network.go::const::NetworkConnectionTypeCellular2g	const	ported	-	false-positive: see plans/inventory/go_false_positive_notes.md
lib/proto/network.go::const::NetworkConnectionTypeCellular3g	const	ported	-	false-positive: see plans/inventory/go_false_positive_notes.md
lib/proto/network.go::const::NetworkConnectionTypeCellular4g	const	ported	-	false-positive: see plans/inventory/go_false_positive_notes.md
lib/proto/network.go::const::NetworkConnectionTypeEthernet	const	ported	-	false-positive: see plans/inventory/go_false_positive_notes.md
lib/proto/network.go::const::NetworkConnectionTypeNone	const	ported	-	false-positive: see plans/inventory/go_false_positive_notes.md
lib/proto/network.go::const::NetworkConnectionTypeOther	const	ported	-	false-positive: see plans/inventory/go_false_positive_notes.md
lib/proto/network.go::const::NetworkConnectionTypeWifi	const	ported	-	false-positive: see plans/inventory/go_false_positive_notes.md
lib/proto/network.go::const::NetworkConnectionTypeWimax	const	ported	-	false-positive: see plans/inventory/go_false_positive_notes.md
lib/proto/network.go::const::NetworkContentEncodingBr	const	ported	-	false-positive: see plans/inventory/go_false_positive_notes.md
lib/proto/network.go::const::NetworkContentEncodingDeflate	const	ported	-	false-positive: see plans/inventory/go_false_positive_notes.md
lib/proto/network.go::const::NetworkContentEncodingGzip	const	ported	-	false-positive: see plans/inventory/go_false_positive_notes.md
lib/proto/network.go::const::NetworkContentEncodingZstd	const	ported	-	false-positive: see plans/inventory/go_false_positive_notes.md
lib/proto/network.go::const::NetworkContentSecurityPolicySourceHTTP	const	ported	-	false-positive: see plans/inventory/go_false_positive_notes.md
lib/proto/network.go::const::NetworkContentSecurityPolicySourceMeta	const	ported	-	false-positive: see plans/inventory/go_false_positive_notes.md
lib/proto/network.go::const::NetworkCookieBlockedReasonDomainMismatch	const	ported	-	false-positive: see plans/inventory/go_false_positive_notes.md
lib/proto/network.go::const::NetworkCookieBlockedReasonNameValuePairExceedsMaxSize	const	ported	-	false-positive: see plans/inventory/go_false_positive_notes.md
lib/proto/network.go::const::NetworkCookieBlockedReasonNotOnPath	const	ported	-	false-positive: see plans/inventory/go_false_positive_notes.md
lib/proto/network.go::const::NetworkCookieBlockedReasonSamePartyFromCrossPartyContext	const	ported	-	false-positive: see plans/inventory/go_false_positive_notes.md
lib/proto/network.go::const::NetworkCookieBlockedReasonSameSiteLax	const	ported	-	false-positive: see plans/inventory/go_false_positive_notes.md
lib/proto/network.go::const::NetworkCookieBlockedReasonSameSiteNoneInsecure	const	ported	-	false-positive: see plans/inventory/go_false_positive_notes.md
lib/proto/network.go::const::NetworkCookieBlockedReasonSameSiteStrict	const	ported	-	false-positive: see plans/inventory/go_false_positive_notes.md
lib/proto/network.go::const::NetworkCookieBlockedReasonSameSiteUnspecifiedTreatedAsLax	const	ported	-	false-positive: see plans/inventory/go_false_positive_notes.md
lib/proto/network.go::const::NetworkCookieBlockedReasonSchemefulSameSiteLax	const	ported	-	false-positive: see plans/inventory/go_false_positive_notes.md
lib/proto/network.go::const::NetworkCookieBlockedReasonSchemefulSameSiteStrict	const	ported	-	false-positive: see plans/inventory/go_false_positive_notes.md
lib/proto/network.go::const::NetworkCookieBlockedReasonSchemefulSameSiteUnspecifiedTreatedAsLax	const	ported	-	false-positive: see plans/inventory/go_false_positive_notes.md
lib/proto/network.go::const::NetworkCookieBlockedReasonSecureOnly	const	ported	-	false-positive: see plans/inventory/go_false_positive_notes.md
lib/proto/network.go::const::NetworkCookieBlockedReasonThirdPartyBlockedInFirstPartySet	const	ported	-	false-positive: see plans/inventory/go_false_positive_notes.md
lib/proto/network.go::const::NetworkCookieBlockedReasonThirdPartyPhaseout	const	ported	-	false-positive: see plans/inventory/go_false_positive_notes.md
lib/proto/network.go::const::NetworkCookieBlockedReasonUnknownError	const	ported	-	false-positive: see plans/inventory/go_false_positive_notes.md
lib/proto/network.go::const::NetworkCookieBlockedReasonUserPreferences	const	ported	-	false-positive: see plans/inventory/go_false_positive_notes.md
lib/proto/network.go::const::NetworkCookieExemptionReasonCorsOptIn	const	ported	-	false-positive: see plans/inventory/go_false_positive_notes.md
lib/proto/network.go::const::NetworkCookieExemptionReasonEnterprisePolicy	const	ported	-	false-positive: see plans/inventory/go_false_positive_notes.md
lib/proto/network.go::const::NetworkCookieExemptionReasonNone	const	ported	-	false-positive: see plans/inventory/go_false_positive_notes.md
lib/proto/network.go::const::NetworkCookieExemptionReasonScheme	const	ported	-	false-positive: see plans/inventory/go_false_positive_notes.md
lib/proto/network.go::const::NetworkCookieExemptionReasonStorageAccess	const	ported	-	false-positive: see plans/inventory/go_false_positive_notes.md
lib/proto/network.go::const::NetworkCookieExemptionReasonTPCDDeprecationTrial	const	ported	-	false-positive: see plans/inventory/go_false_positive_notes.md
lib/proto/network.go::const::NetworkCookieExemptionReasonTPCDHeuristics	const	ported	-	false-positive: see plans/inventory/go_false_positive_notes.md
lib/proto/network.go::const::NetworkCookieExemptionReasonTPCDMetadata	const	ported	-	false-positive: see plans/inventory/go_false_positive_notes.md
lib/proto/network.go::const::NetworkCookieExemptionReasonTopLevelStorageAccess	const	ported	-	false-positive: see plans/inventory/go_false_positive_notes.md
lib/proto/network.go::const::NetworkCookieExemptionReasonUserSetting	const	ported	-	false-positive: see plans/inventory/go_false_positive_notes.md
lib/proto/network.go::const::NetworkCookiePriorityHigh	const	ported	-	false-positive: see plans/inventory/go_false_positive_notes.md
lib/proto/network.go::const::NetworkCookiePriorityLow	const	ported	-	false-positive: see plans/inventory/go_false_positive_notes.md
lib/proto/network.go::const::NetworkCookiePriorityMedium	const	ported	-	false-positive: see plans/inventory/go_false_positive_notes.md
lib/proto/network.go::const::NetworkCookieSameSiteLax	const	ported	-	false-positive: see plans/inventory/go_false_positive_notes.md
lib/proto/network.go::const::NetworkCookieSameSiteNone	const	ported	-	false-positive: see plans/inventory/go_false_positive_notes.md
lib/proto/network.go::const::NetworkCookieSameSiteStrict	const	ported	-	false-positive: see plans/inventory/go_false_positive_notes.md
lib/proto/network.go::const::NetworkCookieSourceSchemeNonSecure	const	ported	-	false-positive: see plans/inventory/go_false_positive_notes.md
lib/proto/network.go::const::NetworkCookieSourceSchemeSecure	const	ported	-	false-positive: see plans/inventory/go_false_positive_notes.md
lib/proto/network.go::const::NetworkCookieSourceSchemeUnset	const	ported	-	false-positive: see plans/inventory/go_false_positive_notes.md
lib/proto/network.go::const::NetworkCorsErrorAllowOriginMismatch	const	ported	-	false-positive: see plans/inventory/go_false_positive_notes.md
lib/proto/network.go::const::NetworkCorsErrorCorsDisabledScheme	const	ported	-	false-positive: see plans/inventory/go_false_positive_notes.md
lib/proto/network.go::const::NetworkCorsErrorDisallowedByMode	const	ported	-	false-positive: see plans/inventory/go_false_positive_notes.md
lib/proto/network.go::const::NetworkCorsErrorHeaderDisallowedByPreflightResponse	const	ported	-	false-positive: see plans/inventory/go_false_positive_notes.md
lib/proto/network.go::const::NetworkCorsErrorInsecurePrivateNetwork	const	ported	-	false-positive: see plans/inventory/go_false_positive_notes.md
lib/proto/network.go::const::NetworkCorsErrorInvalidAllowCredentials	const	ported	-	false-positive: see plans/inventory/go_false_positive_notes.md
lib/proto/network.go::const::NetworkCorsErrorInvalidAllowHeadersPreflightResponse	const	ported	-	false-positive: see plans/inventory/go_false_positive_notes.md
lib/proto/network.go::const::NetworkCorsErrorInvalidAllowMethodsPreflightResponse	const	ported	-	false-positive: see plans/inventory/go_false_positive_notes.md
lib/proto/network.go::const::NetworkCorsErrorInvalidAllowOriginValue	const	ported	-	false-positive: see plans/inventory/go_false_positive_notes.md
lib/proto/network.go::const::NetworkCorsErrorInvalidPrivateNetworkAccess	const	ported	-	false-positive: see plans/inventory/go_false_positive_notes.md
lib/proto/network.go::const::NetworkCorsErrorInvalidResponse	const	ported	-	false-positive: see plans/inventory/go_false_positive_notes.md
lib/proto/network.go::const::NetworkCorsErrorMethodDisallowedByPreflightResponse	const	ported	-	false-positive: see plans/inventory/go_false_positive_notes.md
lib/proto/network.go::const::NetworkCorsErrorMissingAllowOriginHeader	const	ported	-	false-positive: see plans/inventory/go_false_positive_notes.md
lib/proto/network.go::const::NetworkCorsErrorMultipleAllowOriginValues	const	ported	-	false-positive: see plans/inventory/go_false_positive_notes.md
lib/proto/network.go::const::NetworkCorsErrorNoCorsRedirectModeNotFollow	const	ported	-	false-positive: see plans/inventory/go_false_positive_notes.md
lib/proto/network.go::const::NetworkCorsErrorPreflightAllowOriginMismatch	const	ported	-	false-positive: see plans/inventory/go_false_positive_notes.md
lib/proto/network.go::const::NetworkCorsErrorPreflightDisallowedRedirect	const	ported	-	false-positive: see plans/inventory/go_false_positive_notes.md
lib/proto/network.go::const::NetworkCorsErrorPreflightInvalidAllowCredentials	const	ported	-	false-positive: see plans/inventory/go_false_positive_notes.md
lib/proto/network.go::const::NetworkCorsErrorPreflightInvalidAllowExternal	const	ported	-	false-positive: see plans/inventory/go_false_positive_notes.md
lib/proto/network.go::const::NetworkCorsErrorPreflightInvalidAllowOriginValue	const	ported	-	false-positive: see plans/inventory/go_false_positive_notes.md
lib/proto/network.go::const::NetworkCorsErrorPreflightInvalidAllowPrivateNetwork	const	ported	-	false-positive: see plans/inventory/go_false_positive_notes.md
lib/proto/network.go::const::NetworkCorsErrorPreflightInvalidStatus	const	ported	-	false-positive: see plans/inventory/go_false_positive_notes.md
lib/proto/network.go::const::NetworkCorsErrorPreflightMissingAllowExternal	const	ported	-	false-positive: see plans/inventory/go_false_positive_notes.md
lib/proto/network.go::const::NetworkCorsErrorPreflightMissingAllowOriginHeader	const	ported	-	false-positive: see plans/inventory/go_false_positive_notes.md
lib/proto/network.go::const::NetworkCorsErrorPreflightMissingAllowPrivateNetwork	const	ported	-	false-positive: see plans/inventory/go_false_positive_notes.md
lib/proto/network.go::const::NetworkCorsErrorPreflightMissingPrivateNetworkAccessID	const	ported	-	false-positive: see plans/inventory/go_false_positive_notes.md
lib/proto/network.go::const::NetworkCorsErrorPreflightMissingPrivateNetworkAccessName	const	ported	-	false-positive: see plans/inventory/go_false_positive_notes.md
lib/proto/network.go::const::NetworkCorsErrorPreflightMultipleAllowOriginValues	const	ported	-	false-positive: see plans/inventory/go_false_positive_notes.md
lib/proto/network.go::const::NetworkCorsErrorPreflightWildcardOriginNotAllowed	const	ported	-	false-positive: see plans/inventory/go_false_positive_notes.md
lib/proto/network.go::const::NetworkCorsErrorPrivateNetworkAccessPermissionDenied	const	ported	-	false-positive: see plans/inventory/go_false_positive_notes.md
lib/proto/network.go::const::NetworkCorsErrorPrivateNetworkAccessPermissionUnavailable	const	ported	-	false-positive: see plans/inventory/go_false_positive_notes.md
lib/proto/network.go::const::NetworkCorsErrorRedirectContainsCredentials	const	ported	-	false-positive: see plans/inventory/go_false_positive_notes.md
lib/proto/network.go::const::NetworkCorsErrorUnexpectedPrivateNetworkAccess	const	ported	-	false-positive: see plans/inventory/go_false_positive_notes.md
lib/proto/network.go::const::NetworkCorsErrorWildcardOriginNotAllowed	const	ported	-	false-positive: see plans/inventory/go_false_positive_notes.md
lib/proto/network.go::const::NetworkCrossOriginEmbedderPolicyValueCredentialless	const	ported	-	false-positive: see plans/inventory/go_false_positive_notes.md
lib/proto/network.go::const::NetworkCrossOriginEmbedderPolicyValueNone	const	ported	-	false-positive: see plans/inventory/go_false_positive_notes.md
lib/proto/network.go::const::NetworkCrossOriginEmbedderPolicyValueRequireCorp	const	ported	-	false-positive: see plans/inventory/go_false_positive_notes.md
lib/proto/network.go::const::NetworkCrossOriginOpenerPolicyValueRestrictProperties	const	ported	-	false-positive: see plans/inventory/go_false_positive_notes.md
lib/proto/network.go::const::NetworkCrossOriginOpenerPolicyValueRestrictPropertiesPlusCoep	const	ported	-	false-positive: see plans/inventory/go_false_positive_notes.md
lib/proto/network.go::const::NetworkCrossOriginOpenerPolicyValueSameOrigin	const	ported	-	false-positive: see plans/inventory/go_false_positive_notes.md
lib/proto/network.go::const::NetworkCrossOriginOpenerPolicyValueSameOriginAllowPopups	const	ported	-	false-positive: see plans/inventory/go_false_positive_notes.md
lib/proto/network.go::const::NetworkCrossOriginOpenerPolicyValueSameOriginPlusCoep	const	ported	-	false-positive: see plans/inventory/go_false_positive_notes.md
lib/proto/network.go::const::NetworkCrossOriginOpenerPolicyValueUnsafeNone	const	ported	-	false-positive: see plans/inventory/go_false_positive_notes.md
lib/proto/network.go::const::NetworkErrorReasonAborted	const	ported	-	false-positive: see plans/inventory/go_false_positive_notes.md
lib/proto/network.go::const::NetworkErrorReasonAccessDenied	const	ported	-	false-positive: see plans/inventory/go_false_positive_notes.md
lib/proto/network.go::const::NetworkErrorReasonAddressUnreachable	const	ported	-	false-positive: see plans/inventory/go_false_positive_notes.md
lib/proto/network.go::const::NetworkErrorReasonBlockedByClient	const	ported	-	false-positive: see plans/inventory/go_false_positive_notes.md
lib/proto/network.go::const::NetworkErrorReasonBlockedByResponse	const	ported	-	false-positive: see plans/inventory/go_false_positive_notes.md
lib/proto/network.go::const::NetworkErrorReasonConnectionAborted	const	ported	-	false-positive: see plans/inventory/go_false_positive_notes.md
lib/proto/network.go::const::NetworkErrorReasonConnectionClosed	const	ported	-	false-positive: see plans/inventory/go_false_positive_notes.md
lib/proto/network.go::const::NetworkErrorReasonConnectionFailed	const	ported	-	false-positive: see plans/inventory/go_false_positive_notes.md
lib/proto/network.go::const::NetworkErrorReasonConnectionRefused	const	ported	-	false-positive: see plans/inventory/go_false_positive_notes.md
lib/proto/network.go::const::NetworkErrorReasonConnectionReset	const	ported	-	false-positive: see plans/inventory/go_false_positive_notes.md
lib/proto/network.go::const::NetworkErrorReasonFailed	const	ported	-	false-positive: see plans/inventory/go_false_positive_notes.md
lib/proto/network.go::const::NetworkErrorReasonInternetDisconnected	const	ported	-	false-positive: see plans/inventory/go_false_positive_notes.md
lib/proto/network.go::const::NetworkErrorReasonNameNotResolved	const	ported	-	false-positive: see plans/inventory/go_false_positive_notes.md
lib/proto/network.go::const::NetworkErrorReasonTimedOut	const	ported	-	false-positive: see plans/inventory/go_false_positive_notes.md
lib/proto/network.go::const::NetworkIPAddressSpaceLocal	const	ported	-	false-positive: see plans/inventory/go_false_positive_notes.md
lib/proto/network.go::const::NetworkIPAddressSpacePrivate	const	ported	-	false-positive: see plans/inventory/go_false_positive_notes.md
lib/proto/network.go::const::NetworkIPAddressSpacePublic	const	ported	-	false-positive: see plans/inventory/go_false_positive_notes.md
lib/proto/network.go::const::NetworkIPAddressSpaceUnknown	const	ported	-	false-positive: see plans/inventory/go_false_positive_notes.md
lib/proto/network.go::const::NetworkInitiatorTypeOther	const	ported	-	false-positive: see plans/inventory/go_false_positive_notes.md
lib/proto/network.go::const::NetworkInitiatorTypeParser	const	ported	-	false-positive: see plans/inventory/go_false_positive_notes.md
lib/proto/network.go::const::NetworkInitiatorTypePreflight	const	ported	-	false-positive: see plans/inventory/go_false_positive_notes.md
lib/proto/network.go::const::NetworkInitiatorTypePreload	const	ported	-	false-positive: see plans/inventory/go_false_positive_notes.md
lib/proto/network.go::const::NetworkInitiatorTypeScript	const	ported	-	false-positive: see plans/inventory/go_false_positive_notes.md
lib/proto/network.go::const::NetworkInitiatorTypeSignedExchange	const	ported	-	false-positive: see plans/inventory/go_false_positive_notes.md
lib/proto/network.go::const::NetworkInterceptionStageHeadersReceived	const	ported	-	false-positive: see plans/inventory/go_false_positive_notes.md
lib/proto/network.go::const::NetworkInterceptionStageRequest	const	ported	-	false-positive: see plans/inventory/go_false_positive_notes.md
lib/proto/network.go::const::NetworkPrivateNetworkRequestPolicyAllow	const	ported	-	false-positive: see plans/inventory/go_false_positive_notes.md
lib/proto/network.go::const::NetworkPrivateNetworkRequestPolicyBlockFromInsecureToMorePrivate	const	ported	-	false-positive: see plans/inventory/go_false_positive_notes.md
lib/proto/network.go::const::NetworkPrivateNetworkRequestPolicyPreflightBlock	const	ported	-	false-positive: see plans/inventory/go_false_positive_notes.md
lib/proto/network.go::const::NetworkPrivateNetworkRequestPolicyPreflightWarn	const	ported	-	false-positive: see plans/inventory/go_false_positive_notes.md
lib/proto/network.go::const::NetworkPrivateNetworkRequestPolicyWarnFromInsecureToMorePrivate	const	ported	-	false-positive: see plans/inventory/go_false_positive_notes.md
lib/proto/network.go::const::NetworkReportStatusMarkedForRemoval	const	ported	-	false-positive: see plans/inventory/go_false_positive_notes.md
lib/proto/network.go::const::NetworkReportStatusPending	const	ported	-	false-positive: see plans/inventory/go_false_positive_notes.md
lib/proto/network.go::const::NetworkReportStatusQueued	const	ported	-	false-positive: see plans/inventory/go_false_positive_notes.md
lib/proto/network.go::const::NetworkReportStatusSuccess	const	ported	-	false-positive: see plans/inventory/go_false_positive_notes.md
lib/proto/network.go::const::NetworkRequestReferrerPolicyNoReferrer	const	ported	-	false-positive: see plans/inventory/go_false_positive_notes.md
lib/proto/network.go::const::NetworkRequestReferrerPolicyNoReferrerWhenDowngrade	const	ported	-	false-positive: see plans/inventory/go_false_positive_notes.md
lib/proto/network.go::const::NetworkRequestReferrerPolicyOrigin	const	ported	-	false-positive: see plans/inventory/go_false_positive_notes.md
lib/proto/network.go::const::NetworkRequestReferrerPolicyOriginWhenCrossOrigin	const	ported	-	false-positive: see plans/inventory/go_false_positive_notes.md
lib/proto/network.go::const::NetworkRequestReferrerPolicySameOrigin	const	ported	-	false-positive: see plans/inventory/go_false_positive_notes.md
lib/proto/network.go::const::NetworkRequestReferrerPolicyStrictOrigin	const	ported	-	false-positive: see plans/inventory/go_false_positive_notes.md
lib/proto/network.go::const::NetworkRequestReferrerPolicyStrictOriginWhenCrossOrigin	const	ported	-	false-positive: see plans/inventory/go_false_positive_notes.md
lib/proto/network.go::const::NetworkRequestReferrerPolicyUnsafeURL	const	ported	-	false-positive: see plans/inventory/go_false_positive_notes.md
lib/proto/network.go::const::NetworkResourcePriorityHigh	const	ported	-	false-positive: see plans/inventory/go_false_positive_notes.md
lib/proto/network.go::const::NetworkResourcePriorityLow	const	ported	-	false-positive: see plans/inventory/go_false_positive_notes.md
lib/proto/network.go::const::NetworkResourcePriorityMedium	const	ported	-	false-positive: see plans/inventory/go_false_positive_notes.md
lib/proto/network.go::const::NetworkResourcePriorityVeryHigh	const	ported	-	false-positive: see plans/inventory/go_false_positive_notes.md
lib/proto/network.go::const::NetworkResourcePriorityVeryLow	const	ported	-	false-positive: see plans/inventory/go_false_positive_notes.md
lib/proto/network.go::const::NetworkResourceTypeCSPViolationReport	const	ported	-	false-positive: see plans/inventory/go_false_positive_notes.md
lib/proto/network.go::const::NetworkResourceTypeDocument	const	ported	-	false-positive: see plans/inventory/go_false_positive_notes.md
lib/proto/network.go::const::NetworkResourceTypeEventSource	const	ported	-	false-positive: see plans/inventory/go_false_positive_notes.md
lib/proto/network.go::const::NetworkResourceTypeFetch	const	ported	-	false-positive: see plans/inventory/go_false_positive_notes.md
lib/proto/network.go::const::NetworkResourceTypeFont	const	ported	-	false-positive: see plans/inventory/go_false_positive_notes.md
lib/proto/network.go::const::NetworkResourceTypeImage	const	ported	-	false-positive: see plans/inventory/go_false_positive_notes.md
lib/proto/network.go::const::NetworkResourceTypeManifest	const	ported	-	false-positive: see plans/inventory/go_false_positive_notes.md
lib/proto/network.go::const::NetworkResourceTypeMedia	const	ported	-	false-positive: see plans/inventory/go_false_positive_notes.md
lib/proto/network.go::const::NetworkResourceTypeOther	const	ported	-	false-positive: see plans/inventory/go_false_positive_notes.md
lib/proto/network.go::const::NetworkResourceTypePing	const	ported	-	false-positive: see plans/inventory/go_false_positive_notes.md
lib/proto/network.go::const::NetworkResourceTypePrefetch	const	ported	-	false-positive: see plans/inventory/go_false_positive_notes.md
lib/proto/network.go::const::NetworkResourceTypePreflight	const	ported	-	false-positive: see plans/inventory/go_false_positive_notes.md
lib/proto/network.go::const::NetworkResourceTypeScript	const	ported	-	false-positive: see plans/inventory/go_false_positive_notes.md
lib/proto/network.go::const::NetworkResourceTypeSignedExchange	const	ported	-	false-positive: see plans/inventory/go_false_positive_notes.md
lib/proto/network.go::const::NetworkResourceTypeStylesheet	const	ported	-	false-positive: see plans/inventory/go_false_positive_notes.md
lib/proto/network.go::const::NetworkResourceTypeTextTrack	const	ported	-	false-positive: see plans/inventory/go_false_positive_notes.md
lib/proto/network.go::const::NetworkResourceTypeWebSocket	const	ported	-	false-positive: see plans/inventory/go_false_positive_notes.md
lib/proto/network.go::const::NetworkResourceTypeXHR	const	ported	-	false-positive: see plans/inventory/go_false_positive_notes.md
lib/proto/network.go::const::NetworkServiceWorkerResponseSourceCacheStorage	const	ported	-	false-positive: see plans/inventory/go_false_positive_notes.md
lib/proto/network.go::const::NetworkServiceWorkerResponseSourceFallbackCode	const	ported	-	false-positive: see plans/inventory/go_false_positive_notes.md
lib/proto/network.go::const::NetworkServiceWorkerResponseSourceHTTPCache	const	ported	-	false-positive: see plans/inventory/go_false_positive_notes.md
lib/proto/network.go::const::NetworkServiceWorkerResponseSourceNetwork	const	ported	-	false-positive: see plans/inventory/go_false_positive_notes.md
lib/proto/network.go::const::NetworkServiceWorkerRouterSourceCache	const	ported	-	false-positive: see plans/inventory/go_false_positive_notes.md
lib/proto/network.go::const::NetworkServiceWorkerRouterSourceFetchEvent	const	ported	-	false-positive: see plans/inventory/go_false_positive_notes.md
lib/proto/network.go::const::NetworkServiceWorkerRouterSourceNetwork	const	ported	-	false-positive: see plans/inventory/go_false_positive_notes.md
lib/proto/network.go::const::NetworkServiceWorkerRouterSourceRaceNetworkAndFetchHandler	const	ported	-	false-positive: see plans/inventory/go_false_positive_notes.md
lib/proto/network.go::const::NetworkSetCookieBlockedReasonDisallowedCharacter	const	ported	-	false-positive: see plans/inventory/go_false_positive_notes.md
lib/proto/network.go::const::NetworkSetCookieBlockedReasonInvalidDomain	const	ported	-	false-positive: see plans/inventory/go_false_positive_notes.md
lib/proto/network.go::const::NetworkSetCookieBlockedReasonInvalidPrefix	const	ported	-	false-positive: see plans/inventory/go_false_positive_notes.md
lib/proto/network.go::const::NetworkSetCookieBlockedReasonNameValuePairExceedsMaxSize	const	ported	-	false-positive: see plans/inventory/go_false_positive_notes.md
lib/proto/network.go::const::NetworkSetCookieBlockedReasonNoCookieContent	const	ported	-	false-positive: see plans/inventory/go_false_positive_notes.md
lib/proto/network.go::const::NetworkSetCookieBlockedReasonOverwriteSecure	const	ported	-	false-positive: see plans/inventory/go_false_positive_notes.md
lib/proto/network.go::const::NetworkSetCookieBlockedReasonSamePartyConflictsWithOtherAttributes	const	ported	-	false-positive: see plans/inventory/go_false_positive_notes.md
lib/proto/network.go::const::NetworkSetCookieBlockedReasonSamePartyFromCrossPartyContext	const	ported	-	false-positive: see plans/inventory/go_false_positive_notes.md
lib/proto/network.go::const::NetworkSetCookieBlockedReasonSameSiteLax	const	ported	-	false-positive: see plans/inventory/go_false_positive_notes.md
lib/proto/network.go::const::NetworkSetCookieBlockedReasonSameSiteNoneInsecure	const	ported	-	false-positive: see plans/inventory/go_false_positive_notes.md
lib/proto/network.go::const::NetworkSetCookieBlockedReasonSameSiteStrict	const	ported	-	false-positive: see plans/inventory/go_false_positive_notes.md
lib/proto/network.go::const::NetworkSetCookieBlockedReasonSameSiteUnspecifiedTreatedAsLax	const	ported	-	false-positive: see plans/inventory/go_false_positive_notes.md
lib/proto/network.go::const::NetworkSetCookieBlockedReasonSchemeNotSupported	const	ported	-	false-positive: see plans/inventory/go_false_positive_notes.md
lib/proto/network.go::const::NetworkSetCookieBlockedReasonSchemefulSameSiteLax	const	ported	-	false-positive: see plans/inventory/go_false_positive_notes.md
lib/proto/network.go::const::NetworkSetCookieBlockedReasonSchemefulSameSiteStrict	const	ported	-	false-positive: see plans/inventory/go_false_positive_notes.md
lib/proto/network.go::const::NetworkSetCookieBlockedReasonSchemefulSameSiteUnspecifiedTreatedAsLax	const	ported	-	false-positive: see plans/inventory/go_false_positive_notes.md
lib/proto/network.go::const::NetworkSetCookieBlockedReasonSecureOnly	const	ported	-	false-positive: see plans/inventory/go_false_positive_notes.md
lib/proto/network.go::const::NetworkSetCookieBlockedReasonSyntaxError	const	ported	-	false-positive: see plans/inventory/go_false_positive_notes.md
lib/proto/network.go::const::NetworkSetCookieBlockedReasonThirdPartyBlockedInFirstPartySet	const	ported	-	false-positive: see plans/inventory/go_false_positive_notes.md
lib/proto/network.go::const::NetworkSetCookieBlockedReasonThirdPartyPhaseout	const	ported	-	false-positive: see plans/inventory/go_false_positive_notes.md
lib/proto/network.go::const::NetworkSetCookieBlockedReasonUnknownError	const	ported	-	false-positive: see plans/inventory/go_false_positive_notes.md
lib/proto/network.go::const::NetworkSetCookieBlockedReasonUserPreferences	const	ported	-	false-positive: see plans/inventory/go_false_positive_notes.md
lib/proto/network.go::const::NetworkSignedExchangeErrorFieldSignatureCertSha256	const	ported	-	false-positive: see plans/inventory/go_false_positive_notes.md
lib/proto/network.go::const::NetworkSignedExchangeErrorFieldSignatureCertURL	const	ported	-	false-positive: see plans/inventory/go_false_positive_notes.md
lib/proto/network.go::const::NetworkSignedExchangeErrorFieldSignatureIntegrity	const	ported	-	false-positive: see plans/inventory/go_false_positive_notes.md
lib/proto/network.go::const::NetworkSignedExchangeErrorFieldSignatureSig	const	ported	-	false-positive: see plans/inventory/go_false_positive_notes.md
lib/proto/network.go::const::NetworkSignedExchangeErrorFieldSignatureTimestamps	const	ported	-	false-positive: see plans/inventory/go_false_positive_notes.md
lib/proto/network.go::const::NetworkSignedExchangeErrorFieldSignatureValidityURL	const	ported	-	false-positive: see plans/inventory/go_false_positive_notes.md
lib/proto/network.go::const::NetworkTrustTokenOperationDoneStatusAlreadyExists	const	ported	-	false-positive: see plans/inventory/go_false_positive_notes.md
lib/proto/network.go::const::NetworkTrustTokenOperationDoneStatusBadResponse	const	ported	-	false-positive: see plans/inventory/go_false_positive_notes.md
lib/proto/network.go::const::NetworkTrustTokenOperationDoneStatusFailedPrecondition	const	ported	-	false-positive: see plans/inventory/go_false_positive_notes.md
lib/proto/network.go::const::NetworkTrustTokenOperationDoneStatusFulfilledLocally	const	ported	-	false-positive: see plans/inventory/go_false_positive_notes.md
lib/proto/network.go::const::NetworkTrustTokenOperationDoneStatusInternalError	const	ported	-	false-positive: see plans/inventory/go_false_positive_notes.md
lib/proto/network.go::const::NetworkTrustTokenOperationDoneStatusInvalidArgument	const	ported	-	false-positive: see plans/inventory/go_false_positive_notes.md
lib/proto/network.go::const::NetworkTrustTokenOperationDoneStatusMissingIssuerKeys	const	ported	-	false-positive: see plans/inventory/go_false_positive_notes.md
lib/proto/network.go::const::NetworkTrustTokenOperationDoneStatusOk	const	ported	-	false-positive: see plans/inventory/go_false_positive_notes.md
lib/proto/network.go::const::NetworkTrustTokenOperationDoneStatusResourceExhausted	const	ported	-	false-positive: see plans/inventory/go_false_positive_notes.md
lib/proto/network.go::const::NetworkTrustTokenOperationDoneStatusResourceLimited	const	ported	-	false-positive: see plans/inventory/go_false_positive_notes.md
lib/proto/network.go::const::NetworkTrustTokenOperationDoneStatusUnauthorized	const	ported	-	false-positive: see plans/inventory/go_false_positive_notes.md
lib/proto/network.go::const::NetworkTrustTokenOperationDoneStatusUnknownError	const	ported	-	false-positive: see plans/inventory/go_false_positive_notes.md
lib/proto/network.go::const::NetworkTrustTokenOperationTypeIssuance	const	ported	-	false-positive: see plans/inventory/go_false_positive_notes.md
lib/proto/network.go::const::NetworkTrustTokenOperationTypeRedemption	const	ported	-	false-positive: see plans/inventory/go_false_positive_notes.md
lib/proto/network.go::const::NetworkTrustTokenOperationTypeSigning	const	ported	-	false-positive: see plans/inventory/go_false_positive_notes.md
lib/proto/network.go::const::NetworkTrustTokenParamsRefreshPolicyRefresh	const	ported	-	false-positive: see plans/inventory/go_false_positive_notes.md
lib/proto/network.go::const::NetworkTrustTokenParamsRefreshPolicyUseCached	const	ported	-	false-positive: see plans/inventory/go_false_positive_notes.md
lib/proto/network.go::struct::NetworkAssociatedCookie	struct	ported	-	false-positive: see plans/inventory/go_false_positive_notes.md
lib/proto/network.go::struct::NetworkAuthChallenge	struct	ported	-	false-positive: see plans/inventory/go_false_positive_notes.md
lib/proto/network.go::struct::NetworkAuthChallengeResponse	struct	ported	-	false-positive: see plans/inventory/go_false_positive_notes.md
lib/proto/network.go::struct::NetworkBlockedSetCookieWithReason	struct	ported	-	false-positive: see plans/inventory/go_false_positive_notes.md
lib/proto/network.go::struct::NetworkCachedResource	struct	ported	-	false-positive: see plans/inventory/go_false_positive_notes.md
lib/proto/network.go::struct::NetworkCanClearBrowserCache	struct	ported	-	false-positive: see plans/inventory/go_false_positive_notes.md
lib/proto/network.go::struct::NetworkCanClearBrowserCacheResult	struct	ported	-	false-positive: see plans/inventory/go_false_positive_notes.md
lib/proto/network.go::struct::NetworkCanClearBrowserCookies	struct	ported	-	false-positive: see plans/inventory/go_false_positive_notes.md
lib/proto/network.go::struct::NetworkCanClearBrowserCookiesResult	struct	ported	-	false-positive: see plans/inventory/go_false_positive_notes.md
lib/proto/network.go::struct::NetworkCanEmulateNetworkConditions	struct	ported	-	false-positive: see plans/inventory/go_false_positive_notes.md
lib/proto/network.go::struct::NetworkCanEmulateNetworkConditionsResult	struct	ported	-	false-positive: see plans/inventory/go_false_positive_notes.md
lib/proto/network.go::struct::NetworkClearAcceptedEncodingsOverride	struct	ported	-	false-positive: see plans/inventory/go_false_positive_notes.md
lib/proto/network.go::struct::NetworkClearBrowserCache	struct	ported	-	false-positive: see plans/inventory/go_false_positive_notes.md
lib/proto/network.go::struct::NetworkClearBrowserCookies	struct	ported	-	false-positive: see plans/inventory/go_false_positive_notes.md
lib/proto/network.go::struct::NetworkClientSecurityState	struct	ported	-	false-positive: see plans/inventory/go_false_positive_notes.md
lib/proto/network.go::struct::NetworkConnectTiming	struct	ported	-	false-positive: see plans/inventory/go_false_positive_notes.md
lib/proto/network.go::struct::NetworkContentSecurityPolicyStatus	struct	ported	-	false-positive: see plans/inventory/go_false_positive_notes.md
lib/proto/network.go::struct::NetworkContinueInterceptedRequest	struct	ported	-	false-positive: see plans/inventory/go_false_positive_notes.md
lib/proto/network.go::struct::NetworkCookie	struct	ported	-	false-positive: see plans/inventory/go_false_positive_notes.md
lib/proto/network.go::struct::NetworkCookieParam	struct	ported	-	false-positive: see plans/inventory/go_false_positive_notes.md
lib/proto/network.go::struct::NetworkCookiePartitionKey	struct	ported	-	false-positive: see plans/inventory/go_false_positive_notes.md
lib/proto/network.go::struct::NetworkCorsErrorStatus	struct	ported	-	false-positive: see plans/inventory/go_false_positive_notes.md
lib/proto/network.go::struct::NetworkCrossOriginEmbedderPolicyStatus	struct	ported	-	false-positive: see plans/inventory/go_false_positive_notes.md
lib/proto/network.go::struct::NetworkCrossOriginOpenerPolicyStatus	struct	ported	-	false-positive: see plans/inventory/go_false_positive_notes.md
lib/proto/network.go::struct::NetworkDataReceived	struct	ported	-	false-positive: see plans/inventory/go_false_positive_notes.md
lib/proto/network.go::struct::NetworkDeleteCookies	struct	ported	-	false-positive: see plans/inventory/go_false_positive_notes.md
lib/proto/network.go::struct::NetworkDisable	struct	ported	-	false-positive: see plans/inventory/go_false_positive_notes.md
lib/proto/network.go::struct::NetworkEmulateNetworkConditions	struct	ported	-	false-positive: see plans/inventory/go_false_positive_notes.md
lib/proto/network.go::struct::NetworkEnable	struct	ported	-	false-positive: see plans/inventory/go_false_positive_notes.md
lib/proto/network.go::struct::NetworkEnableReportingAPI	struct	ported	-	false-positive: see plans/inventory/go_false_positive_notes.md
lib/proto/network.go::struct::NetworkEventSourceMessageReceived	struct	ported	-	false-positive: see plans/inventory/go_false_positive_notes.md
lib/proto/network.go::struct::NetworkExemptedSetCookieWithReason	struct	ported	-	false-positive: see plans/inventory/go_false_positive_notes.md
lib/proto/network.go::struct::NetworkGetAllCookies	struct	ported	-	false-positive: see plans/inventory/go_false_positive_notes.md
lib/proto/network.go::struct::NetworkGetAllCookiesResult	struct	ported	-	false-positive: see plans/inventory/go_false_positive_notes.md
lib/proto/network.go::struct::NetworkGetCertificate	struct	ported	-	false-positive: see plans/inventory/go_false_positive_notes.md
lib/proto/network.go::struct::NetworkGetCertificateResult	struct	ported	-	false-positive: see plans/inventory/go_false_positive_notes.md
lib/proto/network.go::struct::NetworkGetCookies	struct	ported	-	false-positive: see plans/inventory/go_false_positive_notes.md
lib/proto/network.go::struct::NetworkGetCookiesResult	struct	ported	-	false-positive: see plans/inventory/go_false_positive_notes.md
lib/proto/network.go::struct::NetworkGetRequestPostData	struct	ported	-	false-positive: see plans/inventory/go_false_positive_notes.md
lib/proto/network.go::struct::NetworkGetRequestPostDataResult	struct	ported	-	false-positive: see plans/inventory/go_false_positive_notes.md
lib/proto/network.go::struct::NetworkGetResponseBody	struct	ported	-	false-positive: see plans/inventory/go_false_positive_notes.md
lib/proto/network.go::struct::NetworkGetResponseBodyForInterception	struct	ported	-	false-positive: see plans/inventory/go_false_positive_notes.md
lib/proto/network.go::struct::NetworkGetResponseBodyForInterceptionResult	struct	ported	-	false-positive: see plans/inventory/go_false_positive_notes.md
lib/proto/network.go::struct::NetworkGetResponseBodyResult	struct	ported	-	false-positive: see plans/inventory/go_false_positive_notes.md
lib/proto/network.go::struct::NetworkGetSecurityIsolationStatus	struct	ported	-	false-positive: see plans/inventory/go_false_positive_notes.md
lib/proto/network.go::struct::NetworkGetSecurityIsolationStatusResult	struct	ported	-	false-positive: see plans/inventory/go_false_positive_notes.md
lib/proto/network.go::struct::NetworkInitiator	struct	ported	-	false-positive: see plans/inventory/go_false_positive_notes.md
lib/proto/network.go::struct::NetworkLoadNetworkResource	struct	ported	-	false-positive: see plans/inventory/go_false_positive_notes.md
lib/proto/network.go::struct::NetworkLoadNetworkResourceOptions	struct	ported	-	false-positive: see plans/inventory/go_false_positive_notes.md
lib/proto/network.go::struct::NetworkLoadNetworkResourcePageResult	struct	ported	-	false-positive: see plans/inventory/go_false_positive_notes.md
lib/proto/network.go::struct::NetworkLoadNetworkResourceResult	struct	ported	-	false-positive: see plans/inventory/go_false_positive_notes.md
lib/proto/network.go::struct::NetworkLoadingFailed	struct	ported	-	false-positive: see plans/inventory/go_false_positive_notes.md
lib/proto/network.go::struct::NetworkLoadingFinished	struct	ported	-	false-positive: see plans/inventory/go_false_positive_notes.md
lib/proto/network.go::struct::NetworkPolicyUpdated	struct	ported	-	false-positive: see plans/inventory/go_false_positive_notes.md
lib/proto/network.go::struct::NetworkPostDataEntry	struct	ported	-	false-positive: see plans/inventory/go_false_positive_notes.md
lib/proto/network.go::struct::NetworkReplayXHR	struct	ported	-	false-positive: see plans/inventory/go_false_positive_notes.md
lib/proto/network.go::struct::NetworkReportingAPIEndpoint	struct	ported	-	false-positive: see plans/inventory/go_false_positive_notes.md
lib/proto/network.go::struct::NetworkReportingAPIEndpointsChangedForOrigin	struct	ported	-	false-positive: see plans/inventory/go_false_positive_notes.md
lib/proto/network.go::struct::NetworkReportingAPIReport	struct	ported	-	false-positive: see plans/inventory/go_false_positive_notes.md
lib/proto/network.go::struct::NetworkReportingAPIReportAdded	struct	ported	-	false-positive: see plans/inventory/go_false_positive_notes.md
lib/proto/network.go::struct::NetworkReportingAPIReportUpdated	struct	ported	-	false-positive: see plans/inventory/go_false_positive_notes.md
lib/proto/network.go::struct::NetworkRequest	struct	ported	-	false-positive: see plans/inventory/go_false_positive_notes.md
lib/proto/network.go::struct::NetworkRequestIntercepted	struct	ported	-	false-positive: see plans/inventory/go_false_positive_notes.md
lib/proto/network.go::struct::NetworkRequestPattern	struct	ported	-	false-positive: see plans/inventory/go_false_positive_notes.md
lib/proto/network.go::struct::NetworkRequestServedFromCache	struct	ported	-	false-positive: see plans/inventory/go_false_positive_notes.md
lib/proto/network.go::struct::NetworkRequestWillBeSent	struct	ported	-	false-positive: see plans/inventory/go_false_positive_notes.md
lib/proto/network.go::struct::NetworkRequestWillBeSentExtraInfo	struct	ported	-	false-positive: see plans/inventory/go_false_positive_notes.md
lib/proto/network.go::struct::NetworkResourceChangedPriority	struct	ported	-	false-positive: see plans/inventory/go_false_positive_notes.md
lib/proto/network.go::struct::NetworkResourceTiming	struct	ported	-	false-positive: see plans/inventory/go_false_positive_notes.md
lib/proto/network.go::struct::NetworkResponse	struct	ported	-	false-positive: see plans/inventory/go_false_positive_notes.md
lib/proto/network.go::struct::NetworkResponseReceived	struct	ported	-	false-positive: see plans/inventory/go_false_positive_notes.md
lib/proto/network.go::struct::NetworkResponseReceivedEarlyHints	struct	ported	-	false-positive: see plans/inventory/go_false_positive_notes.md
lib/proto/network.go::struct::NetworkResponseReceivedExtraInfo	struct	ported	-	false-positive: see plans/inventory/go_false_positive_notes.md
lib/proto/network.go::struct::NetworkSearchInResponseBody	struct	ported	-	false-positive: see plans/inventory/go_false_positive_notes.md
lib/proto/network.go::struct::NetworkSearchInResponseBodyResult	struct	ported	-	false-positive: see plans/inventory/go_false_positive_notes.md
lib/proto/network.go::struct::NetworkSecurityDetails	struct	ported	-	false-positive: see plans/inventory/go_false_positive_notes.md
lib/proto/network.go::struct::NetworkSecurityIsolationStatus	struct	ported	-	false-positive: see plans/inventory/go_false_positive_notes.md
lib/proto/network.go::struct::NetworkServiceWorkerRouterInfo	struct	ported	-	false-positive: see plans/inventory/go_false_positive_notes.md
lib/proto/network.go::struct::NetworkSetAcceptedEncodings	struct	ported	-	false-positive: see plans/inventory/go_false_positive_notes.md
lib/proto/network.go::struct::NetworkSetAttachDebugStack	struct	ported	-	false-positive: see plans/inventory/go_false_positive_notes.md
lib/proto/network.go::struct::NetworkSetBlockedURLs	struct	ported	-	false-positive: see plans/inventory/go_false_positive_notes.md
lib/proto/network.go::struct::NetworkSetBypassServiceWorker	struct	ported	-	false-positive: see plans/inventory/go_false_positive_notes.md
lib/proto/network.go::struct::NetworkSetCacheDisabled	struct	ported	-	false-positive: see plans/inventory/go_false_positive_notes.md
lib/proto/network.go::struct::NetworkSetCookie	struct	ported	-	false-positive: see plans/inventory/go_false_positive_notes.md
lib/proto/network.go::struct::NetworkSetCookieResult	struct	ported	-	false-positive: see plans/inventory/go_false_positive_notes.md
lib/proto/network.go::struct::NetworkSetCookies	struct	ported	-	false-positive: see plans/inventory/go_false_positive_notes.md
lib/proto/network.go::struct::NetworkSetExtraHTTPHeaders	struct	ported	-	false-positive: see plans/inventory/go_false_positive_notes.md
lib/proto/network.go::struct::NetworkSetRequestInterception	struct	ported	-	false-positive: see plans/inventory/go_false_positive_notes.md
lib/proto/network.go::struct::NetworkSetUserAgentOverride	struct	ported	-	false-positive: see plans/inventory/go_false_positive_notes.md
lib/proto/network.go::struct::NetworkSignedCertificateTimestamp	struct	ported	-	false-positive: see plans/inventory/go_false_positive_notes.md
lib/proto/network.go::struct::NetworkSignedExchangeError	struct	ported	-	false-positive: see plans/inventory/go_false_positive_notes.md
lib/proto/network.go::struct::NetworkSignedExchangeHeader	struct	ported	-	false-positive: see plans/inventory/go_false_positive_notes.md
lib/proto/network.go::struct::NetworkSignedExchangeInfo	struct	ported	-	false-positive: see plans/inventory/go_false_positive_notes.md
lib/proto/network.go::struct::NetworkSignedExchangeReceived	struct	ported	-	false-positive: see plans/inventory/go_false_positive_notes.md
lib/proto/network.go::struct::NetworkSignedExchangeSignature	struct	ported	-	false-positive: see plans/inventory/go_false_positive_notes.md
lib/proto/network.go::struct::NetworkStreamResourceContent	struct	ported	-	false-positive: see plans/inventory/go_false_positive_notes.md
lib/proto/network.go::struct::NetworkStreamResourceContentResult	struct	ported	-	false-positive: see plans/inventory/go_false_positive_notes.md
lib/proto/network.go::struct::NetworkSubresourceWebBundleInnerResponseError	struct	ported	-	false-positive: see plans/inventory/go_false_positive_notes.md
lib/proto/network.go::struct::NetworkSubresourceWebBundleInnerResponseParsed	struct	ported	-	false-positive: see plans/inventory/go_false_positive_notes.md
lib/proto/network.go::struct::NetworkSubresourceWebBundleMetadataError	struct	ported	-	false-positive: see plans/inventory/go_false_positive_notes.md
lib/proto/network.go::struct::NetworkSubresourceWebBundleMetadataReceived	struct	ported	-	false-positive: see plans/inventory/go_false_positive_notes.md
lib/proto/network.go::struct::NetworkTakeResponseBodyForInterceptionAsStream	struct	ported	-	false-positive: see plans/inventory/go_false_positive_notes.md
lib/proto/network.go::struct::NetworkTakeResponseBodyForInterceptionAsStreamResult	struct	ported	-	false-positive: see plans/inventory/go_false_positive_notes.md
lib/proto/network.go::struct::NetworkTrustTokenOperationDone	struct	ported	-	false-positive: see plans/inventory/go_false_positive_notes.md
lib/proto/network.go::struct::NetworkTrustTokenParams	struct	ported	-	false-positive: see plans/inventory/go_false_positive_notes.md
lib/proto/network.go::struct::NetworkWebSocketClosed	struct	ported	-	false-positive: see plans/inventory/go_false_positive_notes.md
lib/proto/network.go::struct::NetworkWebSocketCreated	struct	ported	-	false-positive: see plans/inventory/go_false_positive_notes.md
lib/proto/network.go::struct::NetworkWebSocketFrame	struct	ported	-	false-positive: see plans/inventory/go_false_positive_notes.md
lib/proto/network.go::struct::NetworkWebSocketFrameError	struct	ported	-	false-positive: see plans/inventory/go_false_positive_notes.md
lib/proto/network.go::struct::NetworkWebSocketFrameReceived	struct	ported	-	false-positive: see plans/inventory/go_false_positive_notes.md
lib/proto/network.go::struct::NetworkWebSocketFrameSent	struct	ported	-	false-positive: see plans/inventory/go_false_positive_notes.md
lib/proto/network.go::struct::NetworkWebSocketHandshakeResponseReceived	struct	ported	-	false-positive: see plans/inventory/go_false_positive_notes.md
lib/proto/network.go::struct::NetworkWebSocketRequest	struct	ported	-	false-positive: see plans/inventory/go_false_positive_notes.md
lib/proto/network.go::struct::NetworkWebSocketResponse	struct	ported	-	false-positive: see plans/inventory/go_false_positive_notes.md
lib/proto/network.go::struct::NetworkWebSocketWillSendHandshakeRequest	struct	ported	-	false-positive: see plans/inventory/go_false_positive_notes.md
lib/proto/network.go::struct::NetworkWebTransportClosed	struct	ported	-	false-positive: see plans/inventory/go_false_positive_notes.md
lib/proto/network.go::struct::NetworkWebTransportConnectionEstablished	struct	ported	-	false-positive: see plans/inventory/go_false_positive_notes.md
lib/proto/network.go::struct::NetworkWebTransportCreated	struct	ported	-	false-positive: see plans/inventory/go_false_positive_notes.md
lib/proto/network.go::type::NetworkAlternateProtocolUsage	type	ported	-	false-positive: see plans/inventory/go_false_positive_notes.md
lib/proto/network.go::type::NetworkAuthChallengeResponseResponse	type	ported	-	false-positive: see plans/inventory/go_false_positive_notes.md
lib/proto/network.go::type::NetworkAuthChallengeSource	type	ported	-	false-positive: see plans/inventory/go_false_positive_notes.md
lib/proto/network.go::type::NetworkBlockedReason	type	ported	-	false-positive: see plans/inventory/go_false_positive_notes.md
lib/proto/network.go::type::NetworkCertificateTransparencyCompliance	type	ported	-	false-positive: see plans/inventory/go_false_positive_notes.md
lib/proto/network.go::type::NetworkConnectionType	type	ported	-	false-positive: see plans/inventory/go_false_positive_notes.md
lib/proto/network.go::type::NetworkContentEncoding	type	ported	-	false-positive: see plans/inventory/go_false_positive_notes.md
lib/proto/network.go::type::NetworkContentSecurityPolicySource	type	ported	-	false-positive: see plans/inventory/go_false_positive_notes.md
lib/proto/network.go::type::NetworkCookieBlockedReason	type	ported	-	false-positive: see plans/inventory/go_false_positive_notes.md
lib/proto/network.go::type::NetworkCookieExemptionReason	type	ported	-	false-positive: see plans/inventory/go_false_positive_notes.md
lib/proto/network.go::type::NetworkCookiePriority	type	ported	-	false-positive: see plans/inventory/go_false_positive_notes.md
lib/proto/network.go::type::NetworkCookieSameSite	type	ported	-	false-positive: see plans/inventory/go_false_positive_notes.md
lib/proto/network.go::type::NetworkCookieSourceScheme	type	ported	-	false-positive: see plans/inventory/go_false_positive_notes.md
lib/proto/network.go::type::NetworkCorsError	type	ported	-	false-positive: see plans/inventory/go_false_positive_notes.md
lib/proto/network.go::type::NetworkCrossOriginEmbedderPolicyValue	type	ported	-	false-positive: see plans/inventory/go_false_positive_notes.md
lib/proto/network.go::type::NetworkCrossOriginOpenerPolicyValue	type	ported	-	false-positive: see plans/inventory/go_false_positive_notes.md
lib/proto/network.go::type::NetworkErrorReason	type	ported	-	false-positive: see plans/inventory/go_false_positive_notes.md
lib/proto/network.go::type::NetworkHeaders	type	ported	-	false-positive: see plans/inventory/go_false_positive_notes.md
lib/proto/network.go::type::NetworkIPAddressSpace	type	ported	-	false-positive: see plans/inventory/go_false_positive_notes.md
lib/proto/network.go::type::NetworkInitiatorType	type	ported	-	false-positive: see plans/inventory/go_false_positive_notes.md
lib/proto/network.go::type::NetworkInterceptionID	type	ported	-	false-positive: see plans/inventory/go_false_positive_notes.md
lib/proto/network.go::type::NetworkInterceptionStage	type	ported	-	false-positive: see plans/inventory/go_false_positive_notes.md
lib/proto/network.go::type::NetworkLoaderID	type	ported	-	false-positive: see plans/inventory/go_false_positive_notes.md
lib/proto/network.go::type::NetworkPrivateNetworkRequestPolicy	type	ported	-	false-positive: see plans/inventory/go_false_positive_notes.md
lib/proto/network.go::type::NetworkReportID	type	ported	-	false-positive: see plans/inventory/go_false_positive_notes.md
lib/proto/network.go::type::NetworkReportStatus	type	ported	-	false-positive: see plans/inventory/go_false_positive_notes.md
lib/proto/network.go::type::NetworkRequestID	type	ported	-	false-positive: see plans/inventory/go_false_positive_notes.md
lib/proto/network.go::type::NetworkRequestReferrerPolicy	type	ported	-	false-positive: see plans/inventory/go_false_positive_notes.md
lib/proto/network.go::type::NetworkResourcePriority	type	ported	-	false-positive: see plans/inventory/go_false_positive_notes.md
lib/proto/network.go::type::NetworkResourceType	type	ported	-	false-positive: see plans/inventory/go_false_positive_notes.md
lib/proto/network.go::type::NetworkServiceWorkerResponseSource	type	ported	-	false-positive: see plans/inventory/go_false_positive_notes.md
lib/proto/network.go::type::NetworkServiceWorkerRouterSource	type	ported	-	false-positive: see plans/inventory/go_false_positive_notes.md
lib/proto/network.go::type::NetworkSetCookieBlockedReason	type	ported	-	false-positive: see plans/inventory/go_false_positive_notes.md
lib/proto/network.go::type::NetworkSignedExchangeErrorField	type	ported	-	false-positive: see plans/inventory/go_false_positive_notes.md
lib/proto/network.go::type::NetworkTrustTokenOperationDoneStatus	type	ported	-	false-positive: see plans/inventory/go_false_positive_notes.md
lib/proto/network.go::type::NetworkTrustTokenOperationType	type	ported	-	false-positive: see plans/inventory/go_false_positive_notes.md
lib/proto/network.go::type::NetworkTrustTokenParamsRefreshPolicy	type	ported	-	false-positive: see plans/inventory/go_false_positive_notes.md
lib/proto/overlay.go::const::OverlayColorFormatHex	const	ported	-	false-positive: see plans/inventory/go_false_positive_notes.md
lib/proto/overlay.go::const::OverlayColorFormatHsl	const	ported	-	false-positive: see plans/inventory/go_false_positive_notes.md
lib/proto/overlay.go::const::OverlayColorFormatHwb	const	ported	-	false-positive: see plans/inventory/go_false_positive_notes.md
lib/proto/overlay.go::const::OverlayColorFormatRgb	const	ported	-	false-positive: see plans/inventory/go_false_positive_notes.md
lib/proto/overlay.go::const::OverlayContrastAlgorithmAa	const	ported	-	false-positive: see plans/inventory/go_false_positive_notes.md
lib/proto/overlay.go::const::OverlayContrastAlgorithmAaa	const	ported	-	false-positive: see plans/inventory/go_false_positive_notes.md
lib/proto/overlay.go::const::OverlayContrastAlgorithmApca	const	ported	-	false-positive: see plans/inventory/go_false_positive_notes.md
lib/proto/overlay.go::const::OverlayInspectModeCaptureAreaScreenshot	const	ported	-	false-positive: see plans/inventory/go_false_positive_notes.md
lib/proto/overlay.go::const::OverlayInspectModeNone	const	ported	-	false-positive: see plans/inventory/go_false_positive_notes.md
lib/proto/overlay.go::const::OverlayInspectModeSearchForNode	const	ported	-	false-positive: see plans/inventory/go_false_positive_notes.md
lib/proto/overlay.go::const::OverlayInspectModeSearchForUAShadowDOM	const	ported	-	false-positive: see plans/inventory/go_false_positive_notes.md
lib/proto/overlay.go::const::OverlayInspectModeShowDistances	const	ported	-	false-positive: see plans/inventory/go_false_positive_notes.md
lib/proto/overlay.go::const::OverlayLineStylePatternDashed	const	ported	-	false-positive: see plans/inventory/go_false_positive_notes.md
lib/proto/overlay.go::const::OverlayLineStylePatternDotted	const	ported	-	false-positive: see plans/inventory/go_false_positive_notes.md
lib/proto/overlay.go::struct::OverlayBoxStyle	struct	ported	-	false-positive: see plans/inventory/go_false_positive_notes.md
lib/proto/overlay.go::struct::OverlayContainerQueryContainerHighlightConfig	struct	ported	-	false-positive: see plans/inventory/go_false_positive_notes.md
lib/proto/overlay.go::struct::OverlayContainerQueryHighlightConfig	struct	ported	-	false-positive: see plans/inventory/go_false_positive_notes.md
lib/proto/overlay.go::struct::OverlayDisable	struct	ported	-	false-positive: see plans/inventory/go_false_positive_notes.md
lib/proto/overlay.go::struct::OverlayEnable	struct	ported	-	false-positive: see plans/inventory/go_false_positive_notes.md
lib/proto/overlay.go::struct::OverlayFlexContainerHighlightConfig	struct	ported	-	false-positive: see plans/inventory/go_false_positive_notes.md
lib/proto/overlay.go::struct::OverlayFlexItemHighlightConfig	struct	ported	-	false-positive: see plans/inventory/go_false_positive_notes.md
lib/proto/overlay.go::struct::OverlayFlexNodeHighlightConfig	struct	ported	-	false-positive: see plans/inventory/go_false_positive_notes.md
lib/proto/overlay.go::struct::OverlayGetGridHighlightObjectsForTest	struct	ported	-	false-positive: see plans/inventory/go_false_positive_notes.md
lib/proto/overlay.go::struct::OverlayGetGridHighlightObjectsForTestResult	struct	ported	-	false-positive: see plans/inventory/go_false_positive_notes.md
lib/proto/overlay.go::struct::OverlayGetHighlightObjectForTest	struct	ported	-	false-positive: see plans/inventory/go_false_positive_notes.md
lib/proto/overlay.go::struct::OverlayGetHighlightObjectForTestResult	struct	ported	-	false-positive: see plans/inventory/go_false_positive_notes.md
lib/proto/overlay.go::struct::OverlayGetSourceOrderHighlightObjectForTest	struct	ported	-	false-positive: see plans/inventory/go_false_positive_notes.md
lib/proto/overlay.go::struct::OverlayGetSourceOrderHighlightObjectForTestResult	struct	ported	-	false-positive: see plans/inventory/go_false_positive_notes.md
lib/proto/overlay.go::struct::OverlayGridHighlightConfig	struct	ported	-	false-positive: see plans/inventory/go_false_positive_notes.md
lib/proto/overlay.go::struct::OverlayGridNodeHighlightConfig	struct	ported	-	false-positive: see plans/inventory/go_false_positive_notes.md
lib/proto/overlay.go::struct::OverlayHideHighlight	struct	ported	-	false-positive: see plans/inventory/go_false_positive_notes.md
lib/proto/overlay.go::struct::OverlayHighlightConfig	struct	ported	-	false-positive: see plans/inventory/go_false_positive_notes.md
lib/proto/overlay.go::struct::OverlayHighlightFrame	struct	ported	-	false-positive: see plans/inventory/go_false_positive_notes.md
lib/proto/overlay.go::struct::OverlayHighlightNode	struct	ported	-	false-positive: see plans/inventory/go_false_positive_notes.md
lib/proto/overlay.go::struct::OverlayHighlightQuad	struct	ported	-	false-positive: see plans/inventory/go_false_positive_notes.md
lib/proto/overlay.go::struct::OverlayHighlightRect	struct	ported	-	false-positive: see plans/inventory/go_false_positive_notes.md
lib/proto/overlay.go::struct::OverlayHighlightSourceOrder	struct	ported	-	false-positive: see plans/inventory/go_false_positive_notes.md
lib/proto/overlay.go::struct::OverlayHingeConfig	struct	ported	-	false-positive: see plans/inventory/go_false_positive_notes.md
lib/proto/overlay.go::struct::OverlayInspectModeCanceled	struct	ported	-	false-positive: see plans/inventory/go_false_positive_notes.md
lib/proto/overlay.go::struct::OverlayInspectNodeRequested	struct	ported	-	false-positive: see plans/inventory/go_false_positive_notes.md
lib/proto/overlay.go::struct::OverlayIsolatedElementHighlightConfig	struct	ported	-	false-positive: see plans/inventory/go_false_positive_notes.md
lib/proto/overlay.go::struct::OverlayIsolationModeHighlightConfig	struct	ported	-	false-positive: see plans/inventory/go_false_positive_notes.md
lib/proto/overlay.go::struct::OverlayLineStyle	struct	ported	-	false-positive: see plans/inventory/go_false_positive_notes.md
lib/proto/overlay.go::struct::OverlayNodeHighlightRequested	struct	ported	-	false-positive: see plans/inventory/go_false_positive_notes.md
lib/proto/overlay.go::struct::OverlayScreenshotRequested	struct	ported	-	false-positive: see plans/inventory/go_false_positive_notes.md
lib/proto/overlay.go::struct::OverlayScrollSnapContainerHighlightConfig	struct	ported	-	false-positive: see plans/inventory/go_false_positive_notes.md
lib/proto/overlay.go::struct::OverlayScrollSnapHighlightConfig	struct	ported	-	false-positive: see plans/inventory/go_false_positive_notes.md
lib/proto/overlay.go::struct::OverlaySetInspectMode	struct	ported	-	false-positive: see plans/inventory/go_false_positive_notes.md
lib/proto/overlay.go::struct::OverlaySetPausedInDebuggerMessage	struct	ported	-	false-positive: see plans/inventory/go_false_positive_notes.md
lib/proto/overlay.go::struct::OverlaySetShowAdHighlights	struct	ported	-	false-positive: see plans/inventory/go_false_positive_notes.md
lib/proto/overlay.go::struct::OverlaySetShowContainerQueryOverlays	struct	ported	-	false-positive: see plans/inventory/go_false_positive_notes.md
lib/proto/overlay.go::struct::OverlaySetShowDebugBorders	struct	ported	-	false-positive: see plans/inventory/go_false_positive_notes.md
lib/proto/overlay.go::struct::OverlaySetShowFPSCounter	struct	ported	-	false-positive: see plans/inventory/go_false_positive_notes.md
lib/proto/overlay.go::struct::OverlaySetShowFlexOverlays	struct	ported	-	false-positive: see plans/inventory/go_false_positive_notes.md
lib/proto/overlay.go::struct::OverlaySetShowGridOverlays	struct	ported	-	false-positive: see plans/inventory/go_false_positive_notes.md
lib/proto/overlay.go::struct::OverlaySetShowHinge	struct	ported	-	false-positive: see plans/inventory/go_false_positive_notes.md
lib/proto/overlay.go::struct::OverlaySetShowHitTestBorders	struct	ported	-	false-positive: see plans/inventory/go_false_positive_notes.md
lib/proto/overlay.go::struct::OverlaySetShowIsolatedElements	struct	ported	-	false-positive: see plans/inventory/go_false_positive_notes.md
lib/proto/overlay.go::struct::OverlaySetShowLayoutShiftRegions	struct	ported	-	false-positive: see plans/inventory/go_false_positive_notes.md
lib/proto/overlay.go::struct::OverlaySetShowPaintRects	struct	ported	-	false-positive: see plans/inventory/go_false_positive_notes.md
lib/proto/overlay.go::struct::OverlaySetShowScrollBottleneckRects	struct	ported	-	false-positive: see plans/inventory/go_false_positive_notes.md
lib/proto/overlay.go::struct::OverlaySetShowScrollSnapOverlays	struct	ported	-	false-positive: see plans/inventory/go_false_positive_notes.md
lib/proto/overlay.go::struct::OverlaySetShowViewportSizeOnResize	struct	ported	-	false-positive: see plans/inventory/go_false_positive_notes.md
lib/proto/overlay.go::struct::OverlaySetShowWebVitals	struct	ported	-	false-positive: see plans/inventory/go_false_positive_notes.md
lib/proto/overlay.go::struct::OverlaySetShowWindowControlsOverlay	struct	ported	-	false-positive: see plans/inventory/go_false_positive_notes.md
lib/proto/overlay.go::struct::OverlaySourceOrderConfig	struct	ported	-	false-positive: see plans/inventory/go_false_positive_notes.md
lib/proto/overlay.go::struct::OverlayWindowControlsOverlayConfig	struct	ported	-	false-positive: see plans/inventory/go_false_positive_notes.md
lib/proto/overlay.go::type::OverlayColorFormat	type	ported	-	false-positive: see plans/inventory/go_false_positive_notes.md
lib/proto/overlay.go::type::OverlayContrastAlgorithm	type	ported	-	false-positive: see plans/inventory/go_false_positive_notes.md
lib/proto/overlay.go::type::OverlayInspectMode	type	ported	-	false-positive: see plans/inventory/go_false_positive_notes.md
lib/proto/overlay.go::type::OverlayLineStylePattern	type	ported	-	false-positive: see plans/inventory/go_false_positive_notes.md
lib/proto/page.go::const::PageAdFrameExplanationCreatedByAdScript	const	ported	-	false-positive: see plans/inventory/go_false_positive_notes.md
lib/proto/page.go::const::PageAdFrameExplanationMatchedBlockingRule	const	ported	-	false-positive: see plans/inventory/go_false_positive_notes.md
lib/proto/page.go::const::PageAdFrameExplanationParentIsAd	const	ported	-	false-positive: see plans/inventory/go_false_positive_notes.md
lib/proto/page.go::const::PageAdFrameTypeChild	const	ported	-	false-positive: see plans/inventory/go_false_positive_notes.md
lib/proto/page.go::const::PageAdFrameTypeNone	const	ported	-	false-positive: see plans/inventory/go_false_positive_notes.md
lib/proto/page.go::const::PageAdFrameTypeRoot	const	ported	-	false-positive: see plans/inventory/go_false_positive_notes.md
lib/proto/page.go::const::PageAutoResponseModeAutoAccept	const	ported	-	false-positive: see plans/inventory/go_false_positive_notes.md
lib/proto/page.go::const::PageAutoResponseModeAutoOptOut	const	ported	-	false-positive: see plans/inventory/go_false_positive_notes.md
lib/proto/page.go::const::PageAutoResponseModeAutoReject	const	ported	-	false-positive: see plans/inventory/go_false_positive_notes.md
lib/proto/page.go::const::PageAutoResponseModeNone	const	ported	-	false-positive: see plans/inventory/go_false_positive_notes.md
lib/proto/page.go::const::PageBackForwardCacheNotRestoredReasonActivationNavigationsDisallowedForBug1234857	const	ported	-	false-positive: see plans/inventory/go_false_positive_notes.md
lib/proto/page.go::const::PageBackForwardCacheNotRestoredReasonAppBanner	const	ported	-	false-positive: see plans/inventory/go_false_positive_notes.md
lib/proto/page.go::const::PageBackForwardCacheNotRestoredReasonBackForwardCacheDisabled	const	ported	-	false-positive: see plans/inventory/go_false_positive_notes.md
lib/proto/page.go::const::PageBackForwardCacheNotRestoredReasonBackForwardCacheDisabledByCommandLine	const	ported	-	false-positive: see plans/inventory/go_false_positive_notes.md
lib/proto/page.go::const::PageBackForwardCacheNotRestoredReasonBackForwardCacheDisabledByLowMemory	const	ported	-	false-positive: see plans/inventory/go_false_positive_notes.md
lib/proto/page.go::const::PageBackForwardCacheNotRestoredReasonBackForwardCacheDisabledForDelegate	const	ported	-	false-positive: see plans/inventory/go_false_positive_notes.md
lib/proto/page.go::const::PageBackForwardCacheNotRestoredReasonBackForwardCacheDisabledForPrerender	const	ported	-	false-positive: see plans/inventory/go_false_positive_notes.md
lib/proto/page.go::const::PageBackForwardCacheNotRestoredReasonBroadcastChannel	const	ported	-	false-positive: see plans/inventory/go_false_positive_notes.md
lib/proto/page.go::const::PageBackForwardCacheNotRestoredReasonBroadcastChannelOnMessage	const	ported	-	false-positive: see plans/inventory/go_false_positive_notes.md
lib/proto/page.go::const::PageBackForwardCacheNotRestoredReasonBrowsingInstanceNotSwapped	const	ported	-	false-positive: see plans/inventory/go_false_positive_notes.md
lib/proto/page.go::const::PageBackForwardCacheNotRestoredReasonCacheControlNoStore	const	ported	-	false-positive: see plans/inventory/go_false_positive_notes.md
lib/proto/page.go::const::PageBackForwardCacheNotRestoredReasonCacheControlNoStoreCookieModified	const	ported	-	false-positive: see plans/inventory/go_false_positive_notes.md
lib/proto/page.go::const::PageBackForwardCacheNotRestoredReasonCacheControlNoStoreHTTPOnlyCookieModified	const	ported	-	false-positive: see plans/inventory/go_false_positive_notes.md
lib/proto/page.go::const::PageBackForwardCacheNotRestoredReasonCacheFlushed	const	ported	-	false-positive: see plans/inventory/go_false_positive_notes.md
lib/proto/page.go::const::PageBackForwardCacheNotRestoredReasonCacheLimit	const	ported	-	false-positive: see plans/inventory/go_false_positive_notes.md
lib/proto/page.go::const::PageBackForwardCacheNotRestoredReasonConflictingBrowsingInstance	const	ported	-	false-positive: see plans/inventory/go_false_positive_notes.md
lib/proto/page.go::const::PageBackForwardCacheNotRestoredReasonContainsPlugins	const	ported	-	false-positive: see plans/inventory/go_false_positive_notes.md
lib/proto/page.go::const::PageBackForwardCacheNotRestoredReasonContentFileChooser	const	ported	-	false-positive: see plans/inventory/go_false_positive_notes.md
lib/proto/page.go::const::PageBackForwardCacheNotRestoredReasonContentFileSystemAccess	const	ported	-	false-positive: see plans/inventory/go_false_positive_notes.md
lib/proto/page.go::const::PageBackForwardCacheNotRestoredReasonContentMediaDevicesDispatcherHost	const	ported	-	false-positive: see plans/inventory/go_false_positive_notes.md
lib/proto/page.go::const::PageBackForwardCacheNotRestoredReasonContentMediaSessionService	const	ported	-	false-positive: see plans/inventory/go_false_positive_notes.md
lib/proto/page.go::const::PageBackForwardCacheNotRestoredReasonContentScreenReader	const	ported	-	false-positive: see plans/inventory/go_false_positive_notes.md
lib/proto/page.go::const::PageBackForwardCacheNotRestoredReasonContentSecurityHandler	const	ported	-	false-positive: see plans/inventory/go_false_positive_notes.md
lib/proto/page.go::const::PageBackForwardCacheNotRestoredReasonContentSerial	const	ported	-	false-positive: see plans/inventory/go_false_positive_notes.md
lib/proto/page.go::const::PageBackForwardCacheNotRestoredReasonContentWebAuthenticationAPI	const	ported	-	false-positive: see plans/inventory/go_false_positive_notes.md
lib/proto/page.go::const::PageBackForwardCacheNotRestoredReasonContentWebBluetooth	const	ported	-	false-positive: see plans/inventory/go_false_positive_notes.md
lib/proto/page.go::const::PageBackForwardCacheNotRestoredReasonContentWebUSB	const	ported	-	false-positive: see plans/inventory/go_false_positive_notes.md
lib/proto/page.go::const::PageBackForwardCacheNotRestoredReasonCookieDisabled	const	ported	-	false-positive: see plans/inventory/go_false_positive_notes.md
lib/proto/page.go::const::PageBackForwardCacheNotRestoredReasonCookieFlushed	const	ported	-	false-positive: see plans/inventory/go_false_positive_notes.md
lib/proto/page.go::const::PageBackForwardCacheNotRestoredReasonDisableForRenderFrameHostCalled	const	ported	-	false-positive: see plans/inventory/go_false_positive_notes.md
lib/proto/page.go::const::PageBackForwardCacheNotRestoredReasonDocumentLoaded	const	ported	-	false-positive: see plans/inventory/go_false_positive_notes.md
lib/proto/page.go::const::PageBackForwardCacheNotRestoredReasonDomainNotAllowed	const	ported	-	false-positive: see plans/inventory/go_false_positive_notes.md
lib/proto/page.go::const::PageBackForwardCacheNotRestoredReasonDummy	const	ported	-	false-positive: see plans/inventory/go_false_positive_notes.md
lib/proto/page.go::const::PageBackForwardCacheNotRestoredReasonEmbedderAppBannerManager	const	ported	-	false-positive: see plans/inventory/go_false_positive_notes.md
lib/proto/page.go::const::PageBackForwardCacheNotRestoredReasonEmbedderChromePasswordManagerClientBindCredentialManager	const	ported	-	false-positive: see plans/inventory/go_false_positive_notes.md
lib/proto/page.go::const::PageBackForwardCacheNotRestoredReasonEmbedderDomDistillerSelfDeletingRequestDelegate	const	ported	-	false-positive: see plans/inventory/go_false_positive_notes.md
lib/proto/page.go::const::PageBackForwardCacheNotRestoredReasonEmbedderDomDistillerViewerSource	const	ported	-	false-positive: see plans/inventory/go_false_positive_notes.md
lib/proto/page.go::const::PageBackForwardCacheNotRestoredReasonEmbedderExtensionMessaging	const	ported	-	false-positive: see plans/inventory/go_false_positive_notes.md
lib/proto/page.go::const::PageBackForwardCacheNotRestoredReasonEmbedderExtensionMessagingForOpenPort	const	ported	-	false-positive: see plans/inventory/go_false_positive_notes.md
lib/proto/page.go::const::PageBackForwardCacheNotRestoredReasonEmbedderExtensionSentMessageToCachedFrame	const	ported	-	false-positive: see plans/inventory/go_false_positive_notes.md
lib/proto/page.go::const::PageBackForwardCacheNotRestoredReasonEmbedderExtensions	const	ported	-	false-positive: see plans/inventory/go_false_positive_notes.md
lib/proto/page.go::const::PageBackForwardCacheNotRestoredReasonEmbedderModalDialog	const	ported	-	false-positive: see plans/inventory/go_false_positive_notes.md
lib/proto/page.go::const::PageBackForwardCacheNotRestoredReasonEmbedderOfflinePage	const	ported	-	false-positive: see plans/inventory/go_false_positive_notes.md
lib/proto/page.go::const::PageBackForwardCacheNotRestoredReasonEmbedderOomInterventionTabHelper	const	ported	-	false-positive: see plans/inventory/go_false_positive_notes.md
lib/proto/page.go::const::PageBackForwardCacheNotRestoredReasonEmbedderPermissionRequestManager	const	ported	-	false-positive: see plans/inventory/go_false_positive_notes.md
lib/proto/page.go::const::PageBackForwardCacheNotRestoredReasonEmbedderPopupBlockerTabHelper	const	ported	-	false-positive: see plans/inventory/go_false_positive_notes.md
lib/proto/page.go::const::PageBackForwardCacheNotRestoredReasonEmbedderSafeBrowsingThreatDetails	const	ported	-	false-positive: see plans/inventory/go_false_positive_notes.md
lib/proto/page.go::const::PageBackForwardCacheNotRestoredReasonEmbedderSafeBrowsingTriggeredPopupBlocker	const	ported	-	false-positive: see plans/inventory/go_false_positive_notes.md
lib/proto/page.go::const::PageBackForwardCacheNotRestoredReasonEnteredBackForwardCacheBeforeServiceWorkerHostAdded	const	ported	-	false-positive: see plans/inventory/go_false_positive_notes.md
lib/proto/page.go::const::PageBackForwardCacheNotRestoredReasonErrorDocument	const	ported	-	false-positive: see plans/inventory/go_false_positive_notes.md
lib/proto/page.go::const::PageBackForwardCacheNotRestoredReasonFencedFramesEmbedder	const	ported	-	false-positive: see plans/inventory/go_false_positive_notes.md
lib/proto/page.go::const::PageBackForwardCacheNotRestoredReasonForegroundCacheLimit	const	ported	-	false-positive: see plans/inventory/go_false_positive_notes.md
lib/proto/page.go::const::PageBackForwardCacheNotRestoredReasonHTTPAuthRequired	const	ported	-	false-positive: see plans/inventory/go_false_positive_notes.md
lib/proto/page.go::const::PageBackForwardCacheNotRestoredReasonHTTPMethodNotGET	const	ported	-	false-positive: see plans/inventory/go_false_positive_notes.md
lib/proto/page.go::const::PageBackForwardCacheNotRestoredReasonHTTPStatusNotOK	const	ported	-	false-positive: see plans/inventory/go_false_positive_notes.md
lib/proto/page.go::const::PageBackForwardCacheNotRestoredReasonHaveInnerContents	const	ported	-	false-positive: see plans/inventory/go_false_positive_notes.md
lib/proto/page.go::const::PageBackForwardCacheNotRestoredReasonIdleManager	const	ported	-	false-positive: see plans/inventory/go_false_positive_notes.md
lib/proto/page.go::const::PageBackForwardCacheNotRestoredReasonIgnoreEventAndEvict	const	ported	-	false-positive: see plans/inventory/go_false_positive_notes.md
lib/proto/page.go::const::PageBackForwardCacheNotRestoredReasonIndexedDBEvent	const	ported	-	false-positive: see plans/inventory/go_false_positive_notes.md
lib/proto/page.go::const::PageBackForwardCacheNotRestoredReasonInjectedJavascript	const	ported	-	false-positive: see plans/inventory/go_false_positive_notes.md
lib/proto/page.go::const::PageBackForwardCacheNotRestoredReasonInjectedStyleSheet	const	ported	-	false-positive: see plans/inventory/go_false_positive_notes.md
lib/proto/page.go::const::PageBackForwardCacheNotRestoredReasonJavaScriptExecution	const	ported	-	false-positive: see plans/inventory/go_false_positive_notes.md
lib/proto/page.go::const::PageBackForwardCacheNotRestoredReasonJsNetworkRequestReceivedCacheControlNoStoreResource	const	ported	-	false-positive: see plans/inventory/go_false_positive_notes.md
lib/proto/page.go::const::PageBackForwardCacheNotRestoredReasonKeepaliveRequest	const	ported	-	false-positive: see plans/inventory/go_false_positive_notes.md
lib/proto/page.go::const::PageBackForwardCacheNotRestoredReasonKeyboardLock	const	ported	-	false-positive: see plans/inventory/go_false_positive_notes.md
lib/proto/page.go::const::PageBackForwardCacheNotRestoredReasonLiveMediaStreamTrack	const	ported	-	false-positive: see plans/inventory/go_false_positive_notes.md
lib/proto/page.go::const::PageBackForwardCacheNotRestoredReasonLoading	const	ported	-	false-positive: see plans/inventory/go_false_positive_notes.md
lib/proto/page.go::const::PageBackForwardCacheNotRestoredReasonMainResourceHasCacheControlNoCache	const	ported	-	false-positive: see plans/inventory/go_false_positive_notes.md
lib/proto/page.go::const::PageBackForwardCacheNotRestoredReasonMainResourceHasCacheControlNoStore	const	ported	-	false-positive: see plans/inventory/go_false_positive_notes.md
lib/proto/page.go::const::PageBackForwardCacheNotRestoredReasonNavigationCancelledWhileRestoring	const	ported	-	false-positive: see plans/inventory/go_false_positive_notes.md
lib/proto/page.go::const::PageBackForwardCacheNotRestoredReasonNetworkExceedsBufferLimit	const	ported	-	false-positive: see plans/inventory/go_false_positive_notes.md
lib/proto/page.go::const::PageBackForwardCacheNotRestoredReasonNetworkRequestDatapipeDrainedAsBytesConsumer	const	ported	-	false-positive: see plans/inventory/go_false_positive_notes.md
lib/proto/page.go::const::PageBackForwardCacheNotRestoredReasonNetworkRequestRedirected	const	ported	-	false-positive: see plans/inventory/go_false_positive_notes.md
lib/proto/page.go::const::PageBackForwardCacheNotRestoredReasonNetworkRequestTimeout	const	ported	-	false-positive: see plans/inventory/go_false_positive_notes.md
lib/proto/page.go::const::PageBackForwardCacheNotRestoredReasonNoResponseHead	const	ported	-	false-positive: see plans/inventory/go_false_positive_notes.md
lib/proto/page.go::const::PageBackForwardCacheNotRestoredReasonNotMostRecentNavigationEntry	const	ported	-	false-positive: see plans/inventory/go_false_positive_notes.md
lib/proto/page.go::const::PageBackForwardCacheNotRestoredReasonNotPrimaryMainFrame	const	ported	-	false-positive: see plans/inventory/go_false_positive_notes.md
lib/proto/page.go::const::PageBackForwardCacheNotRestoredReasonOutstandingNetworkRequestDirectSocket	const	ported	-	false-positive: see plans/inventory/go_false_positive_notes.md
lib/proto/page.go::const::PageBackForwardCacheNotRestoredReasonOutstandingNetworkRequestFetch	const	ported	-	false-positive: see plans/inventory/go_false_positive_notes.md
lib/proto/page.go::const::PageBackForwardCacheNotRestoredReasonOutstandingNetworkRequestOthers	const	ported	-	false-positive: see plans/inventory/go_false_positive_notes.md
lib/proto/page.go::const::PageBackForwardCacheNotRestoredReasonOutstandingNetworkRequestXHR	const	ported	-	false-positive: see plans/inventory/go_false_positive_notes.md
lib/proto/page.go::const::PageBackForwardCacheNotRestoredReasonParserAborted	const	ported	-	false-positive: see plans/inventory/go_false_positive_notes.md
lib/proto/page.go::const::PageBackForwardCacheNotRestoredReasonPaymentManager	const	ported	-	false-positive: see plans/inventory/go_false_positive_notes.md
lib/proto/page.go::const::PageBackForwardCacheNotRestoredReasonPictureInPicture	const	ported	-	false-positive: see plans/inventory/go_false_positive_notes.md
lib/proto/page.go::const::PageBackForwardCacheNotRestoredReasonPortal	const	ported	-	false-positive: see plans/inventory/go_false_positive_notes.md
lib/proto/page.go::const::PageBackForwardCacheNotRestoredReasonPrinting	const	ported	-	false-positive: see plans/inventory/go_false_positive_notes.md
lib/proto/page.go::const::PageBackForwardCacheNotRestoredReasonRelatedActiveContentsExist	const	ported	-	false-positive: see plans/inventory/go_false_positive_notes.md
lib/proto/page.go::const::PageBackForwardCacheNotRestoredReasonRenderFrameHostReusedCrossSite	const	ported	-	false-positive: see plans/inventory/go_false_positive_notes.md
lib/proto/page.go::const::PageBackForwardCacheNotRestoredReasonRenderFrameHostReusedSameSite	const	ported	-	false-positive: see plans/inventory/go_false_positive_notes.md
lib/proto/page.go::const::PageBackForwardCacheNotRestoredReasonRendererProcessCrashed	const	ported	-	false-positive: see plans/inventory/go_false_positive_notes.md
lib/proto/page.go::const::PageBackForwardCacheNotRestoredReasonRendererProcessKilled	const	ported	-	false-positive: see plans/inventory/go_false_positive_notes.md
lib/proto/page.go::const::PageBackForwardCacheNotRestoredReasonRequestedAudioCapturePermission	const	ported	-	false-positive: see plans/inventory/go_false_positive_notes.md
lib/proto/page.go::const::PageBackForwardCacheNotRestoredReasonRequestedBackForwardCacheBlockedSensors	const	ported	-	false-positive: see plans/inventory/go_false_positive_notes.md
lib/proto/page.go::const::PageBackForwardCacheNotRestoredReasonRequestedBackgroundWorkPermission	const	ported	-	false-positive: see plans/inventory/go_false_positive_notes.md
lib/proto/page.go::const::PageBackForwardCacheNotRestoredReasonRequestedByWebViewClient	const	ported	-	false-positive: see plans/inventory/go_false_positive_notes.md
lib/proto/page.go::const::PageBackForwardCacheNotRestoredReasonRequestedMIDIPermission	const	ported	-	false-positive: see plans/inventory/go_false_positive_notes.md
lib/proto/page.go::const::PageBackForwardCacheNotRestoredReasonRequestedStorageAccessGrant	const	ported	-	false-positive: see plans/inventory/go_false_positive_notes.md
lib/proto/page.go::const::PageBackForwardCacheNotRestoredReasonRequestedVideoCapturePermission	const	ported	-	false-positive: see plans/inventory/go_false_positive_notes.md
lib/proto/page.go::const::PageBackForwardCacheNotRestoredReasonSchedulerTrackedFeatureUsed	const	ported	-	false-positive: see plans/inventory/go_false_positive_notes.md
lib/proto/page.go::const::PageBackForwardCacheNotRestoredReasonSchemeNotHTTPOrHTTPS	const	ported	-	false-positive: see plans/inventory/go_false_positive_notes.md
lib/proto/page.go::const::PageBackForwardCacheNotRestoredReasonServiceWorkerClaim	const	ported	-	false-positive: see plans/inventory/go_false_positive_notes.md
lib/proto/page.go::const::PageBackForwardCacheNotRestoredReasonServiceWorkerPostMessage	const	ported	-	false-positive: see plans/inventory/go_false_positive_notes.md
lib/proto/page.go::const::PageBackForwardCacheNotRestoredReasonServiceWorkerUnregistration	const	ported	-	false-positive: see plans/inventory/go_false_positive_notes.md
lib/proto/page.go::const::PageBackForwardCacheNotRestoredReasonServiceWorkerVersionActivation	const	ported	-	false-positive: see plans/inventory/go_false_positive_notes.md
lib/proto/page.go::const::PageBackForwardCacheNotRestoredReasonSessionRestored	const	ported	-	false-positive: see plans/inventory/go_false_positive_notes.md
lib/proto/page.go::const::PageBackForwardCacheNotRestoredReasonSharedWorker	const	ported	-	false-positive: see plans/inventory/go_false_positive_notes.md
lib/proto/page.go::const::PageBackForwardCacheNotRestoredReasonSmartCard	const	ported	-	false-positive: see plans/inventory/go_false_positive_notes.md
lib/proto/page.go::const::PageBackForwardCacheNotRestoredReasonSpeechRecognizer	const	ported	-	false-positive: see plans/inventory/go_false_positive_notes.md
lib/proto/page.go::const::PageBackForwardCacheNotRestoredReasonSpeechSynthesis	const	ported	-	false-positive: see plans/inventory/go_false_positive_notes.md
lib/proto/page.go::const::PageBackForwardCacheNotRestoredReasonSubframeIsNavigating	const	ported	-	false-positive: see plans/inventory/go_false_positive_notes.md
lib/proto/page.go::const::PageBackForwardCacheNotRestoredReasonSubresourceHasCacheControlNoCache	const	ported	-	false-positive: see plans/inventory/go_false_positive_notes.md
lib/proto/page.go::const::PageBackForwardCacheNotRestoredReasonSubresourceHasCacheControlNoStore	const	ported	-	false-positive: see plans/inventory/go_false_positive_notes.md
lib/proto/page.go::const::PageBackForwardCacheNotRestoredReasonTimeout	const	ported	-	false-positive: see plans/inventory/go_false_positive_notes.md
lib/proto/page.go::const::PageBackForwardCacheNotRestoredReasonTimeoutPuttingInCache	const	ported	-	false-positive: see plans/inventory/go_false_positive_notes.md
lib/proto/page.go::const::PageBackForwardCacheNotRestoredReasonTypeCircumstantial	const	ported	-	false-positive: see plans/inventory/go_false_positive_notes.md
lib/proto/page.go::const::PageBackForwardCacheNotRestoredReasonTypePageSupportNeeded	const	ported	-	false-positive: see plans/inventory/go_false_positive_notes.md
lib/proto/page.go::const::PageBackForwardCacheNotRestoredReasonTypeSupportPending	const	ported	-	false-positive: see plans/inventory/go_false_positive_notes.md
lib/proto/page.go::const::PageBackForwardCacheNotRestoredReasonUnknown	const	ported	-	false-positive: see plans/inventory/go_false_positive_notes.md
lib/proto/page.go::const::PageBackForwardCacheNotRestoredReasonUnloadHandler	const	ported	-	false-positive: see plans/inventory/go_false_positive_notes.md
lib/proto/page.go::const::PageBackForwardCacheNotRestoredReasonUnloadHandlerExistsInMainFrame	const	ported	-	false-positive: see plans/inventory/go_false_positive_notes.md
lib/proto/page.go::const::PageBackForwardCacheNotRestoredReasonUnloadHandlerExistsInSubFrame	const	ported	-	false-positive: see plans/inventory/go_false_positive_notes.md
lib/proto/page.go::const::PageBackForwardCacheNotRestoredReasonUserAgentOverrideDiffers	const	ported	-	false-positive: see plans/inventory/go_false_positive_notes.md
lib/proto/page.go::const::PageBackForwardCacheNotRestoredReasonWasGrantedMediaAccess	const	ported	-	false-positive: see plans/inventory/go_false_positive_notes.md
lib/proto/page.go::const::PageBackForwardCacheNotRestoredReasonWebDatabase	const	ported	-	false-positive: see plans/inventory/go_false_positive_notes.md
lib/proto/page.go::const::PageBackForwardCacheNotRestoredReasonWebHID	const	ported	-	false-positive: see plans/inventory/go_false_positive_notes.md
lib/proto/page.go::const::PageBackForwardCacheNotRestoredReasonWebLocks	const	ported	-	false-positive: see plans/inventory/go_false_positive_notes.md
lib/proto/page.go::const::PageBackForwardCacheNotRestoredReasonWebNfc	const	ported	-	false-positive: see plans/inventory/go_false_positive_notes.md
lib/proto/page.go::const::PageBackForwardCacheNotRestoredReasonWebOTPService	const	ported	-	false-positive: see plans/inventory/go_false_positive_notes.md
lib/proto/page.go::const::PageBackForwardCacheNotRestoredReasonWebRTC	const	ported	-	false-positive: see plans/inventory/go_false_positive_notes.md
lib/proto/page.go::const::PageBackForwardCacheNotRestoredReasonWebRTCSticky	const	ported	-	false-positive: see plans/inventory/go_false_positive_notes.md
lib/proto/page.go::const::PageBackForwardCacheNotRestoredReasonWebShare	const	ported	-	false-positive: see plans/inventory/go_false_positive_notes.md
lib/proto/page.go::const::PageBackForwardCacheNotRestoredReasonWebSocket	const	ported	-	false-positive: see plans/inventory/go_false_positive_notes.md
lib/proto/page.go::const::PageBackForwardCacheNotRestoredReasonWebSocketSticky	const	ported	-	false-positive: see plans/inventory/go_false_positive_notes.md
lib/proto/page.go::const::PageBackForwardCacheNotRestoredReasonWebTransport	const	ported	-	false-positive: see plans/inventory/go_false_positive_notes.md
lib/proto/page.go::const::PageBackForwardCacheNotRestoredReasonWebTransportSticky	const	ported	-	false-positive: see plans/inventory/go_false_positive_notes.md
lib/proto/page.go::const::PageBackForwardCacheNotRestoredReasonWebViewDocumentStartJavascriptChanged	const	ported	-	false-positive: see plans/inventory/go_false_positive_notes.md
lib/proto/page.go::const::PageBackForwardCacheNotRestoredReasonWebViewJavaScriptObjectChanged	const	ported	-	false-positive: see plans/inventory/go_false_positive_notes.md
lib/proto/page.go::const::PageBackForwardCacheNotRestoredReasonWebViewMessageListenerInjected	const	ported	-	false-positive: see plans/inventory/go_false_positive_notes.md
lib/proto/page.go::const::PageBackForwardCacheNotRestoredReasonWebViewSafeBrowsingAllowlistChanged	const	ported	-	false-positive: see plans/inventory/go_false_positive_notes.md
lib/proto/page.go::const::PageBackForwardCacheNotRestoredReasonWebViewSettingsChanged	const	ported	-	false-positive: see plans/inventory/go_false_positive_notes.md
lib/proto/page.go::const::PageBackForwardCacheNotRestoredReasonWebXR	const	ported	-	false-positive: see plans/inventory/go_false_positive_notes.md
lib/proto/page.go::const::PageCaptureScreenshotFormatJpeg	const	ported	-	false-positive: see plans/inventory/go_false_positive_notes.md
lib/proto/page.go::const::PageCaptureScreenshotFormatPng	const	ported	-	false-positive: see plans/inventory/go_false_positive_notes.md
lib/proto/page.go::const::PageCaptureScreenshotFormatWebp	const	ported	-	false-positive: see plans/inventory/go_false_positive_notes.md
lib/proto/page.go::const::PageCaptureSnapshotFormatMhtml	const	ported	-	false-positive: see plans/inventory/go_false_positive_notes.md
lib/proto/page.go::const::PageClientNavigationDispositionCurrentTab	const	ported	-	false-positive: see plans/inventory/go_false_positive_notes.md
lib/proto/page.go::const::PageClientNavigationDispositionDownload	const	ported	-	false-positive: see plans/inventory/go_false_positive_notes.md
lib/proto/page.go::const::PageClientNavigationDispositionNewTab	const	ported	-	false-positive: see plans/inventory/go_false_positive_notes.md
lib/proto/page.go::const::PageClientNavigationDispositionNewWindow	const	ported	-	false-positive: see plans/inventory/go_false_positive_notes.md
lib/proto/page.go::const::PageClientNavigationReasonAnchorClick	const	ported	-	false-positive: see plans/inventory/go_false_positive_notes.md
lib/proto/page.go::const::PageClientNavigationReasonFormSubmissionGet	const	ported	-	false-positive: see plans/inventory/go_false_positive_notes.md
lib/proto/page.go::const::PageClientNavigationReasonFormSubmissionPost	const	ported	-	false-positive: see plans/inventory/go_false_positive_notes.md
lib/proto/page.go::const::PageClientNavigationReasonHTTPHeaderRefresh	const	ported	-	false-positive: see plans/inventory/go_false_positive_notes.md
lib/proto/page.go::const::PageClientNavigationReasonMetaTagRefresh	const	ported	-	false-positive: see plans/inventory/go_false_positive_notes.md
lib/proto/page.go::const::PageClientNavigationReasonPageBlockInterstitial	const	ported	-	false-positive: see plans/inventory/go_false_positive_notes.md
lib/proto/page.go::const::PageClientNavigationReasonReload	const	ported	-	false-positive: see plans/inventory/go_false_positive_notes.md
lib/proto/page.go::const::PageClientNavigationReasonScriptInitiated	const	ported	-	false-positive: see plans/inventory/go_false_positive_notes.md
lib/proto/page.go::const::PageCrossOriginIsolatedContextTypeIsolated	const	ported	-	false-positive: see plans/inventory/go_false_positive_notes.md
lib/proto/page.go::const::PageCrossOriginIsolatedContextTypeNotIsolated	const	ported	-	false-positive: see plans/inventory/go_false_positive_notes.md
lib/proto/page.go::const::PageCrossOriginIsolatedContextTypeNotIsolatedFeatureDisabled	const	ported	-	false-positive: see plans/inventory/go_false_positive_notes.md
lib/proto/page.go::const::PageDialogTypeAlert	const	ported	-	false-positive: see plans/inventory/go_false_positive_notes.md
lib/proto/page.go::const::PageDialogTypeBeforeunload	const	ported	-	false-positive: see plans/inventory/go_false_positive_notes.md
lib/proto/page.go::const::PageDialogTypeConfirm	const	ported	-	false-positive: see plans/inventory/go_false_positive_notes.md
lib/proto/page.go::const::PageDialogTypePrompt	const	ported	-	false-positive: see plans/inventory/go_false_positive_notes.md
lib/proto/page.go::const::PageDownloadProgressStateCanceled	const	ported	-	false-positive: see plans/inventory/go_false_positive_notes.md
lib/proto/page.go::const::PageDownloadProgressStateCompleted	const	ported	-	false-positive: see plans/inventory/go_false_positive_notes.md
lib/proto/page.go::const::PageDownloadProgressStateInProgress	const	ported	-	false-positive: see plans/inventory/go_false_positive_notes.md
lib/proto/page.go::const::PageFileChooserOpenedModeSelectMultiple	const	ported	-	false-positive: see plans/inventory/go_false_positive_notes.md
lib/proto/page.go::const::PageFileChooserOpenedModeSelectSingle	const	ported	-	false-positive: see plans/inventory/go_false_positive_notes.md
lib/proto/page.go::const::PageFrameDetachedReasonRemove	const	ported	-	false-positive: see plans/inventory/go_false_positive_notes.md
lib/proto/page.go::const::PageFrameDetachedReasonSwap	const	ported	-	false-positive: see plans/inventory/go_false_positive_notes.md
lib/proto/page.go::const::PageGatedAPIFeaturesPerformanceMeasureMemory	const	ported	-	false-positive: see plans/inventory/go_false_positive_notes.md
lib/proto/page.go::const::PageGatedAPIFeaturesPerformanceProfile	const	ported	-	false-positive: see plans/inventory/go_false_positive_notes.md
lib/proto/page.go::const::PageGatedAPIFeaturesSharedArrayBuffers	const	ported	-	false-positive: see plans/inventory/go_false_positive_notes.md
lib/proto/page.go::const::PageGatedAPIFeaturesSharedArrayBuffersTransferAllowed	const	ported	-	false-positive: see plans/inventory/go_false_positive_notes.md
lib/proto/page.go::const::PageLifecycleEventNameDOMContentLoaded	const	ported	-	false-positive: see plans/inventory/go_false_positive_notes.md
lib/proto/page.go::const::PageLifecycleEventNameFirstContentfulPaint	const	ported	-	false-positive: see plans/inventory/go_false_positive_notes.md
lib/proto/page.go::const::PageLifecycleEventNameFirstImagePaint	const	ported	-	false-positive: see plans/inventory/go_false_positive_notes.md
lib/proto/page.go::const::PageLifecycleEventNameFirstMeaningfulPaint	const	ported	-	false-positive: see plans/inventory/go_false_positive_notes.md
lib/proto/page.go::const::PageLifecycleEventNameFirstMeaningfulPaintCandidate	const	ported	-	false-positive: see plans/inventory/go_false_positive_notes.md
lib/proto/page.go::const::PageLifecycleEventNameFirstPaint	const	ported	-	false-positive: see plans/inventory/go_false_positive_notes.md
lib/proto/page.go::const::PageLifecycleEventNameInit	const	ported	-	false-positive: see plans/inventory/go_false_positive_notes.md
lib/proto/page.go::const::PageLifecycleEventNameLoad	const	ported	-	false-positive: see plans/inventory/go_false_positive_notes.md
lib/proto/page.go::const::PageLifecycleEventNameNetworkAlmostIdle	const	ported	-	false-positive: see plans/inventory/go_false_positive_notes.md
lib/proto/page.go::const::PageLifecycleEventNameNetworkIdle	const	ported	-	false-positive: see plans/inventory/go_false_positive_notes.md
lib/proto/page.go::const::PageNavigationTypeBackForwardCacheRestore	const	ported	-	false-positive: see plans/inventory/go_false_positive_notes.md
lib/proto/page.go::const::PageNavigationTypeNavigation	const	ported	-	false-positive: see plans/inventory/go_false_positive_notes.md
lib/proto/page.go::const::PageOriginTrialStatusEnabled	const	ported	-	false-positive: see plans/inventory/go_false_positive_notes.md
lib/proto/page.go::const::PageOriginTrialStatusOSNotSupported	const	ported	-	false-positive: see plans/inventory/go_false_positive_notes.md
lib/proto/page.go::const::PageOriginTrialStatusTrialNotAllowed	const	ported	-	false-positive: see plans/inventory/go_false_positive_notes.md
lib/proto/page.go::const::PageOriginTrialStatusValidTokenNotProvided	const	ported	-	false-positive: see plans/inventory/go_false_positive_notes.md
lib/proto/page.go::const::PageOriginTrialTokenStatusExpired	const	ported	-	false-positive: see plans/inventory/go_false_positive_notes.md
lib/proto/page.go::const::PageOriginTrialTokenStatusFeatureDisabled	const	ported	-	false-positive: see plans/inventory/go_false_positive_notes.md
lib/proto/page.go::const::PageOriginTrialTokenStatusFeatureDisabledForUser	const	ported	-	false-positive: see plans/inventory/go_false_positive_notes.md
lib/proto/page.go::const::PageOriginTrialTokenStatusInsecure	const	ported	-	false-positive: see plans/inventory/go_false_positive_notes.md
lib/proto/page.go::const::PageOriginTrialTokenStatusInvalidSignature	const	ported	-	false-positive: see plans/inventory/go_false_positive_notes.md
lib/proto/page.go::const::PageOriginTrialTokenStatusMalformed	const	ported	-	false-positive: see plans/inventory/go_false_positive_notes.md
lib/proto/page.go::const::PageOriginTrialTokenStatusNotSupported	const	ported	-	false-positive: see plans/inventory/go_false_positive_notes.md
lib/proto/page.go::const::PageOriginTrialTokenStatusSuccess	const	ported	-	false-positive: see plans/inventory/go_false_positive_notes.md
lib/proto/page.go::const::PageOriginTrialTokenStatusTokenDisabled	const	ported	-	false-positive: see plans/inventory/go_false_positive_notes.md
lib/proto/page.go::const::PageOriginTrialTokenStatusUnknownTrial	const	ported	-	false-positive: see plans/inventory/go_false_positive_notes.md
lib/proto/page.go::const::PageOriginTrialTokenStatusWrongOrigin	const	ported	-	false-positive: see plans/inventory/go_false_positive_notes.md
lib/proto/page.go::const::PageOriginTrialTokenStatusWrongVersion	const	ported	-	false-positive: see plans/inventory/go_false_positive_notes.md
lib/proto/page.go::const::PageOriginTrialUsageRestrictionNone	const	ported	-	false-positive: see plans/inventory/go_false_positive_notes.md
lib/proto/page.go::const::PageOriginTrialUsageRestrictionSubset	const	ported	-	false-positive: see plans/inventory/go_false_positive_notes.md
lib/proto/page.go::const::PagePermissionsPolicyBlockReasonHeader	const	ported	-	false-positive: see plans/inventory/go_false_positive_notes.md
lib/proto/page.go::const::PagePermissionsPolicyBlockReasonIframeAttribute	const	ported	-	false-positive: see plans/inventory/go_false_positive_notes.md
lib/proto/page.go::const::PagePermissionsPolicyBlockReasonInFencedFrameTree	const	ported	-	false-positive: see plans/inventory/go_false_positive_notes.md
lib/proto/page.go::const::PagePermissionsPolicyBlockReasonInIsolatedApp	const	ported	-	false-positive: see plans/inventory/go_false_positive_notes.md
lib/proto/page.go::const::PagePermissionsPolicyFeatureAccelerometer	const	ported	-	false-positive: see plans/inventory/go_false_positive_notes.md
lib/proto/page.go::const::PagePermissionsPolicyFeatureAmbientLightSensor	const	ported	-	false-positive: see plans/inventory/go_false_positive_notes.md
lib/proto/page.go::const::PagePermissionsPolicyFeatureAttributionReporting	const	ported	-	false-positive: see plans/inventory/go_false_positive_notes.md
lib/proto/page.go::const::PagePermissionsPolicyFeatureAutoplay	const	ported	-	false-positive: see plans/inventory/go_false_positive_notes.md
lib/proto/page.go::const::PagePermissionsPolicyFeatureBluetooth	const	ported	-	false-positive: see plans/inventory/go_false_positive_notes.md
lib/proto/page.go::const::PagePermissionsPolicyFeatureBrowsingTopics	const	ported	-	false-positive: see plans/inventory/go_false_positive_notes.md
lib/proto/page.go::const::PagePermissionsPolicyFeatureCamera	const	ported	-	false-positive: see plans/inventory/go_false_positive_notes.md
lib/proto/page.go::const::PagePermissionsPolicyFeatureCapturedSurfaceControl	const	ported	-	false-positive: see plans/inventory/go_false_positive_notes.md
lib/proto/page.go::const::PagePermissionsPolicyFeatureChDeviceMemory	const	ported	-	false-positive: see plans/inventory/go_false_positive_notes.md
lib/proto/page.go::const::PagePermissionsPolicyFeatureChDownlink	const	ported	-	false-positive: see plans/inventory/go_false_positive_notes.md
lib/proto/page.go::const::PagePermissionsPolicyFeatureChDpr	const	ported	-	false-positive: see plans/inventory/go_false_positive_notes.md
lib/proto/page.go::const::PagePermissionsPolicyFeatureChEct	const	ported	-	false-positive: see plans/inventory/go_false_positive_notes.md
lib/proto/page.go::const::PagePermissionsPolicyFeatureChPrefersColorScheme	const	ported	-	false-positive: see plans/inventory/go_false_positive_notes.md
lib/proto/page.go::const::PagePermissionsPolicyFeatureChPrefersReducedMotion	const	ported	-	false-positive: see plans/inventory/go_false_positive_notes.md
lib/proto/page.go::const::PagePermissionsPolicyFeatureChPrefersReducedTransparency	const	ported	-	false-positive: see plans/inventory/go_false_positive_notes.md
lib/proto/page.go::const::PagePermissionsPolicyFeatureChRtt	const	ported	-	false-positive: see plans/inventory/go_false_positive_notes.md
lib/proto/page.go::const::PagePermissionsPolicyFeatureChSaveData	const	ported	-	false-positive: see plans/inventory/go_false_positive_notes.md
lib/proto/page.go::const::PagePermissionsPolicyFeatureChUa	const	ported	-	false-positive: see plans/inventory/go_false_positive_notes.md
lib/proto/page.go::const::PagePermissionsPolicyFeatureChUaArch	const	ported	-	false-positive: see plans/inventory/go_false_positive_notes.md
lib/proto/page.go::const::PagePermissionsPolicyFeatureChUaBitness	const	ported	-	false-positive: see plans/inventory/go_false_positive_notes.md
lib/proto/page.go::const::PagePermissionsPolicyFeatureChUaFormFactors	const	ported	-	false-positive: see plans/inventory/go_false_positive_notes.md
lib/proto/page.go::const::PagePermissionsPolicyFeatureChUaFullVersion	const	ported	-	false-positive: see plans/inventory/go_false_positive_notes.md
lib/proto/page.go::const::PagePermissionsPolicyFeatureChUaFullVersionList	const	ported	-	false-positive: see plans/inventory/go_false_positive_notes.md
lib/proto/page.go::const::PagePermissionsPolicyFeatureChUaMobile	const	ported	-	false-positive: see plans/inventory/go_false_positive_notes.md
lib/proto/page.go::const::PagePermissionsPolicyFeatureChUaModel	const	ported	-	false-positive: see plans/inventory/go_false_positive_notes.md
lib/proto/page.go::const::PagePermissionsPolicyFeatureChUaPlatform	const	ported	-	false-positive: see plans/inventory/go_false_positive_notes.md
lib/proto/page.go::const::PagePermissionsPolicyFeatureChUaPlatformVersion	const	ported	-	false-positive: see plans/inventory/go_false_positive_notes.md
lib/proto/page.go::const::PagePermissionsPolicyFeatureChUaWow64	const	ported	-	false-positive: see plans/inventory/go_false_positive_notes.md
lib/proto/page.go::const::PagePermissionsPolicyFeatureChViewportHeight	const	ported	-	false-positive: see plans/inventory/go_false_positive_notes.md
lib/proto/page.go::const::PagePermissionsPolicyFeatureChViewportWidth	const	ported	-	false-positive: see plans/inventory/go_false_positive_notes.md
lib/proto/page.go::const::PagePermissionsPolicyFeatureChWidth	const	ported	-	false-positive: see plans/inventory/go_false_positive_notes.md
lib/proto/page.go::const::PagePermissionsPolicyFeatureClipboardRead	const	ported	-	false-positive: see plans/inventory/go_false_positive_notes.md
lib/proto/page.go::const::PagePermissionsPolicyFeatureClipboardWrite	const	ported	-	false-positive: see plans/inventory/go_false_positive_notes.md
lib/proto/page.go::const::PagePermissionsPolicyFeatureComputePressure	const	ported	-	false-positive: see plans/inventory/go_false_positive_notes.md
lib/proto/page.go::const::PagePermissionsPolicyFeatureCrossOriginIsolated	const	ported	-	false-positive: see plans/inventory/go_false_positive_notes.md
lib/proto/page.go::const::PagePermissionsPolicyFeatureDeferredFetch	const	ported	-	false-positive: see plans/inventory/go_false_positive_notes.md
lib/proto/page.go::const::PagePermissionsPolicyFeatureDirectSockets	const	ported	-	false-positive: see plans/inventory/go_false_positive_notes.md
lib/proto/page.go::const::PagePermissionsPolicyFeatureDisplayCapture	const	ported	-	false-positive: see plans/inventory/go_false_positive_notes.md
lib/proto/page.go::const::PagePermissionsPolicyFeatureDocumentDomain	const	ported	-	false-positive: see plans/inventory/go_false_positive_notes.md
lib/proto/page.go::const::PagePermissionsPolicyFeatureEncryptedMedia	const	ported	-	false-positive: see plans/inventory/go_false_positive_notes.md
lib/proto/page.go::const::PagePermissionsPolicyFeatureExecutionWhileNotRendered	const	ported	-	false-positive: see plans/inventory/go_false_positive_notes.md
lib/proto/page.go::const::PagePermissionsPolicyFeatureExecutionWhileOutOfViewport	const	ported	-	false-positive: see plans/inventory/go_false_positive_notes.md
lib/proto/page.go::const::PagePermissionsPolicyFeatureFocusWithoutUserActivation	const	ported	-	false-positive: see plans/inventory/go_false_positive_notes.md
lib/proto/page.go::const::PagePermissionsPolicyFeatureFrobulate	const	ported	-	false-positive: see plans/inventory/go_false_positive_notes.md
lib/proto/page.go::const::PagePermissionsPolicyFeatureFullscreen	const	ported	-	false-positive: see plans/inventory/go_false_positive_notes.md
lib/proto/page.go::const::PagePermissionsPolicyFeatureGamepad	const	ported	-	false-positive: see plans/inventory/go_false_positive_notes.md
lib/proto/page.go::const::PagePermissionsPolicyFeatureGeolocation	const	ported	-	false-positive: see plans/inventory/go_false_positive_notes.md
lib/proto/page.go::const::PagePermissionsPolicyFeatureGyroscope	const	ported	-	false-positive: see plans/inventory/go_false_positive_notes.md
lib/proto/page.go::const::PagePermissionsPolicyFeatureHid	const	ported	-	false-positive: see plans/inventory/go_false_positive_notes.md
lib/proto/page.go::const::PagePermissionsPolicyFeatureIdentityCredentialsGet	const	ported	-	false-positive: see plans/inventory/go_false_positive_notes.md
lib/proto/page.go::const::PagePermissionsPolicyFeatureIdleDetection	const	ported	-	false-positive: see plans/inventory/go_false_positive_notes.md
lib/proto/page.go::const::PagePermissionsPolicyFeatureInterestCohort	const	ported	-	false-positive: see plans/inventory/go_false_positive_notes.md
lib/proto/page.go::const::PagePermissionsPolicyFeatureJoinAdInterestGroup	const	ported	-	false-positive: see plans/inventory/go_false_positive_notes.md
lib/proto/page.go::const::PagePermissionsPolicyFeatureKeyboardMap	const	ported	-	false-positive: see plans/inventory/go_false_positive_notes.md
lib/proto/page.go::const::PagePermissionsPolicyFeatureLocalFonts	const	ported	-	false-positive: see plans/inventory/go_false_positive_notes.md
lib/proto/page.go::const::PagePermissionsPolicyFeatureMagnetometer	const	ported	-	false-positive: see plans/inventory/go_false_positive_notes.md
lib/proto/page.go::const::PagePermissionsPolicyFeatureMicrophone	const	ported	-	false-positive: see plans/inventory/go_false_positive_notes.md
lib/proto/page.go::const::PagePermissionsPolicyFeatureMidi	const	ported	-	false-positive: see plans/inventory/go_false_positive_notes.md
lib/proto/page.go::const::PagePermissionsPolicyFeatureOtpCredentials	const	ported	-	false-positive: see plans/inventory/go_false_positive_notes.md
lib/proto/page.go::const::PagePermissionsPolicyFeaturePayment	const	ported	-	false-positive: see plans/inventory/go_false_positive_notes.md
lib/proto/page.go::const::PagePermissionsPolicyFeaturePictureInPicture	const	ported	-	false-positive: see plans/inventory/go_false_positive_notes.md
lib/proto/page.go::const::PagePermissionsPolicyFeaturePrivateAggregation	const	ported	-	false-positive: see plans/inventory/go_false_positive_notes.md
lib/proto/page.go::const::PagePermissionsPolicyFeaturePrivateStateTokenIssuance	const	ported	-	false-positive: see plans/inventory/go_false_positive_notes.md
lib/proto/page.go::const::PagePermissionsPolicyFeaturePrivateStateTokenRedemption	const	ported	-	false-positive: see plans/inventory/go_false_positive_notes.md
lib/proto/page.go::const::PagePermissionsPolicyFeaturePublickeyCredentialsCreate	const	ported	-	false-positive: see plans/inventory/go_false_positive_notes.md
lib/proto/page.go::const::PagePermissionsPolicyFeaturePublickeyCredentialsGet	const	ported	-	false-positive: see plans/inventory/go_false_positive_notes.md
lib/proto/page.go::const::PagePermissionsPolicyFeatureRunAdAuction	const	ported	-	false-positive: see plans/inventory/go_false_positive_notes.md
lib/proto/page.go::const::PagePermissionsPolicyFeatureScreenWakeLock	const	ported	-	false-positive: see plans/inventory/go_false_positive_notes.md
lib/proto/page.go::const::PagePermissionsPolicyFeatureSerial	const	ported	-	false-positive: see plans/inventory/go_false_positive_notes.md
lib/proto/page.go::const::PagePermissionsPolicyFeatureSharedAutofill	const	ported	-	false-positive: see plans/inventory/go_false_positive_notes.md
lib/proto/page.go::const::PagePermissionsPolicyFeatureSharedStorage	const	ported	-	false-positive: see plans/inventory/go_false_positive_notes.md
lib/proto/page.go::const::PagePermissionsPolicyFeatureSharedStorageSelectURL	const	ported	-	false-positive: see plans/inventory/go_false_positive_notes.md
lib/proto/page.go::const::PagePermissionsPolicyFeatureSmartCard	const	ported	-	false-positive: see plans/inventory/go_false_positive_notes.md
lib/proto/page.go::const::PagePermissionsPolicyFeatureSpeakerSelection	const	ported	-	false-positive: see plans/inventory/go_false_positive_notes.md
lib/proto/page.go::const::PagePermissionsPolicyFeatureStorageAccess	const	ported	-	false-positive: see plans/inventory/go_false_positive_notes.md
lib/proto/page.go::const::PagePermissionsPolicyFeatureSubApps	const	ported	-	false-positive: see plans/inventory/go_false_positive_notes.md
lib/proto/page.go::const::PagePermissionsPolicyFeatureSyncXhr	const	ported	-	false-positive: see plans/inventory/go_false_positive_notes.md
lib/proto/page.go::const::PagePermissionsPolicyFeatureUnload	const	ported	-	false-positive: see plans/inventory/go_false_positive_notes.md
lib/proto/page.go::const::PagePermissionsPolicyFeatureUsb	const	ported	-	false-positive: see plans/inventory/go_false_positive_notes.md
lib/proto/page.go::const::PagePermissionsPolicyFeatureUsbUnrestricted	const	ported	-	false-positive: see plans/inventory/go_false_positive_notes.md
lib/proto/page.go::const::PagePermissionsPolicyFeatureVerticalScroll	const	ported	-	false-positive: see plans/inventory/go_false_positive_notes.md
lib/proto/page.go::const::PagePermissionsPolicyFeatureWebPrinting	const	ported	-	false-positive: see plans/inventory/go_false_positive_notes.md
lib/proto/page.go::const::PagePermissionsPolicyFeatureWebShare	const	ported	-	false-positive: see plans/inventory/go_false_positive_notes.md
lib/proto/page.go::const::PagePermissionsPolicyFeatureWindowManagement	const	ported	-	false-positive: see plans/inventory/go_false_positive_notes.md
lib/proto/page.go::const::PagePermissionsPolicyFeatureXrSpatialTracking	const	ported	-	false-positive: see plans/inventory/go_false_positive_notes.md
lib/proto/page.go::const::PagePrintToPDFTransferModeReturnAsBase64	const	ported	-	false-positive: see plans/inventory/go_false_positive_notes.md
lib/proto/page.go::const::PagePrintToPDFTransferModeReturnAsStream	const	ported	-	false-positive: see plans/inventory/go_false_positive_notes.md
lib/proto/page.go::const::PageReferrerPolicyNoReferrer	const	ported	-	false-positive: see plans/inventory/go_false_positive_notes.md
lib/proto/page.go::const::PageReferrerPolicyNoReferrerWhenDowngrade	const	ported	-	false-positive: see plans/inventory/go_false_positive_notes.md
lib/proto/page.go::const::PageReferrerPolicyOrigin	const	ported	-	false-positive: see plans/inventory/go_false_positive_notes.md
lib/proto/page.go::const::PageReferrerPolicyOriginWhenCrossOrigin	const	ported	-	false-positive: see plans/inventory/go_false_positive_notes.md
lib/proto/page.go::const::PageReferrerPolicySameOrigin	const	ported	-	false-positive: see plans/inventory/go_false_positive_notes.md
lib/proto/page.go::const::PageReferrerPolicyStrictOrigin	const	ported	-	false-positive: see plans/inventory/go_false_positive_notes.md
lib/proto/page.go::const::PageReferrerPolicyStrictOriginWhenCrossOrigin	const	ported	-	false-positive: see plans/inventory/go_false_positive_notes.md
lib/proto/page.go::const::PageReferrerPolicyUnsafeURL	const	ported	-	false-positive: see plans/inventory/go_false_positive_notes.md
lib/proto/page.go::const::PageSecureContextTypeInsecureAncestor	const	ported	-	false-positive: see plans/inventory/go_false_positive_notes.md
lib/proto/page.go::const::PageSecureContextTypeInsecureScheme	const	ported	-	false-positive: see plans/inventory/go_false_positive_notes.md
lib/proto/page.go::const::PageSecureContextTypeSecure	const	ported	-	false-positive: see plans/inventory/go_false_positive_notes.md
lib/proto/page.go::const::PageSecureContextTypeSecureLocalhost	const	ported	-	false-positive: see plans/inventory/go_false_positive_notes.md
lib/proto/page.go::const::PageSetDownloadBehaviorBehaviorAllow	const	ported	-	false-positive: see plans/inventory/go_false_positive_notes.md
lib/proto/page.go::const::PageSetDownloadBehaviorBehaviorDefault	const	ported	-	false-positive: see plans/inventory/go_false_positive_notes.md
lib/proto/page.go::const::PageSetDownloadBehaviorBehaviorDeny	const	ported	-	false-positive: see plans/inventory/go_false_positive_notes.md
lib/proto/page.go::const::PageSetTouchEmulationEnabledConfigurationDesktop	const	ported	-	false-positive: see plans/inventory/go_false_positive_notes.md
lib/proto/page.go::const::PageSetTouchEmulationEnabledConfigurationMobile	const	ported	-	false-positive: see plans/inventory/go_false_positive_notes.md
lib/proto/page.go::const::PageSetWebLifecycleStateStateActive	const	ported	-	false-positive: see plans/inventory/go_false_positive_notes.md
lib/proto/page.go::const::PageSetWebLifecycleStateStateFrozen	const	ported	-	false-positive: see plans/inventory/go_false_positive_notes.md
lib/proto/page.go::const::PageStartScreencastFormatJpeg	const	ported	-	false-positive: see plans/inventory/go_false_positive_notes.md
lib/proto/page.go::const::PageStartScreencastFormatPng	const	ported	-	false-positive: see plans/inventory/go_false_positive_notes.md
lib/proto/page.go::const::PageTransitionTypeAddressBar	const	ported	-	false-positive: see plans/inventory/go_false_positive_notes.md
lib/proto/page.go::const::PageTransitionTypeAutoBookmark	const	ported	-	false-positive: see plans/inventory/go_false_positive_notes.md
lib/proto/page.go::const::PageTransitionTypeAutoSubframe	const	ported	-	false-positive: see plans/inventory/go_false_positive_notes.md
lib/proto/page.go::const::PageTransitionTypeAutoToplevel	const	ported	-	false-positive: see plans/inventory/go_false_positive_notes.md
lib/proto/page.go::const::PageTransitionTypeFormSubmit	const	ported	-	false-positive: see plans/inventory/go_false_positive_notes.md
lib/proto/page.go::const::PageTransitionTypeGenerated	const	ported	-	false-positive: see plans/inventory/go_false_positive_notes.md
lib/proto/page.go::const::PageTransitionTypeKeyword	const	ported	-	false-positive: see plans/inventory/go_false_positive_notes.md
lib/proto/page.go::const::PageTransitionTypeKeywordGenerated	const	ported	-	false-positive: see plans/inventory/go_false_positive_notes.md
lib/proto/page.go::const::PageTransitionTypeLink	const	ported	-	false-positive: see plans/inventory/go_false_positive_notes.md
lib/proto/page.go::const::PageTransitionTypeManualSubframe	const	ported	-	false-positive: see plans/inventory/go_false_positive_notes.md
lib/proto/page.go::const::PageTransitionTypeOther	const	ported	-	false-positive: see plans/inventory/go_false_positive_notes.md
lib/proto/page.go::const::PageTransitionTypeReload	const	ported	-	false-positive: see plans/inventory/go_false_positive_notes.md
lib/proto/page.go::const::PageTransitionTypeTyped	const	ported	-	false-positive: see plans/inventory/go_false_positive_notes.md
lib/proto/page.go::struct::PageAdFrameStatus	struct	ported	-	false-positive: see plans/inventory/go_false_positive_notes.md
lib/proto/page.go::struct::PageAdScriptID	struct	ported	-	false-positive: see plans/inventory/go_false_positive_notes.md
lib/proto/page.go::struct::PageAddCompilationCache	struct	ported	-	false-positive: see plans/inventory/go_false_positive_notes.md
lib/proto/page.go::struct::PageAddScriptToEvaluateOnLoad	struct	ported	-	false-positive: see plans/inventory/go_false_positive_notes.md
lib/proto/page.go::struct::PageAddScriptToEvaluateOnLoadResult	struct	ported	-	false-positive: see plans/inventory/go_false_positive_notes.md
lib/proto/page.go::struct::PageAddScriptToEvaluateOnNewDocument	struct	ported	-	false-positive: see plans/inventory/go_false_positive_notes.md
lib/proto/page.go::struct::PageAddScriptToEvaluateOnNewDocumentResult	struct	ported	-	false-positive: see plans/inventory/go_false_positive_notes.md
lib/proto/page.go::struct::PageAppManifestError	struct	ported	-	false-positive: see plans/inventory/go_false_positive_notes.md
lib/proto/page.go::struct::PageAppManifestParsedProperties	struct	ported	-	false-positive: see plans/inventory/go_false_positive_notes.md
lib/proto/page.go::struct::PageBackForwardCacheBlockingDetails	struct	ported	-	false-positive: see plans/inventory/go_false_positive_notes.md
lib/proto/page.go::struct::PageBackForwardCacheNotRestoredExplanation	struct	ported	-	false-positive: see plans/inventory/go_false_positive_notes.md
lib/proto/page.go::struct::PageBackForwardCacheNotRestoredExplanationTree	struct	ported	-	false-positive: see plans/inventory/go_false_positive_notes.md
lib/proto/page.go::struct::PageBackForwardCacheNotUsed	struct	ported	-	false-positive: see plans/inventory/go_false_positive_notes.md
lib/proto/page.go::struct::PageBringToFront	struct	ported	-	false-positive: see plans/inventory/go_false_positive_notes.md
lib/proto/page.go::struct::PageCaptureScreenshot	struct	ported	-	false-positive: see plans/inventory/go_false_positive_notes.md
lib/proto/page.go::struct::PageCaptureScreenshotResult	struct	ported	-	false-positive: see plans/inventory/go_false_positive_notes.md
lib/proto/page.go::struct::PageCaptureSnapshot	struct	ported	-	false-positive: see plans/inventory/go_false_positive_notes.md
lib/proto/page.go::struct::PageCaptureSnapshotResult	struct	ported	-	false-positive: see plans/inventory/go_false_positive_notes.md
lib/proto/page.go::struct::PageClearCompilationCache	struct	ported	-	false-positive: see plans/inventory/go_false_positive_notes.md
lib/proto/page.go::struct::PageClearDeviceMetricsOverride	struct	ported	-	false-positive: see plans/inventory/go_false_positive_notes.md
lib/proto/page.go::struct::PageClearDeviceOrientationOverride	struct	ported	-	false-positive: see plans/inventory/go_false_positive_notes.md
lib/proto/page.go::struct::PageClearGeolocationOverride	struct	ported	-	false-positive: see plans/inventory/go_false_positive_notes.md
lib/proto/page.go::struct::PageClose	struct	ported	-	false-positive: see plans/inventory/go_false_positive_notes.md
lib/proto/page.go::struct::PageCompilationCacheParams	struct	ported	-	false-positive: see plans/inventory/go_false_positive_notes.md
lib/proto/page.go::struct::PageCompilationCacheProduced	struct	ported	-	false-positive: see plans/inventory/go_false_positive_notes.md
lib/proto/page.go::struct::PageCrash	struct	ported	-	false-positive: see plans/inventory/go_false_positive_notes.md
lib/proto/page.go::struct::PageCreateIsolatedWorld	struct	ported	-	false-positive: see plans/inventory/go_false_positive_notes.md
lib/proto/page.go::struct::PageCreateIsolatedWorldResult	struct	ported	-	false-positive: see plans/inventory/go_false_positive_notes.md
lib/proto/page.go::struct::PageDeleteCookie	struct	ported	-	false-positive: see plans/inventory/go_false_positive_notes.md
lib/proto/page.go::struct::PageDisable	struct	ported	-	false-positive: see plans/inventory/go_false_positive_notes.md
lib/proto/page.go::struct::PageDocumentOpened	struct	ported	-	false-positive: see plans/inventory/go_false_positive_notes.md
lib/proto/page.go::struct::PageDomContentEventFired	struct	ported	-	false-positive: see plans/inventory/go_false_positive_notes.md
lib/proto/page.go::struct::PageDownloadProgress	struct	ported	-	false-positive: see plans/inventory/go_false_positive_notes.md
lib/proto/page.go::struct::PageDownloadWillBegin	struct	ported	-	false-positive: see plans/inventory/go_false_positive_notes.md
lib/proto/page.go::struct::PageEnable	struct	ported	-	false-positive: see plans/inventory/go_false_positive_notes.md
lib/proto/page.go::struct::PageFileChooserOpened	struct	ported	-	false-positive: see plans/inventory/go_false_positive_notes.md
lib/proto/page.go::struct::PageFileFilter	struct	ported	-	false-positive: see plans/inventory/go_false_positive_notes.md
lib/proto/page.go::struct::PageFileHandler	struct	ported	-	false-positive: see plans/inventory/go_false_positive_notes.md
lib/proto/page.go::struct::PageFontFamilies	struct	ported	-	false-positive: see plans/inventory/go_false_positive_notes.md
lib/proto/page.go::struct::PageFontSizes	struct	ported	-	false-positive: see plans/inventory/go_false_positive_notes.md
lib/proto/page.go::struct::PageFrame	struct	ported	-	false-positive: see plans/inventory/go_false_positive_notes.md
lib/proto/page.go::struct::PageFrameAttached	struct	ported	-	false-positive: see plans/inventory/go_false_positive_notes.md
lib/proto/page.go::struct::PageFrameClearedScheduledNavigation	struct	ported	-	false-positive: see plans/inventory/go_false_positive_notes.md
lib/proto/page.go::struct::PageFrameDetached	struct	ported	-	false-positive: see plans/inventory/go_false_positive_notes.md
lib/proto/page.go::struct::PageFrameNavigated	struct	ported	-	false-positive: see plans/inventory/go_false_positive_notes.md
lib/proto/page.go::struct::PageFrameRequestedNavigation	struct	ported	-	false-positive: see plans/inventory/go_false_positive_notes.md
lib/proto/page.go::struct::PageFrameResized	struct	ported	-	false-positive: see plans/inventory/go_false_positive_notes.md
lib/proto/page.go::struct::PageFrameResource	struct	ported	-	false-positive: see plans/inventory/go_false_positive_notes.md
lib/proto/page.go::struct::PageFrameResourceTree	struct	ported	-	false-positive: see plans/inventory/go_false_positive_notes.md
lib/proto/page.go::struct::PageFrameScheduledNavigation	struct	ported	-	false-positive: see plans/inventory/go_false_positive_notes.md
lib/proto/page.go::struct::PageFrameStartedLoading	struct	ported	-	false-positive: see plans/inventory/go_false_positive_notes.md
lib/proto/page.go::struct::PageFrameStoppedLoading	struct	ported	-	false-positive: see plans/inventory/go_false_positive_notes.md
lib/proto/page.go::struct::PageFrameTree	struct	ported	-	false-positive: see plans/inventory/go_false_positive_notes.md
lib/proto/page.go::struct::PageGenerateTestReport	struct	ported	-	false-positive: see plans/inventory/go_false_positive_notes.md
lib/proto/page.go::struct::PageGetAdScriptID	struct	ported	-	false-positive: see plans/inventory/go_false_positive_notes.md
lib/proto/page.go::struct::PageGetAdScriptIDResult	struct	ported	-	false-positive: see plans/inventory/go_false_positive_notes.md
lib/proto/page.go::struct::PageGetAppID	struct	ported	-	false-positive: see plans/inventory/go_false_positive_notes.md
lib/proto/page.go::struct::PageGetAppIDResult	struct	ported	-	false-positive: see plans/inventory/go_false_positive_notes.md
lib/proto/page.go::struct::PageGetAppManifest	struct	ported	-	false-positive: see plans/inventory/go_false_positive_notes.md
lib/proto/page.go::struct::PageGetAppManifestResult	struct	ported	-	false-positive: see plans/inventory/go_false_positive_notes.md
lib/proto/page.go::struct::PageGetFrameTree	struct	ported	-	false-positive: see plans/inventory/go_false_positive_notes.md
lib/proto/page.go::struct::PageGetFrameTreeResult	struct	ported	-	false-positive: see plans/inventory/go_false_positive_notes.md
lib/proto/page.go::struct::PageGetInstallabilityErrors	struct	ported	-	false-positive: see plans/inventory/go_false_positive_notes.md
lib/proto/page.go::struct::PageGetInstallabilityErrorsResult	struct	ported	-	false-positive: see plans/inventory/go_false_positive_notes.md
lib/proto/page.go::struct::PageGetLayoutMetrics	struct	ported	-	false-positive: see plans/inventory/go_false_positive_notes.md
lib/proto/page.go::struct::PageGetLayoutMetricsResult	struct	ported	-	false-positive: see plans/inventory/go_false_positive_notes.md
lib/proto/page.go::struct::PageGetManifestIcons	struct	ported	-	false-positive: see plans/inventory/go_false_positive_notes.md
lib/proto/page.go::struct::PageGetManifestIconsResult	struct	ported	-	false-positive: see plans/inventory/go_false_positive_notes.md
lib/proto/page.go::struct::PageGetNavigationHistory	struct	ported	-	false-positive: see plans/inventory/go_false_positive_notes.md
lib/proto/page.go::struct::PageGetNavigationHistoryResult	struct	ported	-	false-positive: see plans/inventory/go_false_positive_notes.md
lib/proto/page.go::struct::PageGetOriginTrials	struct	ported	-	false-positive: see plans/inventory/go_false_positive_notes.md
lib/proto/page.go::struct::PageGetOriginTrialsResult	struct	ported	-	false-positive: see plans/inventory/go_false_positive_notes.md
lib/proto/page.go::struct::PageGetPermissionsPolicyState	struct	ported	-	false-positive: see plans/inventory/go_false_positive_notes.md
lib/proto/page.go::struct::PageGetPermissionsPolicyStateResult	struct	ported	-	false-positive: see plans/inventory/go_false_positive_notes.md
lib/proto/page.go::struct::PageGetResourceContent	struct	ported	-	false-positive: see plans/inventory/go_false_positive_notes.md
lib/proto/page.go::struct::PageGetResourceContentResult	struct	ported	-	false-positive: see plans/inventory/go_false_positive_notes.md
lib/proto/page.go::struct::PageGetResourceTree	struct	ported	-	false-positive: see plans/inventory/go_false_positive_notes.md
lib/proto/page.go::struct::PageGetResourceTreeResult	struct	ported	-	false-positive: see plans/inventory/go_false_positive_notes.md
lib/proto/page.go::struct::PageHandleJavaScriptDialog	struct	ported	-	false-positive: see plans/inventory/go_false_positive_notes.md
lib/proto/page.go::struct::PageImageResource	struct	ported	-	false-positive: see plans/inventory/go_false_positive_notes.md
lib/proto/page.go::struct::PageInstallabilityError	struct	ported	-	false-positive: see plans/inventory/go_false_positive_notes.md
lib/proto/page.go::struct::PageInstallabilityErrorArgument	struct	ported	-	false-positive: see plans/inventory/go_false_positive_notes.md
lib/proto/page.go::struct::PageInterstitialHidden	struct	ported	-	false-positive: see plans/inventory/go_false_positive_notes.md
lib/proto/page.go::struct::PageInterstitialShown	struct	ported	-	false-positive: see plans/inventory/go_false_positive_notes.md
lib/proto/page.go::struct::PageJavascriptDialogClosed	struct	ported	-	false-positive: see plans/inventory/go_false_positive_notes.md
lib/proto/page.go::struct::PageJavascriptDialogOpening	struct	ported	-	false-positive: see plans/inventory/go_false_positive_notes.md
lib/proto/page.go::struct::PageLaunchHandler	struct	ported	-	false-positive: see plans/inventory/go_false_positive_notes.md
lib/proto/page.go::struct::PageLayoutViewport	struct	ported	-	false-positive: see plans/inventory/go_false_positive_notes.md
lib/proto/page.go::struct::PageLifecycleEvent	struct	ported	-	false-positive: see plans/inventory/go_false_positive_notes.md
lib/proto/page.go::struct::PageLoadEventFired	struct	ported	-	false-positive: see plans/inventory/go_false_positive_notes.md
lib/proto/page.go::struct::PageNavigate	struct	ported	-	false-positive: see plans/inventory/go_false_positive_notes.md
lib/proto/page.go::struct::PageNavigateResult	struct	ported	-	false-positive: see plans/inventory/go_false_positive_notes.md
lib/proto/page.go::struct::PageNavigateToHistoryEntry	struct	ported	-	false-positive: see plans/inventory/go_false_positive_notes.md
lib/proto/page.go::struct::PageNavigatedWithinDocument	struct	ported	-	false-positive: see plans/inventory/go_false_positive_notes.md
lib/proto/page.go::struct::PageNavigationEntry	struct	ported	-	false-positive: see plans/inventory/go_false_positive_notes.md
lib/proto/page.go::struct::PageOriginTrial	struct	ported	-	false-positive: see plans/inventory/go_false_positive_notes.md
lib/proto/page.go::struct::PageOriginTrialToken	struct	ported	-	false-positive: see plans/inventory/go_false_positive_notes.md
lib/proto/page.go::struct::PageOriginTrialTokenWithStatus	struct	ported	-	false-positive: see plans/inventory/go_false_positive_notes.md
lib/proto/page.go::struct::PagePermissionsPolicyBlockLocator	struct	ported	-	false-positive: see plans/inventory/go_false_positive_notes.md
lib/proto/page.go::struct::PagePermissionsPolicyFeatureState	struct	ported	-	false-positive: see plans/inventory/go_false_positive_notes.md
lib/proto/page.go::struct::PagePrintToPDF	struct	ported	-	false-positive: see plans/inventory/go_false_positive_notes.md
lib/proto/page.go::struct::PagePrintToPDFResult	struct	ported	-	false-positive: see plans/inventory/go_false_positive_notes.md
lib/proto/page.go::struct::PageProduceCompilationCache	struct	ported	-	false-positive: see plans/inventory/go_false_positive_notes.md
lib/proto/page.go::struct::PageProtocolHandler	struct	ported	-	false-positive: see plans/inventory/go_false_positive_notes.md
lib/proto/page.go::struct::PageRelatedApplication	struct	ported	-	false-positive: see plans/inventory/go_false_positive_notes.md
lib/proto/page.go::struct::PageReload	struct	ported	-	false-positive: see plans/inventory/go_false_positive_notes.md
lib/proto/page.go::struct::PageRemoveScriptToEvaluateOnLoad	struct	ported	-	false-positive: see plans/inventory/go_false_positive_notes.md
lib/proto/page.go::struct::PageRemoveScriptToEvaluateOnNewDocument	struct	ported	-	false-positive: see plans/inventory/go_false_positive_notes.md
lib/proto/page.go::struct::PageResetNavigationHistory	struct	ported	-	false-positive: see plans/inventory/go_false_positive_notes.md
lib/proto/page.go::struct::PageScopeExtension	struct	ported	-	false-positive: see plans/inventory/go_false_positive_notes.md
lib/proto/page.go::struct::PageScreencastFrame	struct	ported	-	false-positive: see plans/inventory/go_false_positive_notes.md
lib/proto/page.go::struct::PageScreencastFrameAck	struct	ported	-	false-positive: see plans/inventory/go_false_positive_notes.md
lib/proto/page.go::struct::PageScreencastFrameMetadata	struct	ported	-	false-positive: see plans/inventory/go_false_positive_notes.md
lib/proto/page.go::struct::PageScreencastVisibilityChanged	struct	ported	-	false-positive: see plans/inventory/go_false_positive_notes.md
lib/proto/page.go::struct::PageScreenshot	struct	ported	-	false-positive: see plans/inventory/go_false_positive_notes.md
lib/proto/page.go::struct::PageScriptFontFamilies	struct	ported	-	false-positive: see plans/inventory/go_false_positive_notes.md
lib/proto/page.go::struct::PageSearchInResource	struct	ported	-	false-positive: see plans/inventory/go_false_positive_notes.md
lib/proto/page.go::struct::PageSearchInResourceResult	struct	ported	-	false-positive: see plans/inventory/go_false_positive_notes.md
lib/proto/page.go::struct::PageSetAdBlockingEnabled	struct	ported	-	false-positive: see plans/inventory/go_false_positive_notes.md
lib/proto/page.go::struct::PageSetBypassCSP	struct	ported	-	false-positive: see plans/inventory/go_false_positive_notes.md
lib/proto/page.go::struct::PageSetDeviceMetricsOverride	struct	ported	-	false-positive: see plans/inventory/go_false_positive_notes.md
lib/proto/page.go::struct::PageSetDeviceOrientationOverride	struct	ported	-	false-positive: see plans/inventory/go_false_positive_notes.md
lib/proto/page.go::struct::PageSetDocumentContent	struct	ported	-	false-positive: see plans/inventory/go_false_positive_notes.md
lib/proto/page.go::struct::PageSetDownloadBehavior	struct	ported	-	false-positive: see plans/inventory/go_false_positive_notes.md
lib/proto/page.go::struct::PageSetFontFamilies	struct	ported	-	false-positive: see plans/inventory/go_false_positive_notes.md
lib/proto/page.go::struct::PageSetFontSizes	struct	ported	-	false-positive: see plans/inventory/go_false_positive_notes.md
lib/proto/page.go::struct::PageSetGeolocationOverride	struct	ported	-	false-positive: see plans/inventory/go_false_positive_notes.md
lib/proto/page.go::struct::PageSetInterceptFileChooserDialog	struct	ported	-	false-positive: see plans/inventory/go_false_positive_notes.md
lib/proto/page.go::struct::PageSetLifecycleEventsEnabled	struct	ported	-	false-positive: see plans/inventory/go_false_positive_notes.md
lib/proto/page.go::struct::PageSetPrerenderingAllowed	struct	ported	-	false-positive: see plans/inventory/go_false_positive_notes.md
lib/proto/page.go::struct::PageSetRPHRegistrationMode	struct	ported	-	false-positive: see plans/inventory/go_false_positive_notes.md
lib/proto/page.go::struct::PageSetSPCTransactionMode	struct	ported	-	false-positive: see plans/inventory/go_false_positive_notes.md
lib/proto/page.go::struct::PageSetTouchEmulationEnabled	struct	ported	-	false-positive: see plans/inventory/go_false_positive_notes.md
lib/proto/page.go::struct::PageSetWebLifecycleState	struct	ported	-	false-positive: see plans/inventory/go_false_positive_notes.md
lib/proto/page.go::struct::PageShareTarget	struct	ported	-	false-positive: see plans/inventory/go_false_positive_notes.md
lib/proto/page.go::struct::PageShortcut	struct	ported	-	false-positive: see plans/inventory/go_false_positive_notes.md
lib/proto/page.go::struct::PageStartScreencast	struct	ported	-	false-positive: see plans/inventory/go_false_positive_notes.md
lib/proto/page.go::struct::PageStopLoading	struct	ported	-	false-positive: see plans/inventory/go_false_positive_notes.md
lib/proto/page.go::struct::PageStopScreencast	struct	ported	-	false-positive: see plans/inventory/go_false_positive_notes.md
lib/proto/page.go::struct::PageViewport	struct	ported	-	false-positive: see plans/inventory/go_false_positive_notes.md
lib/proto/page.go::struct::PageVisualViewport	struct	ported	-	false-positive: see plans/inventory/go_false_positive_notes.md
lib/proto/page.go::struct::PageWaitForDebugger	struct	ported	-	false-positive: see plans/inventory/go_false_positive_notes.md
lib/proto/page.go::struct::PageWebAppManifest	struct	ported	-	false-positive: see plans/inventory/go_false_positive_notes.md
lib/proto/page.go::struct::PageWindowOpen	struct	ported	-	false-positive: see plans/inventory/go_false_positive_notes.md
lib/proto/page.go::type::PageAdFrameExplanation	type	ported	-	false-positive: see plans/inventory/go_false_positive_notes.md
lib/proto/page.go::type::PageAdFrameType	type	ported	-	false-positive: see plans/inventory/go_false_positive_notes.md
lib/proto/page.go::type::PageAutoResponseMode	type	ported	-	false-positive: see plans/inventory/go_false_positive_notes.md
lib/proto/page.go::type::PageBackForwardCacheNotRestoredReason	type	ported	-	false-positive: see plans/inventory/go_false_positive_notes.md
lib/proto/page.go::type::PageBackForwardCacheNotRestoredReasonType	type	ported	-	false-positive: see plans/inventory/go_false_positive_notes.md
lib/proto/page.go::type::PageCaptureScreenshotFormat	type	ported	-	false-positive: see plans/inventory/go_false_positive_notes.md
lib/proto/page.go::type::PageCaptureSnapshotFormat	type	ported	-	false-positive: see plans/inventory/go_false_positive_notes.md
lib/proto/page.go::type::PageClientNavigationDisposition	type	ported	-	false-positive: see plans/inventory/go_false_positive_notes.md
lib/proto/page.go::type::PageClientNavigationReason	type	ported	-	false-positive: see plans/inventory/go_false_positive_notes.md
lib/proto/page.go::type::PageCrossOriginIsolatedContextType	type	ported	-	false-positive: see plans/inventory/go_false_positive_notes.md
lib/proto/page.go::type::PageDialogType	type	ported	-	false-positive: see plans/inventory/go_false_positive_notes.md
lib/proto/page.go::type::PageDownloadProgressState	type	ported	-	false-positive: see plans/inventory/go_false_positive_notes.md
lib/proto/page.go::type::PageFileChooserOpenedMode	type	ported	-	false-positive: see plans/inventory/go_false_positive_notes.md
lib/proto/page.go::type::PageFrameDetachedReason	type	ported	-	false-positive: see plans/inventory/go_false_positive_notes.md
lib/proto/page.go::type::PageFrameID	type	ported	-	false-positive: see plans/inventory/go_false_positive_notes.md
lib/proto/page.go::type::PageGatedAPIFeatures	type	ported	-	false-positive: see plans/inventory/go_false_positive_notes.md
lib/proto/page.go::type::PageLifecycleEventName	type	ported	-	false-positive: see plans/inventory/go_false_positive_notes.md
lib/proto/page.go::type::PageNavigationType	type	ported	-	false-positive: see plans/inventory/go_false_positive_notes.md
lib/proto/page.go::type::PageOriginTrialStatus	type	ported	-	false-positive: see plans/inventory/go_false_positive_notes.md
lib/proto/page.go::type::PageOriginTrialTokenStatus	type	ported	-	false-positive: see plans/inventory/go_false_positive_notes.md
lib/proto/page.go::type::PageOriginTrialUsageRestriction	type	ported	-	false-positive: see plans/inventory/go_false_positive_notes.md
lib/proto/page.go::type::PagePermissionsPolicyBlockReason	type	ported	-	false-positive: see plans/inventory/go_false_positive_notes.md
lib/proto/page.go::type::PagePermissionsPolicyFeature	type	ported	-	false-positive: see plans/inventory/go_false_positive_notes.md
lib/proto/page.go::type::PagePrintToPDFTransferMode	type	ported	-	false-positive: see plans/inventory/go_false_positive_notes.md
lib/proto/page.go::type::PageReferrerPolicy	type	ported	-	false-positive: see plans/inventory/go_false_positive_notes.md
lib/proto/page.go::type::PageScriptIdentifier	type	ported	-	false-positive: see plans/inventory/go_false_positive_notes.md
lib/proto/page.go::type::PageSecureContextType	type	ported	-	false-positive: see plans/inventory/go_false_positive_notes.md
lib/proto/page.go::type::PageSetDownloadBehaviorBehavior	type	ported	-	false-positive: see plans/inventory/go_false_positive_notes.md
lib/proto/page.go::type::PageSetTouchEmulationEnabledConfiguration	type	ported	-	false-positive: see plans/inventory/go_false_positive_notes.md
lib/proto/page.go::type::PageSetWebLifecycleStateState	type	ported	-	false-positive: see plans/inventory/go_false_positive_notes.md
lib/proto/page.go::type::PageStartScreencastFormat	type	ported	-	false-positive: see plans/inventory/go_false_positive_notes.md
lib/proto/page.go::type::PageTransitionType	type	ported	-	false-positive: see plans/inventory/go_false_positive_notes.md
lib/proto/performance.go::const::PerformanceEnableTimeDomainThreadTicks	const	ported	-	false-positive: see plans/inventory/go_false_positive_notes.md
lib/proto/performance.go::const::PerformanceEnableTimeDomainTimeTicks	const	ported	-	false-positive: see plans/inventory/go_false_positive_notes.md
lib/proto/performance.go::const::PerformanceSetTimeDomainTimeDomainThreadTicks	const	ported	-	false-positive: see plans/inventory/go_false_positive_notes.md
lib/proto/performance.go::const::PerformanceSetTimeDomainTimeDomainTimeTicks	const	ported	-	false-positive: see plans/inventory/go_false_positive_notes.md
lib/proto/performance.go::struct::PerformanceDisable	struct	ported	-	false-positive: see plans/inventory/go_false_positive_notes.md
lib/proto/performance.go::struct::PerformanceEnable	struct	ported	-	false-positive: see plans/inventory/go_false_positive_notes.md
lib/proto/performance.go::struct::PerformanceGetMetrics	struct	ported	-	false-positive: see plans/inventory/go_false_positive_notes.md
lib/proto/performance.go::struct::PerformanceGetMetricsResult	struct	ported	-	false-positive: see plans/inventory/go_false_positive_notes.md
lib/proto/performance.go::struct::PerformanceMetric	struct	ported	-	false-positive: see plans/inventory/go_false_positive_notes.md
lib/proto/performance.go::struct::PerformanceMetrics	struct	ported	-	false-positive: see plans/inventory/go_false_positive_notes.md
lib/proto/performance.go::struct::PerformanceSetTimeDomain	struct	ported	-	false-positive: see plans/inventory/go_false_positive_notes.md
lib/proto/performance.go::type::PerformanceEnableTimeDomain	type	ported	-	false-positive: see plans/inventory/go_false_positive_notes.md
lib/proto/performance.go::type::PerformanceSetTimeDomainTimeDomain	type	ported	-	false-positive: see plans/inventory/go_false_positive_notes.md
lib/proto/performance_timeline.go::struct::PerformanceTimelineEnable	struct	ported	-	false-positive: see plans/inventory/go_false_positive_notes.md
lib/proto/performance_timeline.go::struct::PerformanceTimelineLargestContentfulPaint	struct	ported	-	false-positive: see plans/inventory/go_false_positive_notes.md
lib/proto/performance_timeline.go::struct::PerformanceTimelineLayoutShift	struct	ported	-	false-positive: see plans/inventory/go_false_positive_notes.md
lib/proto/performance_timeline.go::struct::PerformanceTimelineLayoutShiftAttribution	struct	ported	-	false-positive: see plans/inventory/go_false_positive_notes.md
lib/proto/performance_timeline.go::struct::PerformanceTimelineTimelineEvent	struct	ported	-	false-positive: see plans/inventory/go_false_positive_notes.md
lib/proto/performance_timeline.go::struct::PerformanceTimelineTimelineEventAdded	struct	ported	-	false-positive: see plans/inventory/go_false_positive_notes.md
lib/proto/preload.go::const::PreloadPrefetchStatusPrefetchAllowed	const	ported	-	false-positive: see plans/inventory/go_false_positive_notes.md
lib/proto/preload.go::const::PreloadPrefetchStatusPrefetchEvictedAfterCandidateRemoved	const	ported	-	false-positive: see plans/inventory/go_false_positive_notes.md
lib/proto/preload.go::const::PreloadPrefetchStatusPrefetchEvictedForNewerPrefetch	const	ported	-	false-positive: see plans/inventory/go_false_positive_notes.md
lib/proto/preload.go::const::PreloadPrefetchStatusPrefetchFailedIneligibleRedirect	const	ported	-	false-positive: see plans/inventory/go_false_positive_notes.md
lib/proto/preload.go::const::PreloadPrefetchStatusPrefetchFailedInvalidRedirect	const	ported	-	false-positive: see plans/inventory/go_false_positive_notes.md
lib/proto/preload.go::const::PreloadPrefetchStatusPrefetchFailedMIMENotSupported	const	ported	-	false-positive: see plans/inventory/go_false_positive_notes.md
lib/proto/preload.go::const::PreloadPrefetchStatusPrefetchFailedNetError	const	ported	-	false-positive: see plans/inventory/go_false_positive_notes.md
lib/proto/preload.go::const::PreloadPrefetchStatusPrefetchFailedNon2XX	const	ported	-	false-positive: see plans/inventory/go_false_positive_notes.md
lib/proto/preload.go::const::PreloadPrefetchStatusPrefetchFailedPerPageLimitExceeded	const	ported	-	false-positive: see plans/inventory/go_false_positive_notes.md
lib/proto/preload.go::const::PreloadPrefetchStatusPrefetchHeldback	const	ported	-	false-positive: see plans/inventory/go_false_positive_notes.md
lib/proto/preload.go::const::PreloadPrefetchStatusPrefetchIneligibleRetryAfter	const	ported	-	false-positive: see plans/inventory/go_false_positive_notes.md
lib/proto/preload.go::const::PreloadPrefetchStatusPrefetchIsPrivacyDecoy	const	ported	-	false-positive: see plans/inventory/go_false_positive_notes.md
lib/proto/preload.go::const::PreloadPrefetchStatusPrefetchIsStale	const	ported	-	false-positive: see plans/inventory/go_false_positive_notes.md
lib/proto/preload.go::const::PreloadPrefetchStatusPrefetchNotEligibleBatterySaverEnabled	const	ported	-	false-positive: see plans/inventory/go_false_positive_notes.md
lib/proto/preload.go::const::PreloadPrefetchStatusPrefetchNotEligibleBrowserContextOffTheRecord	const	ported	-	false-positive: see plans/inventory/go_false_positive_notes.md
lib/proto/preload.go::const::PreloadPrefetchStatusPrefetchNotEligibleDataSaverEnabled	const	ported	-	false-positive: see plans/inventory/go_false_positive_notes.md
lib/proto/preload.go::const::PreloadPrefetchStatusPrefetchNotEligibleExistingProxy	const	ported	-	false-positive: see plans/inventory/go_false_positive_notes.md
lib/proto/preload.go::const::PreloadPrefetchStatusPrefetchNotEligibleHostIsNonUnique	const	ported	-	false-positive: see plans/inventory/go_false_positive_notes.md
lib/proto/preload.go::const::PreloadPrefetchStatusPrefetchNotEligibleNonDefaultStoragePartition	const	ported	-	false-positive: see plans/inventory/go_false_positive_notes.md
lib/proto/preload.go::const::PreloadPrefetchStatusPrefetchNotEligiblePreloadingDisabled	const	ported	-	false-positive: see plans/inventory/go_false_positive_notes.md
lib/proto/preload.go::const::PreloadPrefetchStatusPrefetchNotEligibleSameSiteCrossOriginPrefetchRequiredProxy	const	ported	-	false-positive: see plans/inventory/go_false_positive_notes.md
lib/proto/preload.go::const::PreloadPrefetchStatusPrefetchNotEligibleSchemeIsNotHTTPS	const	ported	-	false-positive: see plans/inventory/go_false_positive_notes.md
lib/proto/preload.go::const::PreloadPrefetchStatusPrefetchNotEligibleUserHasCookies	const	ported	-	false-positive: see plans/inventory/go_false_positive_notes.md
lib/proto/preload.go::const::PreloadPrefetchStatusPrefetchNotEligibleUserHasServiceWorker	const	ported	-	false-positive: see plans/inventory/go_false_positive_notes.md
lib/proto/preload.go::const::PreloadPrefetchStatusPrefetchNotFinishedInTime	const	ported	-	false-positive: see plans/inventory/go_false_positive_notes.md
lib/proto/preload.go::const::PreloadPrefetchStatusPrefetchNotStarted	const	ported	-	false-positive: see plans/inventory/go_false_positive_notes.md
lib/proto/preload.go::const::PreloadPrefetchStatusPrefetchNotUsedCookiesChanged	const	ported	-	false-positive: see plans/inventory/go_false_positive_notes.md
lib/proto/preload.go::const::PreloadPrefetchStatusPrefetchNotUsedProbeFailed	const	ported	-	false-positive: see plans/inventory/go_false_positive_notes.md
lib/proto/preload.go::const::PreloadPrefetchStatusPrefetchProxyNotAvailable	const	ported	-	false-positive: see plans/inventory/go_false_positive_notes.md
lib/proto/preload.go::const::PreloadPrefetchStatusPrefetchResponseUsed	const	ported	-	false-positive: see plans/inventory/go_false_positive_notes.md
lib/proto/preload.go::const::PreloadPrefetchStatusPrefetchSuccessfulButNotUsed	const	ported	-	false-positive: see plans/inventory/go_false_positive_notes.md
lib/proto/preload.go::const::PreloadPreloadingStatusFailure	const	ported	-	false-positive: see plans/inventory/go_false_positive_notes.md
lib/proto/preload.go::const::PreloadPreloadingStatusNotSupported	const	ported	-	false-positive: see plans/inventory/go_false_positive_notes.md
lib/proto/preload.go::const::PreloadPreloadingStatusPending	const	ported	-	false-positive: see plans/inventory/go_false_positive_notes.md
lib/proto/preload.go::const::PreloadPreloadingStatusReady	const	ported	-	false-positive: see plans/inventory/go_false_positive_notes.md
lib/proto/preload.go::const::PreloadPreloadingStatusRunning	const	ported	-	false-positive: see plans/inventory/go_false_positive_notes.md
lib/proto/preload.go::const::PreloadPreloadingStatusSuccess	const	ported	-	false-positive: see plans/inventory/go_false_positive_notes.md
lib/proto/preload.go::const::PreloadPrerenderFinalStatusActivated	const	ported	-	false-positive: see plans/inventory/go_false_positive_notes.md
lib/proto/preload.go::const::PreloadPrerenderFinalStatusActivatedBeforeStarted	const	ported	-	false-positive: see plans/inventory/go_false_positive_notes.md
lib/proto/preload.go::const::PreloadPrerenderFinalStatusActivatedDuringMainFrameNavigation	const	ported	-	false-positive: see plans/inventory/go_false_positive_notes.md
lib/proto/preload.go::const::PreloadPrerenderFinalStatusActivatedInBackground	const	ported	-	false-positive: see plans/inventory/go_false_positive_notes.md
lib/proto/preload.go::const::PreloadPrerenderFinalStatusActivatedWithAuxiliaryBrowsingContexts	const	ported	-	false-positive: see plans/inventory/go_false_positive_notes.md
lib/proto/preload.go::const::PreloadPrerenderFinalStatusActivationFramePolicyNotCompatible	const	ported	-	false-positive: see plans/inventory/go_false_positive_notes.md
lib/proto/preload.go::const::PreloadPrerenderFinalStatusActivationNavigationDestroyedBeforeSuccess	const	ported	-	false-positive: see plans/inventory/go_false_positive_notes.md
lib/proto/preload.go::const::PreloadPrerenderFinalStatusActivationNavigationParameterMismatch	const	ported	-	false-positive: see plans/inventory/go_false_positive_notes.md
lib/proto/preload.go::const::PreloadPrerenderFinalStatusActivationURLHasEffectiveURL	const	ported	-	false-positive: see plans/inventory/go_false_positive_notes.md
lib/proto/preload.go::const::PreloadPrerenderFinalStatusAllPrerenderingCanceled	const	ported	-	false-positive: see plans/inventory/go_false_positive_notes.md
lib/proto/preload.go::const::PreloadPrerenderFinalStatusAudioOutputDeviceRequested	const	ported	-	false-positive: see plans/inventory/go_false_positive_notes.md
lib/proto/preload.go::const::PreloadPrerenderFinalStatusBatterySaverEnabled	const	ported	-	false-positive: see plans/inventory/go_false_positive_notes.md
lib/proto/preload.go::const::PreloadPrerenderFinalStatusBlockedByClient	const	ported	-	false-positive: see plans/inventory/go_false_positive_notes.md
lib/proto/preload.go::const::PreloadPrerenderFinalStatusCancelAllHostsForTesting	const	ported	-	false-positive: see plans/inventory/go_false_positive_notes.md
lib/proto/preload.go::const::PreloadPrerenderFinalStatusClientCertRequested	const	ported	-	false-positive: see plans/inventory/go_false_positive_notes.md
lib/proto/preload.go::const::PreloadPrerenderFinalStatusCrossSiteNavigationInInitialNavigation	const	ported	-	false-positive: see plans/inventory/go_false_positive_notes.md
lib/proto/preload.go::const::PreloadPrerenderFinalStatusCrossSiteNavigationInMainFrameNavigation	const	ported	-	false-positive: see plans/inventory/go_false_positive_notes.md
lib/proto/preload.go::const::PreloadPrerenderFinalStatusCrossSiteRedirectInInitialNavigation	const	ported	-	false-positive: see plans/inventory/go_false_positive_notes.md
lib/proto/preload.go::const::PreloadPrerenderFinalStatusCrossSiteRedirectInMainFrameNavigation	const	ported	-	false-positive: see plans/inventory/go_false_positive_notes.md
lib/proto/preload.go::const::PreloadPrerenderFinalStatusDataSaverEnabled	const	ported	-	false-positive: see plans/inventory/go_false_positive_notes.md
lib/proto/preload.go::const::PreloadPrerenderFinalStatusDestroyed	const	ported	-	false-positive: see plans/inventory/go_false_positive_notes.md
lib/proto/preload.go::const::PreloadPrerenderFinalStatusDidFailLoad	const	ported	-	false-positive: see plans/inventory/go_false_positive_notes.md
lib/proto/preload.go::const::PreloadPrerenderFinalStatusDownload	const	ported	-	false-positive: see plans/inventory/go_false_positive_notes.md
lib/proto/preload.go::const::PreloadPrerenderFinalStatusEmbedderHostDisallowed	const	ported	-	false-positive: see plans/inventory/go_false_positive_notes.md
lib/proto/preload.go::const::PreloadPrerenderFinalStatusInactivePageRestriction	const	ported	-	false-positive: see plans/inventory/go_false_positive_notes.md
lib/proto/preload.go::const::PreloadPrerenderFinalStatusInvalidSchemeNavigation	const	ported	-	false-positive: see plans/inventory/go_false_positive_notes.md
lib/proto/preload.go::const::PreloadPrerenderFinalStatusInvalidSchemeRedirect	const	ported	-	false-positive: see plans/inventory/go_false_positive_notes.md
lib/proto/preload.go::const::PreloadPrerenderFinalStatusJavaScriptInterfaceAdded	const	ported	-	false-positive: see plans/inventory/go_false_positive_notes.md
lib/proto/preload.go::const::PreloadPrerenderFinalStatusJavaScriptInterfaceRemoved	const	ported	-	false-positive: see plans/inventory/go_false_positive_notes.md
lib/proto/preload.go::const::PreloadPrerenderFinalStatusLoginAuthRequested	const	ported	-	false-positive: see plans/inventory/go_false_positive_notes.md
lib/proto/preload.go::const::PreloadPrerenderFinalStatusLowEndDevice	const	ported	-	false-positive: see plans/inventory/go_false_positive_notes.md
lib/proto/preload.go::const::PreloadPrerenderFinalStatusMainFrameNavigation	const	ported	-	false-positive: see plans/inventory/go_false_positive_notes.md
lib/proto/preload.go::const::PreloadPrerenderFinalStatusMaxNumOfRunningEagerPrerendersExceeded	const	ported	-	false-positive: see plans/inventory/go_false_positive_notes.md
lib/proto/preload.go::const::PreloadPrerenderFinalStatusMaxNumOfRunningEmbedderPrerendersExceeded	const	ported	-	false-positive: see plans/inventory/go_false_positive_notes.md
lib/proto/preload.go::const::PreloadPrerenderFinalStatusMaxNumOfRunningNonEagerPrerendersExceeded	const	ported	-	false-positive: see plans/inventory/go_false_positive_notes.md
lib/proto/preload.go::const::PreloadPrerenderFinalStatusMemoryLimitExceeded	const	ported	-	false-positive: see plans/inventory/go_false_positive_notes.md
lib/proto/preload.go::const::PreloadPrerenderFinalStatusMemoryPressureAfterTriggered	const	ported	-	false-positive: see plans/inventory/go_false_positive_notes.md
lib/proto/preload.go::const::PreloadPrerenderFinalStatusMemoryPressureOnTrigger	const	ported	-	false-positive: see plans/inventory/go_false_positive_notes.md
lib/proto/preload.go::const::PreloadPrerenderFinalStatusMixedContent	const	ported	-	false-positive: see plans/inventory/go_false_positive_notes.md
lib/proto/preload.go::const::PreloadPrerenderFinalStatusMojoBinderPolicy	const	ported	-	false-positive: see plans/inventory/go_false_positive_notes.md
lib/proto/preload.go::const::PreloadPrerenderFinalStatusNavigationBadHTTPStatus	const	ported	-	false-positive: see plans/inventory/go_false_positive_notes.md
lib/proto/preload.go::const::PreloadPrerenderFinalStatusNavigationNotCommitted	const	ported	-	false-positive: see plans/inventory/go_false_positive_notes.md
lib/proto/preload.go::const::PreloadPrerenderFinalStatusNavigationRequestBlockedByCsp	const	ported	-	false-positive: see plans/inventory/go_false_positive_notes.md
lib/proto/preload.go::const::PreloadPrerenderFinalStatusNavigationRequestNetworkError	const	ported	-	false-positive: see plans/inventory/go_false_positive_notes.md
lib/proto/preload.go::const::PreloadPrerenderFinalStatusPreloadingDisabled	const	ported	-	false-positive: see plans/inventory/go_false_positive_notes.md
lib/proto/preload.go::const::PreloadPrerenderFinalStatusPreloadingUnsupportedByWebContents	const	ported	-	false-positive: see plans/inventory/go_false_positive_notes.md
lib/proto/preload.go::const::PreloadPrerenderFinalStatusPrerenderingDisabledByDevTools	const	ported	-	false-positive: see plans/inventory/go_false_positive_notes.md
lib/proto/preload.go::const::PreloadPrerenderFinalStatusPrerenderingURLHasEffectiveURL	const	ported	-	false-positive: see plans/inventory/go_false_positive_notes.md
lib/proto/preload.go::const::PreloadPrerenderFinalStatusPrimaryMainFrameRendererProcessCrashed	const	ported	-	false-positive: see plans/inventory/go_false_positive_notes.md
lib/proto/preload.go::const::PreloadPrerenderFinalStatusPrimaryMainFrameRendererProcessKilled	const	ported	-	false-positive: see plans/inventory/go_false_positive_notes.md
lib/proto/preload.go::const::PreloadPrerenderFinalStatusRedirectedPrerenderingURLHasEffectiveURL	const	ported	-	false-positive: see plans/inventory/go_false_positive_notes.md
lib/proto/preload.go::const::PreloadPrerenderFinalStatusRendererProcessCrashed	const	ported	-	false-positive: see plans/inventory/go_false_positive_notes.md
lib/proto/preload.go::const::PreloadPrerenderFinalStatusRendererProcessKilled	const	ported	-	false-positive: see plans/inventory/go_false_positive_notes.md
lib/proto/preload.go::const::PreloadPrerenderFinalStatusSameSiteCrossOriginNavigationNotOptInInInitialNavigation	const	ported	-	false-positive: see plans/inventory/go_false_positive_notes.md
lib/proto/preload.go::const::PreloadPrerenderFinalStatusSameSiteCrossOriginNavigationNotOptInInMainFrameNavigation	const	ported	-	false-positive: see plans/inventory/go_false_positive_notes.md
lib/proto/preload.go::const::PreloadPrerenderFinalStatusSameSiteCrossOriginRedirectNotOptInInInitialNavigation	const	ported	-	false-positive: see plans/inventory/go_false_positive_notes.md
lib/proto/preload.go::const::PreloadPrerenderFinalStatusSameSiteCrossOriginRedirectNotOptInInMainFrameNavigation	const	ported	-	false-positive: see plans/inventory/go_false_positive_notes.md
lib/proto/preload.go::const::PreloadPrerenderFinalStatusSpeculationRuleRemoved	const	ported	-	false-positive: see plans/inventory/go_false_positive_notes.md
lib/proto/preload.go::const::PreloadPrerenderFinalStatusSslCertificateError	const	ported	-	false-positive: see plans/inventory/go_false_positive_notes.md
lib/proto/preload.go::const::PreloadPrerenderFinalStatusStartFailed	const	ported	-	false-positive: see plans/inventory/go_false_positive_notes.md
lib/proto/preload.go::const::PreloadPrerenderFinalStatusStop	const	ported	-	false-positive: see plans/inventory/go_false_positive_notes.md
lib/proto/preload.go::const::PreloadPrerenderFinalStatusTabClosedByUserGesture	const	ported	-	false-positive: see plans/inventory/go_false_positive_notes.md
lib/proto/preload.go::const::PreloadPrerenderFinalStatusTabClosedWithoutUserGesture	const	ported	-	false-positive: see plans/inventory/go_false_positive_notes.md
lib/proto/preload.go::const::PreloadPrerenderFinalStatusTimeoutBackgrounded	const	ported	-	false-positive: see plans/inventory/go_false_positive_notes.md
lib/proto/preload.go::const::PreloadPrerenderFinalStatusTriggerBackgrounded	const	ported	-	false-positive: see plans/inventory/go_false_positive_notes.md
lib/proto/preload.go::const::PreloadPrerenderFinalStatusTriggerDestroyed	const	ported	-	false-positive: see plans/inventory/go_false_positive_notes.md
lib/proto/preload.go::const::PreloadPrerenderFinalStatusTriggerURLHasEffectiveURL	const	ported	-	false-positive: see plans/inventory/go_false_positive_notes.md
lib/proto/preload.go::const::PreloadPrerenderFinalStatusUaChangeRequiresReload	const	ported	-	false-positive: see plans/inventory/go_false_positive_notes.md
lib/proto/preload.go::const::PreloadRuleSetErrorTypeInvalidRulesSkipped	const	ported	-	false-positive: see plans/inventory/go_false_positive_notes.md
lib/proto/preload.go::const::PreloadRuleSetErrorTypeSourceIsNotJSONObject	const	ported	-	false-positive: see plans/inventory/go_false_positive_notes.md
lib/proto/preload.go::const::PreloadSpeculationActionPrefetch	const	ported	-	false-positive: see plans/inventory/go_false_positive_notes.md
lib/proto/preload.go::const::PreloadSpeculationActionPrerender	const	ported	-	false-positive: see plans/inventory/go_false_positive_notes.md
lib/proto/preload.go::const::PreloadSpeculationTargetHintBlank	const	ported	-	false-positive: see plans/inventory/go_false_positive_notes.md
lib/proto/preload.go::const::PreloadSpeculationTargetHintSelf	const	ported	-	false-positive: see plans/inventory/go_false_positive_notes.md
lib/proto/preload.go::struct::PreloadDisable	struct	ported	-	false-positive: see plans/inventory/go_false_positive_notes.md
lib/proto/preload.go::struct::PreloadEnable	struct	ported	-	false-positive: see plans/inventory/go_false_positive_notes.md
lib/proto/preload.go::struct::PreloadPrefetchStatusUpdated	struct	ported	-	false-positive: see plans/inventory/go_false_positive_notes.md
lib/proto/preload.go::struct::PreloadPreloadEnabledStateUpdated	struct	ported	-	false-positive: see plans/inventory/go_false_positive_notes.md
lib/proto/preload.go::struct::PreloadPreloadingAttemptKey	struct	ported	-	false-positive: see plans/inventory/go_false_positive_notes.md
lib/proto/preload.go::struct::PreloadPreloadingAttemptSource	struct	ported	-	false-positive: see plans/inventory/go_false_positive_notes.md
lib/proto/preload.go::struct::PreloadPreloadingAttemptSourcesUpdated	struct	ported	-	false-positive: see plans/inventory/go_false_positive_notes.md
lib/proto/preload.go::struct::PreloadPrerenderMismatchedHeaders	struct	ported	-	false-positive: see plans/inventory/go_false_positive_notes.md
lib/proto/preload.go::struct::PreloadPrerenderStatusUpdated	struct	ported	-	false-positive: see plans/inventory/go_false_positive_notes.md
lib/proto/preload.go::struct::PreloadRuleSet	struct	ported	-	false-positive: see plans/inventory/go_false_positive_notes.md
lib/proto/preload.go::struct::PreloadRuleSetRemoved	struct	ported	-	false-positive: see plans/inventory/go_false_positive_notes.md
lib/proto/preload.go::struct::PreloadRuleSetUpdated	struct	ported	-	false-positive: see plans/inventory/go_false_positive_notes.md
lib/proto/preload.go::type::PreloadPrefetchStatus	type	ported	-	false-positive: see plans/inventory/go_false_positive_notes.md
lib/proto/preload.go::type::PreloadPreloadingStatus	type	ported	-	false-positive: see plans/inventory/go_false_positive_notes.md
lib/proto/preload.go::type::PreloadPrerenderFinalStatus	type	ported	-	false-positive: see plans/inventory/go_false_positive_notes.md
lib/proto/preload.go::type::PreloadRuleSetErrorType	type	ported	-	false-positive: see plans/inventory/go_false_positive_notes.md
lib/proto/preload.go::type::PreloadRuleSetID	type	ported	-	false-positive: see plans/inventory/go_false_positive_notes.md
lib/proto/preload.go::type::PreloadSpeculationAction	type	ported	-	false-positive: see plans/inventory/go_false_positive_notes.md
lib/proto/preload.go::type::PreloadSpeculationTargetHint	type	ported	-	false-positive: see plans/inventory/go_false_positive_notes.md
lib/proto/profiler.go::struct::ProfilerConsoleProfileFinished	struct	ported	-	false-positive: see plans/inventory/go_false_positive_notes.md
lib/proto/profiler.go::struct::ProfilerConsoleProfileStarted	struct	ported	-	false-positive: see plans/inventory/go_false_positive_notes.md
lib/proto/profiler.go::struct::ProfilerCoverageRange	struct	ported	-	false-positive: see plans/inventory/go_false_positive_notes.md
lib/proto/profiler.go::struct::ProfilerDisable	struct	ported	-	false-positive: see plans/inventory/go_false_positive_notes.md
lib/proto/profiler.go::struct::ProfilerEnable	struct	ported	-	false-positive: see plans/inventory/go_false_positive_notes.md
lib/proto/profiler.go::struct::ProfilerFunctionCoverage	struct	ported	-	false-positive: see plans/inventory/go_false_positive_notes.md
lib/proto/profiler.go::struct::ProfilerGetBestEffortCoverage	struct	ported	-	false-positive: see plans/inventory/go_false_positive_notes.md
lib/proto/profiler.go::struct::ProfilerGetBestEffortCoverageResult	struct	ported	-	false-positive: see plans/inventory/go_false_positive_notes.md
lib/proto/profiler.go::struct::ProfilerPositionTickInfo	struct	ported	-	false-positive: see plans/inventory/go_false_positive_notes.md
lib/proto/profiler.go::struct::ProfilerPreciseCoverageDeltaUpdate	struct	ported	-	false-positive: see plans/inventory/go_false_positive_notes.md
lib/proto/profiler.go::struct::ProfilerProfile	struct	ported	-	false-positive: see plans/inventory/go_false_positive_notes.md
lib/proto/profiler.go::struct::ProfilerProfileNode	struct	ported	-	false-positive: see plans/inventory/go_false_positive_notes.md
lib/proto/profiler.go::struct::ProfilerScriptCoverage	struct	ported	-	false-positive: see plans/inventory/go_false_positive_notes.md
lib/proto/profiler.go::struct::ProfilerSetSamplingInterval	struct	ported	-	false-positive: see plans/inventory/go_false_positive_notes.md
lib/proto/profiler.go::struct::ProfilerStart	struct	ported	-	false-positive: see plans/inventory/go_false_positive_notes.md
lib/proto/profiler.go::struct::ProfilerStartPreciseCoverage	struct	ported	-	false-positive: see plans/inventory/go_false_positive_notes.md
lib/proto/profiler.go::struct::ProfilerStartPreciseCoverageResult	struct	ported	-	false-positive: see plans/inventory/go_false_positive_notes.md
lib/proto/profiler.go::struct::ProfilerStop	struct	ported	-	false-positive: see plans/inventory/go_false_positive_notes.md
lib/proto/profiler.go::struct::ProfilerStopPreciseCoverage	struct	ported	-	false-positive: see plans/inventory/go_false_positive_notes.md
lib/proto/profiler.go::struct::ProfilerStopResult	struct	ported	-	false-positive: see plans/inventory/go_false_positive_notes.md
lib/proto/profiler.go::struct::ProfilerTakePreciseCoverage	struct	ported	-	false-positive: see plans/inventory/go_false_positive_notes.md
lib/proto/profiler.go::struct::ProfilerTakePreciseCoverageResult	struct	ported	-	false-positive: see plans/inventory/go_false_positive_notes.md
lib/proto/pwa.go::const::PWADisplayModeBrowser	const	ported	-	false-positive: see plans/inventory/go_false_positive_notes.md
lib/proto/pwa.go::const::PWADisplayModeStandalone	const	ported	-	false-positive: see plans/inventory/go_false_positive_notes.md
lib/proto/pwa.go::struct::PWAChangeAppUserSettings	struct	ported	-	false-positive: see plans/inventory/go_false_positive_notes.md
lib/proto/pwa.go::struct::PWAFileHandler	struct	ported	-	false-positive: see plans/inventory/go_false_positive_notes.md
lib/proto/pwa.go::struct::PWAFileHandlerAccept	struct	ported	-	false-positive: see plans/inventory/go_false_positive_notes.md
lib/proto/pwa.go::struct::PWAGetOsAppState	struct	ported	-	false-positive: see plans/inventory/go_false_positive_notes.md
lib/proto/pwa.go::struct::PWAGetOsAppStateResult	struct	ported	-	false-positive: see plans/inventory/go_false_positive_notes.md
lib/proto/pwa.go::struct::PWAInstall	struct	ported	-	false-positive: see plans/inventory/go_false_positive_notes.md
lib/proto/pwa.go::struct::PWALaunch	struct	ported	-	false-positive: see plans/inventory/go_false_positive_notes.md
lib/proto/pwa.go::struct::PWALaunchFilesInApp	struct	ported	-	false-positive: see plans/inventory/go_false_positive_notes.md
lib/proto/pwa.go::struct::PWALaunchFilesInAppResult	struct	ported	-	false-positive: see plans/inventory/go_false_positive_notes.md
lib/proto/pwa.go::struct::PWALaunchResult	struct	ported	-	false-positive: see plans/inventory/go_false_positive_notes.md
lib/proto/pwa.go::struct::PWAOpenCurrentPageInApp	struct	ported	-	false-positive: see plans/inventory/go_false_positive_notes.md
lib/proto/pwa.go::struct::PWAUninstall	struct	ported	-	false-positive: see plans/inventory/go_false_positive_notes.md
lib/proto/pwa.go::type::PWADisplayMode	type	ported	-	false-positive: see plans/inventory/go_false_positive_notes.md
lib/proto/runtime.go::const::RuntimeConsoleAPICalledTypeAssert	const	ported	-	false-positive: see plans/inventory/go_false_positive_notes.md
lib/proto/runtime.go::const::RuntimeConsoleAPICalledTypeClear	const	ported	-	false-positive: see plans/inventory/go_false_positive_notes.md
lib/proto/runtime.go::const::RuntimeConsoleAPICalledTypeCount	const	ported	-	false-positive: see plans/inventory/go_false_positive_notes.md
lib/proto/runtime.go::const::RuntimeConsoleAPICalledTypeDebug	const	ported	-	false-positive: see plans/inventory/go_false_positive_notes.md
lib/proto/runtime.go::const::RuntimeConsoleAPICalledTypeDir	const	ported	-	false-positive: see plans/inventory/go_false_positive_notes.md
lib/proto/runtime.go::const::RuntimeConsoleAPICalledTypeDirxml	const	ported	-	false-positive: see plans/inventory/go_false_positive_notes.md
lib/proto/runtime.go::const::RuntimeConsoleAPICalledTypeEndGroup	const	ported	-	false-positive: see plans/inventory/go_false_positive_notes.md
lib/proto/runtime.go::const::RuntimeConsoleAPICalledTypeError	const	ported	-	false-positive: see plans/inventory/go_false_positive_notes.md
lib/proto/runtime.go::const::RuntimeConsoleAPICalledTypeInfo	const	ported	-	false-positive: see plans/inventory/go_false_positive_notes.md
lib/proto/runtime.go::const::RuntimeConsoleAPICalledTypeLog	const	ported	-	false-positive: see plans/inventory/go_false_positive_notes.md
lib/proto/runtime.go::const::RuntimeConsoleAPICalledTypeProfile	const	ported	-	false-positive: see plans/inventory/go_false_positive_notes.md
lib/proto/runtime.go::const::RuntimeConsoleAPICalledTypeProfileEnd	const	ported	-	false-positive: see plans/inventory/go_false_positive_notes.md
lib/proto/runtime.go::const::RuntimeConsoleAPICalledTypeStartGroup	const	ported	-	false-positive: see plans/inventory/go_false_positive_notes.md
lib/proto/runtime.go::const::RuntimeConsoleAPICalledTypeStartGroupCollapsed	const	ported	-	false-positive: see plans/inventory/go_false_positive_notes.md
lib/proto/runtime.go::const::RuntimeConsoleAPICalledTypeTable	const	ported	-	false-positive: see plans/inventory/go_false_positive_notes.md
lib/proto/runtime.go::const::RuntimeConsoleAPICalledTypeTimeEnd	const	ported	-	false-positive: see plans/inventory/go_false_positive_notes.md
lib/proto/runtime.go::const::RuntimeConsoleAPICalledTypeTrace	const	ported	-	false-positive: see plans/inventory/go_false_positive_notes.md
lib/proto/runtime.go::const::RuntimeConsoleAPICalledTypeWarning	const	ported	-	false-positive: see plans/inventory/go_false_positive_notes.md
lib/proto/runtime.go::const::RuntimeDeepSerializedValueTypeArray	const	ported	-	false-positive: see plans/inventory/go_false_positive_notes.md
lib/proto/runtime.go::const::RuntimeDeepSerializedValueTypeArraybuffer	const	ported	-	false-positive: see plans/inventory/go_false_positive_notes.md
lib/proto/runtime.go::const::RuntimeDeepSerializedValueTypeBigint	const	ported	-	false-positive: see plans/inventory/go_false_positive_notes.md
lib/proto/runtime.go::const::RuntimeDeepSerializedValueTypeBoolean	const	ported	-	false-positive: see plans/inventory/go_false_positive_notes.md
lib/proto/runtime.go::const::RuntimeDeepSerializedValueTypeDate	const	ported	-	false-positive: see plans/inventory/go_false_positive_notes.md
lib/proto/runtime.go::const::RuntimeDeepSerializedValueTypeError	const	ported	-	false-positive: see plans/inventory/go_false_positive_notes.md
lib/proto/runtime.go::const::RuntimeDeepSerializedValueTypeFunction	const	ported	-	false-positive: see plans/inventory/go_false_positive_notes.md
lib/proto/runtime.go::const::RuntimeDeepSerializedValueTypeGenerator	const	ported	-	false-positive: see plans/inventory/go_false_positive_notes.md
lib/proto/runtime.go::const::RuntimeDeepSerializedValueTypeMap	const	ported	-	false-positive: see plans/inventory/go_false_positive_notes.md
lib/proto/runtime.go::const::RuntimeDeepSerializedValueTypeNode	const	ported	-	false-positive: see plans/inventory/go_false_positive_notes.md
lib/proto/runtime.go::const::RuntimeDeepSerializedValueTypeNull	const	ported	-	false-positive: see plans/inventory/go_false_positive_notes.md
lib/proto/runtime.go::const::RuntimeDeepSerializedValueTypeNumber	const	ported	-	false-positive: see plans/inventory/go_false_positive_notes.md
lib/proto/runtime.go::const::RuntimeDeepSerializedValueTypeObject	const	ported	-	false-positive: see plans/inventory/go_false_positive_notes.md
lib/proto/runtime.go::const::RuntimeDeepSerializedValueTypePromise	const	ported	-	false-positive: see plans/inventory/go_false_positive_notes.md
lib/proto/runtime.go::const::RuntimeDeepSerializedValueTypeProxy	const	ported	-	false-positive: see plans/inventory/go_false_positive_notes.md
lib/proto/runtime.go::const::RuntimeDeepSerializedValueTypeRegexp	const	ported	-	false-positive: see plans/inventory/go_false_positive_notes.md
lib/proto/runtime.go::const::RuntimeDeepSerializedValueTypeSet	const	ported	-	false-positive: see plans/inventory/go_false_positive_notes.md
lib/proto/runtime.go::const::RuntimeDeepSerializedValueTypeString	const	ported	-	false-positive: see plans/inventory/go_false_positive_notes.md
lib/proto/runtime.go::const::RuntimeDeepSerializedValueTypeSymbol	const	ported	-	false-positive: see plans/inventory/go_false_positive_notes.md
lib/proto/runtime.go::const::RuntimeDeepSerializedValueTypeTypedarray	const	ported	-	false-positive: see plans/inventory/go_false_positive_notes.md
lib/proto/runtime.go::const::RuntimeDeepSerializedValueTypeUndefined	const	ported	-	false-positive: see plans/inventory/go_false_positive_notes.md
lib/proto/runtime.go::const::RuntimeDeepSerializedValueTypeWeakmap	const	ported	-	false-positive: see plans/inventory/go_false_positive_notes.md
lib/proto/runtime.go::const::RuntimeDeepSerializedValueTypeWeakset	const	ported	-	false-positive: see plans/inventory/go_false_positive_notes.md
lib/proto/runtime.go::const::RuntimeDeepSerializedValueTypeWindow	const	ported	-	false-positive: see plans/inventory/go_false_positive_notes.md
lib/proto/runtime.go::const::RuntimeObjectPreviewSubtypeArray	const	ported	-	false-positive: see plans/inventory/go_false_positive_notes.md
lib/proto/runtime.go::const::RuntimeObjectPreviewSubtypeArraybuffer	const	ported	-	false-positive: see plans/inventory/go_false_positive_notes.md
lib/proto/runtime.go::const::RuntimeObjectPreviewSubtypeDataview	const	ported	-	false-positive: see plans/inventory/go_false_positive_notes.md
lib/proto/runtime.go::const::RuntimeObjectPreviewSubtypeDate	const	ported	-	false-positive: see plans/inventory/go_false_positive_notes.md
lib/proto/runtime.go::const::RuntimeObjectPreviewSubtypeError	const	ported	-	false-positive: see plans/inventory/go_false_positive_notes.md
lib/proto/runtime.go::const::RuntimeObjectPreviewSubtypeGenerator	const	ported	-	false-positive: see plans/inventory/go_false_positive_notes.md
lib/proto/runtime.go::const::RuntimeObjectPreviewSubtypeIterator	const	ported	-	false-positive: see plans/inventory/go_false_positive_notes.md
lib/proto/runtime.go::const::RuntimeObjectPreviewSubtypeMap	const	ported	-	false-positive: see plans/inventory/go_false_positive_notes.md
lib/proto/runtime.go::const::RuntimeObjectPreviewSubtypeNode	const	ported	-	false-positive: see plans/inventory/go_false_positive_notes.md
lib/proto/runtime.go::const::RuntimeObjectPreviewSubtypeNull	const	ported	-	false-positive: see plans/inventory/go_false_positive_notes.md
lib/proto/runtime.go::const::RuntimeObjectPreviewSubtypePromise	const	ported	-	false-positive: see plans/inventory/go_false_positive_notes.md
lib/proto/runtime.go::const::RuntimeObjectPreviewSubtypeProxy	const	ported	-	false-positive: see plans/inventory/go_false_positive_notes.md
lib/proto/runtime.go::const::RuntimeObjectPreviewSubtypeRegexp	const	ported	-	false-positive: see plans/inventory/go_false_positive_notes.md
lib/proto/runtime.go::const::RuntimeObjectPreviewSubtypeSet	const	ported	-	false-positive: see plans/inventory/go_false_positive_notes.md
lib/proto/runtime.go::const::RuntimeObjectPreviewSubtypeTypedarray	const	ported	-	false-positive: see plans/inventory/go_false_positive_notes.md
lib/proto/runtime.go::const::RuntimeObjectPreviewSubtypeWasmvalue	const	ported	-	false-positive: see plans/inventory/go_false_positive_notes.md
lib/proto/runtime.go::const::RuntimeObjectPreviewSubtypeWeakmap	const	ported	-	false-positive: see plans/inventory/go_false_positive_notes.md
lib/proto/runtime.go::const::RuntimeObjectPreviewSubtypeWeakset	const	ported	-	false-positive: see plans/inventory/go_false_positive_notes.md
lib/proto/runtime.go::const::RuntimeObjectPreviewSubtypeWebassemblymemory	const	ported	-	false-positive: see plans/inventory/go_false_positive_notes.md
lib/proto/runtime.go::const::RuntimeObjectPreviewTypeBigint	const	ported	-	false-positive: see plans/inventory/go_false_positive_notes.md
lib/proto/runtime.go::const::RuntimeObjectPreviewTypeBoolean	const	ported	-	false-positive: see plans/inventory/go_false_positive_notes.md
lib/proto/runtime.go::const::RuntimeObjectPreviewTypeFunction	const	ported	-	false-positive: see plans/inventory/go_false_positive_notes.md
lib/proto/runtime.go::const::RuntimeObjectPreviewTypeNumber	const	ported	-	false-positive: see plans/inventory/go_false_positive_notes.md
lib/proto/runtime.go::const::RuntimeObjectPreviewTypeObject	const	ported	-	false-positive: see plans/inventory/go_false_positive_notes.md
lib/proto/runtime.go::const::RuntimeObjectPreviewTypeString	const	ported	-	false-positive: see plans/inventory/go_false_positive_notes.md
lib/proto/runtime.go::const::RuntimeObjectPreviewTypeSymbol	const	ported	-	false-positive: see plans/inventory/go_false_positive_notes.md
lib/proto/runtime.go::const::RuntimeObjectPreviewTypeUndefined	const	ported	-	false-positive: see plans/inventory/go_false_positive_notes.md
lib/proto/runtime.go::const::RuntimePropertyPreviewSubtypeArray	const	ported	-	false-positive: see plans/inventory/go_false_positive_notes.md
lib/proto/runtime.go::const::RuntimePropertyPreviewSubtypeArraybuffer	const	ported	-	false-positive: see plans/inventory/go_false_positive_notes.md
lib/proto/runtime.go::const::RuntimePropertyPreviewSubtypeDataview	const	ported	-	false-positive: see plans/inventory/go_false_positive_notes.md
lib/proto/runtime.go::const::RuntimePropertyPreviewSubtypeDate	const	ported	-	false-positive: see plans/inventory/go_false_positive_notes.md
lib/proto/runtime.go::const::RuntimePropertyPreviewSubtypeError	const	ported	-	false-positive: see plans/inventory/go_false_positive_notes.md
lib/proto/runtime.go::const::RuntimePropertyPreviewSubtypeGenerator	const	ported	-	false-positive: see plans/inventory/go_false_positive_notes.md
lib/proto/runtime.go::const::RuntimePropertyPreviewSubtypeIterator	const	ported	-	false-positive: see plans/inventory/go_false_positive_notes.md
lib/proto/runtime.go::const::RuntimePropertyPreviewSubtypeMap	const	ported	-	false-positive: see plans/inventory/go_false_positive_notes.md
lib/proto/runtime.go::const::RuntimePropertyPreviewSubtypeNode	const	ported	-	false-positive: see plans/inventory/go_false_positive_notes.md
lib/proto/runtime.go::const::RuntimePropertyPreviewSubtypeNull	const	ported	-	false-positive: see plans/inventory/go_false_positive_notes.md
lib/proto/runtime.go::const::RuntimePropertyPreviewSubtypePromise	const	ported	-	false-positive: see plans/inventory/go_false_positive_notes.md
lib/proto/runtime.go::const::RuntimePropertyPreviewSubtypeProxy	const	ported	-	false-positive: see plans/inventory/go_false_positive_notes.md
lib/proto/runtime.go::const::RuntimePropertyPreviewSubtypeRegexp	const	ported	-	false-positive: see plans/inventory/go_false_positive_notes.md
lib/proto/runtime.go::const::RuntimePropertyPreviewSubtypeSet	const	ported	-	false-positive: see plans/inventory/go_false_positive_notes.md
lib/proto/runtime.go::const::RuntimePropertyPreviewSubtypeTypedarray	const	ported	-	false-positive: see plans/inventory/go_false_positive_notes.md
lib/proto/runtime.go::const::RuntimePropertyPreviewSubtypeWasmvalue	const	ported	-	false-positive: see plans/inventory/go_false_positive_notes.md
lib/proto/runtime.go::const::RuntimePropertyPreviewSubtypeWeakmap	const	ported	-	false-positive: see plans/inventory/go_false_positive_notes.md
lib/proto/runtime.go::const::RuntimePropertyPreviewSubtypeWeakset	const	ported	-	false-positive: see plans/inventory/go_false_positive_notes.md
lib/proto/runtime.go::const::RuntimePropertyPreviewSubtypeWebassemblymemory	const	ported	-	false-positive: see plans/inventory/go_false_positive_notes.md
lib/proto/runtime.go::const::RuntimePropertyPreviewTypeAccessor	const	ported	-	false-positive: see plans/inventory/go_false_positive_notes.md
lib/proto/runtime.go::const::RuntimePropertyPreviewTypeBigint	const	ported	-	false-positive: see plans/inventory/go_false_positive_notes.md
lib/proto/runtime.go::const::RuntimePropertyPreviewTypeBoolean	const	ported	-	false-positive: see plans/inventory/go_false_positive_notes.md
lib/proto/runtime.go::const::RuntimePropertyPreviewTypeFunction	const	ported	-	false-positive: see plans/inventory/go_false_positive_notes.md
lib/proto/runtime.go::const::RuntimePropertyPreviewTypeNumber	const	ported	-	false-positive: see plans/inventory/go_false_positive_notes.md
lib/proto/runtime.go::const::RuntimePropertyPreviewTypeObject	const	ported	-	false-positive: see plans/inventory/go_false_positive_notes.md
lib/proto/runtime.go::const::RuntimePropertyPreviewTypeString	const	ported	-	false-positive: see plans/inventory/go_false_positive_notes.md
lib/proto/runtime.go::const::RuntimePropertyPreviewTypeSymbol	const	ported	-	false-positive: see plans/inventory/go_false_positive_notes.md
lib/proto/runtime.go::const::RuntimePropertyPreviewTypeUndefined	const	ported	-	false-positive: see plans/inventory/go_false_positive_notes.md
lib/proto/runtime.go::const::RuntimeRemoteObjectSubtypeArray	const	ported	-	false-positive: see plans/inventory/go_false_positive_notes.md
lib/proto/runtime.go::const::RuntimeRemoteObjectSubtypeArraybuffer	const	ported	-	false-positive: see plans/inventory/go_false_positive_notes.md
lib/proto/runtime.go::const::RuntimeRemoteObjectSubtypeDataview	const	ported	-	false-positive: see plans/inventory/go_false_positive_notes.md
lib/proto/runtime.go::const::RuntimeRemoteObjectSubtypeDate	const	ported	-	false-positive: see plans/inventory/go_false_positive_notes.md
lib/proto/runtime.go::const::RuntimeRemoteObjectSubtypeError	const	ported	-	false-positive: see plans/inventory/go_false_positive_notes.md
lib/proto/runtime.go::const::RuntimeRemoteObjectSubtypeGenerator	const	ported	-	false-positive: see plans/inventory/go_false_positive_notes.md
lib/proto/runtime.go::const::RuntimeRemoteObjectSubtypeIterator	const	ported	-	false-positive: see plans/inventory/go_false_positive_notes.md
lib/proto/runtime.go::const::RuntimeRemoteObjectSubtypeMap	const	ported	-	false-positive: see plans/inventory/go_false_positive_notes.md
lib/proto/runtime.go::const::RuntimeRemoteObjectSubtypeNode	const	ported	-	false-positive: see plans/inventory/go_false_positive_notes.md
lib/proto/runtime.go::const::RuntimeRemoteObjectSubtypeNull	const	ported	-	false-positive: see plans/inventory/go_false_positive_notes.md
lib/proto/runtime.go::const::RuntimeRemoteObjectSubtypePromise	const	ported	-	false-positive: see plans/inventory/go_false_positive_notes.md
lib/proto/runtime.go::const::RuntimeRemoteObjectSubtypeProxy	const	ported	-	false-positive: see plans/inventory/go_false_positive_notes.md
lib/proto/runtime.go::const::RuntimeRemoteObjectSubtypeRegexp	const	ported	-	false-positive: see plans/inventory/go_false_positive_notes.md
lib/proto/runtime.go::const::RuntimeRemoteObjectSubtypeSet	const	ported	-	false-positive: see plans/inventory/go_false_positive_notes.md
lib/proto/runtime.go::const::RuntimeRemoteObjectSubtypeTypedarray	const	ported	-	false-positive: see plans/inventory/go_false_positive_notes.md
lib/proto/runtime.go::const::RuntimeRemoteObjectSubtypeWasmvalue	const	ported	-	false-positive: see plans/inventory/go_false_positive_notes.md
lib/proto/runtime.go::const::RuntimeRemoteObjectSubtypeWeakmap	const	ported	-	false-positive: see plans/inventory/go_false_positive_notes.md
lib/proto/runtime.go::const::RuntimeRemoteObjectSubtypeWeakset	const	ported	-	false-positive: see plans/inventory/go_false_positive_notes.md
lib/proto/runtime.go::const::RuntimeRemoteObjectSubtypeWebassemblymemory	const	ported	-	false-positive: see plans/inventory/go_false_positive_notes.md
lib/proto/runtime.go::const::RuntimeRemoteObjectTypeBigint	const	ported	-	false-positive: see plans/inventory/go_false_positive_notes.md
lib/proto/runtime.go::const::RuntimeRemoteObjectTypeBoolean	const	ported	-	false-positive: see plans/inventory/go_false_positive_notes.md
lib/proto/runtime.go::const::RuntimeRemoteObjectTypeFunction	const	ported	-	false-positive: see plans/inventory/go_false_positive_notes.md
lib/proto/runtime.go::const::RuntimeRemoteObjectTypeNumber	const	ported	-	false-positive: see plans/inventory/go_false_positive_notes.md
lib/proto/runtime.go::const::RuntimeRemoteObjectTypeObject	const	ported	-	false-positive: see plans/inventory/go_false_positive_notes.md
lib/proto/runtime.go::const::RuntimeRemoteObjectTypeString	const	ported	-	false-positive: see plans/inventory/go_false_positive_notes.md
lib/proto/runtime.go::const::RuntimeRemoteObjectTypeSymbol	const	ported	-	false-positive: see plans/inventory/go_false_positive_notes.md
lib/proto/runtime.go::const::RuntimeRemoteObjectTypeUndefined	const	ported	-	false-positive: see plans/inventory/go_false_positive_notes.md
lib/proto/runtime.go::const::RuntimeSerializationOptionsSerializationDeep	const	ported	-	false-positive: see plans/inventory/go_false_positive_notes.md
lib/proto/runtime.go::const::RuntimeSerializationOptionsSerializationIDOnly	const	ported	-	false-positive: see plans/inventory/go_false_positive_notes.md
lib/proto/runtime.go::const::RuntimeSerializationOptionsSerializationJSON	const	ported	-	false-positive: see plans/inventory/go_false_positive_notes.md
lib/proto/runtime.go::struct::RuntimeAddBinding	struct	ported	-	false-positive: see plans/inventory/go_false_positive_notes.md
lib/proto/runtime.go::struct::RuntimeAwaitPromise	struct	ported	-	false-positive: see plans/inventory/go_false_positive_notes.md
lib/proto/runtime.go::struct::RuntimeAwaitPromiseResult	struct	ported	-	false-positive: see plans/inventory/go_false_positive_notes.md
lib/proto/runtime.go::struct::RuntimeBindingCalled	struct	ported	-	false-positive: see plans/inventory/go_false_positive_notes.md
lib/proto/runtime.go::struct::RuntimeCallArgument	struct	ported	-	false-positive: see plans/inventory/go_false_positive_notes.md
lib/proto/runtime.go::struct::RuntimeCallFrame	struct	ported	-	false-positive: see plans/inventory/go_false_positive_notes.md
lib/proto/runtime.go::struct::RuntimeCallFunctionOn	struct	ported	-	false-positive: see plans/inventory/go_false_positive_notes.md
lib/proto/runtime.go::struct::RuntimeCallFunctionOnResult	struct	ported	-	false-positive: see plans/inventory/go_false_positive_notes.md
lib/proto/runtime.go::struct::RuntimeCompileScript	struct	ported	-	false-positive: see plans/inventory/go_false_positive_notes.md
lib/proto/runtime.go::struct::RuntimeCompileScriptResult	struct	ported	-	false-positive: see plans/inventory/go_false_positive_notes.md
lib/proto/runtime.go::struct::RuntimeConsoleAPICalled	struct	ported	-	false-positive: see plans/inventory/go_false_positive_notes.md
lib/proto/runtime.go::struct::RuntimeCustomPreview	struct	ported	-	false-positive: see plans/inventory/go_false_positive_notes.md
lib/proto/runtime.go::struct::RuntimeDeepSerializedValue	struct	ported	-	false-positive: see plans/inventory/go_false_positive_notes.md
lib/proto/runtime.go::struct::RuntimeDisable	struct	ported	-	false-positive: see plans/inventory/go_false_positive_notes.md
lib/proto/runtime.go::struct::RuntimeDiscardConsoleEntries	struct	ported	-	false-positive: see plans/inventory/go_false_positive_notes.md
lib/proto/runtime.go::struct::RuntimeEnable	struct	ported	-	false-positive: see plans/inventory/go_false_positive_notes.md
lib/proto/runtime.go::struct::RuntimeEntryPreview	struct	ported	-	false-positive: see plans/inventory/go_false_positive_notes.md
lib/proto/runtime.go::struct::RuntimeEvaluate	struct	ported	-	false-positive: see plans/inventory/go_false_positive_notes.md
lib/proto/runtime.go::struct::RuntimeEvaluateResult	struct	ported	-	false-positive: see plans/inventory/go_false_positive_notes.md
lib/proto/runtime.go::struct::RuntimeExceptionDetails	struct	ported	-	false-positive: see plans/inventory/go_false_positive_notes.md
lib/proto/runtime.go::struct::RuntimeExceptionRevoked	struct	ported	-	false-positive: see plans/inventory/go_false_positive_notes.md
lib/proto/runtime.go::struct::RuntimeExceptionThrown	struct	ported	-	false-positive: see plans/inventory/go_false_positive_notes.md
lib/proto/runtime.go::struct::RuntimeExecutionContextCreated	struct	ported	-	false-positive: see plans/inventory/go_false_positive_notes.md
lib/proto/runtime.go::struct::RuntimeExecutionContextDescription	struct	ported	-	false-positive: see plans/inventory/go_false_positive_notes.md
lib/proto/runtime.go::struct::RuntimeExecutionContextDestroyed	struct	ported	-	false-positive: see plans/inventory/go_false_positive_notes.md
lib/proto/runtime.go::struct::RuntimeExecutionContextsCleared	struct	ported	-	false-positive: see plans/inventory/go_false_positive_notes.md
lib/proto/runtime.go::struct::RuntimeGetExceptionDetails	struct	ported	-	false-positive: see plans/inventory/go_false_positive_notes.md
lib/proto/runtime.go::struct::RuntimeGetExceptionDetailsResult	struct	ported	-	false-positive: see plans/inventory/go_false_positive_notes.md
lib/proto/runtime.go::struct::RuntimeGetHeapUsage	struct	ported	-	false-positive: see plans/inventory/go_false_positive_notes.md
lib/proto/runtime.go::struct::RuntimeGetHeapUsageResult	struct	ported	-	false-positive: see plans/inventory/go_false_positive_notes.md
lib/proto/runtime.go::struct::RuntimeGetIsolateID	struct	ported	-	false-positive: see plans/inventory/go_false_positive_notes.md
lib/proto/runtime.go::struct::RuntimeGetIsolateIDResult	struct	ported	-	false-positive: see plans/inventory/go_false_positive_notes.md
lib/proto/runtime.go::struct::RuntimeGetProperties	struct	ported	-	false-positive: see plans/inventory/go_false_positive_notes.md
lib/proto/runtime.go::struct::RuntimeGetPropertiesResult	struct	ported	-	false-positive: see plans/inventory/go_false_positive_notes.md
lib/proto/runtime.go::struct::RuntimeGlobalLexicalScopeNames	struct	ported	-	false-positive: see plans/inventory/go_false_positive_notes.md
lib/proto/runtime.go::struct::RuntimeGlobalLexicalScopeNamesResult	struct	ported	-	false-positive: see plans/inventory/go_false_positive_notes.md
lib/proto/runtime.go::struct::RuntimeInspectRequested	struct	ported	-	false-positive: see plans/inventory/go_false_positive_notes.md
lib/proto/runtime.go::struct::RuntimeInternalPropertyDescriptor	struct	ported	-	false-positive: see plans/inventory/go_false_positive_notes.md
lib/proto/runtime.go::struct::RuntimeObjectPreview	struct	ported	-	false-positive: see plans/inventory/go_false_positive_notes.md
lib/proto/runtime.go::struct::RuntimePrivatePropertyDescriptor	struct	ported	-	false-positive: see plans/inventory/go_false_positive_notes.md
lib/proto/runtime.go::struct::RuntimePropertyDescriptor	struct	ported	-	false-positive: see plans/inventory/go_false_positive_notes.md
lib/proto/runtime.go::struct::RuntimePropertyPreview	struct	ported	-	false-positive: see plans/inventory/go_false_positive_notes.md
lib/proto/runtime.go::struct::RuntimeQueryObjects	struct	ported	-	false-positive: see plans/inventory/go_false_positive_notes.md
lib/proto/runtime.go::struct::RuntimeQueryObjectsResult	struct	ported	-	false-positive: see plans/inventory/go_false_positive_notes.md
lib/proto/runtime.go::struct::RuntimeReleaseObject	struct	ported	-	false-positive: see plans/inventory/go_false_positive_notes.md
lib/proto/runtime.go::struct::RuntimeReleaseObjectGroup	struct	ported	-	false-positive: see plans/inventory/go_false_positive_notes.md
lib/proto/runtime.go::struct::RuntimeRemoteObject	struct	ported	-	false-positive: see plans/inventory/go_false_positive_notes.md
lib/proto/runtime.go::struct::RuntimeRemoveBinding	struct	ported	-	false-positive: see plans/inventory/go_false_positive_notes.md
lib/proto/runtime.go::struct::RuntimeRunIfWaitingForDebugger	struct	ported	-	false-positive: see plans/inventory/go_false_positive_notes.md
lib/proto/runtime.go::struct::RuntimeRunScript	struct	ported	-	false-positive: see plans/inventory/go_false_positive_notes.md
lib/proto/runtime.go::struct::RuntimeRunScriptResult	struct	ported	-	false-positive: see plans/inventory/go_false_positive_notes.md
lib/proto/runtime.go::struct::RuntimeSerializationOptions	struct	ported	-	false-positive: see plans/inventory/go_false_positive_notes.md
lib/proto/runtime.go::struct::RuntimeSetAsyncCallStackDepth	struct	ported	-	false-positive: see plans/inventory/go_false_positive_notes.md
lib/proto/runtime.go::struct::RuntimeSetCustomObjectFormatterEnabled	struct	ported	-	false-positive: see plans/inventory/go_false_positive_notes.md
lib/proto/runtime.go::struct::RuntimeSetMaxCallStackSizeToCapture	struct	ported	-	false-positive: see plans/inventory/go_false_positive_notes.md
lib/proto/runtime.go::struct::RuntimeStackTrace	struct	ported	-	false-positive: see plans/inventory/go_false_positive_notes.md
lib/proto/runtime.go::struct::RuntimeStackTraceID	struct	ported	-	false-positive: see plans/inventory/go_false_positive_notes.md
lib/proto/runtime.go::struct::RuntimeTerminateExecution	struct	ported	-	false-positive: see plans/inventory/go_false_positive_notes.md
lib/proto/runtime.go::type::RuntimeConsoleAPICalledType	type	ported	-	false-positive: see plans/inventory/go_false_positive_notes.md
lib/proto/runtime.go::type::RuntimeDeepSerializedValueType	type	ported	-	false-positive: see plans/inventory/go_false_positive_notes.md
lib/proto/runtime.go::type::RuntimeExecutionContextID	type	ported	-	false-positive: see plans/inventory/go_false_positive_notes.md
lib/proto/runtime.go::type::RuntimeObjectPreviewSubtype	type	ported	-	false-positive: see plans/inventory/go_false_positive_notes.md
lib/proto/runtime.go::type::RuntimeObjectPreviewType	type	ported	-	false-positive: see plans/inventory/go_false_positive_notes.md
lib/proto/runtime.go::type::RuntimePropertyPreviewSubtype	type	ported	-	false-positive: see plans/inventory/go_false_positive_notes.md
lib/proto/runtime.go::type::RuntimePropertyPreviewType	type	ported	-	false-positive: see plans/inventory/go_false_positive_notes.md
lib/proto/runtime.go::type::RuntimeRemoteObjectID	type	ported	-	false-positive: see plans/inventory/go_false_positive_notes.md
lib/proto/runtime.go::type::RuntimeRemoteObjectSubtype	type	ported	-	false-positive: see plans/inventory/go_false_positive_notes.md
lib/proto/runtime.go::type::RuntimeRemoteObjectType	type	ported	-	false-positive: see plans/inventory/go_false_positive_notes.md
lib/proto/runtime.go::type::RuntimeScriptID	type	ported	-	false-positive: see plans/inventory/go_false_positive_notes.md
lib/proto/runtime.go::type::RuntimeSerializationOptionsSerialization	type	ported	-	false-positive: see plans/inventory/go_false_positive_notes.md
lib/proto/runtime.go::type::RuntimeTimeDelta	type	ported	-	false-positive: see plans/inventory/go_false_positive_notes.md
lib/proto/runtime.go::type::RuntimeTimestamp	type	ported	-	false-positive: see plans/inventory/go_false_positive_notes.md
lib/proto/runtime.go::type::RuntimeUniqueDebuggerID	type	ported	-	false-positive: see plans/inventory/go_false_positive_notes.md
lib/proto/runtime.go::type::RuntimeUnserializableValue	type	ported	-	false-positive: see plans/inventory/go_false_positive_notes.md
lib/proto/schema.go::struct::SchemaDomain	struct	ported	-	false-positive: see plans/inventory/go_false_positive_notes.md
lib/proto/schema.go::struct::SchemaGetDomains	struct	ported	-	false-positive: see plans/inventory/go_false_positive_notes.md
lib/proto/schema.go::struct::SchemaGetDomainsResult	struct	ported	-	false-positive: see plans/inventory/go_false_positive_notes.md
lib/proto/security.go::const::SecurityCertificateErrorActionCancel	const	ported	-	false-positive: see plans/inventory/go_false_positive_notes.md
lib/proto/security.go::const::SecurityCertificateErrorActionContinue	const	ported	-	false-positive: see plans/inventory/go_false_positive_notes.md
lib/proto/security.go::const::SecurityMixedContentTypeBlockable	const	ported	-	false-positive: see plans/inventory/go_false_positive_notes.md
lib/proto/security.go::const::SecurityMixedContentTypeNone	const	ported	-	false-positive: see plans/inventory/go_false_positive_notes.md
lib/proto/security.go::const::SecurityMixedContentTypeOptionallyBlockable	const	ported	-	false-positive: see plans/inventory/go_false_positive_notes.md
lib/proto/security.go::const::SecuritySafetyTipStatusBadReputation	const	ported	-	false-positive: see plans/inventory/go_false_positive_notes.md
lib/proto/security.go::const::SecuritySafetyTipStatusLookalike	const	ported	-	false-positive: see plans/inventory/go_false_positive_notes.md
lib/proto/security.go::const::SecuritySecurityStateInfo	const	ported	-	false-positive: see plans/inventory/go_false_positive_notes.md
lib/proto/security.go::const::SecuritySecurityStateInsecure	const	ported	-	false-positive: see plans/inventory/go_false_positive_notes.md
lib/proto/security.go::const::SecuritySecurityStateInsecureBroken	const	ported	-	false-positive: see plans/inventory/go_false_positive_notes.md
lib/proto/security.go::const::SecuritySecurityStateNeutral	const	ported	-	false-positive: see plans/inventory/go_false_positive_notes.md
lib/proto/security.go::const::SecuritySecurityStateSecure	const	ported	-	false-positive: see plans/inventory/go_false_positive_notes.md
lib/proto/security.go::const::SecuritySecurityStateUnknown	const	ported	-	false-positive: see plans/inventory/go_false_positive_notes.md
lib/proto/security.go::struct::SecurityCertificateError	struct	ported	-	false-positive: see plans/inventory/go_false_positive_notes.md
lib/proto/security.go::struct::SecurityCertificateSecurityState	struct	ported	-	false-positive: see plans/inventory/go_false_positive_notes.md
lib/proto/security.go::struct::SecurityDisable	struct	ported	-	false-positive: see plans/inventory/go_false_positive_notes.md
lib/proto/security.go::struct::SecurityEnable	struct	ported	-	false-positive: see plans/inventory/go_false_positive_notes.md
lib/proto/security.go::struct::SecurityHandleCertificateError	struct	ported	-	false-positive: see plans/inventory/go_false_positive_notes.md
lib/proto/security.go::struct::SecurityInsecureContentStatus	struct	ported	-	false-positive: see plans/inventory/go_false_positive_notes.md
lib/proto/security.go::struct::SecuritySafetyTipInfo	struct	ported	-	false-positive: see plans/inventory/go_false_positive_notes.md
lib/proto/security.go::struct::SecuritySecurityStateChanged	struct	ported	-	false-positive: see plans/inventory/go_false_positive_notes.md
lib/proto/security.go::struct::SecuritySecurityStateExplanation	struct	ported	-	false-positive: see plans/inventory/go_false_positive_notes.md
lib/proto/security.go::struct::SecuritySetIgnoreCertificateErrors	struct	ported	-	false-positive: see plans/inventory/go_false_positive_notes.md
lib/proto/security.go::struct::SecuritySetOverrideCertificateErrors	struct	ported	-	false-positive: see plans/inventory/go_false_positive_notes.md
lib/proto/security.go::struct::SecurityVisibleSecurityState	struct	ported	-	false-positive: see plans/inventory/go_false_positive_notes.md
lib/proto/security.go::struct::SecurityVisibleSecurityStateChanged	struct	ported	-	false-positive: see plans/inventory/go_false_positive_notes.md
lib/proto/security.go::type::SecurityCertificateErrorAction	type	ported	-	false-positive: see plans/inventory/go_false_positive_notes.md
lib/proto/security.go::type::SecurityCertificateID	type	ported	-	false-positive: see plans/inventory/go_false_positive_notes.md
lib/proto/security.go::type::SecurityMixedContentType	type	ported	-	false-positive: see plans/inventory/go_false_positive_notes.md
lib/proto/security.go::type::SecuritySafetyTipStatus	type	ported	-	false-positive: see plans/inventory/go_false_positive_notes.md
lib/proto/security.go::type::SecuritySecurityState	type	ported	-	false-positive: see plans/inventory/go_false_positive_notes.md
lib/proto/service_worker.go::const::ServiceWorkerServiceWorkerVersionRunningStatusRunning	const	ported	-	false-positive: see plans/inventory/go_false_positive_notes.md
lib/proto/service_worker.go::const::ServiceWorkerServiceWorkerVersionRunningStatusStarting	const	ported	-	false-positive: see plans/inventory/go_false_positive_notes.md
lib/proto/service_worker.go::const::ServiceWorkerServiceWorkerVersionRunningStatusStopped	const	ported	-	false-positive: see plans/inventory/go_false_positive_notes.md
lib/proto/service_worker.go::const::ServiceWorkerServiceWorkerVersionRunningStatusStopping	const	ported	-	false-positive: see plans/inventory/go_false_positive_notes.md
lib/proto/service_worker.go::const::ServiceWorkerServiceWorkerVersionStatusActivated	const	ported	-	false-positive: see plans/inventory/go_false_positive_notes.md
lib/proto/service_worker.go::const::ServiceWorkerServiceWorkerVersionStatusActivating	const	ported	-	false-positive: see plans/inventory/go_false_positive_notes.md
lib/proto/service_worker.go::const::ServiceWorkerServiceWorkerVersionStatusInstalled	const	ported	-	false-positive: see plans/inventory/go_false_positive_notes.md
lib/proto/service_worker.go::const::ServiceWorkerServiceWorkerVersionStatusInstalling	const	ported	-	false-positive: see plans/inventory/go_false_positive_notes.md
lib/proto/service_worker.go::const::ServiceWorkerServiceWorkerVersionStatusNew	const	ported	-	false-positive: see plans/inventory/go_false_positive_notes.md
lib/proto/service_worker.go::const::ServiceWorkerServiceWorkerVersionStatusRedundant	const	ported	-	false-positive: see plans/inventory/go_false_positive_notes.md
lib/proto/service_worker.go::struct::ServiceWorkerDeliverPushMessage	struct	ported	-	false-positive: see plans/inventory/go_false_positive_notes.md
lib/proto/service_worker.go::struct::ServiceWorkerDisable	struct	ported	-	false-positive: see plans/inventory/go_false_positive_notes.md
lib/proto/service_worker.go::struct::ServiceWorkerDispatchPeriodicSyncEvent	struct	ported	-	false-positive: see plans/inventory/go_false_positive_notes.md
lib/proto/service_worker.go::struct::ServiceWorkerDispatchSyncEvent	struct	ported	-	false-positive: see plans/inventory/go_false_positive_notes.md
lib/proto/service_worker.go::struct::ServiceWorkerEnable	struct	ported	-	false-positive: see plans/inventory/go_false_positive_notes.md
lib/proto/service_worker.go::struct::ServiceWorkerInspectWorker	struct	ported	-	false-positive: see plans/inventory/go_false_positive_notes.md
lib/proto/service_worker.go::struct::ServiceWorkerServiceWorkerErrorMessage	struct	ported	-	false-positive: see plans/inventory/go_false_positive_notes.md
lib/proto/service_worker.go::struct::ServiceWorkerServiceWorkerRegistration	struct	ported	-	false-positive: see plans/inventory/go_false_positive_notes.md
lib/proto/service_worker.go::struct::ServiceWorkerServiceWorkerVersion	struct	ported	-	false-positive: see plans/inventory/go_false_positive_notes.md
lib/proto/service_worker.go::struct::ServiceWorkerSetForceUpdateOnPageLoad	struct	ported	-	false-positive: see plans/inventory/go_false_positive_notes.md
lib/proto/service_worker.go::struct::ServiceWorkerSkipWaiting	struct	ported	-	false-positive: see plans/inventory/go_false_positive_notes.md
lib/proto/service_worker.go::struct::ServiceWorkerStartWorker	struct	ported	-	false-positive: see plans/inventory/go_false_positive_notes.md
lib/proto/service_worker.go::struct::ServiceWorkerStopAllWorkers	struct	ported	-	false-positive: see plans/inventory/go_false_positive_notes.md
lib/proto/service_worker.go::struct::ServiceWorkerStopWorker	struct	ported	-	false-positive: see plans/inventory/go_false_positive_notes.md
lib/proto/service_worker.go::struct::ServiceWorkerUnregister	struct	ported	-	false-positive: see plans/inventory/go_false_positive_notes.md
lib/proto/service_worker.go::struct::ServiceWorkerUpdateRegistration	struct	ported	-	false-positive: see plans/inventory/go_false_positive_notes.md
lib/proto/service_worker.go::struct::ServiceWorkerWorkerErrorReported	struct	ported	-	false-positive: see plans/inventory/go_false_positive_notes.md
lib/proto/service_worker.go::struct::ServiceWorkerWorkerRegistrationUpdated	struct	ported	-	false-positive: see plans/inventory/go_false_positive_notes.md
lib/proto/service_worker.go::struct::ServiceWorkerWorkerVersionUpdated	struct	ported	-	false-positive: see plans/inventory/go_false_positive_notes.md
lib/proto/service_worker.go::type::ServiceWorkerRegistrationID	type	ported	-	false-positive: see plans/inventory/go_false_positive_notes.md
lib/proto/service_worker.go::type::ServiceWorkerServiceWorkerVersionRunningStatus	type	ported	-	false-positive: see plans/inventory/go_false_positive_notes.md
lib/proto/service_worker.go::type::ServiceWorkerServiceWorkerVersionStatus	type	ported	-	false-positive: see plans/inventory/go_false_positive_notes.md
lib/proto/storage.go::const::StorageAttributionReportingAggregatableResultDeduplicated	const	ported	-	false-positive: see plans/inventory/go_false_positive_notes.md
lib/proto/storage.go::const::StorageAttributionReportingAggregatableResultExcessiveAttributions	const	ported	-	false-positive: see plans/inventory/go_false_positive_notes.md
lib/proto/storage.go::const::StorageAttributionReportingAggregatableResultExcessiveReportingOrigins	const	ported	-	false-positive: see plans/inventory/go_false_positive_notes.md
lib/proto/storage.go::const::StorageAttributionReportingAggregatableResultExcessiveReports	const	ported	-	false-positive: see plans/inventory/go_false_positive_notes.md
lib/proto/storage.go::const::StorageAttributionReportingAggregatableResultInsufficientBudget	const	ported	-	false-positive: see plans/inventory/go_false_positive_notes.md
lib/proto/storage.go::const::StorageAttributionReportingAggregatableResultInternalError	const	ported	-	false-positive: see plans/inventory/go_false_positive_notes.md
lib/proto/storage.go::const::StorageAttributionReportingAggregatableResultNoCapacityForAttributionDestination	const	ported	-	false-positive: see plans/inventory/go_false_positive_notes.md
lib/proto/storage.go::const::StorageAttributionReportingAggregatableResultNoHistograms	const	ported	-	false-positive: see plans/inventory/go_false_positive_notes.md
lib/proto/storage.go::const::StorageAttributionReportingAggregatableResultNoMatchingSourceFilterData	const	ported	-	false-positive: see plans/inventory/go_false_positive_notes.md
lib/proto/storage.go::const::StorageAttributionReportingAggregatableResultNoMatchingSources	const	ported	-	false-positive: see plans/inventory/go_false_positive_notes.md
lib/proto/storage.go::const::StorageAttributionReportingAggregatableResultNotRegistered	const	ported	-	false-positive: see plans/inventory/go_false_positive_notes.md
lib/proto/storage.go::const::StorageAttributionReportingAggregatableResultProhibitedByBrowserPolicy	const	ported	-	false-positive: see plans/inventory/go_false_positive_notes.md
lib/proto/storage.go::const::StorageAttributionReportingAggregatableResultReportWindowPassed	const	ported	-	false-positive: see plans/inventory/go_false_positive_notes.md
lib/proto/storage.go::const::StorageAttributionReportingAggregatableResultSuccess	const	ported	-	false-positive: see plans/inventory/go_false_positive_notes.md
lib/proto/storage.go::const::StorageAttributionReportingEventLevelResultDeduplicated	const	ported	-	false-positive: see plans/inventory/go_false_positive_notes.md
lib/proto/storage.go::const::StorageAttributionReportingEventLevelResultExcessiveAttributions	const	ported	-	false-positive: see plans/inventory/go_false_positive_notes.md
lib/proto/storage.go::const::StorageAttributionReportingEventLevelResultExcessiveReportingOrigins	const	ported	-	false-positive: see plans/inventory/go_false_positive_notes.md
lib/proto/storage.go::const::StorageAttributionReportingEventLevelResultExcessiveReports	const	ported	-	false-positive: see plans/inventory/go_false_positive_notes.md
lib/proto/storage.go::const::StorageAttributionReportingEventLevelResultFalselyAttributedSource	const	ported	-	false-positive: see plans/inventory/go_false_positive_notes.md
lib/proto/storage.go::const::StorageAttributionReportingEventLevelResultInternalError	const	ported	-	false-positive: see plans/inventory/go_false_positive_notes.md
lib/proto/storage.go::const::StorageAttributionReportingEventLevelResultNeverAttributedSource	const	ported	-	false-positive: see plans/inventory/go_false_positive_notes.md
lib/proto/storage.go::const::StorageAttributionReportingEventLevelResultNoCapacityForAttributionDestination	const	ported	-	false-positive: see plans/inventory/go_false_positive_notes.md
lib/proto/storage.go::const::StorageAttributionReportingEventLevelResultNoMatchingConfigurations	const	ported	-	false-positive: see plans/inventory/go_false_positive_notes.md
lib/proto/storage.go::const::StorageAttributionReportingEventLevelResultNoMatchingSourceFilterData	const	ported	-	false-positive: see plans/inventory/go_false_positive_notes.md
lib/proto/storage.go::const::StorageAttributionReportingEventLevelResultNoMatchingSources	const	ported	-	false-positive: see plans/inventory/go_false_positive_notes.md
lib/proto/storage.go::const::StorageAttributionReportingEventLevelResultNoMatchingTriggerData	const	ported	-	false-positive: see plans/inventory/go_false_positive_notes.md
lib/proto/storage.go::const::StorageAttributionReportingEventLevelResultNotRegistered	const	ported	-	false-positive: see plans/inventory/go_false_positive_notes.md
lib/proto/storage.go::const::StorageAttributionReportingEventLevelResultPriorityTooLow	const	ported	-	false-positive: see plans/inventory/go_false_positive_notes.md
lib/proto/storage.go::const::StorageAttributionReportingEventLevelResultProhibitedByBrowserPolicy	const	ported	-	false-positive: see plans/inventory/go_false_positive_notes.md
lib/proto/storage.go::const::StorageAttributionReportingEventLevelResultReportWindowNotStarted	const	ported	-	false-positive: see plans/inventory/go_false_positive_notes.md
lib/proto/storage.go::const::StorageAttributionReportingEventLevelResultReportWindowPassed	const	ported	-	false-positive: see plans/inventory/go_false_positive_notes.md
lib/proto/storage.go::const::StorageAttributionReportingEventLevelResultSuccess	const	ported	-	false-positive: see plans/inventory/go_false_positive_notes.md
lib/proto/storage.go::const::StorageAttributionReportingEventLevelResultSuccessDroppedLowerPriority	const	ported	-	false-positive: see plans/inventory/go_false_positive_notes.md
lib/proto/storage.go::const::StorageAttributionReportingSourceRegistrationResultDestinationBothLimitsReached	const	ported	-	false-positive: see plans/inventory/go_false_positive_notes.md
lib/proto/storage.go::const::StorageAttributionReportingSourceRegistrationResultDestinationGlobalLimitReached	const	ported	-	false-positive: see plans/inventory/go_false_positive_notes.md
lib/proto/storage.go::const::StorageAttributionReportingSourceRegistrationResultDestinationPerDayReportingLimitReached	const	ported	-	false-positive: see plans/inventory/go_false_positive_notes.md
lib/proto/storage.go::const::StorageAttributionReportingSourceRegistrationResultDestinationReportingLimitReached	const	ported	-	false-positive: see plans/inventory/go_false_positive_notes.md
lib/proto/storage.go::const::StorageAttributionReportingSourceRegistrationResultExceedsMaxChannelCapacity	const	ported	-	false-positive: see plans/inventory/go_false_positive_notes.md
lib/proto/storage.go::const::StorageAttributionReportingSourceRegistrationResultExceedsMaxTriggerStateCardinality	const	ported	-	false-positive: see plans/inventory/go_false_positive_notes.md
lib/proto/storage.go::const::StorageAttributionReportingSourceRegistrationResultExcessiveReportingOrigins	const	ported	-	false-positive: see plans/inventory/go_false_positive_notes.md
lib/proto/storage.go::const::StorageAttributionReportingSourceRegistrationResultInsufficientSourceCapacity	const	ported	-	false-positive: see plans/inventory/go_false_positive_notes.md
lib/proto/storage.go::const::StorageAttributionReportingSourceRegistrationResultInsufficientUniqueDestinationCapacity	const	ported	-	false-positive: see plans/inventory/go_false_positive_notes.md
lib/proto/storage.go::const::StorageAttributionReportingSourceRegistrationResultInternalError	const	ported	-	false-positive: see plans/inventory/go_false_positive_notes.md
lib/proto/storage.go::const::StorageAttributionReportingSourceRegistrationResultProhibitedByBrowserPolicy	const	ported	-	false-positive: see plans/inventory/go_false_positive_notes.md
lib/proto/storage.go::const::StorageAttributionReportingSourceRegistrationResultReportingOriginsPerSiteLimitReached	const	ported	-	false-positive: see plans/inventory/go_false_positive_notes.md
lib/proto/storage.go::const::StorageAttributionReportingSourceRegistrationResultSuccess	const	ported	-	false-positive: see plans/inventory/go_false_positive_notes.md
lib/proto/storage.go::const::StorageAttributionReportingSourceRegistrationResultSuccessNoised	const	ported	-	false-positive: see plans/inventory/go_false_positive_notes.md
lib/proto/storage.go::const::StorageAttributionReportingSourceRegistrationTimeConfigExclude	const	ported	-	false-positive: see plans/inventory/go_false_positive_notes.md
lib/proto/storage.go::const::StorageAttributionReportingSourceRegistrationTimeConfigInclude	const	ported	-	false-positive: see plans/inventory/go_false_positive_notes.md
lib/proto/storage.go::const::StorageAttributionReportingSourceTypeEvent	const	ported	-	false-positive: see plans/inventory/go_false_positive_notes.md
lib/proto/storage.go::const::StorageAttributionReportingSourceTypeNavigation	const	ported	-	false-positive: see plans/inventory/go_false_positive_notes.md
lib/proto/storage.go::const::StorageAttributionReportingTriggerDataMatchingExact	const	ported	-	false-positive: see plans/inventory/go_false_positive_notes.md
lib/proto/storage.go::const::StorageAttributionReportingTriggerDataMatchingModulus	const	ported	-	false-positive: see plans/inventory/go_false_positive_notes.md
lib/proto/storage.go::const::StorageInterestGroupAccessTypeAdditionalBid	const	ported	-	false-positive: see plans/inventory/go_false_positive_notes.md
lib/proto/storage.go::const::StorageInterestGroupAccessTypeAdditionalBidWin	const	ported	-	false-positive: see plans/inventory/go_false_positive_notes.md
lib/proto/storage.go::const::StorageInterestGroupAccessTypeBid	const	ported	-	false-positive: see plans/inventory/go_false_positive_notes.md
lib/proto/storage.go::const::StorageInterestGroupAccessTypeClear	const	ported	-	false-positive: see plans/inventory/go_false_positive_notes.md
lib/proto/storage.go::const::StorageInterestGroupAccessTypeJoin	const	ported	-	false-positive: see plans/inventory/go_false_positive_notes.md
lib/proto/storage.go::const::StorageInterestGroupAccessTypeLeave	const	ported	-	false-positive: see plans/inventory/go_false_positive_notes.md
lib/proto/storage.go::const::StorageInterestGroupAccessTypeLoaded	const	ported	-	false-positive: see plans/inventory/go_false_positive_notes.md
lib/proto/storage.go::const::StorageInterestGroupAccessTypeTopLevelAdditionalBid	const	ported	-	false-positive: see plans/inventory/go_false_positive_notes.md
lib/proto/storage.go::const::StorageInterestGroupAccessTypeTopLevelBid	const	ported	-	false-positive: see plans/inventory/go_false_positive_notes.md
lib/proto/storage.go::const::StorageInterestGroupAccessTypeUpdate	const	ported	-	false-positive: see plans/inventory/go_false_positive_notes.md
lib/proto/storage.go::const::StorageInterestGroupAccessTypeWin	const	ported	-	false-positive: see plans/inventory/go_false_positive_notes.md
lib/proto/storage.go::const::StorageInterestGroupAuctionEventTypeConfigResolved	const	ported	-	false-positive: see plans/inventory/go_false_positive_notes.md
lib/proto/storage.go::const::StorageInterestGroupAuctionEventTypeStarted	const	ported	-	false-positive: see plans/inventory/go_false_positive_notes.md
lib/proto/storage.go::const::StorageInterestGroupAuctionFetchTypeBidderJs	const	ported	-	false-positive: see plans/inventory/go_false_positive_notes.md
lib/proto/storage.go::const::StorageInterestGroupAuctionFetchTypeBidderTrustedSignals	const	ported	-	false-positive: see plans/inventory/go_false_positive_notes.md
lib/proto/storage.go::const::StorageInterestGroupAuctionFetchTypeBidderWasm	const	ported	-	false-positive: see plans/inventory/go_false_positive_notes.md
lib/proto/storage.go::const::StorageInterestGroupAuctionFetchTypeSellerJs	const	ported	-	false-positive: see plans/inventory/go_false_positive_notes.md
lib/proto/storage.go::const::StorageInterestGroupAuctionFetchTypeSellerTrustedSignals	const	ported	-	false-positive: see plans/inventory/go_false_positive_notes.md
lib/proto/storage.go::const::StorageSharedStorageAccessTypeDocumentAddModule	const	ported	-	false-positive: see plans/inventory/go_false_positive_notes.md
lib/proto/storage.go::const::StorageSharedStorageAccessTypeDocumentAppend	const	ported	-	false-positive: see plans/inventory/go_false_positive_notes.md
lib/proto/storage.go::const::StorageSharedStorageAccessTypeDocumentClear	const	ported	-	false-positive: see plans/inventory/go_false_positive_notes.md
lib/proto/storage.go::const::StorageSharedStorageAccessTypeDocumentDelete	const	ported	-	false-positive: see plans/inventory/go_false_positive_notes.md
lib/proto/storage.go::const::StorageSharedStorageAccessTypeDocumentGet	const	ported	-	false-positive: see plans/inventory/go_false_positive_notes.md
lib/proto/storage.go::const::StorageSharedStorageAccessTypeDocumentRun	const	ported	-	false-positive: see plans/inventory/go_false_positive_notes.md
lib/proto/storage.go::const::StorageSharedStorageAccessTypeDocumentSelectURL	const	ported	-	false-positive: see plans/inventory/go_false_positive_notes.md
lib/proto/storage.go::const::StorageSharedStorageAccessTypeDocumentSet	const	ported	-	false-positive: see plans/inventory/go_false_positive_notes.md
lib/proto/storage.go::const::StorageSharedStorageAccessTypeHeaderAppend	const	ported	-	false-positive: see plans/inventory/go_false_positive_notes.md
lib/proto/storage.go::const::StorageSharedStorageAccessTypeHeaderClear	const	ported	-	false-positive: see plans/inventory/go_false_positive_notes.md
lib/proto/storage.go::const::StorageSharedStorageAccessTypeHeaderDelete	const	ported	-	false-positive: see plans/inventory/go_false_positive_notes.md
lib/proto/storage.go::const::StorageSharedStorageAccessTypeHeaderSet	const	ported	-	false-positive: see plans/inventory/go_false_positive_notes.md
lib/proto/storage.go::const::StorageSharedStorageAccessTypeWorkletAppend	const	ported	-	false-positive: see plans/inventory/go_false_positive_notes.md
lib/proto/storage.go::const::StorageSharedStorageAccessTypeWorkletClear	const	ported	-	false-positive: see plans/inventory/go_false_positive_notes.md
lib/proto/storage.go::const::StorageSharedStorageAccessTypeWorkletDelete	const	ported	-	false-positive: see plans/inventory/go_false_positive_notes.md
lib/proto/storage.go::const::StorageSharedStorageAccessTypeWorkletEntries	const	ported	-	false-positive: see plans/inventory/go_false_positive_notes.md
lib/proto/storage.go::const::StorageSharedStorageAccessTypeWorkletGet	const	ported	-	false-positive: see plans/inventory/go_false_positive_notes.md
lib/proto/storage.go::const::StorageSharedStorageAccessTypeWorkletKeys	const	ported	-	false-positive: see plans/inventory/go_false_positive_notes.md
lib/proto/storage.go::const::StorageSharedStorageAccessTypeWorkletLength	const	ported	-	false-positive: see plans/inventory/go_false_positive_notes.md
lib/proto/storage.go::const::StorageSharedStorageAccessTypeWorkletRemainingBudget	const	ported	-	false-positive: see plans/inventory/go_false_positive_notes.md
lib/proto/storage.go::const::StorageSharedStorageAccessTypeWorkletSet	const	ported	-	false-positive: see plans/inventory/go_false_positive_notes.md
lib/proto/storage.go::const::StorageStorageBucketsDurabilityRelaxed	const	ported	-	false-positive: see plans/inventory/go_false_positive_notes.md
lib/proto/storage.go::const::StorageStorageBucketsDurabilityStrict	const	ported	-	false-positive: see plans/inventory/go_false_positive_notes.md
lib/proto/storage.go::const::StorageStorageTypeAll	const	ported	-	false-positive: see plans/inventory/go_false_positive_notes.md
lib/proto/storage.go::const::StorageStorageTypeAppcache	const	ported	-	false-positive: see plans/inventory/go_false_positive_notes.md
lib/proto/storage.go::const::StorageStorageTypeCacheStorage	const	ported	-	false-positive: see plans/inventory/go_false_positive_notes.md
lib/proto/storage.go::const::StorageStorageTypeCookies	const	ported	-	false-positive: see plans/inventory/go_false_positive_notes.md
lib/proto/storage.go::const::StorageStorageTypeFileSystems	const	ported	-	false-positive: see plans/inventory/go_false_positive_notes.md
lib/proto/storage.go::const::StorageStorageTypeIndexeddb	const	ported	-	false-positive: see plans/inventory/go_false_positive_notes.md
lib/proto/storage.go::const::StorageStorageTypeInterestGroups	const	ported	-	false-positive: see plans/inventory/go_false_positive_notes.md
lib/proto/storage.go::const::StorageStorageTypeLocalStorage	const	ported	-	false-positive: see plans/inventory/go_false_positive_notes.md
lib/proto/storage.go::const::StorageStorageTypeOther	const	ported	-	false-positive: see plans/inventory/go_false_positive_notes.md
lib/proto/storage.go::const::StorageStorageTypeServiceWorkers	const	ported	-	false-positive: see plans/inventory/go_false_positive_notes.md
lib/proto/storage.go::const::StorageStorageTypeShaderCache	const	ported	-	false-positive: see plans/inventory/go_false_positive_notes.md
lib/proto/storage.go::const::StorageStorageTypeSharedStorage	const	ported	-	false-positive: see plans/inventory/go_false_positive_notes.md
lib/proto/storage.go::const::StorageStorageTypeStorageBuckets	const	ported	-	false-positive: see plans/inventory/go_false_positive_notes.md
lib/proto/storage.go::const::StorageStorageTypeWebsql	const	ported	-	false-positive: see plans/inventory/go_false_positive_notes.md
lib/proto/storage.go::struct::StorageAttributionReportingAggregatableDedupKey	struct	ported	-	false-positive: see plans/inventory/go_false_positive_notes.md
lib/proto/storage.go::struct::StorageAttributionReportingAggregatableTriggerData	struct	ported	-	false-positive: see plans/inventory/go_false_positive_notes.md
lib/proto/storage.go::struct::StorageAttributionReportingAggregatableValueDictEntry	struct	ported	-	false-positive: see plans/inventory/go_false_positive_notes.md
lib/proto/storage.go::struct::StorageAttributionReportingAggregatableValueEntry	struct	ported	-	false-positive: see plans/inventory/go_false_positive_notes.md
lib/proto/storage.go::struct::StorageAttributionReportingAggregationKeysEntry	struct	ported	-	false-positive: see plans/inventory/go_false_positive_notes.md
lib/proto/storage.go::struct::StorageAttributionReportingEventReportWindows	struct	ported	-	false-positive: see plans/inventory/go_false_positive_notes.md
lib/proto/storage.go::struct::StorageAttributionReportingEventTriggerData	struct	ported	-	false-positive: see plans/inventory/go_false_positive_notes.md
lib/proto/storage.go::struct::StorageAttributionReportingFilterConfig	struct	ported	-	false-positive: see plans/inventory/go_false_positive_notes.md
lib/proto/storage.go::struct::StorageAttributionReportingFilterDataEntry	struct	ported	-	false-positive: see plans/inventory/go_false_positive_notes.md
lib/proto/storage.go::struct::StorageAttributionReportingFilterPair	struct	ported	-	false-positive: see plans/inventory/go_false_positive_notes.md
lib/proto/storage.go::struct::StorageAttributionReportingSourceRegistered	struct	ported	-	false-positive: see plans/inventory/go_false_positive_notes.md
lib/proto/storage.go::struct::StorageAttributionReportingSourceRegistration	struct	ported	-	false-positive: see plans/inventory/go_false_positive_notes.md
lib/proto/storage.go::struct::StorageAttributionReportingTriggerRegistered	struct	ported	-	false-positive: see plans/inventory/go_false_positive_notes.md
lib/proto/storage.go::struct::StorageAttributionReportingTriggerRegistration	struct	ported	-	false-positive: see plans/inventory/go_false_positive_notes.md
lib/proto/storage.go::struct::StorageAttributionReportingTriggerSpec	struct	ported	-	false-positive: see plans/inventory/go_false_positive_notes.md
lib/proto/storage.go::struct::StorageCacheStorageContentUpdated	struct	ported	-	false-positive: see plans/inventory/go_false_positive_notes.md
lib/proto/storage.go::struct::StorageCacheStorageListUpdated	struct	ported	-	false-positive: see plans/inventory/go_false_positive_notes.md
lib/proto/storage.go::struct::StorageClearCookies	struct	ported	-	false-positive: see plans/inventory/go_false_positive_notes.md
lib/proto/storage.go::struct::StorageClearDataForOrigin	struct	ported	-	false-positive: see plans/inventory/go_false_positive_notes.md
lib/proto/storage.go::struct::StorageClearDataForStorageKey	struct	ported	-	false-positive: see plans/inventory/go_false_positive_notes.md
lib/proto/storage.go::struct::StorageClearSharedStorageEntries	struct	ported	-	false-positive: see plans/inventory/go_false_positive_notes.md
lib/proto/storage.go::struct::StorageClearTrustTokens	struct	ported	-	false-positive: see plans/inventory/go_false_positive_notes.md
lib/proto/storage.go::struct::StorageClearTrustTokensResult	struct	ported	-	false-positive: see plans/inventory/go_false_positive_notes.md
lib/proto/storage.go::struct::StorageDeleteSharedStorageEntry	struct	ported	-	false-positive: see plans/inventory/go_false_positive_notes.md
lib/proto/storage.go::struct::StorageDeleteStorageBucket	struct	ported	-	false-positive: see plans/inventory/go_false_positive_notes.md
lib/proto/storage.go::struct::StorageGetCookies	struct	ported	-	false-positive: see plans/inventory/go_false_positive_notes.md
lib/proto/storage.go::struct::StorageGetCookiesResult	struct	ported	-	false-positive: see plans/inventory/go_false_positive_notes.md
lib/proto/storage.go::struct::StorageGetInterestGroupDetails	struct	ported	-	false-positive: see plans/inventory/go_false_positive_notes.md
lib/proto/storage.go::struct::StorageGetInterestGroupDetailsResult	struct	ported	-	false-positive: see plans/inventory/go_false_positive_notes.md
lib/proto/storage.go::struct::StorageGetRelatedWebsiteSets	struct	ported	-	false-positive: see plans/inventory/go_false_positive_notes.md
lib/proto/storage.go::struct::StorageGetRelatedWebsiteSetsResult	struct	ported	-	false-positive: see plans/inventory/go_false_positive_notes.md
lib/proto/storage.go::struct::StorageGetSharedStorageEntries	struct	ported	-	false-positive: see plans/inventory/go_false_positive_notes.md
lib/proto/storage.go::struct::StorageGetSharedStorageEntriesResult	struct	ported	-	false-positive: see plans/inventory/go_false_positive_notes.md
lib/proto/storage.go::struct::StorageGetSharedStorageMetadata	struct	ported	-	false-positive: see plans/inventory/go_false_positive_notes.md
lib/proto/storage.go::struct::StorageGetSharedStorageMetadataResult	struct	ported	-	false-positive: see plans/inventory/go_false_positive_notes.md
lib/proto/storage.go::struct::StorageGetStorageKeyForFrame	struct	ported	-	false-positive: see plans/inventory/go_false_positive_notes.md
lib/proto/storage.go::struct::StorageGetStorageKeyForFrameResult	struct	ported	-	false-positive: see plans/inventory/go_false_positive_notes.md
lib/proto/storage.go::struct::StorageGetTrustTokens	struct	ported	-	false-positive: see plans/inventory/go_false_positive_notes.md
lib/proto/storage.go::struct::StorageGetTrustTokensResult	struct	ported	-	false-positive: see plans/inventory/go_false_positive_notes.md
lib/proto/storage.go::struct::StorageGetUsageAndQuota	struct	ported	-	false-positive: see plans/inventory/go_false_positive_notes.md
lib/proto/storage.go::struct::StorageGetUsageAndQuotaResult	struct	ported	-	false-positive: see plans/inventory/go_false_positive_notes.md
lib/proto/storage.go::struct::StorageIndexedDBContentUpdated	struct	ported	-	false-positive: see plans/inventory/go_false_positive_notes.md
lib/proto/storage.go::struct::StorageIndexedDBListUpdated	struct	ported	-	false-positive: see plans/inventory/go_false_positive_notes.md
lib/proto/storage.go::struct::StorageInterestGroupAccessed	struct	ported	-	false-positive: see plans/inventory/go_false_positive_notes.md
lib/proto/storage.go::struct::StorageInterestGroupAuctionEventOccurred	struct	ported	-	false-positive: see plans/inventory/go_false_positive_notes.md
lib/proto/storage.go::struct::StorageInterestGroupAuctionNetworkRequestCreated	struct	ported	-	false-positive: see plans/inventory/go_false_positive_notes.md
lib/proto/storage.go::struct::StorageOverrideQuotaForOrigin	struct	ported	-	false-positive: see plans/inventory/go_false_positive_notes.md
lib/proto/storage.go::struct::StorageRelatedWebsiteSet	struct	ported	-	false-positive: see plans/inventory/go_false_positive_notes.md
lib/proto/storage.go::struct::StorageResetSharedStorageBudget	struct	ported	-	false-positive: see plans/inventory/go_false_positive_notes.md
lib/proto/storage.go::struct::StorageRunBounceTrackingMitigations	struct	ported	-	false-positive: see plans/inventory/go_false_positive_notes.md
lib/proto/storage.go::struct::StorageRunBounceTrackingMitigationsResult	struct	ported	-	false-positive: see plans/inventory/go_false_positive_notes.md
lib/proto/storage.go::struct::StorageSendPendingAttributionReports	struct	ported	-	false-positive: see plans/inventory/go_false_positive_notes.md
lib/proto/storage.go::struct::StorageSendPendingAttributionReportsResult	struct	ported	-	false-positive: see plans/inventory/go_false_positive_notes.md
lib/proto/storage.go::struct::StorageSetAttributionReportingLocalTestingMode	struct	ported	-	false-positive: see plans/inventory/go_false_positive_notes.md
lib/proto/storage.go::struct::StorageSetAttributionReportingTracking	struct	ported	-	false-positive: see plans/inventory/go_false_positive_notes.md
lib/proto/storage.go::struct::StorageSetCookies	struct	ported	-	false-positive: see plans/inventory/go_false_positive_notes.md
lib/proto/storage.go::struct::StorageSetInterestGroupAuctionTracking	struct	ported	-	false-positive: see plans/inventory/go_false_positive_notes.md
lib/proto/storage.go::struct::StorageSetInterestGroupTracking	struct	ported	-	false-positive: see plans/inventory/go_false_positive_notes.md
lib/proto/storage.go::struct::StorageSetSharedStorageEntry	struct	ported	-	false-positive: see plans/inventory/go_false_positive_notes.md
lib/proto/storage.go::struct::StorageSetSharedStorageTracking	struct	ported	-	false-positive: see plans/inventory/go_false_positive_notes.md
lib/proto/storage.go::struct::StorageSetStorageBucketTracking	struct	ported	-	false-positive: see plans/inventory/go_false_positive_notes.md
lib/proto/storage.go::struct::StorageSharedStorageAccessParams	struct	ported	-	false-positive: see plans/inventory/go_false_positive_notes.md
lib/proto/storage.go::struct::StorageSharedStorageAccessed	struct	ported	-	false-positive: see plans/inventory/go_false_positive_notes.md
lib/proto/storage.go::struct::StorageSharedStorageEntry	struct	ported	-	false-positive: see plans/inventory/go_false_positive_notes.md
lib/proto/storage.go::struct::StorageSharedStorageMetadata	struct	ported	-	false-positive: see plans/inventory/go_false_positive_notes.md
lib/proto/storage.go::struct::StorageSharedStorageReportingMetadata	struct	ported	-	false-positive: see plans/inventory/go_false_positive_notes.md
lib/proto/storage.go::struct::StorageSharedStorageURLWithMetadata	struct	ported	-	false-positive: see plans/inventory/go_false_positive_notes.md
lib/proto/storage.go::struct::StorageStorageBucket	struct	ported	-	false-positive: see plans/inventory/go_false_positive_notes.md
lib/proto/storage.go::struct::StorageStorageBucketCreatedOrUpdated	struct	ported	-	false-positive: see plans/inventory/go_false_positive_notes.md
lib/proto/storage.go::struct::StorageStorageBucketDeleted	struct	ported	-	false-positive: see plans/inventory/go_false_positive_notes.md
lib/proto/storage.go::struct::StorageStorageBucketInfo	struct	ported	-	false-positive: see plans/inventory/go_false_positive_notes.md
lib/proto/storage.go::struct::StorageTrackCacheStorageForOrigin	struct	ported	-	false-positive: see plans/inventory/go_false_positive_notes.md
lib/proto/storage.go::struct::StorageTrackCacheStorageForStorageKey	struct	ported	-	false-positive: see plans/inventory/go_false_positive_notes.md
lib/proto/storage.go::struct::StorageTrackIndexedDBForOrigin	struct	ported	-	false-positive: see plans/inventory/go_false_positive_notes.md
lib/proto/storage.go::struct::StorageTrackIndexedDBForStorageKey	struct	ported	-	false-positive: see plans/inventory/go_false_positive_notes.md
lib/proto/storage.go::struct::StorageTrustTokens	struct	ported	-	false-positive: see plans/inventory/go_false_positive_notes.md
lib/proto/storage.go::struct::StorageUntrackCacheStorageForOrigin	struct	ported	-	false-positive: see plans/inventory/go_false_positive_notes.md
lib/proto/storage.go::struct::StorageUntrackCacheStorageForStorageKey	struct	ported	-	false-positive: see plans/inventory/go_false_positive_notes.md
lib/proto/storage.go::struct::StorageUntrackIndexedDBForOrigin	struct	ported	-	false-positive: see plans/inventory/go_false_positive_notes.md
lib/proto/storage.go::struct::StorageUntrackIndexedDBForStorageKey	struct	ported	-	false-positive: see plans/inventory/go_false_positive_notes.md
lib/proto/storage.go::struct::StorageUsageForType	struct	ported	-	false-positive: see plans/inventory/go_false_positive_notes.md
lib/proto/storage.go::type::StorageAttributionReportingAggregatableResult	type	ported	-	false-positive: see plans/inventory/go_false_positive_notes.md
lib/proto/storage.go::type::StorageAttributionReportingEventLevelResult	type	ported	-	false-positive: see plans/inventory/go_false_positive_notes.md
lib/proto/storage.go::type::StorageAttributionReportingSourceRegistrationResult	type	ported	-	false-positive: see plans/inventory/go_false_positive_notes.md
lib/proto/storage.go::type::StorageAttributionReportingSourceRegistrationTimeConfig	type	ported	-	false-positive: see plans/inventory/go_false_positive_notes.md
lib/proto/storage.go::type::StorageAttributionReportingSourceType	type	ported	-	false-positive: see plans/inventory/go_false_positive_notes.md
lib/proto/storage.go::type::StorageAttributionReportingTriggerDataMatching	type	ported	-	false-positive: see plans/inventory/go_false_positive_notes.md
lib/proto/storage.go::type::StorageInterestGroupAccessType	type	ported	-	false-positive: see plans/inventory/go_false_positive_notes.md
lib/proto/storage.go::type::StorageInterestGroupAuctionEventType	type	ported	-	false-positive: see plans/inventory/go_false_positive_notes.md
lib/proto/storage.go::type::StorageInterestGroupAuctionFetchType	type	ported	-	false-positive: see plans/inventory/go_false_positive_notes.md
lib/proto/storage.go::type::StorageInterestGroupAuctionID	type	ported	-	false-positive: see plans/inventory/go_false_positive_notes.md
lib/proto/storage.go::type::StorageSerializedStorageKey	type	ported	-	false-positive: see plans/inventory/go_false_positive_notes.md
lib/proto/storage.go::type::StorageSharedStorageAccessType	type	ported	-	false-positive: see plans/inventory/go_false_positive_notes.md
lib/proto/storage.go::type::StorageSignedInt64AsBase10	type	ported	-	false-positive: see plans/inventory/go_false_positive_notes.md
lib/proto/storage.go::type::StorageStorageBucketsDurability	type	ported	-	false-positive: see plans/inventory/go_false_positive_notes.md
lib/proto/storage.go::type::StorageStorageType	type	ported	-	false-positive: see plans/inventory/go_false_positive_notes.md
lib/proto/storage.go::type::StorageUnsignedInt128AsBase16	type	ported	-	false-positive: see plans/inventory/go_false_positive_notes.md
lib/proto/storage.go::type::StorageUnsignedInt64AsBase10	type	ported	-	false-positive: see plans/inventory/go_false_positive_notes.md
lib/proto/system_info.go::const::SystemInfoImageTypeJpeg	const	ported	-	false-positive: see plans/inventory/go_false_positive_notes.md
lib/proto/system_info.go::const::SystemInfoImageTypeUnknown	const	ported	-	false-positive: see plans/inventory/go_false_positive_notes.md
lib/proto/system_info.go::const::SystemInfoImageTypeWebp	const	ported	-	false-positive: see plans/inventory/go_false_positive_notes.md
lib/proto/system_info.go::const::SystemInfoSubsamplingFormatYuv420	const	ported	-	false-positive: see plans/inventory/go_false_positive_notes.md
lib/proto/system_info.go::const::SystemInfoSubsamplingFormatYuv422	const	ported	-	false-positive: see plans/inventory/go_false_positive_notes.md
lib/proto/system_info.go::const::SystemInfoSubsamplingFormatYuv444	const	ported	-	false-positive: see plans/inventory/go_false_positive_notes.md
lib/proto/system_info.go::struct::SystemInfoGPUDevice	struct	ported	-	false-positive: see plans/inventory/go_false_positive_notes.md
lib/proto/system_info.go::struct::SystemInfoGPUInfo	struct	ported	-	false-positive: see plans/inventory/go_false_positive_notes.md
lib/proto/system_info.go::struct::SystemInfoGetFeatureState	struct	ported	-	false-positive: see plans/inventory/go_false_positive_notes.md
lib/proto/system_info.go::struct::SystemInfoGetFeatureStateResult	struct	ported	-	false-positive: see plans/inventory/go_false_positive_notes.md
lib/proto/system_info.go::struct::SystemInfoGetInfo	struct	ported	-	false-positive: see plans/inventory/go_false_positive_notes.md
lib/proto/system_info.go::struct::SystemInfoGetInfoResult	struct	ported	-	false-positive: see plans/inventory/go_false_positive_notes.md
lib/proto/system_info.go::struct::SystemInfoGetProcessInfo	struct	ported	-	false-positive: see plans/inventory/go_false_positive_notes.md
lib/proto/system_info.go::struct::SystemInfoGetProcessInfoResult	struct	ported	-	false-positive: see plans/inventory/go_false_positive_notes.md
lib/proto/system_info.go::struct::SystemInfoImageDecodeAcceleratorCapability	struct	ported	-	false-positive: see plans/inventory/go_false_positive_notes.md
lib/proto/system_info.go::struct::SystemInfoProcessInfo	struct	ported	-	false-positive: see plans/inventory/go_false_positive_notes.md
lib/proto/system_info.go::struct::SystemInfoSize	struct	ported	-	false-positive: see plans/inventory/go_false_positive_notes.md
lib/proto/system_info.go::struct::SystemInfoVideoDecodeAcceleratorCapability	struct	ported	-	false-positive: see plans/inventory/go_false_positive_notes.md
lib/proto/system_info.go::struct::SystemInfoVideoEncodeAcceleratorCapability	struct	ported	-	false-positive: see plans/inventory/go_false_positive_notes.md
lib/proto/system_info.go::type::SystemInfoImageType	type	ported	-	false-positive: see plans/inventory/go_false_positive_notes.md
lib/proto/system_info.go::type::SystemInfoSubsamplingFormat	type	ported	-	false-positive: see plans/inventory/go_false_positive_notes.md
lib/proto/target.go::const::TargetTargetInfoTypeBackgroundPage	const	ported	-	false-positive: see plans/inventory/go_false_positive_notes.md
lib/proto/target.go::const::TargetTargetInfoTypeBrowser	const	ported	-	false-positive: see plans/inventory/go_false_positive_notes.md
lib/proto/target.go::const::TargetTargetInfoTypeOther	const	ported	-	false-positive: see plans/inventory/go_false_positive_notes.md
lib/proto/target.go::const::TargetTargetInfoTypePage	const	ported	-	false-positive: see plans/inventory/go_false_positive_notes.md
lib/proto/target.go::const::TargetTargetInfoTypeServiceWorker	const	ported	-	false-positive: see plans/inventory/go_false_positive_notes.md
lib/proto/target.go::const::TargetTargetInfoTypeSharedWorker	const	ported	-	false-positive: see plans/inventory/go_false_positive_notes.md
lib/proto/target.go::struct::TargetActivateTarget	struct	ported	-	false-positive: see plans/inventory/go_false_positive_notes.md
lib/proto/target.go::struct::TargetAttachToBrowserTarget	struct	ported	-	false-positive: see plans/inventory/go_false_positive_notes.md
lib/proto/target.go::struct::TargetAttachToBrowserTargetResult	struct	ported	-	false-positive: see plans/inventory/go_false_positive_notes.md
lib/proto/target.go::struct::TargetAttachToTarget	struct	ported	-	false-positive: see plans/inventory/go_false_positive_notes.md
lib/proto/target.go::struct::TargetAttachToTargetResult	struct	ported	-	false-positive: see plans/inventory/go_false_positive_notes.md
lib/proto/target.go::struct::TargetAttachedToTarget	struct	ported	-	false-positive: see plans/inventory/go_false_positive_notes.md
lib/proto/target.go::struct::TargetAutoAttachRelated	struct	ported	-	false-positive: see plans/inventory/go_false_positive_notes.md
lib/proto/target.go::struct::TargetCloseTarget	struct	ported	-	false-positive: see plans/inventory/go_false_positive_notes.md
lib/proto/target.go::struct::TargetCloseTargetResult	struct	ported	-	false-positive: see plans/inventory/go_false_positive_notes.md
lib/proto/target.go::struct::TargetCreateBrowserContext	struct	ported	-	false-positive: see plans/inventory/go_false_positive_notes.md
lib/proto/target.go::struct::TargetCreateBrowserContextResult	struct	ported	-	false-positive: see plans/inventory/go_false_positive_notes.md
lib/proto/target.go::struct::TargetCreateTarget	struct	ported	-	false-positive: see plans/inventory/go_false_positive_notes.md
lib/proto/target.go::struct::TargetCreateTargetResult	struct	ported	-	false-positive: see plans/inventory/go_false_positive_notes.md
lib/proto/target.go::struct::TargetDetachFromTarget	struct	ported	-	false-positive: see plans/inventory/go_false_positive_notes.md
lib/proto/target.go::struct::TargetDetachedFromTarget	struct	ported	-	false-positive: see plans/inventory/go_false_positive_notes.md
lib/proto/target.go::struct::TargetDisposeBrowserContext	struct	ported	-	false-positive: see plans/inventory/go_false_positive_notes.md
lib/proto/target.go::struct::TargetExposeDevToolsProtocol	struct	ported	-	false-positive: see plans/inventory/go_false_positive_notes.md
lib/proto/target.go::struct::TargetFilterEntry	struct	ported	-	false-positive: see plans/inventory/go_false_positive_notes.md
lib/proto/target.go::struct::TargetGetBrowserContexts	struct	ported	-	false-positive: see plans/inventory/go_false_positive_notes.md
lib/proto/target.go::struct::TargetGetBrowserContextsResult	struct	ported	-	false-positive: see plans/inventory/go_false_positive_notes.md
lib/proto/target.go::struct::TargetGetTargetInfo	struct	ported	-	false-positive: see plans/inventory/go_false_positive_notes.md
lib/proto/target.go::struct::TargetGetTargetInfoResult	struct	ported	-	false-positive: see plans/inventory/go_false_positive_notes.md
lib/proto/target.go::struct::TargetGetTargets	struct	ported	-	false-positive: see plans/inventory/go_false_positive_notes.md
lib/proto/target.go::struct::TargetGetTargetsResult	struct	ported	-	false-positive: see plans/inventory/go_false_positive_notes.md
lib/proto/target.go::struct::TargetReceivedMessageFromTarget	struct	ported	-	false-positive: see plans/inventory/go_false_positive_notes.md
lib/proto/target.go::struct::TargetRemoteLocation	struct	ported	-	false-positive: see plans/inventory/go_false_positive_notes.md
lib/proto/target.go::struct::TargetSendMessageToTarget	struct	ported	-	false-positive: see plans/inventory/go_false_positive_notes.md
lib/proto/target.go::struct::TargetSetAutoAttach	struct	ported	-	false-positive: see plans/inventory/go_false_positive_notes.md
lib/proto/target.go::struct::TargetSetDiscoverTargets	struct	ported	-	false-positive: see plans/inventory/go_false_positive_notes.md
lib/proto/target.go::struct::TargetSetRemoteLocations	struct	ported	-	false-positive: see plans/inventory/go_false_positive_notes.md
lib/proto/target.go::struct::TargetTargetCrashed	struct	ported	-	false-positive: see plans/inventory/go_false_positive_notes.md
lib/proto/target.go::struct::TargetTargetCreated	struct	ported	-	false-positive: see plans/inventory/go_false_positive_notes.md
lib/proto/target.go::struct::TargetTargetDestroyed	struct	ported	-	false-positive: see plans/inventory/go_false_positive_notes.md
lib/proto/target.go::struct::TargetTargetInfo	struct	ported	-	false-positive: see plans/inventory/go_false_positive_notes.md
lib/proto/target.go::struct::TargetTargetInfoChanged	struct	ported	-	false-positive: see plans/inventory/go_false_positive_notes.md
lib/proto/target.go::type::TargetSessionID	type	ported	-	false-positive: see plans/inventory/go_false_positive_notes.md
lib/proto/target.go::type::TargetTargetFilter	type	ported	-	false-positive: see plans/inventory/go_false_positive_notes.md
lib/proto/target.go::type::TargetTargetID	type	ported	-	false-positive: see plans/inventory/go_false_positive_notes.md
lib/proto/target.go::type::TargetTargetInfoType	type	ported	-	false-positive: see plans/inventory/go_false_positive_notes.md
lib/proto/tethering.go::struct::TetheringAccepted	struct	ported	-	false-positive: see plans/inventory/go_false_positive_notes.md
lib/proto/tethering.go::struct::TetheringBind	struct	ported	-	false-positive: see plans/inventory/go_false_positive_notes.md
lib/proto/tethering.go::struct::TetheringUnbind	struct	ported	-	false-positive: see plans/inventory/go_false_positive_notes.md
lib/proto/tracing.go::const::TracingMemoryDumpLevelOfDetailBackground	const	ported	-	false-positive: see plans/inventory/go_false_positive_notes.md
lib/proto/tracing.go::const::TracingMemoryDumpLevelOfDetailDetailed	const	ported	-	false-positive: see plans/inventory/go_false_positive_notes.md
lib/proto/tracing.go::const::TracingMemoryDumpLevelOfDetailLight	const	ported	-	false-positive: see plans/inventory/go_false_positive_notes.md
lib/proto/tracing.go::const::TracingStartTransferModeReportEvents	const	ported	-	false-positive: see plans/inventory/go_false_positive_notes.md
lib/proto/tracing.go::const::TracingStartTransferModeReturnAsStream	const	ported	-	false-positive: see plans/inventory/go_false_positive_notes.md
lib/proto/tracing.go::const::TracingStreamCompressionGzip	const	ported	-	false-positive: see plans/inventory/go_false_positive_notes.md
lib/proto/tracing.go::const::TracingStreamCompressionNone	const	ported	-	false-positive: see plans/inventory/go_false_positive_notes.md
lib/proto/tracing.go::const::TracingStreamFormatJSON	const	ported	-	false-positive: see plans/inventory/go_false_positive_notes.md
lib/proto/tracing.go::const::TracingStreamFormatProto	const	ported	-	false-positive: see plans/inventory/go_false_positive_notes.md
lib/proto/tracing.go::const::TracingTraceConfigRecordModeEchoToConsole	const	ported	-	false-positive: see plans/inventory/go_false_positive_notes.md
lib/proto/tracing.go::const::TracingTraceConfigRecordModeRecordAsMuchAsPossible	const	ported	-	false-positive: see plans/inventory/go_false_positive_notes.md
lib/proto/tracing.go::const::TracingTraceConfigRecordModeRecordContinuously	const	ported	-	false-positive: see plans/inventory/go_false_positive_notes.md
lib/proto/tracing.go::const::TracingTraceConfigRecordModeRecordUntilFull	const	ported	-	false-positive: see plans/inventory/go_false_positive_notes.md
lib/proto/tracing.go::const::TracingTracingBackendAuto	const	ported	-	false-positive: see plans/inventory/go_false_positive_notes.md
lib/proto/tracing.go::const::TracingTracingBackendChrome	const	ported	-	false-positive: see plans/inventory/go_false_positive_notes.md
lib/proto/tracing.go::const::TracingTracingBackendSystem	const	ported	-	false-positive: see plans/inventory/go_false_positive_notes.md
lib/proto/tracing.go::struct::TracingBufferUsage	struct	ported	-	false-positive: see plans/inventory/go_false_positive_notes.md
lib/proto/tracing.go::struct::TracingDataCollected	struct	ported	-	false-positive: see plans/inventory/go_false_positive_notes.md
lib/proto/tracing.go::struct::TracingEnd	struct	ported	-	false-positive: see plans/inventory/go_false_positive_notes.md
lib/proto/tracing.go::struct::TracingGetCategories	struct	ported	-	false-positive: see plans/inventory/go_false_positive_notes.md
lib/proto/tracing.go::struct::TracingGetCategoriesResult	struct	ported	-	false-positive: see plans/inventory/go_false_positive_notes.md
lib/proto/tracing.go::struct::TracingRecordClockSyncMarker	struct	ported	-	false-positive: see plans/inventory/go_false_positive_notes.md
lib/proto/tracing.go::struct::TracingRequestMemoryDump	struct	ported	-	false-positive: see plans/inventory/go_false_positive_notes.md
lib/proto/tracing.go::struct::TracingRequestMemoryDumpResult	struct	ported	-	false-positive: see plans/inventory/go_false_positive_notes.md
lib/proto/tracing.go::struct::TracingStart	struct	ported	-	false-positive: see plans/inventory/go_false_positive_notes.md
lib/proto/tracing.go::struct::TracingTraceConfig	struct	ported	-	false-positive: see plans/inventory/go_false_positive_notes.md
lib/proto/tracing.go::struct::TracingTracingComplete	struct	ported	-	false-positive: see plans/inventory/go_false_positive_notes.md
lib/proto/tracing.go::type::TracingMemoryDumpConfig	type	ported	-	false-positive: see plans/inventory/go_false_positive_notes.md
lib/proto/tracing.go::type::TracingMemoryDumpLevelOfDetail	type	ported	-	false-positive: see plans/inventory/go_false_positive_notes.md
lib/proto/tracing.go::type::TracingStartTransferMode	type	ported	-	false-positive: see plans/inventory/go_false_positive_notes.md
lib/proto/tracing.go::type::TracingStreamCompression	type	ported	-	false-positive: see plans/inventory/go_false_positive_notes.md
lib/proto/tracing.go::type::TracingStreamFormat	type	ported	-	false-positive: see plans/inventory/go_false_positive_notes.md
lib/proto/tracing.go::type::TracingTraceConfigRecordMode	type	ported	-	false-positive: see plans/inventory/go_false_positive_notes.md
lib/proto/tracing.go::type::TracingTracingBackend	type	ported	-	false-positive: see plans/inventory/go_false_positive_notes.md
lib/proto/web_audio.go::const::WebAudioAutomationRateARate	const	ported	-	false-positive: see plans/inventory/go_false_positive_notes.md
lib/proto/web_audio.go::const::WebAudioAutomationRateKRate	const	ported	-	false-positive: see plans/inventory/go_false_positive_notes.md
lib/proto/web_audio.go::const::WebAudioChannelCountModeClampedMax	const	ported	-	false-positive: see plans/inventory/go_false_positive_notes.md
lib/proto/web_audio.go::const::WebAudioChannelCountModeExplicit	const	ported	-	false-positive: see plans/inventory/go_false_positive_notes.md
lib/proto/web_audio.go::const::WebAudioChannelCountModeMax	const	ported	-	false-positive: see plans/inventory/go_false_positive_notes.md
lib/proto/web_audio.go::const::WebAudioChannelInterpretationDiscrete	const	ported	-	false-positive: see plans/inventory/go_false_positive_notes.md
lib/proto/web_audio.go::const::WebAudioChannelInterpretationSpeakers	const	ported	-	false-positive: see plans/inventory/go_false_positive_notes.md
lib/proto/web_audio.go::const::WebAudioContextStateClosed	const	ported	-	false-positive: see plans/inventory/go_false_positive_notes.md
lib/proto/web_audio.go::const::WebAudioContextStateRunning	const	ported	-	false-positive: see plans/inventory/go_false_positive_notes.md
lib/proto/web_audio.go::const::WebAudioContextStateSuspended	const	ported	-	false-positive: see plans/inventory/go_false_positive_notes.md
lib/proto/web_audio.go::const::WebAudioContextTypeOffline	const	ported	-	false-positive: see plans/inventory/go_false_positive_notes.md
lib/proto/web_audio.go::const::WebAudioContextTypeRealtime	const	ported	-	false-positive: see plans/inventory/go_false_positive_notes.md
lib/proto/web_audio.go::struct::WebAudioAudioListener	struct	ported	-	false-positive: see plans/inventory/go_false_positive_notes.md
lib/proto/web_audio.go::struct::WebAudioAudioListenerCreated	struct	ported	-	false-positive: see plans/inventory/go_false_positive_notes.md
lib/proto/web_audio.go::struct::WebAudioAudioListenerWillBeDestroyed	struct	ported	-	false-positive: see plans/inventory/go_false_positive_notes.md
lib/proto/web_audio.go::struct::WebAudioAudioNode	struct	ported	-	false-positive: see plans/inventory/go_false_positive_notes.md
lib/proto/web_audio.go::struct::WebAudioAudioNodeCreated	struct	ported	-	false-positive: see plans/inventory/go_false_positive_notes.md
lib/proto/web_audio.go::struct::WebAudioAudioNodeWillBeDestroyed	struct	ported	-	false-positive: see plans/inventory/go_false_positive_notes.md
lib/proto/web_audio.go::struct::WebAudioAudioParam	struct	ported	-	false-positive: see plans/inventory/go_false_positive_notes.md
lib/proto/web_audio.go::struct::WebAudioAudioParamCreated	struct	ported	-	false-positive: see plans/inventory/go_false_positive_notes.md
lib/proto/web_audio.go::struct::WebAudioAudioParamWillBeDestroyed	struct	ported	-	false-positive: see plans/inventory/go_false_positive_notes.md
lib/proto/web_audio.go::struct::WebAudioBaseAudioContext	struct	ported	-	false-positive: see plans/inventory/go_false_positive_notes.md
lib/proto/web_audio.go::struct::WebAudioContextChanged	struct	ported	-	false-positive: see plans/inventory/go_false_positive_notes.md
lib/proto/web_audio.go::struct::WebAudioContextCreated	struct	ported	-	false-positive: see plans/inventory/go_false_positive_notes.md
lib/proto/web_audio.go::struct::WebAudioContextRealtimeData	struct	ported	-	false-positive: see plans/inventory/go_false_positive_notes.md
lib/proto/web_audio.go::struct::WebAudioContextWillBeDestroyed	struct	ported	-	false-positive: see plans/inventory/go_false_positive_notes.md
lib/proto/web_audio.go::struct::WebAudioDisable	struct	ported	-	false-positive: see plans/inventory/go_false_positive_notes.md
lib/proto/web_audio.go::struct::WebAudioEnable	struct	ported	-	false-positive: see plans/inventory/go_false_positive_notes.md
lib/proto/web_audio.go::struct::WebAudioGetRealtimeData	struct	ported	-	false-positive: see plans/inventory/go_false_positive_notes.md
lib/proto/web_audio.go::struct::WebAudioGetRealtimeDataResult	struct	ported	-	false-positive: see plans/inventory/go_false_positive_notes.md
lib/proto/web_audio.go::struct::WebAudioNodeParamConnected	struct	ported	-	false-positive: see plans/inventory/go_false_positive_notes.md
lib/proto/web_audio.go::struct::WebAudioNodeParamDisconnected	struct	ported	-	false-positive: see plans/inventory/go_false_positive_notes.md
lib/proto/web_audio.go::struct::WebAudioNodesConnected	struct	ported	-	false-positive: see plans/inventory/go_false_positive_notes.md
lib/proto/web_audio.go::struct::WebAudioNodesDisconnected	struct	ported	-	false-positive: see plans/inventory/go_false_positive_notes.md
lib/proto/web_audio.go::type::WebAudioAutomationRate	type	ported	-	false-positive: see plans/inventory/go_false_positive_notes.md
lib/proto/web_audio.go::type::WebAudioChannelCountMode	type	ported	-	false-positive: see plans/inventory/go_false_positive_notes.md
lib/proto/web_audio.go::type::WebAudioChannelInterpretation	type	ported	-	false-positive: see plans/inventory/go_false_positive_notes.md
lib/proto/web_audio.go::type::WebAudioContextState	type	ported	-	false-positive: see plans/inventory/go_false_positive_notes.md
lib/proto/web_audio.go::type::WebAudioContextType	type	ported	-	false-positive: see plans/inventory/go_false_positive_notes.md
lib/proto/web_audio.go::type::WebAudioGraphObjectID	type	ported	-	false-positive: see plans/inventory/go_false_positive_notes.md
lib/proto/web_audio.go::type::WebAudioNodeType	type	ported	-	false-positive: see plans/inventory/go_false_positive_notes.md
lib/proto/web_audio.go::type::WebAudioParamType	type	ported	-	false-positive: see plans/inventory/go_false_positive_notes.md
lib/proto/web_authn.go::const::WebAuthnAuthenticatorProtocolCtap2	const	ported	-	false-positive: see plans/inventory/go_false_positive_notes.md
lib/proto/web_authn.go::const::WebAuthnAuthenticatorProtocolU2f	const	ported	-	false-positive: see plans/inventory/go_false_positive_notes.md
lib/proto/web_authn.go::const::WebAuthnAuthenticatorTransportBle	const	ported	-	false-positive: see plans/inventory/go_false_positive_notes.md
lib/proto/web_authn.go::const::WebAuthnAuthenticatorTransportCable	const	ported	-	false-positive: see plans/inventory/go_false_positive_notes.md
lib/proto/web_authn.go::const::WebAuthnAuthenticatorTransportInternal	const	ported	-	false-positive: see plans/inventory/go_false_positive_notes.md
lib/proto/web_authn.go::const::WebAuthnAuthenticatorTransportNfc	const	ported	-	false-positive: see plans/inventory/go_false_positive_notes.md
lib/proto/web_authn.go::const::WebAuthnAuthenticatorTransportUsb	const	ported	-	false-positive: see plans/inventory/go_false_positive_notes.md
lib/proto/web_authn.go::const::WebAuthnCtap2VersionCtap20	const	ported	-	false-positive: see plans/inventory/go_false_positive_notes.md
lib/proto/web_authn.go::const::WebAuthnCtap2VersionCtap21	const	ported	-	false-positive: see plans/inventory/go_false_positive_notes.md
lib/proto/web_authn.go::struct::WebAuthnAddCredential	struct	ported	-	false-positive: see plans/inventory/go_false_positive_notes.md
lib/proto/web_authn.go::struct::WebAuthnAddVirtualAuthenticator	struct	ported	-	false-positive: see plans/inventory/go_false_positive_notes.md
lib/proto/web_authn.go::struct::WebAuthnAddVirtualAuthenticatorResult	struct	ported	-	false-positive: see plans/inventory/go_false_positive_notes.md
lib/proto/web_authn.go::struct::WebAuthnClearCredentials	struct	ported	-	false-positive: see plans/inventory/go_false_positive_notes.md
lib/proto/web_authn.go::struct::WebAuthnCredential	struct	ported	-	false-positive: see plans/inventory/go_false_positive_notes.md
lib/proto/web_authn.go::struct::WebAuthnCredentialAdded	struct	ported	-	false-positive: see plans/inventory/go_false_positive_notes.md
lib/proto/web_authn.go::struct::WebAuthnCredentialAsserted	struct	ported	-	false-positive: see plans/inventory/go_false_positive_notes.md
lib/proto/web_authn.go::struct::WebAuthnDisable	struct	ported	-	false-positive: see plans/inventory/go_false_positive_notes.md
lib/proto/web_authn.go::struct::WebAuthnEnable	struct	ported	-	false-positive: see plans/inventory/go_false_positive_notes.md
lib/proto/web_authn.go::struct::WebAuthnGetCredential	struct	ported	-	false-positive: see plans/inventory/go_false_positive_notes.md
lib/proto/web_authn.go::struct::WebAuthnGetCredentialResult	struct	ported	-	false-positive: see plans/inventory/go_false_positive_notes.md
lib/proto/web_authn.go::struct::WebAuthnGetCredentials	struct	ported	-	false-positive: see plans/inventory/go_false_positive_notes.md
lib/proto/web_authn.go::struct::WebAuthnGetCredentialsResult	struct	ported	-	false-positive: see plans/inventory/go_false_positive_notes.md
lib/proto/web_authn.go::struct::WebAuthnRemoveCredential	struct	ported	-	false-positive: see plans/inventory/go_false_positive_notes.md
lib/proto/web_authn.go::struct::WebAuthnRemoveVirtualAuthenticator	struct	ported	-	false-positive: see plans/inventory/go_false_positive_notes.md
lib/proto/web_authn.go::struct::WebAuthnSetAutomaticPresenceSimulation	struct	ported	-	false-positive: see plans/inventory/go_false_positive_notes.md
lib/proto/web_authn.go::struct::WebAuthnSetCredentialProperties	struct	ported	-	false-positive: see plans/inventory/go_false_positive_notes.md
lib/proto/web_authn.go::struct::WebAuthnSetResponseOverrideBits	struct	ported	-	false-positive: see plans/inventory/go_false_positive_notes.md
lib/proto/web_authn.go::struct::WebAuthnSetUserVerified	struct	ported	-	false-positive: see plans/inventory/go_false_positive_notes.md
lib/proto/web_authn.go::struct::WebAuthnVirtualAuthenticatorOptions	struct	ported	-	false-positive: see plans/inventory/go_false_positive_notes.md
lib/proto/web_authn.go::type::WebAuthnAuthenticatorID	type	ported	-	false-positive: see plans/inventory/go_false_positive_notes.md
lib/proto/web_authn.go::type::WebAuthnAuthenticatorProtocol	type	ported	-	false-positive: see plans/inventory/go_false_positive_notes.md
lib/proto/web_authn.go::type::WebAuthnAuthenticatorTransport	type	ported	-	false-positive: see plans/inventory/go_false_positive_notes.md
lib/proto/web_authn.go::type::WebAuthnCtap2Version	type	ported	-	false-positive: see plans/inventory/go_false_positive_notes.md
lib/utils/check-issue/main_test.go::test::TestBasic	test	ported	-	false-positive: see plans/inventory/go_false_positive_notes.md
lib/utils/imageutil.go::func::NewImgProcessor	func	ported	-	false-positive: see plans/inventory/go_false_positive_notes.md
lib/utils/imageutil.go::method::jpegProcessor.Decode	method	ported	-	false-positive: see plans/inventory/go_false_positive_notes.md
lib/utils/imageutil.go::method::pngProcessor.Decode	method	ported	-	false-positive: see plans/inventory/go_false_positive_notes.md
lib/utils/imageutil.go::type::ImgProcessor	type	ported	-	false-positive: see plans/inventory/go_false_positive_notes.md
lib/utils/imageutil_test.go::test::TestNewImgProcessor	test	ported	-	false-positive: see plans/inventory/go_false_positive_notes.md
lib/utils/imageutil_test.go::test::TestSplicePngVertical	test	ported	-	false-positive: see plans/inventory/go_false_positive_notes.md
lib/utils/shell/shell.go::func::Shell	func	ported	-	false-positive: see plans/inventory/go_false_positive_notes.md
lib/utils/sleeper.go::method::MaxSleepCountError.Is	method	ported	-	false-positive: see plans/inventory/go_false_positive_notes.md
lib/utils/sleeper_test.go::test::TestBackoffSleeperWakeNow	test	ported	-	false-positive: see plans/inventory/go_false_positive_notes.md
lib/utils/sleeper_test.go::test::TestCountSleeperCancel	test	ported	-	false-positive: see plans/inventory/go_false_positive_notes.md
lib/utils/sleeper_test.go::test::TestCountSleeperErr	test	ported	-	false-positive: see plans/inventory/go_false_positive_notes.md
lib/utils/sleeper_test.go::test::TestEachSleepers	test	ported	-	false-positive: see plans/inventory/go_false_positive_notes.md
lib/utils/sleeper_test.go::test::TestRaceSleepers	test	ported	-	false-positive: see plans/inventory/go_false_positive_notes.md
lib/utils/sleeper_test.go::test::TestRetry	test	ported	-	false-positive: see plans/inventory/go_false_positive_notes.md
lib/utils/sleeper_test.go::test::TestRetryCancel	test	ported	-	false-positive: see plans/inventory/go_false_positive_notes.md
lib/utils/utils.go::func::NewIdleCounter	func	ported	-	false-positive: see plans/inventory/go_false_positive_notes.md
lib/utils/utils.go::func::UseNode	func	ported	-	false-positive: see plans/inventory/go_false_positive_notes.md
lib/utils/utils.go::type::Logger	type	ported	-	false-positive: see plans/inventory/go_false_positive_notes.md
lib/utils/utils_test.go::test::TestAbsolutePaths	test	ported	-	false-positive: see plans/inventory/go_false_positive_notes.md
lib/utils/utils_test.go::test::TestAll	test	ported	-	false-positive: see plans/inventory/go_false_positive_notes.md
lib/utils/utils_test.go::test::TestCropImage	test	ported	-	false-positive: see plans/inventory/go_false_positive_notes.md
lib/utils/utils_test.go::test::TestEscapeGoString	test	ported	-	false-positive: see plans/inventory/go_false_positive_notes.md
lib/utils/utils_test.go::test::TestExec	test	ported	-	false-positive: see plans/inventory/go_false_positive_notes.md
lib/utils/utils_test.go::test::TestExecErr	test	ported	-	false-positive: see plans/inventory/go_false_positive_notes.md
lib/utils/utils_test.go::test::TestFileExists	test	ported	-	false-positive: see plans/inventory/go_false_positive_notes.md
lib/utils/utils_test.go::test::TestFormatCLIArgs	test	ported	-	false-positive: see plans/inventory/go_false_positive_notes.md
lib/utils/utils_test.go::test::TestGenerateRandomString	test	ported	-	false-positive: see plans/inventory/go_false_positive_notes.md
lib/utils/utils_test.go::test::TestIdleCounter	test	ported	-	false-positive: see plans/inventory/go_false_positive_notes.md
lib/utils/utils_test.go::test::TestMkdir	test	ported	-	false-positive: see plans/inventory/go_false_positive_notes.md
lib/utils/utils_test.go::test::TestMustToJSON	test	ported	-	false-positive: see plans/inventory/go_false_positive_notes.md
lib/utils/utils_test.go::test::TestNoop	test	ported	-	false-positive: see plans/inventory/go_false_positive_notes.md
lib/utils/utils_test.go::test::TestOutputBytes	test	ported	-	false-positive: see plans/inventory/go_false_positive_notes.md
lib/utils/utils_test.go::test::TestOutputJSONErr	test	ported	-	false-positive: see plans/inventory/go_false_positive_notes.md
lib/utils/utils_test.go::test::TestOutputStream	test	ported	-	false-positive: see plans/inventory/go_false_positive_notes.md
lib/utils/utils_test.go::test::TestOutputString	test	ported	-	false-positive: see plans/inventory/go_false_positive_notes.md
lib/utils/utils_test.go::test::TestPause	test	ported	-	false-positive: see plans/inventory/go_false_positive_notes.md
lib/utils/utils_test.go::test::TestSTemplate	test	ported	-	false-positive: see plans/inventory/go_false_positive_notes.md
lib/utils/utils_test.go::test::TestSleep	test	ported	-	false-positive: see plans/inventory/go_false_positive_notes.md
lib/utils/utils_test.go::test::TestTestE	test	ported	-	false-positive: see plans/inventory/go_false_positive_notes.md
lib/utils/utils_test.go::test::TestTestLog	test	ported	-	false-positive: see plans/inventory/go_false_positive_notes.md
lib/utils/utils_test.go::test::TestUseNode	test	ported	-	false-positive: see plans/inventory/go_false_positive_notes.md
must.go::method::Element.MustGetXPath	method	ported	-	false-positive: see plans/inventory/go_false_positive_notes.md
must.go::method::Hijack.MustLoadResponse	method	ported	-	false-positive: see plans/inventory/go_false_positive_notes.md
must.go::method::HijackRouter.MustAdd	method	ported	-	false-positive: see plans/inventory/go_false_positive_notes.md
must.go::method::HijackRouter.MustStop	method	ported	-	false-positive: see plans/inventory/go_false_positive_notes.md
must.go::method::KeyActions.MustDo	method	ported	-	false-positive: see plans/inventory/go_false_positive_notes.md
must.go::method::Mouse.MustDown	method	ported	-	false-positive: see plans/inventory/go_false_positive_notes.md
must.go::method::Mouse.MustMoveTo	method	ported	-	false-positive: see plans/inventory/go_false_positive_notes.md
must.go::method::Mouse.MustScroll	method	ported	-	false-positive: see plans/inventory/go_false_positive_notes.md
must.go::method::Mouse.MustUp	method	ported	-	false-positive: see plans/inventory/go_false_positive_notes.md
must.go::method::Page.MustInsertText	method	ported	-	false-positive: see plans/inventory/go_false_positive_notes.md
must.go::method::Page.MustSetBlockedURLs	method	ported	-	false-positive: see plans/inventory/go_false_positive_notes.md
must.go::method::RaceContext.MustDo	method	ported	-	false-positive: see plans/inventory/go_false_positive_notes.md
must.go::method::RaceContext.MustHandle	method	ported	-	false-positive: see plans/inventory/go_false_positive_notes.md
must.go::method::Touch.MustCancel	method	ported	-	false-positive: see plans/inventory/go_false_positive_notes.md
must.go::method::Touch.MustEnd	method	ported	-	false-positive: see plans/inventory/go_false_positive_notes.md
must.go::method::Touch.MustMove	method	ported	-	false-positive: see plans/inventory/go_false_positive_notes.md
must.go::method::Touch.MustStart	method	ported	-	false-positive: see plans/inventory/go_false_positive_notes.md
must_test.go::test::TestBrowserWithPanic	test	ported	-	false-positive: see plans/inventory/go_false_positive_notes.md
must_test.go::test::TestElementWithPanic	test	ported	-	false-positive: see plans/inventory/go_false_positive_notes.md
must_test.go::test::TestPageWithPanic	test	ported	-	false-positive: see plans/inventory/go_false_positive_notes.md
page.go::method::Page.SetBlockedURLs	method	ported	-	false-positive: see plans/inventory/go_false_positive_notes.md
page_eval_test.go::test::TestConcurrentEval	test	ported	-	false-positive: see plans/inventory/go_false_positive_notes.md
page_eval_test.go::test::TestEnsureJSHelperErr	test	ported	-	false-positive: see plans/inventory/go_false_positive_notes.md
page_eval_test.go::test::TestEvalObjectReferenceChainIsTooLong	test	ported	-	false-positive: see plans/inventory/go_false_positive_notes.md
page_eval_test.go::test::TestEvalOptionsString	test	ported	-	false-positive: see plans/inventory/go_false_positive_notes.md
page_eval_test.go::test::TestGetJSHelperRetry	test	ported	-	false-positive: see plans/inventory/go_false_positive_notes.md
page_eval_test.go::test::TestObjectLeak	test	ported	-	false-positive: see plans/inventory/go_false_positive_notes.md
page_eval_test.go::test::TestObjectRelease	test	ported	-	false-positive: see plans/inventory/go_false_positive_notes.md
page_eval_test.go::test::TestPageEval	test	ported	-	false-positive: see plans/inventory/go_false_positive_notes.md
page_eval_test.go::test::TestPageEvalOnNewDocument	test	ported	-	false-positive: see plans/inventory/go_false_positive_notes.md
page_eval_test.go::test::TestPageEvaluateRetry	test	ported	-	false-positive: see plans/inventory/go_false_positive_notes.md
page_eval_test.go::test::TestPageExpose	test	ported	-	false-positive: see plans/inventory/go_false_positive_notes.md
page_eval_test.go::test::TestPageIframeReload	test	ported	-	false-positive: see plans/inventory/go_false_positive_notes.md
page_eval_test.go::test::TestPageObjCrossNavigation	test	ported	-	false-positive: see plans/inventory/go_false_positive_notes.md
page_eval_test.go::test::TestPageObjectErr	test	ported	-	false-positive: see plans/inventory/go_false_positive_notes.md
page_eval_test.go::test::TestPageSlowRender	test	ported	-	false-positive: see plans/inventory/go_false_positive_notes.md
page_eval_test.go::test::TestPageUpdateJSCtxIDErr	test	ported	-	false-positive: see plans/inventory/go_false_positive_notes.md
page_eval_test.go::test::TestPromiseLeak	test	ported	-	false-positive: see plans/inventory/go_false_positive_notes.md
page_test.go::test::TestAlert	test	ported	-	false-positive: see plans/inventory/go_false_positive_notes.md
page_test.go::test::TestDisableDomain	test	ported	-	false-positive: see plans/inventory/go_false_positive_notes.md
page_test.go::test::TestEmulateDevice	test	ported	-	false-positive: see plans/inventory/go_false_positive_notes.md
page_test.go::test::TestFonts	test	ported	-	false-positive: see plans/inventory/go_false_positive_notes.md
page_test.go::test::TestGetPageBrowser	test	ported	-	false-positive: see plans/inventory/go_false_positive_notes.md
page_test.go::test::TestGetPageURL	test	ported	-	false-positive: see plans/inventory/go_false_positive_notes.md
page_test.go::test::TestLoadState	test	ported	-	false-positive: see plans/inventory/go_false_positive_notes.md
page_test.go::test::TestMustWaitElementsMoreThan	test	ported	-	false-positive: see plans/inventory/go_false_positive_notes.md
page_test.go::test::TestPageActionAfterClose	test	ported	-	false-positive: see plans/inventory/go_false_positive_notes.md
page_test.go::test::TestPageActivate	test	ported	-	false-positive: see plans/inventory/go_false_positive_notes.md
page_test.go::test::TestPageAddScriptTag	test	ported	-	false-positive: see plans/inventory/go_false_positive_notes.md
page_test.go::test::TestPageAddStyleTag	test	ported	-	false-positive: see plans/inventory/go_false_positive_notes.md
page_test.go::test::TestPageCaptureDOMSnapshot	test	ported	-	false-positive: see plans/inventory/go_false_positive_notes.md
page_test.go::test::TestPageCloseCancel	test	ported	-	false-positive: see plans/inventory/go_false_positive_notes.md
page_test.go::test::TestPageCloseErr	test	ported	-	false-positive: see plans/inventory/go_false_positive_notes.md
page_test.go::test::TestPageCloseWhenNotAttached	test	ported	-	false-positive: see plans/inventory/go_false_positive_notes.md
page_test.go::test::TestPageConsoleLog	test	ported	-	false-positive: see plans/inventory/go_false_positive_notes.md
page_test.go::test::TestPageContext	test	ported	-	false-positive: see plans/inventory/go_false_positive_notes.md
page_test.go::test::TestPageElementFromObjectErr	test	ported	-	false-positive: see plans/inventory/go_false_positive_notes.md
page_test.go::test::TestPageEvent	test	ported	-	false-positive: see plans/inventory/go_false_positive_notes.md
page_test.go::test::TestPageEventSession	test	ported	-	false-positive: see plans/inventory/go_false_positive_notes.md
page_test.go::test::TestPageHTML	test	ported	-	false-positive: see plans/inventory/go_false_positive_notes.md
page_test.go::test::TestPageHandleFileDialog	test	ported	-	false-positive: see plans/inventory/go_false_positive_notes.md
page_test.go::test::TestPageNavigateBlank	test	ported	-	false-positive: see plans/inventory/go_false_positive_notes.md
page_test.go::test::TestPageNavigateErr	test	ported	-	false-positive: see plans/inventory/go_false_positive_notes.md
page_test.go::test::TestPageNavigateNetworkErr	test	ported	-	false-positive: see plans/inventory/go_false_positive_notes.md
page_test.go::test::TestPageNavigation	test	ported	-	false-positive: see plans/inventory/go_false_positive_notes.md
page_test.go::test::TestPagePDF	test	ported	-	false-positive: see plans/inventory/go_false_positive_notes.md
page_test.go::test::TestPagePool	test	ported	-	false-positive: see plans/inventory/go_false_positive_notes.md
page_test.go::test::TestPageResetNavigationHistory	test	ported	-	false-positive: see plans/inventory/go_false_positive_notes.md
page_test.go::test::TestPageScreenshot	test	ported	-	false-positive: see plans/inventory/go_false_positive_notes.md
page_test.go::test::TestPageStopEventAfterDetach	test	ported	-	false-positive: see plans/inventory/go_false_positive_notes.md
page_test.go::test::TestPageTriggerFavicon	test	ported	-	false-positive: see plans/inventory/go_false_positive_notes.md
page_test.go::test::TestPageUseNonExistSession	test	ported	-	false-positive: see plans/inventory/go_false_positive_notes.md
page_test.go::test::TestPageWait	test	ported	-	false-positive: see plans/inventory/go_false_positive_notes.md
page_test.go::test::TestPageWaitDOMStable	test	ported	-	false-positive: see plans/inventory/go_false_positive_notes.md
page_test.go::test::TestPageWaitEvent	test	ported	-	false-positive: see plans/inventory/go_false_positive_notes.md
page_test.go::test::TestPageWaitEventParseEventOnlyOnce	test	ported	-	false-positive: see plans/inventory/go_false_positive_notes.md
page_test.go::test::TestPageWaitIdle	test	ported	-	false-positive: see plans/inventory/go_false_positive_notes.md
page_test.go::test::TestPageWaitLoadErr	test	ported	-	false-positive: see plans/inventory/go_false_positive_notes.md
page_test.go::test::TestPageWaitNavigation	test	ported	-	false-positive: see plans/inventory/go_false_positive_notes.md
page_test.go::test::TestPageWaitOpen	test	ported	-	false-positive: see plans/inventory/go_false_positive_notes.md
page_test.go::test::TestPageWaitRequestIdle	test	ported	-	false-positive: see plans/inventory/go_false_positive_notes.md
page_test.go::test::TestPageWaitStable	test	ported	-	false-positive: see plans/inventory/go_false_positive_notes.md
page_test.go::test::TestScreenshotFullPage	test	ported	-	false-positive: see plans/inventory/go_false_positive_notes.md
page_test.go::test::TestScreenshotFullPageInit	test	ported	-	false-positive: see plans/inventory/go_false_positive_notes.md
page_test.go::test::TestScrollScreenshot	test	ported	-	false-positive: see plans/inventory/go_false_positive_notes.md
page_test.go::test::TestScrollScreenshotErrors	test	ported	-	false-positive: see plans/inventory/go_false_positive_notes.md
page_test.go::test::TestSetBlockedURLs	test	ported	-	false-positive: see plans/inventory/go_false_positive_notes.md
page_test.go::test::TestSetCookies	test	ported	-	false-positive: see plans/inventory/go_false_positive_notes.md
page_test.go::test::TestSetDocumentContent	test	ported	-	false-positive: see plans/inventory/go_false_positive_notes.md
page_test.go::test::TestSetExtraHeaders	test	ported	-	false-positive: see plans/inventory/go_false_positive_notes.md
page_test.go::test::TestSetUserAgent	test	ported	-	false-positive: see plans/inventory/go_false_positive_notes.md
page_test.go::test::TestSetViewport	test	ported	-	false-positive: see plans/inventory/go_false_positive_notes.md
page_test.go::test::TestWindow	test	ported	-	false-positive: see plans/inventory/go_false_positive_notes.md
query.go::const::SelectorTypeCSSSector	const	ported	-	false-positive: see plans/inventory/go_false_positive_notes.md
query.go::const::SelectorTypeRegex	const	ported	-	false-positive: see plans/inventory/go_false_positive_notes.md
query.go::const::SelectorTypeText	const	ported	-	false-positive: see plans/inventory/go_false_positive_notes.md
query_test.go::test::TestElementFromElement	test	ported	-	false-positive: see plans/inventory/go_false_positive_notes.md
query_test.go::test::TestElementFromElementX	test	ported	-	false-positive: see plans/inventory/go_false_positive_notes.md
query_test.go::test::TestElementHas	test	ported	-	false-positive: see plans/inventory/go_false_positive_notes.md
query_test.go::test::TestElementParent	test	ported	-	false-positive: see plans/inventory/go_false_positive_notes.md
query_test.go::test::TestElementParents	test	ported	-	false-positive: see plans/inventory/go_false_positive_notes.md
query_test.go::test::TestElementR	test	ported	-	false-positive: see plans/inventory/go_false_positive_notes.md
query_test.go::test::TestElementSiblings	test	ported	-	false-positive: see plans/inventory/go_false_positive_notes.md
query_test.go::test::TestElementTracing	test	ported	-	false-positive: see plans/inventory/go_false_positive_notes.md
query_test.go::test::TestElementsFromElement	test	ported	-	false-positive: see plans/inventory/go_false_positive_notes.md
query_test.go::test::TestElementsFromElementsX	test	ported	-	false-positive: see plans/inventory/go_false_positive_notes.md
query_test.go::test::TestElementsOthers	test	ported	-	false-positive: see plans/inventory/go_false_positive_notes.md
query_test.go::test::TestPageElementByJS	test	ported	-	false-positive: see plans/inventory/go_false_positive_notes.md
query_test.go::test::TestPageElementMaxRetry	test	ported	-	false-positive: see plans/inventory/go_false_positive_notes.md
query_test.go::test::TestPageElementTimeout	test	ported	-	false-positive: see plans/inventory/go_false_positive_notes.md
query_test.go::test::TestPageElementX	test	ported	-	false-positive: see plans/inventory/go_false_positive_notes.md
query_test.go::test::TestPageElements	test	ported	-	false-positive: see plans/inventory/go_false_positive_notes.md
query_test.go::test::TestPageElementsByJS	test	ported	-	false-positive: see plans/inventory/go_false_positive_notes.md
query_test.go::test::TestPageElementsX	test	ported	-	false-positive: see plans/inventory/go_false_positive_notes.md
query_test.go::test::TestPageHas	test	ported	-	false-positive: see plans/inventory/go_false_positive_notes.md
query_test.go::test::TestPageRace	test	ported	-	false-positive: see plans/inventory/go_false_positive_notes.md
query_test.go::test::TestPageRaceRetryInHandle	test	ported	-	false-positive: see plans/inventory/go_false_positive_notes.md
query_test.go::test::TestPageRaceSearchCrossIframe	test	ported	-	false-positive: see plans/inventory/go_false_positive_notes.md
query_test.go::test::TestPagesOthers	test	ported	-	false-positive: see plans/inventory/go_false_positive_notes.md
query_test.go::test::TestPagesQuery	test	ported	-	false-positive: see plans/inventory/go_false_positive_notes.md
query_test.go::test::TestSearch	test	ported	-	false-positive: see plans/inventory/go_false_positive_notes.md
query_test.go::test::TestSearchElements	test	ported	-	false-positive: see plans/inventory/go_false_positive_notes.md
query_test.go::test::TestSearchIframes	test	ported	-	false-positive: see plans/inventory/go_false_positive_notes.md
query_test.go::test::TestSearchIframesAfterReload	test	ported	-	false-positive: see plans/inventory/go_false_positive_notes.md
rod_test.go::test::TestRod	test	ported	-	false-positive: see plans/inventory/go_false_positive_notes.md
setup_test.go::test::TestLintIgnore	test	ported	-	false-positive: see plans/inventory/go_false_positive_notes.md
setup_test.go::test::TestMain	test	ported	-	false-positive: see plans/inventory/go_false_positive_notes.md
utils.go::func::NewStreamReader	func	ported	-	false-positive: see plans/inventory/go_false_positive_notes.md
utils.go::type::CDPClient	type	ported	-	false-positive: see plans/inventory/go_false_positive_notes.md
utils.go::type::Pool[T	type	ported	-	false-positive: see plans/inventory/go_false_positive_notes.md
