# go_id	kind	status	crystal_refs	notes
browser.go::func::New	func	missing		auto-generated
browser.go::method::Browser.Call	method	missing		auto-generated
browser.go::method::Browser.Client	method	missing		auto-generated
browser.go::method::Browser.Close	method	missing		auto-generated
browser.go::method::Browser.Connect	method	missing		auto-generated
browser.go::method::Browser.ControlURL	method	missing		auto-generated
browser.go::method::Browser.DefaultDevice	method	missing		auto-generated
browser.go::method::Browser.EachEvent	method	missing		auto-generated
browser.go::method::Browser.Event	method	missing		auto-generated
browser.go::method::Browser.GetCookies	method	missing		auto-generated
browser.go::method::Browser.IgnoreCertErrors	method	missing		auto-generated
browser.go::method::Browser.Incognito	method	missing		auto-generated
browser.go::method::Browser.Logger	method	missing		auto-generated
browser.go::method::Browser.Monitor	method	missing		auto-generated
browser.go::method::Browser.NoDefaultDevice	method	missing		auto-generated
browser.go::method::Browser.Page	method	missing		auto-generated
browser.go::method::Browser.PageFromSession	method	missing		auto-generated
browser.go::method::Browser.PageFromTarget	method	missing		auto-generated
browser.go::method::Browser.Pages	method	missing		auto-generated
browser.go::method::Browser.SetCookies	method	missing		auto-generated
browser.go::method::Browser.SlowMotion	method	missing		auto-generated
browser.go::method::Browser.Trace	method	missing		auto-generated
browser.go::method::Browser.Version	method	missing		auto-generated
browser.go::method::Browser.WaitDownload	method	missing		auto-generated
browser.go::method::Browser.WaitEvent	method	missing		auto-generated
browser.go::struct::Browser	struct	missing		auto-generated
browser_test.go::test::TestBinarySize	test	missing		auto-generated
browser_test.go::test::TestBlockingNavigation	test	missing		auto-generated
browser_test.go::test::TestBrowserCall	test	missing		auto-generated
browser_test.go::test::TestBrowserClearStates	test	missing		auto-generated
browser_test.go::test::TestBrowserConnectConflict	test	missing		auto-generated
browser_test.go::test::TestBrowserConnectErr	test	missing		auto-generated
browser_test.go::test::TestBrowserConnectFailure	test	missing		auto-generated
browser_test.go::test::TestBrowserCookies	test	missing		auto-generated
browser_test.go::test::TestBrowserCrash	test	missing		auto-generated
browser_test.go::test::TestBrowserEvent	test	missing		auto-generated
browser_test.go::test::TestBrowserLostConnection	test	missing		auto-generated
browser_test.go::test::TestBrowserOthers	test	missing		auto-generated
browser_test.go::test::TestBrowserPages	test	missing		auto-generated
browser_test.go::test::TestBrowserPool	test	missing		auto-generated
browser_test.go::test::TestBrowserResetControlURL	test	missing		auto-generated
browser_test.go::test::TestBrowserWaitEvent	test	missing		auto-generated
browser_test.go::test::TestDefaultDevice	test	missing		auto-generated
browser_test.go::test::TestIncognito	test	missing		auto-generated
browser_test.go::test::TestOldBrowser	test	missing		auto-generated
browser_test.go::test::TestPageErr	test	missing		auto-generated
browser_test.go::test::TestPageFromTarget	test	missing		auto-generated
browser_test.go::test::TestResolveBlocking	test	missing		auto-generated
browser_test.go::test::TestStreamReader	test	missing		auto-generated
browser_test.go::test::TestTestTry	test	missing		auto-generated
browser_test.go::test::TestWaitDownload	test	missing		auto-generated
browser_test.go::test::TestWaitDownloadCancel	test	missing		auto-generated
browser_test.go::test::TestWaitDownloadDataURI	test	missing		auto-generated
browser_test.go::test::TestWaitDownloadFromNewPage	test	missing		auto-generated
context.go::method::Browser.CancelTimeout	method	missing		auto-generated
context.go::method::Browser.Context	method	missing		auto-generated
context.go::method::Browser.GetContext	method	missing		auto-generated
context.go::method::Browser.Sleeper	method	missing		auto-generated
context.go::method::Browser.Timeout	method	missing		auto-generated
context.go::method::Browser.WithCancel	method	missing		auto-generated
context.go::method::Element.CancelTimeout	method	missing		auto-generated
context.go::method::Element.Context	method	missing		auto-generated
context.go::method::Element.GetContext	method	missing		auto-generated
context.go::method::Element.Sleeper	method	missing		auto-generated
context.go::method::Element.Timeout	method	missing		auto-generated
context.go::method::Element.WithCancel	method	missing		auto-generated
context.go::method::Page.CancelTimeout	method	missing		auto-generated
context.go::method::Page.Context	method	missing		auto-generated
context.go::method::Page.GetContext	method	missing		auto-generated
context.go::method::Page.Sleeper	method	missing		auto-generated
context.go::method::Page.Timeout	method	missing		auto-generated
context.go::method::Page.WithCancel	method	missing		auto-generated
dev_helpers.go::const::TraceTypeInput	const	missing		auto-generated
dev_helpers.go::const::TraceTypeQuery	const	missing		auto-generated
dev_helpers.go::const::TraceTypeWait	const	missing		auto-generated
dev_helpers.go::const::TraceTypeWaitRequests	const	missing		auto-generated
dev_helpers.go::const::TraceTypeWaitRequestsIdle	const	missing		auto-generated
dev_helpers.go::method::Browser.ServeMonitor	method	missing		auto-generated
dev_helpers.go::method::Element.Overlay	method	missing		auto-generated
dev_helpers.go::method::Page.ExposeHelpers	method	missing		auto-generated
dev_helpers.go::method::Page.Overlay	method	missing		auto-generated
dev_helpers.go::method::TraceType.String	method	missing		auto-generated
dev_helpers.go::type::TraceType	type	missing		auto-generated
dev_helpers_test.go::test::TestExposeHelpers	test	missing		auto-generated
dev_helpers_test.go::test::TestMonitor	test	missing		auto-generated
dev_helpers_test.go::test::TestMonitorErr	test	missing		auto-generated
dev_helpers_test.go::test::TestTrace	test	missing		auto-generated
dev_helpers_test.go::test::TestTraceLogs	test	missing		auto-generated
element.go::method::Element.Attribute	method	missing		auto-generated
element.go::method::Element.BackgroundImage	method	missing		auto-generated
element.go::method::Element.Blur	method	missing		auto-generated
element.go::method::Element.Call	method	missing		auto-generated
element.go::method::Element.CanvasToImage	method	missing		auto-generated
element.go::method::Element.Click	method	missing		auto-generated
element.go::method::Element.ContainsElement	method	missing		auto-generated
element.go::method::Element.Describe	method	missing		auto-generated
element.go::method::Element.Disabled	method	missing		auto-generated
element.go::method::Element.Equal	method	missing		auto-generated
element.go::method::Element.Eval	method	missing		auto-generated
element.go::method::Element.Evaluate	method	missing		auto-generated
element.go::method::Element.Focus	method	missing		auto-generated
element.go::method::Element.Frame	method	missing		auto-generated
element.go::method::Element.GetSessionID	method	missing		auto-generated
element.go::method::Element.GetXPath	method	missing		auto-generated
element.go::method::Element.HTML	method	missing		auto-generated
element.go::method::Element.Hover	method	missing		auto-generated
element.go::method::Element.Input	method	missing		auto-generated
element.go::method::Element.InputColor	method	missing		auto-generated
element.go::method::Element.InputTime	method	missing		auto-generated
element.go::method::Element.Interactable	method	missing		auto-generated
element.go::method::Element.KeyActions	method	missing		auto-generated
element.go::method::Element.Matches	method	missing		auto-generated
element.go::method::Element.MoveMouseOut	method	missing		auto-generated
element.go::method::Element.Page	method	missing		auto-generated
element.go::method::Element.Property	method	missing		auto-generated
element.go::method::Element.Release	method	missing		auto-generated
element.go::method::Element.Remove	method	missing		auto-generated
element.go::method::Element.Resource	method	missing		auto-generated
element.go::method::Element.Screenshot	method	missing		auto-generated
element.go::method::Element.ScrollIntoView	method	missing		auto-generated
element.go::method::Element.Select	method	missing		auto-generated
element.go::method::Element.SelectAllText	method	missing		auto-generated
element.go::method::Element.SelectText	method	missing		auto-generated
element.go::method::Element.SetFiles	method	missing		auto-generated
element.go::method::Element.ShadowRoot	method	missing		auto-generated
element.go::method::Element.Shape	method	missing		auto-generated
element.go::method::Element.String	method	missing		auto-generated
element.go::method::Element.Tap	method	missing		auto-generated
element.go::method::Element.Text	method	missing		auto-generated
element.go::method::Element.Type	method	missing		auto-generated
element.go::method::Element.Visible	method	missing		auto-generated
element.go::method::Element.Wait	method	missing		auto-generated
element.go::method::Element.WaitEnabled	method	missing		auto-generated
element.go::method::Element.WaitInteractable	method	missing		auto-generated
element.go::method::Element.WaitInvisible	method	missing		auto-generated
element.go::method::Element.WaitLoad	method	missing		auto-generated
element.go::method::Element.WaitStable	method	missing		auto-generated
element.go::method::Element.WaitStableRAF	method	missing		auto-generated
element.go::method::Element.WaitVisible	method	missing		auto-generated
element.go::method::Element.WaitWritable	method	missing		auto-generated
element.go::struct::Element	struct	missing		auto-generated
element_test.go::test::TestAttribute	test	missing		auto-generated
element_test.go::test::TestBackgroundImage	test	missing		auto-generated
element_test.go::test::TestBlur	test	missing		auto-generated
element_test.go::test::TestCanvasToImage	test	missing		auto-generated
element_test.go::test::TestCheckbox	test	missing		auto-generated
element_test.go::test::TestClick	test	missing		auto-generated
element_test.go::test::TestClickWrapped	test	missing		auto-generated
element_test.go::test::TestContains	test	missing		auto-generated
element_test.go::test::TestDisabled	test	missing		auto-generated
element_test.go::test::TestElementCancelContext	test	missing		auto-generated
element_test.go::test::TestElementContext	test	missing		auto-generated
element_test.go::test::TestElementEWithDepth	test	missing		auto-generated
element_test.go::test::TestElementEqual	test	missing		auto-generated
element_test.go::test::TestElementErrors	test	missing		auto-generated
element_test.go::test::TestElementFromNodeErr	test	missing		auto-generated
element_test.go::test::TestElementFromPointErr	test	missing		auto-generated
element_test.go::test::TestElementGetXPath	test	missing		auto-generated
element_test.go::test::TestElementInputDate	test	missing		auto-generated
element_test.go::test::TestElementMoveMouseOut	test	missing		auto-generated
element_test.go::test::TestElementMultipleTimes	test	missing		auto-generated
element_test.go::test::TestElementOthers	test	missing		auto-generated
element_test.go::test::TestElementRemove	test	missing		auto-generated
element_test.go::test::TestElementScreenshot	test	missing		auto-generated
element_test.go::test::TestElementWait	test	missing		auto-generated
element_test.go::test::TestElementWaitLoad	test	missing		auto-generated
element_test.go::test::TestEnter	test	missing		auto-generated
element_test.go::test::TestFnErr	test	missing		auto-generated
element_test.go::test::TestGetElementPage	test	missing		auto-generated
element_test.go::test::TestHover	test	missing		auto-generated
element_test.go::test::TestIframeCrossDomains	test	missing		auto-generated
element_test.go::test::TestIframes	test	missing		auto-generated
element_test.go::test::TestInputColor	test	missing		auto-generated
element_test.go::test::TestInputTime	test	missing		auto-generated
element_test.go::test::TestInteractable	test	missing		auto-generated
element_test.go::test::TestInteractableWithNoShape	test	missing		auto-generated
element_test.go::test::TestMatches	test	missing		auto-generated
element_test.go::test::TestNotInteractable	test	missing		auto-generated
element_test.go::test::TestNotInteractableWithNoPointerEvents	test	missing		auto-generated
element_test.go::test::TestProperty	test	missing		auto-generated
element_test.go::test::TestResource	test	missing		auto-generated
element_test.go::test::TestSelectOptions	test	missing		auto-generated
element_test.go::test::TestSelectQuery	test	missing		auto-generated
element_test.go::test::TestSelectText	test	missing		auto-generated
element_test.go::test::TestSetFiles	test	missing		auto-generated
element_test.go::test::TestShadowDOM	test	missing		auto-generated
element_test.go::test::TestShapeInIframe	test	missing		auto-generated
element_test.go::test::TestTap	test	missing		auto-generated
element_test.go::test::TestUseReleasedElement	test	missing		auto-generated
element_test.go::test::TestWaitEnabled	test	missing		auto-generated
element_test.go::test::TestWaitInteractable	test	missing		auto-generated
element_test.go::test::TestWaitInvisible	test	missing		auto-generated
element_test.go::test::TestWaitStable	test	missing		auto-generated
element_test.go::test::TestWaitStableRAP	test	missing		auto-generated
element_test.go::test::TestWaitWritable	test	missing		auto-generated
error.go::func::NotFoundSleeper	func	missing		auto-generated
error.go::method::CoveredError.Error	method	missing		auto-generated
error.go::method::CoveredError.Is	method	missing		auto-generated
error.go::method::CoveredError.Unwrap	method	missing		auto-generated
error.go::method::ElementNotFoundError.Error	method	missing		auto-generated
error.go::method::EvalError.Error	method	missing		auto-generated
error.go::method::EvalError.Is	method	missing		auto-generated
error.go::method::ExpectElementError.Error	method	missing		auto-generated
error.go::method::ExpectElementError.Is	method	missing		auto-generated
error.go::method::ExpectElementsError.Error	method	missing		auto-generated
error.go::method::ExpectElementsError.Is	method	missing		auto-generated
error.go::method::InvisibleShapeError.Error	method	missing		auto-generated
error.go::method::InvisibleShapeError.Is	method	missing		auto-generated
error.go::method::InvisibleShapeError.Unwrap	method	missing		auto-generated
error.go::method::NavigationError.Error	method	missing		auto-generated
error.go::method::NavigationError.Is	method	missing		auto-generated
error.go::method::NoPointerEventsError.Error	method	missing		auto-generated
error.go::method::NoPointerEventsError.Is	method	missing		auto-generated
error.go::method::NoPointerEventsError.Unwrap	method	missing		auto-generated
error.go::method::NoShadowRootError.Error	method	missing		auto-generated
error.go::method::NoShadowRootError.Is	method	missing		auto-generated
error.go::method::NotInteractableError.Error	method	missing		auto-generated
error.go::method::ObjectNotFoundError.Error	method	missing		auto-generated
error.go::method::ObjectNotFoundError.Is	method	missing		auto-generated
error.go::method::PageCloseCanceledError.Error	method	missing		auto-generated
error.go::method::PageNotFoundError.Error	method	missing		auto-generated
error.go::method::TryError.Error	method	missing		auto-generated
error.go::method::TryError.Is	method	missing		auto-generated
error.go::method::TryError.Unwrap	method	missing		auto-generated
error.go::struct::CoveredError	struct	missing		auto-generated
error.go::struct::ElementNotFoundError	struct	missing		auto-generated
error.go::struct::EvalError	struct	missing		auto-generated
error.go::struct::ExpectElementError	struct	missing		auto-generated
error.go::struct::ExpectElementsError	struct	missing		auto-generated
error.go::struct::InvisibleShapeError	struct	missing		auto-generated
error.go::struct::NavigationError	struct	missing		auto-generated
error.go::struct::NoPointerEventsError	struct	missing		auto-generated
error.go::struct::NoShadowRootError	struct	missing		auto-generated
error.go::struct::NotInteractableError	struct	missing		auto-generated
error.go::struct::ObjectNotFoundError	struct	missing		auto-generated
error.go::struct::PageCloseCanceledError	struct	missing		auto-generated
error.go::struct::PageNotFoundError	struct	missing		auto-generated
error.go::struct::TryError	struct	missing		auto-generated
hijack.go::method::Browser.HandleAuth	method	missing		auto-generated
hijack.go::method::Browser.HijackRequests	method	missing		auto-generated
hijack.go::method::Hijack.ContinueRequest	method	missing		auto-generated
hijack.go::method::Hijack.LoadResponse	method	missing		auto-generated
hijack.go::method::HijackRequest.Body	method	missing		auto-generated
hijack.go::method::HijackRequest.Header	method	missing		auto-generated
hijack.go::method::HijackRequest.Headers	method	missing		auto-generated
hijack.go::method::HijackRequest.IsNavigation	method	missing		auto-generated
hijack.go::method::HijackRequest.JSONBody	method	missing		auto-generated
hijack.go::method::HijackRequest.Method	method	missing		auto-generated
hijack.go::method::HijackRequest.Req	method	missing		auto-generated
hijack.go::method::HijackRequest.SetBody	method	missing		auto-generated
hijack.go::method::HijackRequest.SetContext	method	missing		auto-generated
hijack.go::method::HijackRequest.Type	method	missing		auto-generated
hijack.go::method::HijackRequest.URL	method	missing		auto-generated
hijack.go::method::HijackResponse.AddHeader	method	missing		auto-generated
hijack.go::method::HijackResponse.Body	method	missing		auto-generated
hijack.go::method::HijackResponse.Fail	method	missing		auto-generated
hijack.go::method::HijackResponse.Headers	method	missing		auto-generated
hijack.go::method::HijackResponse.Payload	method	missing		auto-generated
hijack.go::method::HijackResponse.SetBody	method	missing		auto-generated
hijack.go::method::HijackResponse.SetHeader	method	missing		auto-generated
hijack.go::method::HijackRouter.Add	method	missing		auto-generated
hijack.go::method::HijackRouter.Remove	method	missing		auto-generated
hijack.go::method::HijackRouter.Run	method	missing		auto-generated
hijack.go::method::HijackRouter.Stop	method	missing		auto-generated
hijack.go::method::Page.HijackRequests	method	missing		auto-generated
hijack.go::struct::Hijack	struct	missing		auto-generated
hijack.go::struct::HijackRequest	struct	missing		auto-generated
hijack.go::struct::HijackResponse	struct	missing		auto-generated
hijack.go::struct::HijackRouter	struct	missing		auto-generated
hijack_test.go::test::TestHandleAuth	test	missing		auto-generated
hijack_test.go::test::TestHijack	test	missing		auto-generated
hijack_test.go::test::TestHijackContinue	test	missing		auto-generated
hijack_test.go::test::TestHijackFailRequest	test	missing		auto-generated
hijack_test.go::test::TestHijackLoadResponseErr	test	missing		auto-generated
hijack_test.go::test::TestHijackMockWholeResponse	test	missing		auto-generated
hijack_test.go::test::TestHijackMockWholeResponseEmptyBody	test	missing		auto-generated
hijack_test.go::test::TestHijackMockWholeResponseNoBody	test	missing		auto-generated
hijack_test.go::test::TestHijackOnErrorLog	test	missing		auto-generated
hijack_test.go::test::TestHijackResponseErr	test	missing		auto-generated
hijack_test.go::test::TestHijackSkip	test	missing		auto-generated
input.go::const::KeyActionPress	const	missing		auto-generated
input.go::const::KeyActionRelease	const	missing		auto-generated
input.go::const::KeyActionTypeKey	const	missing		auto-generated
input.go::method::KeyActions.Do	method	missing		auto-generated
input.go::method::KeyActions.Press	method	missing		auto-generated
input.go::method::KeyActions.Release	method	missing		auto-generated
input.go::method::KeyActions.Type	method	missing		auto-generated
input.go::method::Keyboard.Press	method	missing		auto-generated
input.go::method::Keyboard.Release	method	missing		auto-generated
input.go::method::Keyboard.Type	method	missing		auto-generated
input.go::method::Mouse.Click	method	missing		auto-generated
input.go::method::Mouse.Down	method	missing		auto-generated
input.go::method::Mouse.MoveAlong	method	missing		auto-generated
input.go::method::Mouse.MoveLinear	method	missing		auto-generated
input.go::method::Mouse.MoveTo	method	missing		auto-generated
input.go::method::Mouse.Position	method	missing		auto-generated
input.go::method::Mouse.Scroll	method	missing		auto-generated
input.go::method::Mouse.Up	method	missing		auto-generated
input.go::method::Page.InsertText	method	missing		auto-generated
input.go::method::Page.KeyActions	method	missing		auto-generated
input.go::method::Touch.Cancel	method	missing		auto-generated
input.go::method::Touch.End	method	missing		auto-generated
input.go::method::Touch.Move	method	missing		auto-generated
input.go::method::Touch.Start	method	missing		auto-generated
input.go::method::Touch.Tap	method	missing		auto-generated
input.go::struct::KeyAction	struct	missing		auto-generated
input.go::struct::KeyActions	struct	missing		auto-generated
input.go::struct::Keyboard	struct	missing		auto-generated
input.go::struct::Mouse	struct	missing		auto-generated
input.go::struct::Touch	struct	missing		auto-generated
input.go::type::KeyActionType	type	missing		auto-generated
input_test.go::test::TestInput	test	missing		auto-generated
input_test.go::test::TestKeyActions	test	missing		auto-generated
input_test.go::test::TestKeyType	test	missing		auto-generated
input_test.go::test::TestKeyTypeErr	test	missing		auto-generated
input_test.go::test::TestMouse	test	missing		auto-generated
input_test.go::test::TestMouseClick	test	missing		auto-generated
input_test.go::test::TestMouseDoubleClick	test	missing		auto-generated
input_test.go::test::TestMouseDrag	test	missing		auto-generated
input_test.go::test::TestMouseHoldMultiple	test	missing		auto-generated
input_test.go::test::TestMouseMoveErr	test	missing		auto-generated
input_test.go::test::TestMouseMoveLinear	test	missing		auto-generated
input_test.go::test::TestMouseScroll	test	missing		auto-generated
input_test.go::test::TestNativeDrag	test	missing		auto-generated
input_test.go::test::TestTouch	test	missing		auto-generated
lib/assets/assets.go::const::Monitor	const	missing		auto-generated
lib/assets/assets.go::const::MonitorPage	const	missing		auto-generated
lib/assets/assets.go::const::MousePointer	const	missing		auto-generated
lib/assets/generate/main.go::const::Monitor	const	missing		auto-generated
lib/assets/generate/main.go::const::MonitorPage	const	missing		auto-generated
lib/assets/generate/main.go::const::MousePointer	const	missing		auto-generated
lib/cdp/client.go::func::New	func	ported	src/rod/lib/cdp/client.cr,spec/cdp_client_parity_spec.cr	constructor parity via Client.new
lib/cdp/client.go::method::Client.Call	method	partial	src/rod/lib/cdp/client.cr,spec/cdp_client_parity_spec.cr	basic, slow-send, concurrent, and cancel-context parity covered; crash/leak edge semantics pending
lib/cdp/client.go::method::Client.Event	method	ported	src/rod/lib/cdp/client.cr,spec/cdp_client_parity_spec.cr	event channel routing parity
lib/cdp/client.go::method::Client.Logger	method	ported	src/rod/lib/cdp/client.cr,spec/cdp_client_parity_spec.cr	logger setter chain parity
lib/cdp/client.go::method::Client.Start	method	ported	src/rod/lib/cdp/client.cr,spec/cdp_client_parity_spec.cr	start and consume loop parity
lib/cdp/client.go::struct::Client	struct	missing		auto-generated
lib/cdp/client.go::struct::Event	struct	missing		auto-generated
lib/cdp/client.go::struct::Request	struct	missing		auto-generated
lib/cdp/client.go::struct::Response	struct	missing		auto-generated
lib/cdp/client.go::type::WebSocketable	type	missing		auto-generated
lib/cdp/client_test.go::test::TestBasic	test	missing		auto-generated
lib/cdp/client_test.go::test::TestCancelCallLeak	test	missing		auto-generated
lib/cdp/client_test.go::test::TestConcurrentCall	test	missing		auto-generated
lib/cdp/client_test.go::test::TestCrash	test	missing		auto-generated
lib/cdp/client_test.go::test::TestError	test	missing		auto-generated
lib/cdp/client_test.go::test::TestFormat	test	missing		auto-generated
lib/cdp/client_test.go::test::TestMassBrowserClose	test	missing		auto-generated
lib/cdp/client_test.go::test::TestSlowSend	test	missing		auto-generated
lib/cdp/error.go::method::Error.Error	method	missing		auto-generated
lib/cdp/error.go::method::Error.Is	method	missing		auto-generated
lib/cdp/error.go::struct::Error	struct	missing		auto-generated
lib/cdp/format.go::method::Event.String	method	missing		auto-generated
lib/cdp/format.go::method::Request.String	method	missing		auto-generated
lib/cdp/format.go::method::Response.String	method	missing		auto-generated
lib/cdp/utils.go::func::MustConnectWS	func	missing		auto-generated
lib/cdp/utils.go::func::MustStartWithURL	func	missing		auto-generated
lib/cdp/utils.go::func::StartWithURL	func	missing		auto-generated
lib/cdp/utils.go::method::tlsDialer.DialContext	method	missing		auto-generated
lib/cdp/utils.go::type::Dialer	type	missing		auto-generated
lib/cdp/websocket.go::method::BadHandshakeError.Error	method	missing		auto-generated
lib/cdp/websocket.go::method::WebSocket.Close	method	missing		auto-generated
lib/cdp/websocket.go::method::WebSocket.Connect	method	missing		auto-generated
lib/cdp/websocket.go::method::WebSocket.Read	method	missing		auto-generated
lib/cdp/websocket.go::method::WebSocket.Send	method	missing		auto-generated
lib/cdp/websocket.go::struct::BadHandshakeError	struct	missing		auto-generated
lib/cdp/websocket.go::struct::WebSocket	struct	missing		auto-generated
lib/cdp/websocket_private_test.go::test::TestWebSocketErr	test	missing		auto-generated
lib/cdp/websocket_test.go::test::TestDuplicatedConnectErr	test	missing		auto-generated
lib/cdp/websocket_test.go::test::TestWebSocketHeader	test	missing		auto-generated
lib/cdp/websocket_test.go::test::TestWebSocketLargePayload	test	missing		auto-generated
lib/defaults/defaults.go::func::Reset	func	missing		auto-generated
lib/defaults/defaults.go::func::ResetWith	func	missing		auto-generated
lib/defaults/defaults_test.go::test::TestBasic	test	missing		auto-generated
lib/defaults/defaults_test.go::test::TestParseFlag	test	missing		auto-generated
lib/devices/device.go::method::Device.IsClear	method	missing		auto-generated
lib/devices/device.go::method::Device.Landscape	method	missing		auto-generated
lib/devices/device.go::method::Device.MetricsEmulation	method	missing		auto-generated
lib/devices/device.go::method::Device.TouchEmulation	method	missing		auto-generated
lib/devices/device.go::method::Device.UserAgentEmulation	method	missing		auto-generated
lib/devices/device.go::struct::Device	struct	missing		auto-generated
lib/devices/device.go::struct::Screen	struct	missing		auto-generated
lib/devices/device.go::struct::ScreenSize	struct	missing		auto-generated
lib/devices/utils_test.go::test::TestErr	test	missing		auto-generated
lib/examples/compare-chromedp/proxy/main.go::method::transport.RoundTrip	method	missing		auto-generated
lib/examples/custom-websocket/main.go::func::NewWebSocket	func	missing		auto-generated
lib/examples/custom-websocket/main.go::method::WebSocket.Read	method	missing		auto-generated
lib/examples/custom-websocket/main.go::method::WebSocket.Send	method	missing		auto-generated
lib/examples/custom-websocket/main.go::struct::WebSocket	struct	missing		auto-generated
lib/examples/e2e-testing/calculator_test.go::test::TestAdd	test	missing		auto-generated
lib/examples/e2e-testing/calculator_test.go::test::TestMultiple	test	missing		auto-generated
lib/input/keyboard.go::const::ModifierAlt	const	missing		auto-generated
lib/input/keyboard.go::const::ModifierControl	const	missing		auto-generated
lib/input/keyboard.go::const::ModifierMeta	const	missing		auto-generated
lib/input/keyboard.go::const::ModifierShift	const	missing		auto-generated
lib/input/keyboard.go::func::AddKey	func	missing		auto-generated
lib/input/keyboard.go::method::Key.Encode	method	missing		auto-generated
lib/input/keyboard.go::method::Key.Info	method	missing		auto-generated
lib/input/keyboard.go::method::Key.Modifier	method	missing		auto-generated
lib/input/keyboard.go::method::Key.Printable	method	missing		auto-generated
lib/input/keyboard.go::method::Key.Shift	method	missing		auto-generated
lib/input/keyboard.go::struct::KeyInfo	struct	missing		auto-generated
lib/input/keyboard.go::type::Key	type	missing		auto-generated
lib/input/keyboard_test.go::test::TestKeyEncode	test	missing		auto-generated
lib/input/keyboard_test.go::test::TestKeyMap	test	missing		auto-generated
lib/input/keyboard_test.go::test::TestKeyModifier	test	missing		auto-generated
lib/input/keyboard_test.go::test::TestMac	test	missing		auto-generated
lib/input/mouse.go::func::EncodeMouseButton	func	missing		auto-generated
lib/input/mouse_test.go::test::TestMouseEncode	test	missing		auto-generated
lib/js/js.go::struct::Function	struct	missing		auto-generated
lib/launcher/browser.go::func::HostGoogle	func	missing		auto-generated
lib/launcher/browser.go::func::HostNPM	func	missing		auto-generated
lib/launcher/browser.go::func::HostPlaywright	func	missing		auto-generated
lib/launcher/browser.go::func::LookPath	func	missing		auto-generated
lib/launcher/browser.go::func::NewBrowser	func	missing		auto-generated
lib/launcher/browser.go::func::Open	func	missing		auto-generated
lib/launcher/browser.go::method::Browser.BinPath	method	missing		auto-generated
lib/launcher/browser.go::method::Browser.Dir	method	missing		auto-generated
lib/launcher/browser.go::method::Browser.Download	method	missing		auto-generated
lib/launcher/browser.go::method::Browser.Get	method	missing		auto-generated
lib/launcher/browser.go::method::Browser.MustGet	method	missing		auto-generated
lib/launcher/browser.go::method::Browser.Validate	method	missing		auto-generated
lib/launcher/browser.go::struct::Browser	struct	missing		auto-generated
lib/launcher/browser.go::type::Host	type	missing		auto-generated
lib/launcher/flags/flags.go::const::App	const	missing		auto-generated
lib/launcher/flags/flags.go::const::Arguments	const	missing		auto-generated
lib/launcher/flags/flags.go::const::Bin	const	missing		auto-generated
lib/launcher/flags/flags.go::const::Env	const	missing		auto-generated
lib/launcher/flags/flags.go::const::Headless	const	missing		auto-generated
lib/launcher/flags/flags.go::const::KeepUserDataDir	const	missing		auto-generated
lib/launcher/flags/flags.go::const::Leakless	const	missing		auto-generated
lib/launcher/flags/flags.go::const::NoSandbox	const	missing		auto-generated
lib/launcher/flags/flags.go::const::Preferences	const	missing		auto-generated
lib/launcher/flags/flags.go::const::ProfileDir	const	missing		auto-generated
lib/launcher/flags/flags.go::const::ProxyServer	const	missing		auto-generated
lib/launcher/flags/flags.go::const::RemoteDebuggingPort	const	missing		auto-generated
lib/launcher/flags/flags.go::const::UserDataDir	const	missing		auto-generated
lib/launcher/flags/flags.go::const::WindowPosition	const	missing		auto-generated
lib/launcher/flags/flags.go::const::WindowSize	const	missing		auto-generated
lib/launcher/flags/flags.go::const::WorkingDir	const	missing		auto-generated
lib/launcher/flags/flags.go::const::XVFB	const	missing		auto-generated
lib/launcher/flags/flags.go::method::Flag.Check	method	missing		auto-generated
lib/launcher/flags/flags.go::method::Flag.NormalizeFlag	method	missing		auto-generated
lib/launcher/flags/flags.go::type::Flag	type	missing		auto-generated
lib/launcher/launcher.go::func::New	func	missing		auto-generated
lib/launcher/launcher.go::func::NewAppMode	func	missing		auto-generated
lib/launcher/launcher.go::func::NewUserMode	func	missing		auto-generated
lib/launcher/launcher.go::method::Launcher.AlwaysOpenPDFExternally	method	missing		auto-generated
lib/launcher/launcher.go::method::Launcher.Append	method	missing		auto-generated
lib/launcher/launcher.go::method::Launcher.Bin	method	missing		auto-generated
lib/launcher/launcher.go::method::Launcher.Cleanup	method	missing		auto-generated
lib/launcher/launcher.go::method::Launcher.Context	method	missing		auto-generated
lib/launcher/launcher.go::method::Launcher.Delete	method	missing		auto-generated
lib/launcher/launcher.go::method::Launcher.Devtools	method	missing		auto-generated
lib/launcher/launcher.go::method::Launcher.Env	method	missing		auto-generated
lib/launcher/launcher.go::method::Launcher.FormatArgs	method	missing		auto-generated
lib/launcher/launcher.go::method::Launcher.Get	method	missing		auto-generated
lib/launcher/launcher.go::method::Launcher.GetFlags	method	missing		auto-generated
lib/launcher/launcher.go::method::Launcher.Has	method	missing		auto-generated
lib/launcher/launcher.go::method::Launcher.Headless	method	missing		auto-generated
lib/launcher/launcher.go::method::Launcher.HeadlessNew	method	missing		auto-generated
lib/launcher/launcher.go::method::Launcher.IgnoreCerts	method	missing		auto-generated
lib/launcher/launcher.go::method::Launcher.Kill	method	missing		auto-generated
lib/launcher/launcher.go::method::Launcher.Launch	method	missing		auto-generated
lib/launcher/launcher.go::method::Launcher.Leakless	method	missing		auto-generated
lib/launcher/launcher.go::method::Launcher.Logger	method	missing		auto-generated
lib/launcher/launcher.go::method::Launcher.MustLaunch	method	missing		auto-generated
lib/launcher/launcher.go::method::Launcher.NoSandbox	method	missing		auto-generated
lib/launcher/launcher.go::method::Launcher.PID	method	missing		auto-generated
lib/launcher/launcher.go::method::Launcher.Preferences	method	missing		auto-generated
lib/launcher/launcher.go::method::Launcher.ProfileDir	method	missing		auto-generated
lib/launcher/launcher.go::method::Launcher.Proxy	method	missing		auto-generated
lib/launcher/launcher.go::method::Launcher.RemoteDebuggingPort	method	missing		auto-generated
lib/launcher/launcher.go::method::Launcher.Revision	method	missing		auto-generated
lib/launcher/launcher.go::method::Launcher.Set	method	missing		auto-generated
lib/launcher/launcher.go::method::Launcher.StartURL	method	missing		auto-generated
lib/launcher/launcher.go::method::Launcher.UserDataDir	method	missing		auto-generated
lib/launcher/launcher.go::method::Launcher.WindowPosition	method	missing		auto-generated
lib/launcher/launcher.go::method::Launcher.WindowSize	method	missing		auto-generated
lib/launcher/launcher.go::method::Launcher.WorkingDir	method	missing		auto-generated
lib/launcher/launcher.go::method::Launcher.XVFB	method	missing		auto-generated
lib/launcher/launcher.go::struct::Launcher	struct	missing		auto-generated
lib/launcher/launcher_test.go::test::TestAppMode	test	missing		auto-generated
lib/launcher/launcher_test.go::test::TestBrowserDownloadErr	test	missing		auto-generated
lib/launcher/launcher_test.go::test::TestBrowserValid	test	missing		auto-generated
lib/launcher/launcher_test.go::test::TestDownload	test	missing		auto-generated
lib/launcher/launcher_test.go::test::TestDownloadHosts	test	missing		auto-generated
lib/launcher/launcher_test.go::test::TestGetWebSocketDebuggerURLErr	test	missing		auto-generated
lib/launcher/launcher_test.go::test::TestIgnoreCerts	test	missing		auto-generated
lib/launcher/launcher_test.go::test::TestIgnoreCerts_InvalidCert	test	missing		auto-generated
lib/launcher/launcher_test.go::test::TestLaunch	test	missing		auto-generated
lib/launcher/launcher_test.go::test::TestLaunchErr	test	missing		auto-generated
lib/launcher/launcher_test.go::test::TestLaunchMultiTimes	test	missing		auto-generated
lib/launcher/launcher_test.go::test::TestLaunchUserMode	test	missing		auto-generated
lib/launcher/launcher_test.go::test::TestProfileDir	test	missing		auto-generated
lib/launcher/launcher_test.go::test::TestUserModeErr	test	missing		auto-generated
lib/launcher/manager.go::const::HeaderName	const	missing		auto-generated
lib/launcher/manager.go::func::MustNewManaged	func	missing		auto-generated
lib/launcher/manager.go::func::NewManaged	func	missing		auto-generated
lib/launcher/manager.go::func::NewManager	func	missing		auto-generated
lib/launcher/manager.go::method::Launcher.Client	method	missing		auto-generated
lib/launcher/manager.go::method::Launcher.ClientHeader	method	missing		auto-generated
lib/launcher/manager.go::method::Launcher.JSON	method	missing		auto-generated
lib/launcher/manager.go::method::Launcher.KeepUserDataDir	method	missing		auto-generated
lib/launcher/manager.go::method::Launcher.MustClient	method	missing		auto-generated
lib/launcher/manager.go::method::Manager.ServeHTTP	method	missing		auto-generated
lib/launcher/manager.go::struct::Manager	struct	missing		auto-generated
lib/launcher/private_test.go::test::TestGetURLErr	test	missing		auto-generated
lib/launcher/private_test.go::test::TestLaunchClient	test	missing		auto-generated
lib/launcher/private_test.go::test::TestLaunchErrs	test	missing		auto-generated
lib/launcher/private_test.go::test::TestLaunchOptions	test	missing		auto-generated
lib/launcher/private_test.go::test::TestManaged	test	missing		auto-generated
lib/launcher/private_test.go::test::TestTestOpen	test	missing		auto-generated
lib/launcher/private_test.go::test::TestToHTTP	test	missing		auto-generated
lib/launcher/private_test.go::test::TestToWS	test	missing		auto-generated
lib/launcher/private_test.go::test::TestURLParserErr	test	missing		auto-generated
lib/launcher/revision.go::const::RevisionDefault	const	missing		auto-generated
lib/launcher/revision.go::const::RevisionPlaywright	const	missing		auto-generated
lib/launcher/revision/main.go::const::RevisionDefault	const	missing		auto-generated
lib/launcher/revision/main.go::const::RevisionPlaywright	const	missing		auto-generated
lib/launcher/url_parser.go::func::MustResolveURL	func	missing		auto-generated
lib/launcher/url_parser.go::func::NewURLParser	func	missing		auto-generated
lib/launcher/url_parser.go::func::ResolveURL	func	missing		auto-generated
lib/launcher/url_parser.go::method::URLParser.Context	method	missing		auto-generated
lib/launcher/url_parser.go::method::URLParser.Err	method	missing		auto-generated
lib/launcher/url_parser.go::method::URLParser.Write	method	missing		auto-generated
lib/launcher/url_parser.go::struct::URLParser	struct	missing		auto-generated
lib/proto/a_interface.go::func::GetType	func	missing		auto-generated
lib/proto/a_interface.go::func::ParseMethodName	func	missing		auto-generated
lib/proto/a_interface.go::type::Client	type	missing		auto-generated
lib/proto/a_interface.go::type::Contextable	type	missing		auto-generated
lib/proto/a_interface.go::type::Event	type	missing		auto-generated
lib/proto/a_interface.go::type::Request	type	missing		auto-generated
lib/proto/a_interface.go::type::Sessionable	type	missing		auto-generated
lib/proto/a_patch.go::func::CookiesToParams	func	missing		auto-generated
lib/proto/a_patch.go::func::NewPoint	func	missing		auto-generated
lib/proto/a_patch.go::method::DOMGetContentQuadsResult.Box	method	missing		auto-generated
lib/proto/a_patch.go::method::DOMGetContentQuadsResult.OnePointInside	method	missing		auto-generated
lib/proto/a_patch.go::method::DOMQuad.Area	method	missing		auto-generated
lib/proto/a_patch.go::method::DOMQuad.Center	method	missing		auto-generated
lib/proto/a_patch.go::method::DOMQuad.Each	method	missing		auto-generated
lib/proto/a_patch.go::method::DOMQuad.Len	method	missing		auto-generated
lib/proto/a_patch.go::method::InputTouchPoint.MoveTo	method	missing		auto-generated
lib/proto/a_patch.go::method::MonotonicTime.Duration	method	missing		auto-generated
lib/proto/a_patch.go::method::MonotonicTime.String	method	missing		auto-generated
lib/proto/a_patch.go::method::Point.Add	method	missing		auto-generated
lib/proto/a_patch.go::method::Point.Minus	method	missing		auto-generated
lib/proto/a_patch.go::method::Point.Scale	method	missing		auto-generated
lib/proto/a_patch.go::method::Shape.Box	method	missing		auto-generated
lib/proto/a_patch.go::method::TimeSinceEpoch.String	method	missing		auto-generated
lib/proto/a_patch.go::method::TimeSinceEpoch.Time	method	missing		auto-generated
lib/proto/a_patch.go::struct::Point	struct	missing		auto-generated
lib/proto/a_patch.go::type::MonotonicTime	type	missing		auto-generated
lib/proto/a_patch.go::type::Shape	type	missing		auto-generated
lib/proto/a_patch.go::type::TimeSinceEpoch	type	missing		auto-generated
lib/proto/a_utils.go::func::PatternToReg	func	missing		auto-generated
lib/proto/a_utils_test.go::test::Test	test	missing		auto-generated
lib/proto/accessibility.go::const::AccessibilityAXPropertyNameActivedescendant	const	missing		auto-generated
lib/proto/accessibility.go::const::AccessibilityAXPropertyNameAtomic	const	missing		auto-generated
lib/proto/accessibility.go::const::AccessibilityAXPropertyNameAutocomplete	const	missing		auto-generated
lib/proto/accessibility.go::const::AccessibilityAXPropertyNameBusy	const	missing		auto-generated
lib/proto/accessibility.go::const::AccessibilityAXPropertyNameChecked	const	missing		auto-generated
lib/proto/accessibility.go::const::AccessibilityAXPropertyNameControls	const	missing		auto-generated
lib/proto/accessibility.go::const::AccessibilityAXPropertyNameDescribedby	const	missing		auto-generated
lib/proto/accessibility.go::const::AccessibilityAXPropertyNameDetails	const	missing		auto-generated
lib/proto/accessibility.go::const::AccessibilityAXPropertyNameDisabled	const	missing		auto-generated
lib/proto/accessibility.go::const::AccessibilityAXPropertyNameEditable	const	missing		auto-generated
lib/proto/accessibility.go::const::AccessibilityAXPropertyNameErrormessage	const	missing		auto-generated
lib/proto/accessibility.go::const::AccessibilityAXPropertyNameExpanded	const	missing		auto-generated
lib/proto/accessibility.go::const::AccessibilityAXPropertyNameFlowto	const	missing		auto-generated
lib/proto/accessibility.go::const::AccessibilityAXPropertyNameFocusable	const	missing		auto-generated
lib/proto/accessibility.go::const::AccessibilityAXPropertyNameFocused	const	missing		auto-generated
lib/proto/accessibility.go::const::AccessibilityAXPropertyNameHasPopup	const	missing		auto-generated
lib/proto/accessibility.go::const::AccessibilityAXPropertyNameHidden	const	missing		auto-generated
lib/proto/accessibility.go::const::AccessibilityAXPropertyNameHiddenRoot	const	missing		auto-generated
lib/proto/accessibility.go::const::AccessibilityAXPropertyNameInvalid	const	missing		auto-generated
lib/proto/accessibility.go::const::AccessibilityAXPropertyNameKeyshortcuts	const	missing		auto-generated
lib/proto/accessibility.go::const::AccessibilityAXPropertyNameLabelledby	const	missing		auto-generated
lib/proto/accessibility.go::const::AccessibilityAXPropertyNameLevel	const	missing		auto-generated
lib/proto/accessibility.go::const::AccessibilityAXPropertyNameLive	const	missing		auto-generated
lib/proto/accessibility.go::const::AccessibilityAXPropertyNameModal	const	missing		auto-generated
lib/proto/accessibility.go::const::AccessibilityAXPropertyNameMultiline	const	missing		auto-generated
lib/proto/accessibility.go::const::AccessibilityAXPropertyNameMultiselectable	const	missing		auto-generated
lib/proto/accessibility.go::const::AccessibilityAXPropertyNameOrientation	const	missing		auto-generated
lib/proto/accessibility.go::const::AccessibilityAXPropertyNameOwns	const	missing		auto-generated
lib/proto/accessibility.go::const::AccessibilityAXPropertyNamePressed	const	missing		auto-generated
lib/proto/accessibility.go::const::AccessibilityAXPropertyNameReadonly	const	missing		auto-generated
lib/proto/accessibility.go::const::AccessibilityAXPropertyNameRelevant	const	missing		auto-generated
lib/proto/accessibility.go::const::AccessibilityAXPropertyNameRequired	const	missing		auto-generated
lib/proto/accessibility.go::const::AccessibilityAXPropertyNameRoledescription	const	missing		auto-generated
lib/proto/accessibility.go::const::AccessibilityAXPropertyNameRoot	const	missing		auto-generated
lib/proto/accessibility.go::const::AccessibilityAXPropertyNameSelected	const	missing		auto-generated
lib/proto/accessibility.go::const::AccessibilityAXPropertyNameSettable	const	missing		auto-generated
lib/proto/accessibility.go::const::AccessibilityAXPropertyNameURL	const	missing		auto-generated
lib/proto/accessibility.go::const::AccessibilityAXPropertyNameValuemax	const	missing		auto-generated
lib/proto/accessibility.go::const::AccessibilityAXPropertyNameValuemin	const	missing		auto-generated
lib/proto/accessibility.go::const::AccessibilityAXPropertyNameValuetext	const	missing		auto-generated
lib/proto/accessibility.go::const::AccessibilityAXValueNativeSourceTypeDescription	const	missing		auto-generated
lib/proto/accessibility.go::const::AccessibilityAXValueNativeSourceTypeFigcaption	const	missing		auto-generated
lib/proto/accessibility.go::const::AccessibilityAXValueNativeSourceTypeLabel	const	missing		auto-generated
lib/proto/accessibility.go::const::AccessibilityAXValueNativeSourceTypeLabelfor	const	missing		auto-generated
lib/proto/accessibility.go::const::AccessibilityAXValueNativeSourceTypeLabelwrapped	const	missing		auto-generated
lib/proto/accessibility.go::const::AccessibilityAXValueNativeSourceTypeLegend	const	missing		auto-generated
lib/proto/accessibility.go::const::AccessibilityAXValueNativeSourceTypeOther	const	missing		auto-generated
lib/proto/accessibility.go::const::AccessibilityAXValueNativeSourceTypeRubyannotation	const	missing		auto-generated
lib/proto/accessibility.go::const::AccessibilityAXValueNativeSourceTypeTablecaption	const	missing		auto-generated
lib/proto/accessibility.go::const::AccessibilityAXValueNativeSourceTypeTitle	const	missing		auto-generated
lib/proto/accessibility.go::const::AccessibilityAXValueSourceTypeAttribute	const	missing		auto-generated
lib/proto/accessibility.go::const::AccessibilityAXValueSourceTypeContents	const	missing		auto-generated
lib/proto/accessibility.go::const::AccessibilityAXValueSourceTypeImplicit	const	missing		auto-generated
lib/proto/accessibility.go::const::AccessibilityAXValueSourceTypePlaceholder	const	missing		auto-generated
lib/proto/accessibility.go::const::AccessibilityAXValueSourceTypeRelatedElement	const	missing		auto-generated
lib/proto/accessibility.go::const::AccessibilityAXValueSourceTypeStyle	const	missing		auto-generated
lib/proto/accessibility.go::const::AccessibilityAXValueTypeBoolean	const	missing		auto-generated
lib/proto/accessibility.go::const::AccessibilityAXValueTypeBooleanOrUndefined	const	missing		auto-generated
lib/proto/accessibility.go::const::AccessibilityAXValueTypeComputedString	const	missing		auto-generated
lib/proto/accessibility.go::const::AccessibilityAXValueTypeDomRelation	const	missing		auto-generated
lib/proto/accessibility.go::const::AccessibilityAXValueTypeIdref	const	missing		auto-generated
lib/proto/accessibility.go::const::AccessibilityAXValueTypeIdrefList	const	missing		auto-generated
lib/proto/accessibility.go::const::AccessibilityAXValueTypeInteger	const	missing		auto-generated
lib/proto/accessibility.go::const::AccessibilityAXValueTypeInternalRole	const	missing		auto-generated
lib/proto/accessibility.go::const::AccessibilityAXValueTypeNode	const	missing		auto-generated
lib/proto/accessibility.go::const::AccessibilityAXValueTypeNodeList	const	missing		auto-generated
lib/proto/accessibility.go::const::AccessibilityAXValueTypeNumber	const	missing		auto-generated
lib/proto/accessibility.go::const::AccessibilityAXValueTypeRole	const	missing		auto-generated
lib/proto/accessibility.go::const::AccessibilityAXValueTypeString	const	missing		auto-generated
lib/proto/accessibility.go::const::AccessibilityAXValueTypeToken	const	missing		auto-generated
lib/proto/accessibility.go::const::AccessibilityAXValueTypeTokenList	const	missing		auto-generated
lib/proto/accessibility.go::const::AccessibilityAXValueTypeTristate	const	missing		auto-generated
lib/proto/accessibility.go::const::AccessibilityAXValueTypeValueUndefined	const	missing		auto-generated
lib/proto/accessibility.go::method::AccessibilityDisable.Call	method	missing		auto-generated
lib/proto/accessibility.go::method::AccessibilityDisable.ProtoReq	method	missing		auto-generated
lib/proto/accessibility.go::method::AccessibilityEnable.Call	method	missing		auto-generated
lib/proto/accessibility.go::method::AccessibilityEnable.ProtoReq	method	missing		auto-generated
lib/proto/accessibility.go::method::AccessibilityGetAXNodeAndAncestors.Call	method	missing		auto-generated
lib/proto/accessibility.go::method::AccessibilityGetAXNodeAndAncestors.ProtoReq	method	missing		auto-generated
lib/proto/accessibility.go::method::AccessibilityGetChildAXNodes.Call	method	missing		auto-generated
lib/proto/accessibility.go::method::AccessibilityGetChildAXNodes.ProtoReq	method	missing		auto-generated
lib/proto/accessibility.go::method::AccessibilityGetFullAXTree.Call	method	missing		auto-generated
lib/proto/accessibility.go::method::AccessibilityGetFullAXTree.ProtoReq	method	missing		auto-generated
lib/proto/accessibility.go::method::AccessibilityGetPartialAXTree.Call	method	missing		auto-generated
lib/proto/accessibility.go::method::AccessibilityGetPartialAXTree.ProtoReq	method	missing		auto-generated
lib/proto/accessibility.go::method::AccessibilityGetRootAXNode.Call	method	missing		auto-generated
lib/proto/accessibility.go::method::AccessibilityGetRootAXNode.ProtoReq	method	missing		auto-generated
lib/proto/accessibility.go::method::AccessibilityLoadComplete.ProtoEvent	method	missing		auto-generated
lib/proto/accessibility.go::method::AccessibilityNodesUpdated.ProtoEvent	method	missing		auto-generated
lib/proto/accessibility.go::method::AccessibilityQueryAXTree.Call	method	missing		auto-generated
lib/proto/accessibility.go::method::AccessibilityQueryAXTree.ProtoReq	method	missing		auto-generated
lib/proto/accessibility.go::struct::AccessibilityAXNode	struct	missing		auto-generated
lib/proto/accessibility.go::struct::AccessibilityAXProperty	struct	missing		auto-generated
lib/proto/accessibility.go::struct::AccessibilityAXRelatedNode	struct	missing		auto-generated
lib/proto/accessibility.go::struct::AccessibilityAXValue	struct	missing		auto-generated
lib/proto/accessibility.go::struct::AccessibilityAXValueSource	struct	missing		auto-generated
lib/proto/accessibility.go::struct::AccessibilityDisable	struct	missing		auto-generated
lib/proto/accessibility.go::struct::AccessibilityEnable	struct	missing		auto-generated
lib/proto/accessibility.go::struct::AccessibilityGetAXNodeAndAncestors	struct	missing		auto-generated
lib/proto/accessibility.go::struct::AccessibilityGetAXNodeAndAncestorsResult	struct	missing		auto-generated
lib/proto/accessibility.go::struct::AccessibilityGetChildAXNodes	struct	missing		auto-generated
lib/proto/accessibility.go::struct::AccessibilityGetChildAXNodesResult	struct	missing		auto-generated
lib/proto/accessibility.go::struct::AccessibilityGetFullAXTree	struct	missing		auto-generated
lib/proto/accessibility.go::struct::AccessibilityGetFullAXTreeResult	struct	missing		auto-generated
lib/proto/accessibility.go::struct::AccessibilityGetPartialAXTree	struct	missing		auto-generated
lib/proto/accessibility.go::struct::AccessibilityGetPartialAXTreeResult	struct	missing		auto-generated
lib/proto/accessibility.go::struct::AccessibilityGetRootAXNode	struct	missing		auto-generated
lib/proto/accessibility.go::struct::AccessibilityGetRootAXNodeResult	struct	missing		auto-generated
lib/proto/accessibility.go::struct::AccessibilityLoadComplete	struct	missing		auto-generated
lib/proto/accessibility.go::struct::AccessibilityNodesUpdated	struct	missing		auto-generated
lib/proto/accessibility.go::struct::AccessibilityQueryAXTree	struct	missing		auto-generated
lib/proto/accessibility.go::struct::AccessibilityQueryAXTreeResult	struct	missing		auto-generated
lib/proto/accessibility.go::type::AccessibilityAXNodeID	type	missing		auto-generated
lib/proto/accessibility.go::type::AccessibilityAXPropertyName	type	missing		auto-generated
lib/proto/accessibility.go::type::AccessibilityAXValueNativeSourceType	type	missing		auto-generated
lib/proto/accessibility.go::type::AccessibilityAXValueSourceType	type	missing		auto-generated
lib/proto/accessibility.go::type::AccessibilityAXValueType	type	missing		auto-generated
lib/proto/animation.go::const::AnimationAnimationTypeCSSAnimation	const	missing		auto-generated
lib/proto/animation.go::const::AnimationAnimationTypeCSSTransition	const	missing		auto-generated
lib/proto/animation.go::const::AnimationAnimationTypeWebAnimation	const	missing		auto-generated
lib/proto/animation.go::method::AnimationAnimationCanceled.ProtoEvent	method	missing		auto-generated
lib/proto/animation.go::method::AnimationAnimationCreated.ProtoEvent	method	missing		auto-generated
lib/proto/animation.go::method::AnimationAnimationStarted.ProtoEvent	method	missing		auto-generated
lib/proto/animation.go::method::AnimationAnimationUpdated.ProtoEvent	method	missing		auto-generated
lib/proto/animation.go::method::AnimationDisable.Call	method	missing		auto-generated
lib/proto/animation.go::method::AnimationDisable.ProtoReq	method	missing		auto-generated
lib/proto/animation.go::method::AnimationEnable.Call	method	missing		auto-generated
lib/proto/animation.go::method::AnimationEnable.ProtoReq	method	missing		auto-generated
lib/proto/animation.go::method::AnimationGetCurrentTime.Call	method	missing		auto-generated
lib/proto/animation.go::method::AnimationGetCurrentTime.ProtoReq	method	missing		auto-generated
lib/proto/animation.go::method::AnimationGetPlaybackRate.Call	method	missing		auto-generated
lib/proto/animation.go::method::AnimationGetPlaybackRate.ProtoReq	method	missing		auto-generated
lib/proto/animation.go::method::AnimationReleaseAnimations.Call	method	missing		auto-generated
lib/proto/animation.go::method::AnimationReleaseAnimations.ProtoReq	method	missing		auto-generated
lib/proto/animation.go::method::AnimationResolveAnimation.Call	method	missing		auto-generated
lib/proto/animation.go::method::AnimationResolveAnimation.ProtoReq	method	missing		auto-generated
lib/proto/animation.go::method::AnimationSeekAnimations.Call	method	missing		auto-generated
lib/proto/animation.go::method::AnimationSeekAnimations.ProtoReq	method	missing		auto-generated
lib/proto/animation.go::method::AnimationSetPaused.Call	method	missing		auto-generated
lib/proto/animation.go::method::AnimationSetPaused.ProtoReq	method	missing		auto-generated
lib/proto/animation.go::method::AnimationSetPlaybackRate.Call	method	missing		auto-generated
lib/proto/animation.go::method::AnimationSetPlaybackRate.ProtoReq	method	missing		auto-generated
lib/proto/animation.go::method::AnimationSetTiming.Call	method	missing		auto-generated
lib/proto/animation.go::method::AnimationSetTiming.ProtoReq	method	missing		auto-generated
lib/proto/animation.go::struct::AnimationAnimation	struct	missing		auto-generated
lib/proto/animation.go::struct::AnimationAnimationCanceled	struct	missing		auto-generated
lib/proto/animation.go::struct::AnimationAnimationCreated	struct	missing		auto-generated
lib/proto/animation.go::struct::AnimationAnimationEffect	struct	missing		auto-generated
lib/proto/animation.go::struct::AnimationAnimationStarted	struct	missing		auto-generated
lib/proto/animation.go::struct::AnimationAnimationUpdated	struct	missing		auto-generated
lib/proto/animation.go::struct::AnimationDisable	struct	missing		auto-generated
lib/proto/animation.go::struct::AnimationEnable	struct	missing		auto-generated
lib/proto/animation.go::struct::AnimationGetCurrentTime	struct	missing		auto-generated
lib/proto/animation.go::struct::AnimationGetCurrentTimeResult	struct	missing		auto-generated
lib/proto/animation.go::struct::AnimationGetPlaybackRate	struct	missing		auto-generated
lib/proto/animation.go::struct::AnimationGetPlaybackRateResult	struct	missing		auto-generated
lib/proto/animation.go::struct::AnimationKeyframeStyle	struct	missing		auto-generated
lib/proto/animation.go::struct::AnimationKeyframesRule	struct	missing		auto-generated
lib/proto/animation.go::struct::AnimationReleaseAnimations	struct	missing		auto-generated
lib/proto/animation.go::struct::AnimationResolveAnimation	struct	missing		auto-generated
lib/proto/animation.go::struct::AnimationResolveAnimationResult	struct	missing		auto-generated
lib/proto/animation.go::struct::AnimationSeekAnimations	struct	missing		auto-generated
lib/proto/animation.go::struct::AnimationSetPaused	struct	missing		auto-generated
lib/proto/animation.go::struct::AnimationSetPlaybackRate	struct	missing		auto-generated
lib/proto/animation.go::struct::AnimationSetTiming	struct	missing		auto-generated
lib/proto/animation.go::struct::AnimationViewOrScrollTimeline	struct	missing		auto-generated
lib/proto/animation.go::type::AnimationAnimationType	type	missing		auto-generated
lib/proto/audits.go::const::AuditsAttributionReportingIssueTypeInsecureContext	const	missing		auto-generated
lib/proto/audits.go::const::AuditsAttributionReportingIssueTypeInvalidHeader	const	missing		auto-generated
lib/proto/audits.go::const::AuditsAttributionReportingIssueTypeInvalidInfoHeader	const	missing		auto-generated
lib/proto/audits.go::const::AuditsAttributionReportingIssueTypeInvalidRegisterOsSourceHeader	const	missing		auto-generated
lib/proto/audits.go::const::AuditsAttributionReportingIssueTypeInvalidRegisterOsTriggerHeader	const	missing		auto-generated
lib/proto/audits.go::const::AuditsAttributionReportingIssueTypeInvalidRegisterTriggerHeader	const	missing		auto-generated
lib/proto/audits.go::const::AuditsAttributionReportingIssueTypeNavigationRegistrationWithoutTransientUserActivation	const	missing		auto-generated
lib/proto/audits.go::const::AuditsAttributionReportingIssueTypeNoRegisterOsSourceHeader	const	missing		auto-generated
lib/proto/audits.go::const::AuditsAttributionReportingIssueTypeNoRegisterOsTriggerHeader	const	missing		auto-generated
lib/proto/audits.go::const::AuditsAttributionReportingIssueTypeNoRegisterSourceHeader	const	missing		auto-generated
lib/proto/audits.go::const::AuditsAttributionReportingIssueTypeNoRegisterTriggerHeader	const	missing		auto-generated
lib/proto/audits.go::const::AuditsAttributionReportingIssueTypeNoWebOrOsSupport	const	missing		auto-generated
lib/proto/audits.go::const::AuditsAttributionReportingIssueTypeOsSourceIgnored	const	missing		auto-generated
lib/proto/audits.go::const::AuditsAttributionReportingIssueTypeOsTriggerIgnored	const	missing		auto-generated
lib/proto/audits.go::const::AuditsAttributionReportingIssueTypePermissionPolicyDisabled	const	missing		auto-generated
lib/proto/audits.go::const::AuditsAttributionReportingIssueTypeSourceAndTriggerHeaders	const	missing		auto-generated
lib/proto/audits.go::const::AuditsAttributionReportingIssueTypeSourceIgnored	const	missing		auto-generated
lib/proto/audits.go::const::AuditsAttributionReportingIssueTypeTriggerIgnored	const	missing		auto-generated
lib/proto/audits.go::const::AuditsAttributionReportingIssueTypeUntrustworthyReportingOrigin	const	missing		auto-generated
lib/proto/audits.go::const::AuditsAttributionReportingIssueTypeWebAndOsHeaders	const	missing		auto-generated
lib/proto/audits.go::const::AuditsBlockedByResponseReasonCoepFrameResourceNeedsCoepHeader	const	missing		auto-generated
lib/proto/audits.go::const::AuditsBlockedByResponseReasonCoopSandboxedIFrameCannotNavigateToCoopPage	const	missing		auto-generated
lib/proto/audits.go::const::AuditsBlockedByResponseReasonCorpNotSameOrigin	const	missing		auto-generated
lib/proto/audits.go::const::AuditsBlockedByResponseReasonCorpNotSameOriginAfterDefaultedToSameOriginByCoep	const	missing		auto-generated
lib/proto/audits.go::const::AuditsBlockedByResponseReasonCorpNotSameOriginAfterDefaultedToSameOriginByCoepAndDip	const	missing		auto-generated
lib/proto/audits.go::const::AuditsBlockedByResponseReasonCorpNotSameOriginAfterDefaultedToSameOriginByDip	const	missing		auto-generated
lib/proto/audits.go::const::AuditsBlockedByResponseReasonCorpNotSameSite	const	missing		auto-generated
lib/proto/audits.go::const::AuditsClientHintIssueReasonMetaTagAllowListInvalidOrigin	const	missing		auto-generated
lib/proto/audits.go::const::AuditsClientHintIssueReasonMetaTagModifiedHTML	const	missing		auto-generated
lib/proto/audits.go::const::AuditsContentSecurityPolicyViolationTypeKEvalViolation	const	missing		auto-generated
lib/proto/audits.go::const::AuditsContentSecurityPolicyViolationTypeKInlineViolation	const	missing		auto-generated
lib/proto/audits.go::const::AuditsContentSecurityPolicyViolationTypeKTrustedTypesPolicyViolation	const	missing		auto-generated
lib/proto/audits.go::const::AuditsContentSecurityPolicyViolationTypeKTrustedTypesSinkViolation	const	missing		auto-generated
lib/proto/audits.go::const::AuditsContentSecurityPolicyViolationTypeKURLViolation	const	missing		auto-generated
lib/proto/audits.go::const::AuditsContentSecurityPolicyViolationTypeKWasmEvalViolation	const	missing		auto-generated
lib/proto/audits.go::const::AuditsCookieExclusionReasonExcludeDomainNonASCII	const	missing		auto-generated
lib/proto/audits.go::const::AuditsCookieExclusionReasonExcludeInvalidSameParty	const	missing		auto-generated
lib/proto/audits.go::const::AuditsCookieExclusionReasonExcludeSamePartyCrossPartyContext	const	missing		auto-generated
lib/proto/audits.go::const::AuditsCookieExclusionReasonExcludeSameSiteLax	const	missing		auto-generated
lib/proto/audits.go::const::AuditsCookieExclusionReasonExcludeSameSiteNoneInsecure	const	missing		auto-generated
lib/proto/audits.go::const::AuditsCookieExclusionReasonExcludeSameSiteStrict	const	missing		auto-generated
lib/proto/audits.go::const::AuditsCookieExclusionReasonExcludeSameSiteUnspecifiedTreatedAsLax	const	missing		auto-generated
lib/proto/audits.go::const::AuditsCookieExclusionReasonExcludeThirdPartyCookieBlockedInFirstPartySet	const	missing		auto-generated
lib/proto/audits.go::const::AuditsCookieExclusionReasonExcludeThirdPartyPhaseout	const	missing		auto-generated
lib/proto/audits.go::const::AuditsCookieOperationReadCookie	const	missing		auto-generated
lib/proto/audits.go::const::AuditsCookieOperationSetCookie	const	missing		auto-generated
lib/proto/audits.go::const::AuditsCookieWarningReasonWarnAttributeValueExceedsMaxSize	const	missing		auto-generated
lib/proto/audits.go::const::AuditsCookieWarningReasonWarnCrossSiteRedirectDowngradeChangesInclusion	const	missing		auto-generated
lib/proto/audits.go::const::AuditsCookieWarningReasonWarnDomainNonASCII	const	missing		auto-generated
lib/proto/audits.go::const::AuditsCookieWarningReasonWarnSameSiteLaxCrossDowngradeLax	const	missing		auto-generated
lib/proto/audits.go::const::AuditsCookieWarningReasonWarnSameSiteLaxCrossDowngradeStrict	const	missing		auto-generated
lib/proto/audits.go::const::AuditsCookieWarningReasonWarnSameSiteNoneInsecure	const	missing		auto-generated
lib/proto/audits.go::const::AuditsCookieWarningReasonWarnSameSiteStrictCrossDowngradeLax	const	missing		auto-generated
lib/proto/audits.go::const::AuditsCookieWarningReasonWarnSameSiteStrictCrossDowngradeStrict	const	missing		auto-generated
lib/proto/audits.go::const::AuditsCookieWarningReasonWarnSameSiteStrictLaxDowngradeStrict	const	missing		auto-generated
lib/proto/audits.go::const::AuditsCookieWarningReasonWarnSameSiteUnspecifiedCrossSiteContext	const	missing		auto-generated
lib/proto/audits.go::const::AuditsCookieWarningReasonWarnSameSiteUnspecifiedLaxAllowUnsafe	const	missing		auto-generated
lib/proto/audits.go::const::AuditsCookieWarningReasonWarnThirdPartyPhaseout	const	missing		auto-generated
lib/proto/audits.go::const::AuditsFederatedAuthRequestIssueReasonAccountsHTTPNotFound	const	missing		auto-generated
lib/proto/audits.go::const::AuditsFederatedAuthRequestIssueReasonAccountsInvalidContentType	const	missing		auto-generated
lib/proto/audits.go::const::AuditsFederatedAuthRequestIssueReasonAccountsInvalidResponse	const	missing		auto-generated
lib/proto/audits.go::const::AuditsFederatedAuthRequestIssueReasonAccountsListEmpty	const	missing		auto-generated
lib/proto/audits.go::const::AuditsFederatedAuthRequestIssueReasonAccountsNoResponse	const	missing		auto-generated
lib/proto/audits.go::const::AuditsFederatedAuthRequestIssueReasonCanceled	const	missing		auto-generated
lib/proto/audits.go::const::AuditsFederatedAuthRequestIssueReasonClientMetadataHTTPNotFound	const	missing		auto-generated
lib/proto/audits.go::const::AuditsFederatedAuthRequestIssueReasonClientMetadataInvalidContentType	const	missing		auto-generated
lib/proto/audits.go::const::AuditsFederatedAuthRequestIssueReasonClientMetadataInvalidResponse	const	missing		auto-generated
lib/proto/audits.go::const::AuditsFederatedAuthRequestIssueReasonClientMetadataNoResponse	const	missing		auto-generated
lib/proto/audits.go::const::AuditsFederatedAuthRequestIssueReasonConfigHTTPNotFound	const	missing		auto-generated
lib/proto/audits.go::const::AuditsFederatedAuthRequestIssueReasonConfigInvalidContentType	const	missing		auto-generated
lib/proto/audits.go::const::AuditsFederatedAuthRequestIssueReasonConfigInvalidResponse	const	missing		auto-generated
lib/proto/audits.go::const::AuditsFederatedAuthRequestIssueReasonConfigNoResponse	const	missing		auto-generated
lib/proto/audits.go::const::AuditsFederatedAuthRequestIssueReasonConfigNotInWellKnown	const	missing		auto-generated
lib/proto/audits.go::const::AuditsFederatedAuthRequestIssueReasonDisabledInFlags	const	missing		auto-generated
lib/proto/audits.go::const::AuditsFederatedAuthRequestIssueReasonDisabledInSettings	const	missing		auto-generated
lib/proto/audits.go::const::AuditsFederatedAuthRequestIssueReasonErrorFetchingSignin	const	missing		auto-generated
lib/proto/audits.go::const::AuditsFederatedAuthRequestIssueReasonErrorIDToken	const	missing		auto-generated
lib/proto/audits.go::const::AuditsFederatedAuthRequestIssueReasonIDTokenCrossSiteIdpErrorResponse	const	missing		auto-generated
lib/proto/audits.go::const::AuditsFederatedAuthRequestIssueReasonIDTokenHTTPNotFound	const	missing		auto-generated
lib/proto/audits.go::const::AuditsFederatedAuthRequestIssueReasonIDTokenIdpErrorResponse	const	missing		auto-generated
lib/proto/audits.go::const::AuditsFederatedAuthRequestIssueReasonIDTokenInvalidContentType	const	missing		auto-generated
lib/proto/audits.go::const::AuditsFederatedAuthRequestIssueReasonIDTokenInvalidRequest	const	missing		auto-generated
lib/proto/audits.go::const::AuditsFederatedAuthRequestIssueReasonIDTokenInvalidResponse	const	missing		auto-generated
lib/proto/audits.go::const::AuditsFederatedAuthRequestIssueReasonIDTokenNoResponse	const	missing		auto-generated
lib/proto/audits.go::const::AuditsFederatedAuthRequestIssueReasonIdpNotPotentiallyTrustworthy	const	missing		auto-generated
lib/proto/audits.go::const::AuditsFederatedAuthRequestIssueReasonInvalidFieldsSpecified	const	missing		auto-generated
lib/proto/audits.go::const::AuditsFederatedAuthRequestIssueReasonInvalidSigninResponse	const	missing		auto-generated
lib/proto/audits.go::const::AuditsFederatedAuthRequestIssueReasonMissingTransientUserActivation	const	missing		auto-generated
lib/proto/audits.go::const::AuditsFederatedAuthRequestIssueReasonNotSignedInWithIdp	const	missing		auto-generated
lib/proto/audits.go::const::AuditsFederatedAuthRequestIssueReasonRelyingPartyOriginIsOpaque	const	missing		auto-generated
lib/proto/audits.go::const::AuditsFederatedAuthRequestIssueReasonReplacedByButtonMode	const	missing		auto-generated
lib/proto/audits.go::const::AuditsFederatedAuthRequestIssueReasonRpPageNotVisible	const	missing		auto-generated
lib/proto/audits.go::const::AuditsFederatedAuthRequestIssueReasonShouldEmbargo	const	missing		auto-generated
lib/proto/audits.go::const::AuditsFederatedAuthRequestIssueReasonSilentMediationFailure	const	missing		auto-generated
lib/proto/audits.go::const::AuditsFederatedAuthRequestIssueReasonThirdPartyCookiesBlocked	const	missing		auto-generated
lib/proto/audits.go::const::AuditsFederatedAuthRequestIssueReasonTooManyRequests	const	missing		auto-generated
lib/proto/audits.go::const::AuditsFederatedAuthRequestIssueReasonTypeNotMatching	const	missing		auto-generated
lib/proto/audits.go::const::AuditsFederatedAuthRequestIssueReasonWellKnownHTTPNotFound	const	missing		auto-generated
lib/proto/audits.go::const::AuditsFederatedAuthRequestIssueReasonWellKnownInvalidContentType	const	missing		auto-generated
lib/proto/audits.go::const::AuditsFederatedAuthRequestIssueReasonWellKnownInvalidResponse	const	missing		auto-generated
lib/proto/audits.go::const::AuditsFederatedAuthRequestIssueReasonWellKnownListEmpty	const	missing		auto-generated
lib/proto/audits.go::const::AuditsFederatedAuthRequestIssueReasonWellKnownNoResponse	const	missing		auto-generated
lib/proto/audits.go::const::AuditsFederatedAuthRequestIssueReasonWellKnownTooBig	const	missing		auto-generated
lib/proto/audits.go::const::AuditsFederatedAuthUserInfoRequestIssueReasonInvalidAccountsResponse	const	missing		auto-generated
lib/proto/audits.go::const::AuditsFederatedAuthUserInfoRequestIssueReasonInvalidConfigOrWellKnown	const	missing		auto-generated
lib/proto/audits.go::const::AuditsFederatedAuthUserInfoRequestIssueReasonNoAPIPermission	const	missing		auto-generated
lib/proto/audits.go::const::AuditsFederatedAuthUserInfoRequestIssueReasonNoAccountSharingPermission	const	missing		auto-generated
lib/proto/audits.go::const::AuditsFederatedAuthUserInfoRequestIssueReasonNoReturningUserFromFetchedAccounts	const	missing		auto-generated
lib/proto/audits.go::const::AuditsFederatedAuthUserInfoRequestIssueReasonNotIframe	const	missing		auto-generated
lib/proto/audits.go::const::AuditsFederatedAuthUserInfoRequestIssueReasonNotPotentiallyTrustworthy	const	missing		auto-generated
lib/proto/audits.go::const::AuditsFederatedAuthUserInfoRequestIssueReasonNotSameOrigin	const	missing		auto-generated
lib/proto/audits.go::const::AuditsFederatedAuthUserInfoRequestIssueReasonNotSignedInWithIdp	const	missing		auto-generated
lib/proto/audits.go::const::AuditsGenericIssueErrorTypeCrossOriginPortalPostMessageError	const	missing		auto-generated
lib/proto/audits.go::const::AuditsGenericIssueErrorTypeFormAriaLabelledByToNonExistingID	const	missing		auto-generated
lib/proto/audits.go::const::AuditsGenericIssueErrorTypeFormAutocompleteAttributeEmptyError	const	missing		auto-generated
lib/proto/audits.go::const::AuditsGenericIssueErrorTypeFormDuplicateIDForInputError	const	missing		auto-generated
lib/proto/audits.go::const::AuditsGenericIssueErrorTypeFormEmptyIDAndNameAttributesForInputError	const	missing		auto-generated
lib/proto/audits.go::const::AuditsGenericIssueErrorTypeFormInputAssignedAutocompleteValueToIDOrNameAttributeError	const	missing		auto-generated
lib/proto/audits.go::const::AuditsGenericIssueErrorTypeFormInputHasWrongButWellIntendedAutocompleteValueError	const	missing		auto-generated
lib/proto/audits.go::const::AuditsGenericIssueErrorTypeFormInputWithNoLabelError	const	missing		auto-generated
lib/proto/audits.go::const::AuditsGenericIssueErrorTypeFormLabelForMatchesNonExistingIDError	const	missing		auto-generated
lib/proto/audits.go::const::AuditsGenericIssueErrorTypeFormLabelForNameError	const	missing		auto-generated
lib/proto/audits.go::const::AuditsGenericIssueErrorTypeFormLabelHasNeitherForNorNestedInput	const	missing		auto-generated
lib/proto/audits.go::const::AuditsGenericIssueErrorTypeResponseWasBlockedByORB	const	missing		auto-generated
lib/proto/audits.go::const::AuditsGetEncodedResponseEncodingJpeg	const	missing		auto-generated
lib/proto/audits.go::const::AuditsGetEncodedResponseEncodingPng	const	missing		auto-generated
lib/proto/audits.go::const::AuditsGetEncodedResponseEncodingWebp	const	missing		auto-generated
lib/proto/audits.go::const::AuditsHeavyAdReasonCPUPeakLimit	const	missing		auto-generated
lib/proto/audits.go::const::AuditsHeavyAdReasonCPUTotalLimit	const	missing		auto-generated
lib/proto/audits.go::const::AuditsHeavyAdReasonNetworkTotalLimit	const	missing		auto-generated
lib/proto/audits.go::const::AuditsHeavyAdResolutionStatusHeavyAdBlocked	const	missing		auto-generated
lib/proto/audits.go::const::AuditsHeavyAdResolutionStatusHeavyAdWarning	const	missing		auto-generated
lib/proto/audits.go::const::AuditsInspectorIssueCodeAttributionReportingIssue	const	missing		auto-generated
lib/proto/audits.go::const::AuditsInspectorIssueCodeBlockedByResponseIssue	const	missing		auto-generated
lib/proto/audits.go::const::AuditsInspectorIssueCodeBounceTrackingIssue	const	missing		auto-generated
lib/proto/audits.go::const::AuditsInspectorIssueCodeClientHintIssue	const	missing		auto-generated
lib/proto/audits.go::const::AuditsInspectorIssueCodeContentSecurityPolicyIssue	const	missing		auto-generated
lib/proto/audits.go::const::AuditsInspectorIssueCodeCookieDeprecationMetadataIssue	const	missing		auto-generated
lib/proto/audits.go::const::AuditsInspectorIssueCodeCookieIssue	const	missing		auto-generated
lib/proto/audits.go::const::AuditsInspectorIssueCodeCorsIssue	const	missing		auto-generated
lib/proto/audits.go::const::AuditsInspectorIssueCodeDeprecationIssue	const	missing		auto-generated
lib/proto/audits.go::const::AuditsInspectorIssueCodeFederatedAuthRequestIssue	const	missing		auto-generated
lib/proto/audits.go::const::AuditsInspectorIssueCodeFederatedAuthUserInfoRequestIssue	const	missing		auto-generated
lib/proto/audits.go::const::AuditsInspectorIssueCodeGenericIssue	const	missing		auto-generated
lib/proto/audits.go::const::AuditsInspectorIssueCodeHeavyAdIssue	const	missing		auto-generated
lib/proto/audits.go::const::AuditsInspectorIssueCodeLowTextContrastIssue	const	missing		auto-generated
lib/proto/audits.go::const::AuditsInspectorIssueCodeMixedContentIssue	const	missing		auto-generated
lib/proto/audits.go::const::AuditsInspectorIssueCodeNavigatorUserAgentIssue	const	missing		auto-generated
lib/proto/audits.go::const::AuditsInspectorIssueCodePropertyRuleIssue	const	missing		auto-generated
lib/proto/audits.go::const::AuditsInspectorIssueCodeQuirksModeIssue	const	missing		auto-generated
lib/proto/audits.go::const::AuditsInspectorIssueCodeSharedArrayBufferIssue	const	missing		auto-generated
lib/proto/audits.go::const::AuditsInspectorIssueCodeSharedDictionaryIssue	const	missing		auto-generated
lib/proto/audits.go::const::AuditsInspectorIssueCodeStylesheetLoadingIssue	const	missing		auto-generated
lib/proto/audits.go::const::AuditsMixedContentResolutionStatusMixedContentAutomaticallyUpgraded	const	missing		auto-generated
lib/proto/audits.go::const::AuditsMixedContentResolutionStatusMixedContentBlocked	const	missing		auto-generated
lib/proto/audits.go::const::AuditsMixedContentResolutionStatusMixedContentWarning	const	missing		auto-generated
lib/proto/audits.go::const::AuditsMixedContentResourceTypeAttributionSrc	const	missing		auto-generated
lib/proto/audits.go::const::AuditsMixedContentResourceTypeAudio	const	missing		auto-generated
lib/proto/audits.go::const::AuditsMixedContentResourceTypeBeacon	const	missing		auto-generated
lib/proto/audits.go::const::AuditsMixedContentResourceTypeCSPReport	const	missing		auto-generated
lib/proto/audits.go::const::AuditsMixedContentResourceTypeDownload	const	missing		auto-generated
lib/proto/audits.go::const::AuditsMixedContentResourceTypeEventSource	const	missing		auto-generated
lib/proto/audits.go::const::AuditsMixedContentResourceTypeFavicon	const	missing		auto-generated
lib/proto/audits.go::const::AuditsMixedContentResourceTypeFont	const	missing		auto-generated
lib/proto/audits.go::const::AuditsMixedContentResourceTypeForm	const	missing		auto-generated
lib/proto/audits.go::const::AuditsMixedContentResourceTypeFrame	const	missing		auto-generated
lib/proto/audits.go::const::AuditsMixedContentResourceTypeImage	const	missing		auto-generated
lib/proto/audits.go::const::AuditsMixedContentResourceTypeImport	const	missing		auto-generated
lib/proto/audits.go::const::AuditsMixedContentResourceTypeJSON	const	missing		auto-generated
lib/proto/audits.go::const::AuditsMixedContentResourceTypeManifest	const	missing		auto-generated
lib/proto/audits.go::const::AuditsMixedContentResourceTypePing	const	missing		auto-generated
lib/proto/audits.go::const::AuditsMixedContentResourceTypePluginData	const	missing		auto-generated
lib/proto/audits.go::const::AuditsMixedContentResourceTypePluginResource	const	missing		auto-generated
lib/proto/audits.go::const::AuditsMixedContentResourceTypePrefetch	const	missing		auto-generated
lib/proto/audits.go::const::AuditsMixedContentResourceTypeResource	const	missing		auto-generated
lib/proto/audits.go::const::AuditsMixedContentResourceTypeScript	const	missing		auto-generated
lib/proto/audits.go::const::AuditsMixedContentResourceTypeServiceWorker	const	missing		auto-generated
lib/proto/audits.go::const::AuditsMixedContentResourceTypeSharedWorker	const	missing		auto-generated
lib/proto/audits.go::const::AuditsMixedContentResourceTypeSpeculationRules	const	missing		auto-generated
lib/proto/audits.go::const::AuditsMixedContentResourceTypeStylesheet	const	missing		auto-generated
lib/proto/audits.go::const::AuditsMixedContentResourceTypeTrack	const	missing		auto-generated
lib/proto/audits.go::const::AuditsMixedContentResourceTypeVideo	const	missing		auto-generated
lib/proto/audits.go::const::AuditsMixedContentResourceTypeWorker	const	missing		auto-generated
lib/proto/audits.go::const::AuditsMixedContentResourceTypeXMLHTTPRequest	const	missing		auto-generated
lib/proto/audits.go::const::AuditsMixedContentResourceTypeXSLT	const	missing		auto-generated
lib/proto/audits.go::const::AuditsPropertyRuleIssueReasonInvalidInherits	const	missing		auto-generated
lib/proto/audits.go::const::AuditsPropertyRuleIssueReasonInvalidInitialValue	const	missing		auto-generated
lib/proto/audits.go::const::AuditsPropertyRuleIssueReasonInvalidName	const	missing		auto-generated
lib/proto/audits.go::const::AuditsPropertyRuleIssueReasonInvalidSyntax	const	missing		auto-generated
lib/proto/audits.go::const::AuditsSharedArrayBufferIssueTypeCreationIssue	const	missing		auto-generated
lib/proto/audits.go::const::AuditsSharedArrayBufferIssueTypeTransferIssue	const	missing		auto-generated
lib/proto/audits.go::const::AuditsSharedDictionaryErrorUseErrorCrossOriginNoCorsRequest	const	missing		auto-generated
lib/proto/audits.go::const::AuditsSharedDictionaryErrorUseErrorDictionaryLoadFailure	const	missing		auto-generated
lib/proto/audits.go::const::AuditsSharedDictionaryErrorUseErrorMatchingDictionaryNotUsed	const	missing		auto-generated
lib/proto/audits.go::const::AuditsSharedDictionaryErrorUseErrorUnexpectedContentDictionaryHeader	const	missing		auto-generated
lib/proto/audits.go::const::AuditsSharedDictionaryErrorWriteErrorCossOriginNoCorsRequest	const	missing		auto-generated
lib/proto/audits.go::const::AuditsSharedDictionaryErrorWriteErrorDisallowedBySettings	const	missing		auto-generated
lib/proto/audits.go::const::AuditsSharedDictionaryErrorWriteErrorExpiredResponse	const	missing		auto-generated
lib/proto/audits.go::const::AuditsSharedDictionaryErrorWriteErrorFeatureDisabled	const	missing		auto-generated
lib/proto/audits.go::const::AuditsSharedDictionaryErrorWriteErrorInsufficientResources	const	missing		auto-generated
lib/proto/audits.go::const::AuditsSharedDictionaryErrorWriteErrorInvalidMatchField	const	missing		auto-generated
lib/proto/audits.go::const::AuditsSharedDictionaryErrorWriteErrorInvalidStructuredHeader	const	missing		auto-generated
lib/proto/audits.go::const::AuditsSharedDictionaryErrorWriteErrorNavigationRequest	const	missing		auto-generated
lib/proto/audits.go::const::AuditsSharedDictionaryErrorWriteErrorNoMatchField	const	missing		auto-generated
lib/proto/audits.go::const::AuditsSharedDictionaryErrorWriteErrorNonListMatchDestField	const	missing		auto-generated
lib/proto/audits.go::const::AuditsSharedDictionaryErrorWriteErrorNonSecureContext	const	missing		auto-generated
lib/proto/audits.go::const::AuditsSharedDictionaryErrorWriteErrorNonStringIDField	const	missing		auto-generated
lib/proto/audits.go::const::AuditsSharedDictionaryErrorWriteErrorNonStringInMatchDestList	const	missing		auto-generated
lib/proto/audits.go::const::AuditsSharedDictionaryErrorWriteErrorNonStringMatchField	const	missing		auto-generated
lib/proto/audits.go::const::AuditsSharedDictionaryErrorWriteErrorNonTokenTypeField	const	missing		auto-generated
lib/proto/audits.go::const::AuditsSharedDictionaryErrorWriteErrorRequestAborted	const	missing		auto-generated
lib/proto/audits.go::const::AuditsSharedDictionaryErrorWriteErrorShuttingDown	const	missing		auto-generated
lib/proto/audits.go::const::AuditsSharedDictionaryErrorWriteErrorTooLongIDField	const	missing		auto-generated
lib/proto/audits.go::const::AuditsSharedDictionaryErrorWriteErrorUnsupportedType	const	missing		auto-generated
lib/proto/audits.go::const::AuditsStyleSheetLoadingIssueReasonLateImportRule	const	missing		auto-generated
lib/proto/audits.go::const::AuditsStyleSheetLoadingIssueReasonRequestFailed	const	missing		auto-generated
lib/proto/audits.go::method::AuditsCheckContrast.Call	method	missing		auto-generated
lib/proto/audits.go::method::AuditsCheckContrast.ProtoReq	method	missing		auto-generated
lib/proto/audits.go::method::AuditsCheckFormsIssues.Call	method	missing		auto-generated
lib/proto/audits.go::method::AuditsCheckFormsIssues.ProtoReq	method	missing		auto-generated
lib/proto/audits.go::method::AuditsDisable.Call	method	missing		auto-generated
lib/proto/audits.go::method::AuditsDisable.ProtoReq	method	missing		auto-generated
lib/proto/audits.go::method::AuditsEnable.Call	method	missing		auto-generated
lib/proto/audits.go::method::AuditsEnable.ProtoReq	method	missing		auto-generated
lib/proto/audits.go::method::AuditsGetEncodedResponse.Call	method	missing		auto-generated
lib/proto/audits.go::method::AuditsGetEncodedResponse.ProtoReq	method	missing		auto-generated
lib/proto/audits.go::method::AuditsIssueAdded.ProtoEvent	method	missing		auto-generated
lib/proto/audits.go::struct::AuditsAffectedCookie	struct	missing		auto-generated
lib/proto/audits.go::struct::AuditsAffectedFrame	struct	missing		auto-generated
lib/proto/audits.go::struct::AuditsAffectedRequest	struct	missing		auto-generated
lib/proto/audits.go::struct::AuditsAttributionReportingIssueDetails	struct	missing		auto-generated
lib/proto/audits.go::struct::AuditsBlockedByResponseIssueDetails	struct	missing		auto-generated
lib/proto/audits.go::struct::AuditsBounceTrackingIssueDetails	struct	missing		auto-generated
lib/proto/audits.go::struct::AuditsCheckContrast	struct	missing		auto-generated
lib/proto/audits.go::struct::AuditsCheckFormsIssues	struct	missing		auto-generated
lib/proto/audits.go::struct::AuditsCheckFormsIssuesResult	struct	missing		auto-generated
lib/proto/audits.go::struct::AuditsClientHintIssueDetails	struct	missing		auto-generated
lib/proto/audits.go::struct::AuditsContentSecurityPolicyIssueDetails	struct	missing		auto-generated
lib/proto/audits.go::struct::AuditsCookieDeprecationMetadataIssueDetails	struct	missing		auto-generated
lib/proto/audits.go::struct::AuditsCookieIssueDetails	struct	missing		auto-generated
lib/proto/audits.go::struct::AuditsCorsIssueDetails	struct	missing		auto-generated
lib/proto/audits.go::struct::AuditsDeprecationIssueDetails	struct	missing		auto-generated
lib/proto/audits.go::struct::AuditsDisable	struct	missing		auto-generated
lib/proto/audits.go::struct::AuditsEnable	struct	missing		auto-generated
lib/proto/audits.go::struct::AuditsFailedRequestInfo	struct	missing		auto-generated
lib/proto/audits.go::struct::AuditsFederatedAuthRequestIssueDetails	struct	missing		auto-generated
lib/proto/audits.go::struct::AuditsFederatedAuthUserInfoRequestIssueDetails	struct	missing		auto-generated
lib/proto/audits.go::struct::AuditsGenericIssueDetails	struct	missing		auto-generated
lib/proto/audits.go::struct::AuditsGetEncodedResponse	struct	missing		auto-generated
lib/proto/audits.go::struct::AuditsGetEncodedResponseResult	struct	missing		auto-generated
lib/proto/audits.go::struct::AuditsHeavyAdIssueDetails	struct	missing		auto-generated
lib/proto/audits.go::struct::AuditsInspectorIssue	struct	missing		auto-generated
lib/proto/audits.go::struct::AuditsInspectorIssueDetails	struct	missing		auto-generated
lib/proto/audits.go::struct::AuditsIssueAdded	struct	missing		auto-generated
lib/proto/audits.go::struct::AuditsLowTextContrastIssueDetails	struct	missing		auto-generated
lib/proto/audits.go::struct::AuditsMixedContentIssueDetails	struct	missing		auto-generated
lib/proto/audits.go::struct::AuditsNavigatorUserAgentIssueDetails	struct	missing		auto-generated
lib/proto/audits.go::struct::AuditsPropertyRuleIssueDetails	struct	missing		auto-generated
lib/proto/audits.go::struct::AuditsQuirksModeIssueDetails	struct	missing		auto-generated
lib/proto/audits.go::struct::AuditsSharedArrayBufferIssueDetails	struct	missing		auto-generated
lib/proto/audits.go::struct::AuditsSharedDictionaryIssueDetails	struct	missing		auto-generated
lib/proto/audits.go::struct::AuditsSourceCodeLocation	struct	missing		auto-generated
lib/proto/audits.go::struct::AuditsStylesheetLoadingIssueDetails	struct	missing		auto-generated
lib/proto/audits.go::type::AuditsAttributionReportingIssueType	type	missing		auto-generated
lib/proto/audits.go::type::AuditsBlockedByResponseReason	type	missing		auto-generated
lib/proto/audits.go::type::AuditsClientHintIssueReason	type	missing		auto-generated
lib/proto/audits.go::type::AuditsContentSecurityPolicyViolationType	type	missing		auto-generated
lib/proto/audits.go::type::AuditsCookieExclusionReason	type	missing		auto-generated
lib/proto/audits.go::type::AuditsCookieOperation	type	missing		auto-generated
lib/proto/audits.go::type::AuditsCookieWarningReason	type	missing		auto-generated
lib/proto/audits.go::type::AuditsFederatedAuthRequestIssueReason	type	missing		auto-generated
lib/proto/audits.go::type::AuditsFederatedAuthUserInfoRequestIssueReason	type	missing		auto-generated
lib/proto/audits.go::type::AuditsGenericIssueErrorType	type	missing		auto-generated
lib/proto/audits.go::type::AuditsGetEncodedResponseEncoding	type	missing		auto-generated
lib/proto/audits.go::type::AuditsHeavyAdReason	type	missing		auto-generated
lib/proto/audits.go::type::AuditsHeavyAdResolutionStatus	type	missing		auto-generated
lib/proto/audits.go::type::AuditsInspectorIssueCode	type	missing		auto-generated
lib/proto/audits.go::type::AuditsIssueID	type	missing		auto-generated
lib/proto/audits.go::type::AuditsMixedContentResolutionStatus	type	missing		auto-generated
lib/proto/audits.go::type::AuditsMixedContentResourceType	type	missing		auto-generated
lib/proto/audits.go::type::AuditsPropertyRuleIssueReason	type	missing		auto-generated
lib/proto/audits.go::type::AuditsSharedArrayBufferIssueType	type	missing		auto-generated
lib/proto/audits.go::type::AuditsSharedDictionaryError	type	missing		auto-generated
lib/proto/audits.go::type::AuditsStyleSheetLoadingIssueReason	type	missing		auto-generated
lib/proto/autofill.go::const::AutofillFillingStrategyAutocompleteAttribute	const	missing		auto-generated
lib/proto/autofill.go::const::AutofillFillingStrategyAutofillInferred	const	missing		auto-generated
lib/proto/autofill.go::method::AutofillAddressFormFilled.ProtoEvent	method	missing		auto-generated
lib/proto/autofill.go::method::AutofillDisable.Call	method	missing		auto-generated
lib/proto/autofill.go::method::AutofillDisable.ProtoReq	method	missing		auto-generated
lib/proto/autofill.go::method::AutofillEnable.Call	method	missing		auto-generated
lib/proto/autofill.go::method::AutofillEnable.ProtoReq	method	missing		auto-generated
lib/proto/autofill.go::method::AutofillSetAddresses.Call	method	missing		auto-generated
lib/proto/autofill.go::method::AutofillSetAddresses.ProtoReq	method	missing		auto-generated
lib/proto/autofill.go::method::AutofillTrigger.Call	method	missing		auto-generated
lib/proto/autofill.go::method::AutofillTrigger.ProtoReq	method	missing		auto-generated
lib/proto/autofill.go::struct::AutofillAddress	struct	missing		auto-generated
lib/proto/autofill.go::struct::AutofillAddressField	struct	missing		auto-generated
lib/proto/autofill.go::struct::AutofillAddressFields	struct	missing		auto-generated
lib/proto/autofill.go::struct::AutofillAddressFormFilled	struct	missing		auto-generated
lib/proto/autofill.go::struct::AutofillAddressUI	struct	missing		auto-generated
lib/proto/autofill.go::struct::AutofillCreditCard	struct	missing		auto-generated
lib/proto/autofill.go::struct::AutofillDisable	struct	missing		auto-generated
lib/proto/autofill.go::struct::AutofillEnable	struct	missing		auto-generated
lib/proto/autofill.go::struct::AutofillFilledField	struct	missing		auto-generated
lib/proto/autofill.go::struct::AutofillSetAddresses	struct	missing		auto-generated
lib/proto/autofill.go::struct::AutofillTrigger	struct	missing		auto-generated
lib/proto/autofill.go::type::AutofillFillingStrategy	type	missing		auto-generated
lib/proto/background_service.go::const::BackgroundServiceServiceNameBackgroundFetch	const	missing		auto-generated
lib/proto/background_service.go::const::BackgroundServiceServiceNameBackgroundSync	const	missing		auto-generated
lib/proto/background_service.go::const::BackgroundServiceServiceNameNotifications	const	missing		auto-generated
lib/proto/background_service.go::const::BackgroundServiceServiceNamePaymentHandler	const	missing		auto-generated
lib/proto/background_service.go::const::BackgroundServiceServiceNamePeriodicBackgroundSync	const	missing		auto-generated
lib/proto/background_service.go::const::BackgroundServiceServiceNamePushMessaging	const	missing		auto-generated
lib/proto/background_service.go::method::BackgroundServiceBackgroundServiceEventReceived.ProtoEvent	method	missing		auto-generated
lib/proto/background_service.go::method::BackgroundServiceClearEvents.Call	method	missing		auto-generated
lib/proto/background_service.go::method::BackgroundServiceClearEvents.ProtoReq	method	missing		auto-generated
lib/proto/background_service.go::method::BackgroundServiceRecordingStateChanged.ProtoEvent	method	missing		auto-generated
lib/proto/background_service.go::method::BackgroundServiceSetRecording.Call	method	missing		auto-generated
lib/proto/background_service.go::method::BackgroundServiceSetRecording.ProtoReq	method	missing		auto-generated
lib/proto/background_service.go::method::BackgroundServiceStartObserving.Call	method	missing		auto-generated
lib/proto/background_service.go::method::BackgroundServiceStartObserving.ProtoReq	method	missing		auto-generated
lib/proto/background_service.go::method::BackgroundServiceStopObserving.Call	method	missing		auto-generated
lib/proto/background_service.go::method::BackgroundServiceStopObserving.ProtoReq	method	missing		auto-generated
lib/proto/background_service.go::struct::BackgroundServiceBackgroundServiceEvent	struct	missing		auto-generated
lib/proto/background_service.go::struct::BackgroundServiceBackgroundServiceEventReceived	struct	missing		auto-generated
lib/proto/background_service.go::struct::BackgroundServiceClearEvents	struct	missing		auto-generated
lib/proto/background_service.go::struct::BackgroundServiceEventMetadata	struct	missing		auto-generated
lib/proto/background_service.go::struct::BackgroundServiceRecordingStateChanged	struct	missing		auto-generated
lib/proto/background_service.go::struct::BackgroundServiceSetRecording	struct	missing		auto-generated
lib/proto/background_service.go::struct::BackgroundServiceStartObserving	struct	missing		auto-generated
lib/proto/background_service.go::struct::BackgroundServiceStopObserving	struct	missing		auto-generated
lib/proto/background_service.go::type::BackgroundServiceServiceName	type	missing		auto-generated
lib/proto/browser.go::const::BrowserBrowserCommandIDCloseTabSearch	const	missing		auto-generated
lib/proto/browser.go::const::BrowserBrowserCommandIDOpenTabSearch	const	missing		auto-generated
lib/proto/browser.go::const::BrowserDownloadProgressStateCanceled	const	missing		auto-generated
lib/proto/browser.go::const::BrowserDownloadProgressStateCompleted	const	missing		auto-generated
lib/proto/browser.go::const::BrowserDownloadProgressStateInProgress	const	missing		auto-generated
lib/proto/browser.go::const::BrowserPermissionSettingDenied	const	missing		auto-generated
lib/proto/browser.go::const::BrowserPermissionSettingGranted	const	missing		auto-generated
lib/proto/browser.go::const::BrowserPermissionSettingPrompt	const	missing		auto-generated
lib/proto/browser.go::const::BrowserPermissionTypeAccessibilityEvents	const	missing		auto-generated
lib/proto/browser.go::const::BrowserPermissionTypeAudioCapture	const	missing		auto-generated
lib/proto/browser.go::const::BrowserPermissionTypeBackgroundFetch	const	missing		auto-generated
lib/proto/browser.go::const::BrowserPermissionTypeBackgroundSync	const	missing		auto-generated
lib/proto/browser.go::const::BrowserPermissionTypeCapturedSurfaceControl	const	missing		auto-generated
lib/proto/browser.go::const::BrowserPermissionTypeClipboardReadWrite	const	missing		auto-generated
lib/proto/browser.go::const::BrowserPermissionTypeClipboardSanitizedWrite	const	missing		auto-generated
lib/proto/browser.go::const::BrowserPermissionTypeDisplayCapture	const	missing		auto-generated
lib/proto/browser.go::const::BrowserPermissionTypeDurableStorage	const	missing		auto-generated
lib/proto/browser.go::const::BrowserPermissionTypeFlash	const	missing		auto-generated
lib/proto/browser.go::const::BrowserPermissionTypeGeolocation	const	missing		auto-generated
lib/proto/browser.go::const::BrowserPermissionTypeIdleDetection	const	missing		auto-generated
lib/proto/browser.go::const::BrowserPermissionTypeLocalFonts	const	missing		auto-generated
lib/proto/browser.go::const::BrowserPermissionTypeMidi	const	missing		auto-generated
lib/proto/browser.go::const::BrowserPermissionTypeMidiSysex	const	missing		auto-generated
lib/proto/browser.go::const::BrowserPermissionTypeNfc	const	missing		auto-generated
lib/proto/browser.go::const::BrowserPermissionTypeNotifications	const	missing		auto-generated
lib/proto/browser.go::const::BrowserPermissionTypePaymentHandler	const	missing		auto-generated
lib/proto/browser.go::const::BrowserPermissionTypePeriodicBackgroundSync	const	missing		auto-generated
lib/proto/browser.go::const::BrowserPermissionTypeProtectedMediaIdentifier	const	missing		auto-generated
lib/proto/browser.go::const::BrowserPermissionTypeSensors	const	missing		auto-generated
lib/proto/browser.go::const::BrowserPermissionTypeSpeakerSelection	const	missing		auto-generated
lib/proto/browser.go::const::BrowserPermissionTypeStorageAccess	const	missing		auto-generated
lib/proto/browser.go::const::BrowserPermissionTypeTopLevelStorageAccess	const	missing		auto-generated
lib/proto/browser.go::const::BrowserPermissionTypeVideoCapture	const	missing		auto-generated
lib/proto/browser.go::const::BrowserPermissionTypeVideoCapturePanTiltZoom	const	missing		auto-generated
lib/proto/browser.go::const::BrowserPermissionTypeWakeLockScreen	const	missing		auto-generated
lib/proto/browser.go::const::BrowserPermissionTypeWakeLockSystem	const	missing		auto-generated
lib/proto/browser.go::const::BrowserPermissionTypeWindowManagement	const	missing		auto-generated
lib/proto/browser.go::const::BrowserSetDownloadBehaviorBehaviorAllow	const	missing		auto-generated
lib/proto/browser.go::const::BrowserSetDownloadBehaviorBehaviorAllowAndName	const	missing		auto-generated
lib/proto/browser.go::const::BrowserSetDownloadBehaviorBehaviorDefault	const	missing		auto-generated
lib/proto/browser.go::const::BrowserSetDownloadBehaviorBehaviorDeny	const	missing		auto-generated
lib/proto/browser.go::const::BrowserWindowStateFullscreen	const	missing		auto-generated
lib/proto/browser.go::const::BrowserWindowStateMaximized	const	missing		auto-generated
lib/proto/browser.go::const::BrowserWindowStateMinimized	const	missing		auto-generated
lib/proto/browser.go::const::BrowserWindowStateNormal	const	missing		auto-generated
lib/proto/browser.go::method::BrowserAddPrivacySandboxEnrollmentOverride.Call	method	missing		auto-generated
lib/proto/browser.go::method::BrowserAddPrivacySandboxEnrollmentOverride.ProtoReq	method	missing		auto-generated
lib/proto/browser.go::method::BrowserCancelDownload.Call	method	missing		auto-generated
lib/proto/browser.go::method::BrowserCancelDownload.ProtoReq	method	missing		auto-generated
lib/proto/browser.go::method::BrowserClose.Call	method	missing		auto-generated
lib/proto/browser.go::method::BrowserClose.ProtoReq	method	missing		auto-generated
lib/proto/browser.go::method::BrowserCrash.Call	method	missing		auto-generated
lib/proto/browser.go::method::BrowserCrash.ProtoReq	method	missing		auto-generated
lib/proto/browser.go::method::BrowserCrashGpuProcess.Call	method	missing		auto-generated
lib/proto/browser.go::method::BrowserCrashGpuProcess.ProtoReq	method	missing		auto-generated
lib/proto/browser.go::method::BrowserDownloadProgress.ProtoEvent	method	missing		auto-generated
lib/proto/browser.go::method::BrowserDownloadWillBegin.ProtoEvent	method	missing		auto-generated
lib/proto/browser.go::method::BrowserExecuteBrowserCommand.Call	method	missing		auto-generated
lib/proto/browser.go::method::BrowserExecuteBrowserCommand.ProtoReq	method	missing		auto-generated
lib/proto/browser.go::method::BrowserGetBrowserCommandLine.Call	method	missing		auto-generated
lib/proto/browser.go::method::BrowserGetBrowserCommandLine.ProtoReq	method	missing		auto-generated
lib/proto/browser.go::method::BrowserGetHistogram.Call	method	missing		auto-generated
lib/proto/browser.go::method::BrowserGetHistogram.ProtoReq	method	missing		auto-generated
lib/proto/browser.go::method::BrowserGetHistograms.Call	method	missing		auto-generated
lib/proto/browser.go::method::BrowserGetHistograms.ProtoReq	method	missing		auto-generated
lib/proto/browser.go::method::BrowserGetVersion.Call	method	missing		auto-generated
lib/proto/browser.go::method::BrowserGetVersion.ProtoReq	method	missing		auto-generated
lib/proto/browser.go::method::BrowserGetWindowBounds.Call	method	missing		auto-generated
lib/proto/browser.go::method::BrowserGetWindowBounds.ProtoReq	method	missing		auto-generated
lib/proto/browser.go::method::BrowserGetWindowForTarget.Call	method	missing		auto-generated
lib/proto/browser.go::method::BrowserGetWindowForTarget.ProtoReq	method	missing		auto-generated
lib/proto/browser.go::method::BrowserGrantPermissions.Call	method	missing		auto-generated
lib/proto/browser.go::method::BrowserGrantPermissions.ProtoReq	method	missing		auto-generated
lib/proto/browser.go::method::BrowserResetPermissions.Call	method	missing		auto-generated
lib/proto/browser.go::method::BrowserResetPermissions.ProtoReq	method	missing		auto-generated
lib/proto/browser.go::method::BrowserSetDockTile.Call	method	missing		auto-generated
lib/proto/browser.go::method::BrowserSetDockTile.ProtoReq	method	missing		auto-generated
lib/proto/browser.go::method::BrowserSetDownloadBehavior.Call	method	missing		auto-generated
lib/proto/browser.go::method::BrowserSetDownloadBehavior.ProtoReq	method	missing		auto-generated
lib/proto/browser.go::method::BrowserSetPermission.Call	method	missing		auto-generated
lib/proto/browser.go::method::BrowserSetPermission.ProtoReq	method	missing		auto-generated
lib/proto/browser.go::method::BrowserSetWindowBounds.Call	method	missing		auto-generated
lib/proto/browser.go::method::BrowserSetWindowBounds.ProtoReq	method	missing		auto-generated
lib/proto/browser.go::struct::BrowserAddPrivacySandboxEnrollmentOverride	struct	missing		auto-generated
lib/proto/browser.go::struct::BrowserBounds	struct	missing		auto-generated
lib/proto/browser.go::struct::BrowserBucket	struct	missing		auto-generated
lib/proto/browser.go::struct::BrowserCancelDownload	struct	missing		auto-generated
lib/proto/browser.go::struct::BrowserClose	struct	missing		auto-generated
lib/proto/browser.go::struct::BrowserCrash	struct	missing		auto-generated
lib/proto/browser.go::struct::BrowserCrashGpuProcess	struct	missing		auto-generated
lib/proto/browser.go::struct::BrowserDownloadProgress	struct	missing		auto-generated
lib/proto/browser.go::struct::BrowserDownloadWillBegin	struct	missing		auto-generated
lib/proto/browser.go::struct::BrowserExecuteBrowserCommand	struct	missing		auto-generated
lib/proto/browser.go::struct::BrowserGetBrowserCommandLine	struct	missing		auto-generated
lib/proto/browser.go::struct::BrowserGetBrowserCommandLineResult	struct	missing		auto-generated
lib/proto/browser.go::struct::BrowserGetHistogram	struct	missing		auto-generated
lib/proto/browser.go::struct::BrowserGetHistogramResult	struct	missing		auto-generated
lib/proto/browser.go::struct::BrowserGetHistograms	struct	missing		auto-generated
lib/proto/browser.go::struct::BrowserGetHistogramsResult	struct	missing		auto-generated
lib/proto/browser.go::struct::BrowserGetVersion	struct	missing		auto-generated
lib/proto/browser.go::struct::BrowserGetVersionResult	struct	missing		auto-generated
lib/proto/browser.go::struct::BrowserGetWindowBounds	struct	missing		auto-generated
lib/proto/browser.go::struct::BrowserGetWindowBoundsResult	struct	missing		auto-generated
lib/proto/browser.go::struct::BrowserGetWindowForTarget	struct	missing		auto-generated
lib/proto/browser.go::struct::BrowserGetWindowForTargetResult	struct	missing		auto-generated
lib/proto/browser.go::struct::BrowserGrantPermissions	struct	missing		auto-generated
lib/proto/browser.go::struct::BrowserHistogram	struct	missing		auto-generated
lib/proto/browser.go::struct::BrowserPermissionDescriptor	struct	missing		auto-generated
lib/proto/browser.go::struct::BrowserResetPermissions	struct	missing		auto-generated
lib/proto/browser.go::struct::BrowserSetDockTile	struct	missing		auto-generated
lib/proto/browser.go::struct::BrowserSetDownloadBehavior	struct	missing		auto-generated
lib/proto/browser.go::struct::BrowserSetPermission	struct	missing		auto-generated
lib/proto/browser.go::struct::BrowserSetWindowBounds	struct	missing		auto-generated
lib/proto/browser.go::type::BrowserBrowserCommandID	type	missing		auto-generated
lib/proto/browser.go::type::BrowserBrowserContextID	type	missing		auto-generated
lib/proto/browser.go::type::BrowserDownloadProgressState	type	missing		auto-generated
lib/proto/browser.go::type::BrowserPermissionSetting	type	missing		auto-generated
lib/proto/browser.go::type::BrowserPermissionType	type	missing		auto-generated
lib/proto/browser.go::type::BrowserSetDownloadBehaviorBehavior	type	missing		auto-generated
lib/proto/browser.go::type::BrowserWindowID	type	missing		auto-generated
lib/proto/browser.go::type::BrowserWindowState	type	missing		auto-generated
lib/proto/cache_storage.go::const::CacheStorageCachedResponseTypeBasic	const	missing		auto-generated
lib/proto/cache_storage.go::const::CacheStorageCachedResponseTypeCors	const	missing		auto-generated
lib/proto/cache_storage.go::const::CacheStorageCachedResponseTypeDefault	const	missing		auto-generated
lib/proto/cache_storage.go::const::CacheStorageCachedResponseTypeError	const	missing		auto-generated
lib/proto/cache_storage.go::const::CacheStorageCachedResponseTypeOpaqueRedirect	const	missing		auto-generated
lib/proto/cache_storage.go::const::CacheStorageCachedResponseTypeOpaqueResponse	const	missing		auto-generated
lib/proto/cache_storage.go::method::CacheStorageDeleteCache.Call	method	missing		auto-generated
lib/proto/cache_storage.go::method::CacheStorageDeleteCache.ProtoReq	method	missing		auto-generated
lib/proto/cache_storage.go::method::CacheStorageDeleteEntry.Call	method	missing		auto-generated
lib/proto/cache_storage.go::method::CacheStorageDeleteEntry.ProtoReq	method	missing		auto-generated
lib/proto/cache_storage.go::method::CacheStorageRequestCacheNames.Call	method	missing		auto-generated
lib/proto/cache_storage.go::method::CacheStorageRequestCacheNames.ProtoReq	method	missing		auto-generated
lib/proto/cache_storage.go::method::CacheStorageRequestCachedResponse.Call	method	missing		auto-generated
lib/proto/cache_storage.go::method::CacheStorageRequestCachedResponse.ProtoReq	method	missing		auto-generated
lib/proto/cache_storage.go::method::CacheStorageRequestEntries.Call	method	missing		auto-generated
lib/proto/cache_storage.go::method::CacheStorageRequestEntries.ProtoReq	method	missing		auto-generated
lib/proto/cache_storage.go::struct::CacheStorageCache	struct	missing		auto-generated
lib/proto/cache_storage.go::struct::CacheStorageCachedResponse	struct	missing		auto-generated
lib/proto/cache_storage.go::struct::CacheStorageDataEntry	struct	missing		auto-generated
lib/proto/cache_storage.go::struct::CacheStorageDeleteCache	struct	missing		auto-generated
lib/proto/cache_storage.go::struct::CacheStorageDeleteEntry	struct	missing		auto-generated
lib/proto/cache_storage.go::struct::CacheStorageHeader	struct	missing		auto-generated
lib/proto/cache_storage.go::struct::CacheStorageRequestCacheNames	struct	missing		auto-generated
lib/proto/cache_storage.go::struct::CacheStorageRequestCacheNamesResult	struct	missing		auto-generated
lib/proto/cache_storage.go::struct::CacheStorageRequestCachedResponse	struct	missing		auto-generated
lib/proto/cache_storage.go::struct::CacheStorageRequestCachedResponseResult	struct	missing		auto-generated
lib/proto/cache_storage.go::struct::CacheStorageRequestEntries	struct	missing		auto-generated
lib/proto/cache_storage.go::struct::CacheStorageRequestEntriesResult	struct	missing		auto-generated
lib/proto/cache_storage.go::type::CacheStorageCacheID	type	missing		auto-generated
lib/proto/cache_storage.go::type::CacheStorageCachedResponseType	type	missing		auto-generated
lib/proto/cast.go::method::CastDisable.Call	method	missing		auto-generated
lib/proto/cast.go::method::CastDisable.ProtoReq	method	missing		auto-generated
lib/proto/cast.go::method::CastEnable.Call	method	missing		auto-generated
lib/proto/cast.go::method::CastEnable.ProtoReq	method	missing		auto-generated
lib/proto/cast.go::method::CastIssueUpdated.ProtoEvent	method	missing		auto-generated
lib/proto/cast.go::method::CastSetSinkToUse.Call	method	missing		auto-generated
lib/proto/cast.go::method::CastSetSinkToUse.ProtoReq	method	missing		auto-generated
lib/proto/cast.go::method::CastSinksUpdated.ProtoEvent	method	missing		auto-generated
lib/proto/cast.go::method::CastStartDesktopMirroring.Call	method	missing		auto-generated
lib/proto/cast.go::method::CastStartDesktopMirroring.ProtoReq	method	missing		auto-generated
lib/proto/cast.go::method::CastStartTabMirroring.Call	method	missing		auto-generated
lib/proto/cast.go::method::CastStartTabMirroring.ProtoReq	method	missing		auto-generated
lib/proto/cast.go::method::CastStopCasting.Call	method	missing		auto-generated
lib/proto/cast.go::method::CastStopCasting.ProtoReq	method	missing		auto-generated
lib/proto/cast.go::struct::CastDisable	struct	missing		auto-generated
lib/proto/cast.go::struct::CastEnable	struct	missing		auto-generated
lib/proto/cast.go::struct::CastIssueUpdated	struct	missing		auto-generated
lib/proto/cast.go::struct::CastSetSinkToUse	struct	missing		auto-generated
lib/proto/cast.go::struct::CastSink	struct	missing		auto-generated
lib/proto/cast.go::struct::CastSinksUpdated	struct	missing		auto-generated
lib/proto/cast.go::struct::CastStartDesktopMirroring	struct	missing		auto-generated
lib/proto/cast.go::struct::CastStartTabMirroring	struct	missing		auto-generated
lib/proto/cast.go::struct::CastStopCasting	struct	missing		auto-generated
lib/proto/console.go::const::ConsoleConsoleMessageLevelDebug	const	missing		auto-generated
lib/proto/console.go::const::ConsoleConsoleMessageLevelError	const	missing		auto-generated
lib/proto/console.go::const::ConsoleConsoleMessageLevelInfo	const	missing		auto-generated
lib/proto/console.go::const::ConsoleConsoleMessageLevelLog	const	missing		auto-generated
lib/proto/console.go::const::ConsoleConsoleMessageLevelWarning	const	missing		auto-generated
lib/proto/console.go::const::ConsoleConsoleMessageSourceAppcache	const	missing		auto-generated
lib/proto/console.go::const::ConsoleConsoleMessageSourceConsoleAPI	const	missing		auto-generated
lib/proto/console.go::const::ConsoleConsoleMessageSourceDeprecation	const	missing		auto-generated
lib/proto/console.go::const::ConsoleConsoleMessageSourceJavascript	const	missing		auto-generated
lib/proto/console.go::const::ConsoleConsoleMessageSourceNetwork	const	missing		auto-generated
lib/proto/console.go::const::ConsoleConsoleMessageSourceOther	const	missing		auto-generated
lib/proto/console.go::const::ConsoleConsoleMessageSourceRendering	const	missing		auto-generated
lib/proto/console.go::const::ConsoleConsoleMessageSourceSecurity	const	missing		auto-generated
lib/proto/console.go::const::ConsoleConsoleMessageSourceStorage	const	missing		auto-generated
lib/proto/console.go::const::ConsoleConsoleMessageSourceWorker	const	missing		auto-generated
lib/proto/console.go::const::ConsoleConsoleMessageSourceXML	const	missing		auto-generated
lib/proto/console.go::method::ConsoleClearMessages.Call	method	missing		auto-generated
lib/proto/console.go::method::ConsoleClearMessages.ProtoReq	method	missing		auto-generated
lib/proto/console.go::method::ConsoleDisable.Call	method	missing		auto-generated
lib/proto/console.go::method::ConsoleDisable.ProtoReq	method	missing		auto-generated
lib/proto/console.go::method::ConsoleEnable.Call	method	missing		auto-generated
lib/proto/console.go::method::ConsoleEnable.ProtoReq	method	missing		auto-generated
lib/proto/console.go::method::ConsoleMessageAdded.ProtoEvent	method	missing		auto-generated
lib/proto/console.go::struct::ConsoleClearMessages	struct	missing		auto-generated
lib/proto/console.go::struct::ConsoleConsoleMessage	struct	missing		auto-generated
lib/proto/console.go::struct::ConsoleDisable	struct	missing		auto-generated
lib/proto/console.go::struct::ConsoleEnable	struct	missing		auto-generated
lib/proto/console.go::struct::ConsoleMessageAdded	struct	missing		auto-generated
lib/proto/console.go::type::ConsoleConsoleMessageLevel	type	missing		auto-generated
lib/proto/console.go::type::ConsoleConsoleMessageSource	type	missing		auto-generated
lib/proto/css.go::const::CSSCSSMediaSourceImportRule	const	missing		auto-generated
lib/proto/css.go::const::CSSCSSMediaSourceInlineSheet	const	missing		auto-generated
lib/proto/css.go::const::CSSCSSMediaSourceLinkedSheet	const	missing		auto-generated
lib/proto/css.go::const::CSSCSSMediaSourceMediaRule	const	missing		auto-generated
lib/proto/css.go::const::CSSCSSRuleTypeContainerRule	const	missing		auto-generated
lib/proto/css.go::const::CSSCSSRuleTypeLayerRule	const	missing		auto-generated
lib/proto/css.go::const::CSSCSSRuleTypeMediaRule	const	missing		auto-generated
lib/proto/css.go::const::CSSCSSRuleTypeScopeRule	const	missing		auto-generated
lib/proto/css.go::const::CSSCSSRuleTypeStyleRule	const	missing		auto-generated
lib/proto/css.go::const::CSSCSSRuleTypeSupportsRule	const	missing		auto-generated
lib/proto/css.go::const::CSSStyleSheetOriginInjected	const	missing		auto-generated
lib/proto/css.go::const::CSSStyleSheetOriginInspector	const	missing		auto-generated
lib/proto/css.go::const::CSSStyleSheetOriginRegular	const	missing		auto-generated
lib/proto/css.go::const::CSSStyleSheetOriginUserAgent	const	missing		auto-generated
lib/proto/css.go::method::CSSAddRule.Call	method	missing		auto-generated
lib/proto/css.go::method::CSSAddRule.ProtoReq	method	missing		auto-generated
lib/proto/css.go::method::CSSCollectClassNames.Call	method	missing		auto-generated
lib/proto/css.go::method::CSSCollectClassNames.ProtoReq	method	missing		auto-generated
lib/proto/css.go::method::CSSCreateStyleSheet.Call	method	missing		auto-generated
lib/proto/css.go::method::CSSCreateStyleSheet.ProtoReq	method	missing		auto-generated
lib/proto/css.go::method::CSSDisable.Call	method	missing		auto-generated
lib/proto/css.go::method::CSSDisable.ProtoReq	method	missing		auto-generated
lib/proto/css.go::method::CSSEnable.Call	method	missing		auto-generated
lib/proto/css.go::method::CSSEnable.ProtoReq	method	missing		auto-generated
lib/proto/css.go::method::CSSFontsUpdated.ProtoEvent	method	missing		auto-generated
lib/proto/css.go::method::CSSForcePseudoState.Call	method	missing		auto-generated
lib/proto/css.go::method::CSSForcePseudoState.ProtoReq	method	missing		auto-generated
lib/proto/css.go::method::CSSGetBackgroundColors.Call	method	missing		auto-generated
lib/proto/css.go::method::CSSGetBackgroundColors.ProtoReq	method	missing		auto-generated
lib/proto/css.go::method::CSSGetComputedStyleForNode.Call	method	missing		auto-generated
lib/proto/css.go::method::CSSGetComputedStyleForNode.ProtoReq	method	missing		auto-generated
lib/proto/css.go::method::CSSGetInlineStylesForNode.Call	method	missing		auto-generated
lib/proto/css.go::method::CSSGetInlineStylesForNode.ProtoReq	method	missing		auto-generated
lib/proto/css.go::method::CSSGetLayersForNode.Call	method	missing		auto-generated
lib/proto/css.go::method::CSSGetLayersForNode.ProtoReq	method	missing		auto-generated
lib/proto/css.go::method::CSSGetLocationForSelector.Call	method	missing		auto-generated
lib/proto/css.go::method::CSSGetLocationForSelector.ProtoReq	method	missing		auto-generated
lib/proto/css.go::method::CSSGetMatchedStylesForNode.Call	method	missing		auto-generated
lib/proto/css.go::method::CSSGetMatchedStylesForNode.ProtoReq	method	missing		auto-generated
lib/proto/css.go::method::CSSGetMediaQueries.Call	method	missing		auto-generated
lib/proto/css.go::method::CSSGetMediaQueries.ProtoReq	method	missing		auto-generated
lib/proto/css.go::method::CSSGetPlatformFontsForNode.Call	method	missing		auto-generated
lib/proto/css.go::method::CSSGetPlatformFontsForNode.ProtoReq	method	missing		auto-generated
lib/proto/css.go::method::CSSGetStyleSheetText.Call	method	missing		auto-generated
lib/proto/css.go::method::CSSGetStyleSheetText.ProtoReq	method	missing		auto-generated
lib/proto/css.go::method::CSSMediaQueryResultChanged.ProtoEvent	method	missing		auto-generated
lib/proto/css.go::method::CSSSetContainerQueryText.Call	method	missing		auto-generated
lib/proto/css.go::method::CSSSetContainerQueryText.ProtoReq	method	missing		auto-generated
lib/proto/css.go::method::CSSSetEffectivePropertyValueForNode.Call	method	missing		auto-generated
lib/proto/css.go::method::CSSSetEffectivePropertyValueForNode.ProtoReq	method	missing		auto-generated
lib/proto/css.go::method::CSSSetKeyframeKey.Call	method	missing		auto-generated
lib/proto/css.go::method::CSSSetKeyframeKey.ProtoReq	method	missing		auto-generated
lib/proto/css.go::method::CSSSetLocalFontsEnabled.Call	method	missing		auto-generated
lib/proto/css.go::method::CSSSetLocalFontsEnabled.ProtoReq	method	missing		auto-generated
lib/proto/css.go::method::CSSSetMediaText.Call	method	missing		auto-generated
lib/proto/css.go::method::CSSSetMediaText.ProtoReq	method	missing		auto-generated
lib/proto/css.go::method::CSSSetPropertyRulePropertyName.Call	method	missing		auto-generated
lib/proto/css.go::method::CSSSetPropertyRulePropertyName.ProtoReq	method	missing		auto-generated
lib/proto/css.go::method::CSSSetRuleSelector.Call	method	missing		auto-generated
lib/proto/css.go::method::CSSSetRuleSelector.ProtoReq	method	missing		auto-generated
lib/proto/css.go::method::CSSSetScopeText.Call	method	missing		auto-generated
lib/proto/css.go::method::CSSSetScopeText.ProtoReq	method	missing		auto-generated
lib/proto/css.go::method::CSSSetStyleSheetText.Call	method	missing		auto-generated
lib/proto/css.go::method::CSSSetStyleSheetText.ProtoReq	method	missing		auto-generated
lib/proto/css.go::method::CSSSetStyleTexts.Call	method	missing		auto-generated
lib/proto/css.go::method::CSSSetStyleTexts.ProtoReq	method	missing		auto-generated
lib/proto/css.go::method::CSSSetSupportsText.Call	method	missing		auto-generated
lib/proto/css.go::method::CSSSetSupportsText.ProtoReq	method	missing		auto-generated
lib/proto/css.go::method::CSSStartRuleUsageTracking.Call	method	missing		auto-generated
lib/proto/css.go::method::CSSStartRuleUsageTracking.ProtoReq	method	missing		auto-generated
lib/proto/css.go::method::CSSStopRuleUsageTracking.Call	method	missing		auto-generated
lib/proto/css.go::method::CSSStopRuleUsageTracking.ProtoReq	method	missing		auto-generated
lib/proto/css.go::method::CSSStyleSheetAdded.ProtoEvent	method	missing		auto-generated
lib/proto/css.go::method::CSSStyleSheetChanged.ProtoEvent	method	missing		auto-generated
lib/proto/css.go::method::CSSStyleSheetRemoved.ProtoEvent	method	missing		auto-generated
lib/proto/css.go::method::CSSTakeComputedStyleUpdates.Call	method	missing		auto-generated
lib/proto/css.go::method::CSSTakeComputedStyleUpdates.ProtoReq	method	missing		auto-generated
lib/proto/css.go::method::CSSTakeCoverageDelta.Call	method	missing		auto-generated
lib/proto/css.go::method::CSSTakeCoverageDelta.ProtoReq	method	missing		auto-generated
lib/proto/css.go::method::CSSTrackComputedStyleUpdates.Call	method	missing		auto-generated
lib/proto/css.go::method::CSSTrackComputedStyleUpdates.ProtoReq	method	missing		auto-generated
lib/proto/css.go::struct::CSSAddRule	struct	missing		auto-generated
lib/proto/css.go::struct::CSSAddRuleResult	struct	missing		auto-generated
lib/proto/css.go::struct::CSSCSSComputedStyleProperty	struct	missing		auto-generated
lib/proto/css.go::struct::CSSCSSContainerQuery	struct	missing		auto-generated
lib/proto/css.go::struct::CSSCSSFontPaletteValuesRule	struct	missing		auto-generated
lib/proto/css.go::struct::CSSCSSKeyframeRule	struct	missing		auto-generated
lib/proto/css.go::struct::CSSCSSKeyframesRule	struct	missing		auto-generated
lib/proto/css.go::struct::CSSCSSLayer	struct	missing		auto-generated
lib/proto/css.go::struct::CSSCSSLayerData	struct	missing		auto-generated
lib/proto/css.go::struct::CSSCSSMedia	struct	missing		auto-generated
lib/proto/css.go::struct::CSSCSSPositionFallbackRule	struct	missing		auto-generated
lib/proto/css.go::struct::CSSCSSPositionTryRule	struct	missing		auto-generated
lib/proto/css.go::struct::CSSCSSProperty	struct	missing		auto-generated
lib/proto/css.go::struct::CSSCSSPropertyRegistration	struct	missing		auto-generated
lib/proto/css.go::struct::CSSCSSPropertyRule	struct	missing		auto-generated
lib/proto/css.go::struct::CSSCSSRule	struct	missing		auto-generated
lib/proto/css.go::struct::CSSCSSScope	struct	missing		auto-generated
lib/proto/css.go::struct::CSSCSSStyle	struct	missing		auto-generated
lib/proto/css.go::struct::CSSCSSStyleSheetHeader	struct	missing		auto-generated
lib/proto/css.go::struct::CSSCSSSupports	struct	missing		auto-generated
lib/proto/css.go::struct::CSSCSSTryRule	struct	missing		auto-generated
lib/proto/css.go::struct::CSSCollectClassNames	struct	missing		auto-generated
lib/proto/css.go::struct::CSSCollectClassNamesResult	struct	missing		auto-generated
lib/proto/css.go::struct::CSSCreateStyleSheet	struct	missing		auto-generated
lib/proto/css.go::struct::CSSCreateStyleSheetResult	struct	missing		auto-generated
lib/proto/css.go::struct::CSSDisable	struct	missing		auto-generated
lib/proto/css.go::struct::CSSEnable	struct	missing		auto-generated
lib/proto/css.go::struct::CSSFontFace	struct	missing		auto-generated
lib/proto/css.go::struct::CSSFontVariationAxis	struct	missing		auto-generated
lib/proto/css.go::struct::CSSFontsUpdated	struct	missing		auto-generated
lib/proto/css.go::struct::CSSForcePseudoState	struct	missing		auto-generated
lib/proto/css.go::struct::CSSGetBackgroundColors	struct	missing		auto-generated
lib/proto/css.go::struct::CSSGetBackgroundColorsResult	struct	missing		auto-generated
lib/proto/css.go::struct::CSSGetComputedStyleForNode	struct	missing		auto-generated
lib/proto/css.go::struct::CSSGetComputedStyleForNodeResult	struct	missing		auto-generated
lib/proto/css.go::struct::CSSGetInlineStylesForNode	struct	missing		auto-generated
lib/proto/css.go::struct::CSSGetInlineStylesForNodeResult	struct	missing		auto-generated
lib/proto/css.go::struct::CSSGetLayersForNode	struct	missing		auto-generated
lib/proto/css.go::struct::CSSGetLayersForNodeResult	struct	missing		auto-generated
lib/proto/css.go::struct::CSSGetLocationForSelector	struct	missing		auto-generated
lib/proto/css.go::struct::CSSGetLocationForSelectorResult	struct	missing		auto-generated
lib/proto/css.go::struct::CSSGetMatchedStylesForNode	struct	missing		auto-generated
lib/proto/css.go::struct::CSSGetMatchedStylesForNodeResult	struct	missing		auto-generated
lib/proto/css.go::struct::CSSGetMediaQueries	struct	missing		auto-generated
lib/proto/css.go::struct::CSSGetMediaQueriesResult	struct	missing		auto-generated
lib/proto/css.go::struct::CSSGetPlatformFontsForNode	struct	missing		auto-generated
lib/proto/css.go::struct::CSSGetPlatformFontsForNodeResult	struct	missing		auto-generated
lib/proto/css.go::struct::CSSGetStyleSheetText	struct	missing		auto-generated
lib/proto/css.go::struct::CSSGetStyleSheetTextResult	struct	missing		auto-generated
lib/proto/css.go::struct::CSSInheritedPseudoElementMatches	struct	missing		auto-generated
lib/proto/css.go::struct::CSSInheritedStyleEntry	struct	missing		auto-generated
lib/proto/css.go::struct::CSSMediaQuery	struct	missing		auto-generated
lib/proto/css.go::struct::CSSMediaQueryExpression	struct	missing		auto-generated
lib/proto/css.go::struct::CSSMediaQueryResultChanged	struct	missing		auto-generated
lib/proto/css.go::struct::CSSPlatformFontUsage	struct	missing		auto-generated
lib/proto/css.go::struct::CSSPseudoElementMatches	struct	missing		auto-generated
lib/proto/css.go::struct::CSSRuleMatch	struct	missing		auto-generated
lib/proto/css.go::struct::CSSRuleUsage	struct	missing		auto-generated
lib/proto/css.go::struct::CSSSelectorList	struct	missing		auto-generated
lib/proto/css.go::struct::CSSSetContainerQueryText	struct	missing		auto-generated
lib/proto/css.go::struct::CSSSetContainerQueryTextResult	struct	missing		auto-generated
lib/proto/css.go::struct::CSSSetEffectivePropertyValueForNode	struct	missing		auto-generated
lib/proto/css.go::struct::CSSSetKeyframeKey	struct	missing		auto-generated
lib/proto/css.go::struct::CSSSetKeyframeKeyResult	struct	missing		auto-generated
lib/proto/css.go::struct::CSSSetLocalFontsEnabled	struct	missing		auto-generated
lib/proto/css.go::struct::CSSSetMediaText	struct	missing		auto-generated
lib/proto/css.go::struct::CSSSetMediaTextResult	struct	missing		auto-generated
lib/proto/css.go::struct::CSSSetPropertyRulePropertyName	struct	missing		auto-generated
lib/proto/css.go::struct::CSSSetPropertyRulePropertyNameResult	struct	missing		auto-generated
lib/proto/css.go::struct::CSSSetRuleSelector	struct	missing		auto-generated
lib/proto/css.go::struct::CSSSetRuleSelectorResult	struct	missing		auto-generated
lib/proto/css.go::struct::CSSSetScopeText	struct	missing		auto-generated
lib/proto/css.go::struct::CSSSetScopeTextResult	struct	missing		auto-generated
lib/proto/css.go::struct::CSSSetStyleSheetText	struct	missing		auto-generated
lib/proto/css.go::struct::CSSSetStyleSheetTextResult	struct	missing		auto-generated
lib/proto/css.go::struct::CSSSetStyleTexts	struct	missing		auto-generated
lib/proto/css.go::struct::CSSSetStyleTextsResult	struct	missing		auto-generated
lib/proto/css.go::struct::CSSSetSupportsText	struct	missing		auto-generated
lib/proto/css.go::struct::CSSSetSupportsTextResult	struct	missing		auto-generated
lib/proto/css.go::struct::CSSShorthandEntry	struct	missing		auto-generated
lib/proto/css.go::struct::CSSSourceRange	struct	missing		auto-generated
lib/proto/css.go::struct::CSSSpecificity	struct	missing		auto-generated
lib/proto/css.go::struct::CSSStartRuleUsageTracking	struct	missing		auto-generated
lib/proto/css.go::struct::CSSStopRuleUsageTracking	struct	missing		auto-generated
lib/proto/css.go::struct::CSSStopRuleUsageTrackingResult	struct	missing		auto-generated
lib/proto/css.go::struct::CSSStyleDeclarationEdit	struct	missing		auto-generated
lib/proto/css.go::struct::CSSStyleSheetAdded	struct	missing		auto-generated
lib/proto/css.go::struct::CSSStyleSheetChanged	struct	missing		auto-generated
lib/proto/css.go::struct::CSSStyleSheetRemoved	struct	missing		auto-generated
lib/proto/css.go::struct::CSSTakeComputedStyleUpdates	struct	missing		auto-generated
lib/proto/css.go::struct::CSSTakeComputedStyleUpdatesResult	struct	missing		auto-generated
lib/proto/css.go::struct::CSSTakeCoverageDelta	struct	missing		auto-generated
lib/proto/css.go::struct::CSSTakeCoverageDeltaResult	struct	missing		auto-generated
lib/proto/css.go::struct::CSSTrackComputedStyleUpdates	struct	missing		auto-generated
lib/proto/css.go::struct::CSSValue	struct	missing		auto-generated
lib/proto/css.go::type::CSSCSSMediaSource	type	missing		auto-generated
lib/proto/css.go::type::CSSCSSRuleType	type	missing		auto-generated
lib/proto/css.go::type::CSSStyleSheetID	type	missing		auto-generated
lib/proto/css.go::type::CSSStyleSheetOrigin	type	missing		auto-generated
lib/proto/database.go::method::DatabaseAddDatabase.ProtoEvent	method	missing		auto-generated
lib/proto/database.go::method::DatabaseDisable.Call	method	missing		auto-generated
lib/proto/database.go::method::DatabaseDisable.ProtoReq	method	missing		auto-generated
lib/proto/database.go::method::DatabaseEnable.Call	method	missing		auto-generated
lib/proto/database.go::method::DatabaseEnable.ProtoReq	method	missing		auto-generated
lib/proto/database.go::method::DatabaseExecuteSQL.Call	method	missing		auto-generated
lib/proto/database.go::method::DatabaseExecuteSQL.ProtoReq	method	missing		auto-generated
lib/proto/database.go::method::DatabaseGetDatabaseTableNames.Call	method	missing		auto-generated
lib/proto/database.go::method::DatabaseGetDatabaseTableNames.ProtoReq	method	missing		auto-generated
lib/proto/database.go::struct::DatabaseAddDatabase	struct	missing		auto-generated
lib/proto/database.go::struct::DatabaseDatabase	struct	missing		auto-generated
lib/proto/database.go::struct::DatabaseDisable	struct	missing		auto-generated
lib/proto/database.go::struct::DatabaseEnable	struct	missing		auto-generated
lib/proto/database.go::struct::DatabaseError	struct	missing		auto-generated
lib/proto/database.go::struct::DatabaseExecuteSQL	struct	missing		auto-generated
lib/proto/database.go::struct::DatabaseExecuteSQLResult	struct	missing		auto-generated
lib/proto/database.go::struct::DatabaseGetDatabaseTableNames	struct	missing		auto-generated
lib/proto/database.go::struct::DatabaseGetDatabaseTableNamesResult	struct	missing		auto-generated
lib/proto/database.go::type::DatabaseDatabaseID	type	missing		auto-generated
lib/proto/debugger.go::const::DebuggerBreakLocationTypeCall	const	missing		auto-generated
lib/proto/debugger.go::const::DebuggerBreakLocationTypeDebuggerStatement	const	missing		auto-generated
lib/proto/debugger.go::const::DebuggerBreakLocationTypeReturn	const	missing		auto-generated
lib/proto/debugger.go::const::DebuggerContinueToLocationTargetCallFramesAny	const	missing		auto-generated
lib/proto/debugger.go::const::DebuggerContinueToLocationTargetCallFramesCurrent	const	missing		auto-generated
lib/proto/debugger.go::const::DebuggerDebugSymbolsTypeEmbeddedDWARF	const	missing		auto-generated
lib/proto/debugger.go::const::DebuggerDebugSymbolsTypeExternalDWARF	const	missing		auto-generated
lib/proto/debugger.go::const::DebuggerDebugSymbolsTypeNone	const	missing		auto-generated
lib/proto/debugger.go::const::DebuggerDebugSymbolsTypeSourceMap	const	missing		auto-generated
lib/proto/debugger.go::const::DebuggerPausedReasonAmbiguous	const	missing		auto-generated
lib/proto/debugger.go::const::DebuggerPausedReasonAssert	const	missing		auto-generated
lib/proto/debugger.go::const::DebuggerPausedReasonCSPViolation	const	missing		auto-generated
lib/proto/debugger.go::const::DebuggerPausedReasonDOM	const	missing		auto-generated
lib/proto/debugger.go::const::DebuggerPausedReasonDebugCommand	const	missing		auto-generated
lib/proto/debugger.go::const::DebuggerPausedReasonEventListener	const	missing		auto-generated
lib/proto/debugger.go::const::DebuggerPausedReasonException	const	missing		auto-generated
lib/proto/debugger.go::const::DebuggerPausedReasonInstrumentation	const	missing		auto-generated
lib/proto/debugger.go::const::DebuggerPausedReasonOOM	const	missing		auto-generated
lib/proto/debugger.go::const::DebuggerPausedReasonOther	const	missing		auto-generated
lib/proto/debugger.go::const::DebuggerPausedReasonPromiseRejection	const	missing		auto-generated
lib/proto/debugger.go::const::DebuggerPausedReasonStep	const	missing		auto-generated
lib/proto/debugger.go::const::DebuggerPausedReasonXHR	const	missing		auto-generated
lib/proto/debugger.go::const::DebuggerRestartFrameModeStepInto	const	missing		auto-generated
lib/proto/debugger.go::const::DebuggerScopeTypeBlock	const	missing		auto-generated
lib/proto/debugger.go::const::DebuggerScopeTypeCatch	const	missing		auto-generated
lib/proto/debugger.go::const::DebuggerScopeTypeClosure	const	missing		auto-generated
lib/proto/debugger.go::const::DebuggerScopeTypeEval	const	missing		auto-generated
lib/proto/debugger.go::const::DebuggerScopeTypeGlobal	const	missing		auto-generated
lib/proto/debugger.go::const::DebuggerScopeTypeLocal	const	missing		auto-generated
lib/proto/debugger.go::const::DebuggerScopeTypeModule	const	missing		auto-generated
lib/proto/debugger.go::const::DebuggerScopeTypeScript	const	missing		auto-generated
lib/proto/debugger.go::const::DebuggerScopeTypeWasmExpressionStack	const	missing		auto-generated
lib/proto/debugger.go::const::DebuggerScopeTypeWith	const	missing		auto-generated
lib/proto/debugger.go::const::DebuggerScriptLanguageJavaScript	const	missing		auto-generated
lib/proto/debugger.go::const::DebuggerScriptLanguageWebAssembly	const	missing		auto-generated
lib/proto/debugger.go::const::DebuggerSetInstrumentationBreakpointInstrumentationBeforeScriptExecution	const	missing		auto-generated
lib/proto/debugger.go::const::DebuggerSetInstrumentationBreakpointInstrumentationBeforeScriptWithSourceMapExecution	const	missing		auto-generated
lib/proto/debugger.go::const::DebuggerSetPauseOnExceptionsStateAll	const	missing		auto-generated
lib/proto/debugger.go::const::DebuggerSetPauseOnExceptionsStateCaught	const	missing		auto-generated
lib/proto/debugger.go::const::DebuggerSetPauseOnExceptionsStateNone	const	missing		auto-generated
lib/proto/debugger.go::const::DebuggerSetPauseOnExceptionsStateUncaught	const	missing		auto-generated
lib/proto/debugger.go::const::DebuggerSetScriptSourceResultStatusBlockedByActiveFunction	const	missing		auto-generated
lib/proto/debugger.go::const::DebuggerSetScriptSourceResultStatusBlockedByActiveGenerator	const	missing		auto-generated
lib/proto/debugger.go::const::DebuggerSetScriptSourceResultStatusBlockedByTopLevelEsModuleChange	const	missing		auto-generated
lib/proto/debugger.go::const::DebuggerSetScriptSourceResultStatusCompileError	const	missing		auto-generated
lib/proto/debugger.go::const::DebuggerSetScriptSourceResultStatusOk	const	missing		auto-generated
lib/proto/debugger.go::method::DebuggerBreakpointResolved.ProtoEvent	method	missing		auto-generated
lib/proto/debugger.go::method::DebuggerContinueToLocation.Call	method	missing		auto-generated
lib/proto/debugger.go::method::DebuggerContinueToLocation.ProtoReq	method	missing		auto-generated
lib/proto/debugger.go::method::DebuggerDisable.Call	method	missing		auto-generated
lib/proto/debugger.go::method::DebuggerDisable.ProtoReq	method	missing		auto-generated
lib/proto/debugger.go::method::DebuggerDisassembleWasmModule.Call	method	missing		auto-generated
lib/proto/debugger.go::method::DebuggerDisassembleWasmModule.ProtoReq	method	missing		auto-generated
lib/proto/debugger.go::method::DebuggerEnable.Call	method	missing		auto-generated
lib/proto/debugger.go::method::DebuggerEnable.ProtoReq	method	missing		auto-generated
lib/proto/debugger.go::method::DebuggerEvaluateOnCallFrame.Call	method	missing		auto-generated
lib/proto/debugger.go::method::DebuggerEvaluateOnCallFrame.ProtoReq	method	missing		auto-generated
lib/proto/debugger.go::method::DebuggerGetPossibleBreakpoints.Call	method	missing		auto-generated
lib/proto/debugger.go::method::DebuggerGetPossibleBreakpoints.ProtoReq	method	missing		auto-generated
lib/proto/debugger.go::method::DebuggerGetScriptSource.Call	method	missing		auto-generated
lib/proto/debugger.go::method::DebuggerGetScriptSource.ProtoReq	method	missing		auto-generated
lib/proto/debugger.go::method::DebuggerGetStackTrace.Call	method	missing		auto-generated
lib/proto/debugger.go::method::DebuggerGetStackTrace.ProtoReq	method	missing		auto-generated
lib/proto/debugger.go::method::DebuggerGetWasmBytecode.Call	method	missing		auto-generated
lib/proto/debugger.go::method::DebuggerGetWasmBytecode.ProtoReq	method	missing		auto-generated
lib/proto/debugger.go::method::DebuggerNextWasmDisassemblyChunk.Call	method	missing		auto-generated
lib/proto/debugger.go::method::DebuggerNextWasmDisassemblyChunk.ProtoReq	method	missing		auto-generated
lib/proto/debugger.go::method::DebuggerPause.Call	method	missing		auto-generated
lib/proto/debugger.go::method::DebuggerPause.ProtoReq	method	missing		auto-generated
lib/proto/debugger.go::method::DebuggerPauseOnAsyncCall.Call	method	missing		auto-generated
lib/proto/debugger.go::method::DebuggerPauseOnAsyncCall.ProtoReq	method	missing		auto-generated
lib/proto/debugger.go::method::DebuggerPaused.ProtoEvent	method	missing		auto-generated
lib/proto/debugger.go::method::DebuggerRemoveBreakpoint.Call	method	missing		auto-generated
lib/proto/debugger.go::method::DebuggerRemoveBreakpoint.ProtoReq	method	missing		auto-generated
lib/proto/debugger.go::method::DebuggerRestartFrame.Call	method	missing		auto-generated
lib/proto/debugger.go::method::DebuggerRestartFrame.ProtoReq	method	missing		auto-generated
lib/proto/debugger.go::method::DebuggerResume.Call	method	missing		auto-generated
lib/proto/debugger.go::method::DebuggerResume.ProtoReq	method	missing		auto-generated
lib/proto/debugger.go::method::DebuggerResumed.ProtoEvent	method	missing		auto-generated
lib/proto/debugger.go::method::DebuggerScriptFailedToParse.ProtoEvent	method	missing		auto-generated
lib/proto/debugger.go::method::DebuggerScriptParsed.ProtoEvent	method	missing		auto-generated
lib/proto/debugger.go::method::DebuggerSearchInContent.Call	method	missing		auto-generated
lib/proto/debugger.go::method::DebuggerSearchInContent.ProtoReq	method	missing		auto-generated
lib/proto/debugger.go::method::DebuggerSetAsyncCallStackDepth.Call	method	missing		auto-generated
lib/proto/debugger.go::method::DebuggerSetAsyncCallStackDepth.ProtoReq	method	missing		auto-generated
lib/proto/debugger.go::method::DebuggerSetBlackboxPatterns.Call	method	missing		auto-generated
lib/proto/debugger.go::method::DebuggerSetBlackboxPatterns.ProtoReq	method	missing		auto-generated
lib/proto/debugger.go::method::DebuggerSetBlackboxedRanges.Call	method	missing		auto-generated
lib/proto/debugger.go::method::DebuggerSetBlackboxedRanges.ProtoReq	method	missing		auto-generated
lib/proto/debugger.go::method::DebuggerSetBreakpoint.Call	method	missing		auto-generated
lib/proto/debugger.go::method::DebuggerSetBreakpoint.ProtoReq	method	missing		auto-generated
lib/proto/debugger.go::method::DebuggerSetBreakpointByURL.Call	method	missing		auto-generated
lib/proto/debugger.go::method::DebuggerSetBreakpointByURL.ProtoReq	method	missing		auto-generated
lib/proto/debugger.go::method::DebuggerSetBreakpointOnFunctionCall.Call	method	missing		auto-generated
lib/proto/debugger.go::method::DebuggerSetBreakpointOnFunctionCall.ProtoReq	method	missing		auto-generated
lib/proto/debugger.go::method::DebuggerSetBreakpointsActive.Call	method	missing		auto-generated
lib/proto/debugger.go::method::DebuggerSetBreakpointsActive.ProtoReq	method	missing		auto-generated
lib/proto/debugger.go::method::DebuggerSetInstrumentationBreakpoint.Call	method	missing		auto-generated
lib/proto/debugger.go::method::DebuggerSetInstrumentationBreakpoint.ProtoReq	method	missing		auto-generated
lib/proto/debugger.go::method::DebuggerSetPauseOnExceptions.Call	method	missing		auto-generated
lib/proto/debugger.go::method::DebuggerSetPauseOnExceptions.ProtoReq	method	missing		auto-generated
lib/proto/debugger.go::method::DebuggerSetReturnValue.Call	method	missing		auto-generated
lib/proto/debugger.go::method::DebuggerSetReturnValue.ProtoReq	method	missing		auto-generated
lib/proto/debugger.go::method::DebuggerSetScriptSource.Call	method	missing		auto-generated
lib/proto/debugger.go::method::DebuggerSetScriptSource.ProtoReq	method	missing		auto-generated
lib/proto/debugger.go::method::DebuggerSetSkipAllPauses.Call	method	missing		auto-generated
lib/proto/debugger.go::method::DebuggerSetSkipAllPauses.ProtoReq	method	missing		auto-generated
lib/proto/debugger.go::method::DebuggerSetVariableValue.Call	method	missing		auto-generated
lib/proto/debugger.go::method::DebuggerSetVariableValue.ProtoReq	method	missing		auto-generated
lib/proto/debugger.go::method::DebuggerStepInto.Call	method	missing		auto-generated
lib/proto/debugger.go::method::DebuggerStepInto.ProtoReq	method	missing		auto-generated
lib/proto/debugger.go::method::DebuggerStepOut.Call	method	missing		auto-generated
lib/proto/debugger.go::method::DebuggerStepOut.ProtoReq	method	missing		auto-generated
lib/proto/debugger.go::method::DebuggerStepOver.Call	method	missing		auto-generated
lib/proto/debugger.go::method::DebuggerStepOver.ProtoReq	method	missing		auto-generated
lib/proto/debugger.go::struct::DebuggerBreakLocation	struct	missing		auto-generated
lib/proto/debugger.go::struct::DebuggerBreakpointResolved	struct	missing		auto-generated
lib/proto/debugger.go::struct::DebuggerCallFrame	struct	missing		auto-generated
lib/proto/debugger.go::struct::DebuggerContinueToLocation	struct	missing		auto-generated
lib/proto/debugger.go::struct::DebuggerDebugSymbols	struct	missing		auto-generated
lib/proto/debugger.go::struct::DebuggerDisable	struct	missing		auto-generated
lib/proto/debugger.go::struct::DebuggerDisassembleWasmModule	struct	missing		auto-generated
lib/proto/debugger.go::struct::DebuggerDisassembleWasmModuleResult	struct	missing		auto-generated
lib/proto/debugger.go::struct::DebuggerEnable	struct	missing		auto-generated
lib/proto/debugger.go::struct::DebuggerEnableResult	struct	missing		auto-generated
lib/proto/debugger.go::struct::DebuggerEvaluateOnCallFrame	struct	missing		auto-generated
lib/proto/debugger.go::struct::DebuggerEvaluateOnCallFrameResult	struct	missing		auto-generated
lib/proto/debugger.go::struct::DebuggerGetPossibleBreakpoints	struct	missing		auto-generated
lib/proto/debugger.go::struct::DebuggerGetPossibleBreakpointsResult	struct	missing		auto-generated
lib/proto/debugger.go::struct::DebuggerGetScriptSource	struct	missing		auto-generated
lib/proto/debugger.go::struct::DebuggerGetScriptSourceResult	struct	missing		auto-generated
lib/proto/debugger.go::struct::DebuggerGetStackTrace	struct	missing		auto-generated
lib/proto/debugger.go::struct::DebuggerGetStackTraceResult	struct	missing		auto-generated
lib/proto/debugger.go::struct::DebuggerGetWasmBytecode	struct	missing		auto-generated
lib/proto/debugger.go::struct::DebuggerGetWasmBytecodeResult	struct	missing		auto-generated
lib/proto/debugger.go::struct::DebuggerLocation	struct	missing		auto-generated
lib/proto/debugger.go::struct::DebuggerLocationRange	struct	missing		auto-generated
lib/proto/debugger.go::struct::DebuggerNextWasmDisassemblyChunk	struct	missing		auto-generated
lib/proto/debugger.go::struct::DebuggerNextWasmDisassemblyChunkResult	struct	missing		auto-generated
lib/proto/debugger.go::struct::DebuggerPause	struct	missing		auto-generated
lib/proto/debugger.go::struct::DebuggerPauseOnAsyncCall	struct	missing		auto-generated
lib/proto/debugger.go::struct::DebuggerPaused	struct	missing		auto-generated
lib/proto/debugger.go::struct::DebuggerRemoveBreakpoint	struct	missing		auto-generated
lib/proto/debugger.go::struct::DebuggerRestartFrame	struct	missing		auto-generated
lib/proto/debugger.go::struct::DebuggerRestartFrameResult	struct	missing		auto-generated
lib/proto/debugger.go::struct::DebuggerResume	struct	missing		auto-generated
lib/proto/debugger.go::struct::DebuggerResumed	struct	missing		auto-generated
lib/proto/debugger.go::struct::DebuggerScope	struct	missing		auto-generated
lib/proto/debugger.go::struct::DebuggerScriptFailedToParse	struct	missing		auto-generated
lib/proto/debugger.go::struct::DebuggerScriptParsed	struct	missing		auto-generated
lib/proto/debugger.go::struct::DebuggerScriptPosition	struct	missing		auto-generated
lib/proto/debugger.go::struct::DebuggerSearchInContent	struct	missing		auto-generated
lib/proto/debugger.go::struct::DebuggerSearchInContentResult	struct	missing		auto-generated
lib/proto/debugger.go::struct::DebuggerSearchMatch	struct	missing		auto-generated
lib/proto/debugger.go::struct::DebuggerSetAsyncCallStackDepth	struct	missing		auto-generated
lib/proto/debugger.go::struct::DebuggerSetBlackboxPatterns	struct	missing		auto-generated
lib/proto/debugger.go::struct::DebuggerSetBlackboxedRanges	struct	missing		auto-generated
lib/proto/debugger.go::struct::DebuggerSetBreakpoint	struct	missing		auto-generated
lib/proto/debugger.go::struct::DebuggerSetBreakpointByURL	struct	missing		auto-generated
lib/proto/debugger.go::struct::DebuggerSetBreakpointByURLResult	struct	missing		auto-generated
lib/proto/debugger.go::struct::DebuggerSetBreakpointOnFunctionCall	struct	missing		auto-generated
lib/proto/debugger.go::struct::DebuggerSetBreakpointOnFunctionCallResult	struct	missing		auto-generated
lib/proto/debugger.go::struct::DebuggerSetBreakpointResult	struct	missing		auto-generated
lib/proto/debugger.go::struct::DebuggerSetBreakpointsActive	struct	missing		auto-generated
lib/proto/debugger.go::struct::DebuggerSetInstrumentationBreakpoint	struct	missing		auto-generated
lib/proto/debugger.go::struct::DebuggerSetInstrumentationBreakpointResult	struct	missing		auto-generated
lib/proto/debugger.go::struct::DebuggerSetPauseOnExceptions	struct	missing		auto-generated
lib/proto/debugger.go::struct::DebuggerSetReturnValue	struct	missing		auto-generated
lib/proto/debugger.go::struct::DebuggerSetScriptSource	struct	missing		auto-generated
lib/proto/debugger.go::struct::DebuggerSetScriptSourceResult	struct	missing		auto-generated
lib/proto/debugger.go::struct::DebuggerSetSkipAllPauses	struct	missing		auto-generated
lib/proto/debugger.go::struct::DebuggerSetVariableValue	struct	missing		auto-generated
lib/proto/debugger.go::struct::DebuggerStepInto	struct	missing		auto-generated
lib/proto/debugger.go::struct::DebuggerStepOut	struct	missing		auto-generated
lib/proto/debugger.go::struct::DebuggerStepOver	struct	missing		auto-generated
lib/proto/debugger.go::struct::DebuggerWasmDisassemblyChunk	struct	missing		auto-generated
lib/proto/debugger.go::type::DebuggerBreakLocationType	type	missing		auto-generated
lib/proto/debugger.go::type::DebuggerBreakpointID	type	missing		auto-generated
lib/proto/debugger.go::type::DebuggerCallFrameID	type	missing		auto-generated
lib/proto/debugger.go::type::DebuggerContinueToLocationTargetCallFrames	type	missing		auto-generated
lib/proto/debugger.go::type::DebuggerDebugSymbolsType	type	missing		auto-generated
lib/proto/debugger.go::type::DebuggerPausedReason	type	missing		auto-generated
lib/proto/debugger.go::type::DebuggerRestartFrameMode	type	missing		auto-generated
lib/proto/debugger.go::type::DebuggerScopeType	type	missing		auto-generated
lib/proto/debugger.go::type::DebuggerScriptLanguage	type	missing		auto-generated
lib/proto/debugger.go::type::DebuggerSetInstrumentationBreakpointInstrumentation	type	missing		auto-generated
lib/proto/debugger.go::type::DebuggerSetPauseOnExceptionsState	type	missing		auto-generated
lib/proto/debugger.go::type::DebuggerSetScriptSourceResultStatus	type	missing		auto-generated
lib/proto/definitions.go::const::Version	const	missing		auto-generated
lib/proto/device_access.go::method::DeviceAccessCancelPrompt.Call	method	missing		auto-generated
lib/proto/device_access.go::method::DeviceAccessCancelPrompt.ProtoReq	method	missing		auto-generated
lib/proto/device_access.go::method::DeviceAccessDeviceRequestPrompted.ProtoEvent	method	missing		auto-generated
lib/proto/device_access.go::method::DeviceAccessDisable.Call	method	missing		auto-generated
lib/proto/device_access.go::method::DeviceAccessDisable.ProtoReq	method	missing		auto-generated
lib/proto/device_access.go::method::DeviceAccessEnable.Call	method	missing		auto-generated
lib/proto/device_access.go::method::DeviceAccessEnable.ProtoReq	method	missing		auto-generated
lib/proto/device_access.go::method::DeviceAccessSelectPrompt.Call	method	missing		auto-generated
lib/proto/device_access.go::method::DeviceAccessSelectPrompt.ProtoReq	method	missing		auto-generated
lib/proto/device_access.go::struct::DeviceAccessCancelPrompt	struct	missing		auto-generated
lib/proto/device_access.go::struct::DeviceAccessDeviceRequestPrompted	struct	missing		auto-generated
lib/proto/device_access.go::struct::DeviceAccessDisable	struct	missing		auto-generated
lib/proto/device_access.go::struct::DeviceAccessEnable	struct	missing		auto-generated
lib/proto/device_access.go::struct::DeviceAccessPromptDevice	struct	missing		auto-generated
lib/proto/device_access.go::struct::DeviceAccessSelectPrompt	struct	missing		auto-generated
lib/proto/device_access.go::type::DeviceAccessDeviceID	type	missing		auto-generated
lib/proto/device_access.go::type::DeviceAccessRequestID	type	missing		auto-generated
lib/proto/device_orientation.go::method::DeviceOrientationClearDeviceOrientationOverride.Call	method	missing		auto-generated
lib/proto/device_orientation.go::method::DeviceOrientationClearDeviceOrientationOverride.ProtoReq	method	missing		auto-generated
lib/proto/device_orientation.go::method::DeviceOrientationSetDeviceOrientationOverride.Call	method	missing		auto-generated
lib/proto/device_orientation.go::method::DeviceOrientationSetDeviceOrientationOverride.ProtoReq	method	missing		auto-generated
lib/proto/device_orientation.go::struct::DeviceOrientationClearDeviceOrientationOverride	struct	missing		auto-generated
lib/proto/device_orientation.go::struct::DeviceOrientationSetDeviceOrientationOverride	struct	missing		auto-generated
lib/proto/dom.go::const::DOMCompatibilityModeLimitedQuirksMode	const	missing		auto-generated
lib/proto/dom.go::const::DOMCompatibilityModeNoQuirksMode	const	missing		auto-generated
lib/proto/dom.go::const::DOMCompatibilityModeQuirksMode	const	missing		auto-generated
lib/proto/dom.go::const::DOMEnableIncludeWhitespaceAll	const	missing		auto-generated
lib/proto/dom.go::const::DOMEnableIncludeWhitespaceNone	const	missing		auto-generated
lib/proto/dom.go::const::DOMGetElementByRelationRelationPopoverTarget	const	missing		auto-generated
lib/proto/dom.go::const::DOMLogicalAxesBlock	const	missing		auto-generated
lib/proto/dom.go::const::DOMLogicalAxesBoth	const	missing		auto-generated
lib/proto/dom.go::const::DOMLogicalAxesInline	const	missing		auto-generated
lib/proto/dom.go::const::DOMPhysicalAxesBoth	const	missing		auto-generated
lib/proto/dom.go::const::DOMPhysicalAxesHorizontal	const	missing		auto-generated
lib/proto/dom.go::const::DOMPhysicalAxesVertical	const	missing		auto-generated
lib/proto/dom.go::const::DOMPseudoTypeAfter	const	missing		auto-generated
lib/proto/dom.go::const::DOMPseudoTypeBackdrop	const	missing		auto-generated
lib/proto/dom.go::const::DOMPseudoTypeBefore	const	missing		auto-generated
lib/proto/dom.go::const::DOMPseudoTypeFirstLetter	const	missing		auto-generated
lib/proto/dom.go::const::DOMPseudoTypeFirstLine	const	missing		auto-generated
lib/proto/dom.go::const::DOMPseudoTypeFirstLineInherited	const	missing		auto-generated
lib/proto/dom.go::const::DOMPseudoTypeGrammarError	const	missing		auto-generated
lib/proto/dom.go::const::DOMPseudoTypeHighlight	const	missing		auto-generated
lib/proto/dom.go::const::DOMPseudoTypeInputListButton	const	missing		auto-generated
lib/proto/dom.go::const::DOMPseudoTypeMarker	const	missing		auto-generated
lib/proto/dom.go::const::DOMPseudoTypeResizer	const	missing		auto-generated
lib/proto/dom.go::const::DOMPseudoTypeScrollMarker	const	missing		auto-generated
lib/proto/dom.go::const::DOMPseudoTypeScrollMarkerGroup	const	missing		auto-generated
lib/proto/dom.go::const::DOMPseudoTypeScrollbar	const	missing		auto-generated
lib/proto/dom.go::const::DOMPseudoTypeScrollbarButton	const	missing		auto-generated
lib/proto/dom.go::const::DOMPseudoTypeScrollbarCorner	const	missing		auto-generated
lib/proto/dom.go::const::DOMPseudoTypeScrollbarThumb	const	missing		auto-generated
lib/proto/dom.go::const::DOMPseudoTypeScrollbarTrack	const	missing		auto-generated
lib/proto/dom.go::const::DOMPseudoTypeScrollbarTrackPiece	const	missing		auto-generated
lib/proto/dom.go::const::DOMPseudoTypeSearchText	const	missing		auto-generated
lib/proto/dom.go::const::DOMPseudoTypeSelection	const	missing		auto-generated
lib/proto/dom.go::const::DOMPseudoTypeSpellingError	const	missing		auto-generated
lib/proto/dom.go::const::DOMPseudoTypeTargetText	const	missing		auto-generated
lib/proto/dom.go::const::DOMPseudoTypeViewTransition	const	missing		auto-generated
lib/proto/dom.go::const::DOMPseudoTypeViewTransitionGroup	const	missing		auto-generated
lib/proto/dom.go::const::DOMPseudoTypeViewTransitionImagePair	const	missing		auto-generated
lib/proto/dom.go::const::DOMPseudoTypeViewTransitionNew	const	missing		auto-generated
lib/proto/dom.go::const::DOMPseudoTypeViewTransitionOld	const	missing		auto-generated
lib/proto/dom.go::const::DOMScrollOrientationHorizontal	const	missing		auto-generated
lib/proto/dom.go::const::DOMScrollOrientationVertical	const	missing		auto-generated
lib/proto/dom.go::const::DOMShadowRootTypeClosed	const	missing		auto-generated
lib/proto/dom.go::const::DOMShadowRootTypeOpen	const	missing		auto-generated
lib/proto/dom.go::const::DOMShadowRootTypeUserAgent	const	missing		auto-generated
lib/proto/dom.go::method::DOMAttributeModified.ProtoEvent	method	missing		auto-generated
lib/proto/dom.go::method::DOMAttributeRemoved.ProtoEvent	method	missing		auto-generated
lib/proto/dom.go::method::DOMCharacterDataModified.ProtoEvent	method	missing		auto-generated
lib/proto/dom.go::method::DOMChildNodeCountUpdated.ProtoEvent	method	missing		auto-generated
lib/proto/dom.go::method::DOMChildNodeInserted.ProtoEvent	method	missing		auto-generated
lib/proto/dom.go::method::DOMChildNodeRemoved.ProtoEvent	method	missing		auto-generated
lib/proto/dom.go::method::DOMCollectClassNamesFromSubtree.Call	method	missing		auto-generated
lib/proto/dom.go::method::DOMCollectClassNamesFromSubtree.ProtoReq	method	missing		auto-generated
lib/proto/dom.go::method::DOMCopyTo.Call	method	missing		auto-generated
lib/proto/dom.go::method::DOMCopyTo.ProtoReq	method	missing		auto-generated
lib/proto/dom.go::method::DOMDescribeNode.Call	method	missing		auto-generated
lib/proto/dom.go::method::DOMDescribeNode.ProtoReq	method	missing		auto-generated
lib/proto/dom.go::method::DOMDisable.Call	method	missing		auto-generated
lib/proto/dom.go::method::DOMDisable.ProtoReq	method	missing		auto-generated
lib/proto/dom.go::method::DOMDiscardSearchResults.Call	method	missing		auto-generated
lib/proto/dom.go::method::DOMDiscardSearchResults.ProtoReq	method	missing		auto-generated
lib/proto/dom.go::method::DOMDistributedNodesUpdated.ProtoEvent	method	missing		auto-generated
lib/proto/dom.go::method::DOMDocumentUpdated.ProtoEvent	method	missing		auto-generated
lib/proto/dom.go::method::DOMEnable.Call	method	missing		auto-generated
lib/proto/dom.go::method::DOMEnable.ProtoReq	method	missing		auto-generated
lib/proto/dom.go::method::DOMFocus.Call	method	missing		auto-generated
lib/proto/dom.go::method::DOMFocus.ProtoReq	method	missing		auto-generated
lib/proto/dom.go::method::DOMGetAnchorElement.Call	method	missing		auto-generated
lib/proto/dom.go::method::DOMGetAnchorElement.ProtoReq	method	missing		auto-generated
lib/proto/dom.go::method::DOMGetAttributes.Call	method	missing		auto-generated
lib/proto/dom.go::method::DOMGetAttributes.ProtoReq	method	missing		auto-generated
lib/proto/dom.go::method::DOMGetBoxModel.Call	method	missing		auto-generated
lib/proto/dom.go::method::DOMGetBoxModel.ProtoReq	method	missing		auto-generated
lib/proto/dom.go::method::DOMGetContainerForNode.Call	method	missing		auto-generated
lib/proto/dom.go::method::DOMGetContainerForNode.ProtoReq	method	missing		auto-generated
lib/proto/dom.go::method::DOMGetContentQuads.Call	method	missing		auto-generated
lib/proto/dom.go::method::DOMGetContentQuads.ProtoReq	method	missing		auto-generated
lib/proto/dom.go::method::DOMGetDocument.Call	method	missing		auto-generated
lib/proto/dom.go::method::DOMGetDocument.ProtoReq	method	missing		auto-generated
lib/proto/dom.go::method::DOMGetElementByRelation.Call	method	missing		auto-generated
lib/proto/dom.go::method::DOMGetElementByRelation.ProtoReq	method	missing		auto-generated
lib/proto/dom.go::method::DOMGetFileInfo.Call	method	missing		auto-generated
lib/proto/dom.go::method::DOMGetFileInfo.ProtoReq	method	missing		auto-generated
lib/proto/dom.go::method::DOMGetFlattenedDocument.Call	method	missing		auto-generated
lib/proto/dom.go::method::DOMGetFlattenedDocument.ProtoReq	method	missing		auto-generated
lib/proto/dom.go::method::DOMGetFrameOwner.Call	method	missing		auto-generated
lib/proto/dom.go::method::DOMGetFrameOwner.ProtoReq	method	missing		auto-generated
lib/proto/dom.go::method::DOMGetNodeForLocation.Call	method	missing		auto-generated
lib/proto/dom.go::method::DOMGetNodeForLocation.ProtoReq	method	missing		auto-generated
lib/proto/dom.go::method::DOMGetNodeStackTraces.Call	method	missing		auto-generated
lib/proto/dom.go::method::DOMGetNodeStackTraces.ProtoReq	method	missing		auto-generated
lib/proto/dom.go::method::DOMGetNodesForSubtreeByStyle.Call	method	missing		auto-generated
lib/proto/dom.go::method::DOMGetNodesForSubtreeByStyle.ProtoReq	method	missing		auto-generated
lib/proto/dom.go::method::DOMGetOuterHTML.Call	method	missing		auto-generated
lib/proto/dom.go::method::DOMGetOuterHTML.ProtoReq	method	missing		auto-generated
lib/proto/dom.go::method::DOMGetQueryingDescendantsForContainer.Call	method	missing		auto-generated
lib/proto/dom.go::method::DOMGetQueryingDescendantsForContainer.ProtoReq	method	missing		auto-generated
lib/proto/dom.go::method::DOMGetRelayoutBoundary.Call	method	missing		auto-generated
lib/proto/dom.go::method::DOMGetRelayoutBoundary.ProtoReq	method	missing		auto-generated
lib/proto/dom.go::method::DOMGetSearchResults.Call	method	missing		auto-generated
lib/proto/dom.go::method::DOMGetSearchResults.ProtoReq	method	missing		auto-generated
lib/proto/dom.go::method::DOMGetTopLayerElements.Call	method	missing		auto-generated
lib/proto/dom.go::method::DOMGetTopLayerElements.ProtoReq	method	missing		auto-generated
lib/proto/dom.go::method::DOMHideHighlight.Call	method	missing		auto-generated
lib/proto/dom.go::method::DOMHideHighlight.ProtoReq	method	missing		auto-generated
lib/proto/dom.go::method::DOMHighlightNode.Call	method	missing		auto-generated
lib/proto/dom.go::method::DOMHighlightNode.ProtoReq	method	missing		auto-generated
lib/proto/dom.go::method::DOMHighlightRect.Call	method	missing		auto-generated
lib/proto/dom.go::method::DOMHighlightRect.ProtoReq	method	missing		auto-generated
lib/proto/dom.go::method::DOMInlineStyleInvalidated.ProtoEvent	method	missing		auto-generated
lib/proto/dom.go::method::DOMMarkUndoableState.Call	method	missing		auto-generated
lib/proto/dom.go::method::DOMMarkUndoableState.ProtoReq	method	missing		auto-generated
lib/proto/dom.go::method::DOMMoveTo.Call	method	missing		auto-generated
lib/proto/dom.go::method::DOMMoveTo.ProtoReq	method	missing		auto-generated
lib/proto/dom.go::method::DOMPerformSearch.Call	method	missing		auto-generated
lib/proto/dom.go::method::DOMPerformSearch.ProtoReq	method	missing		auto-generated
lib/proto/dom.go::method::DOMPseudoElementAdded.ProtoEvent	method	missing		auto-generated
lib/proto/dom.go::method::DOMPseudoElementRemoved.ProtoEvent	method	missing		auto-generated
lib/proto/dom.go::method::DOMPushNodeByPathToFrontend.Call	method	missing		auto-generated
lib/proto/dom.go::method::DOMPushNodeByPathToFrontend.ProtoReq	method	missing		auto-generated
lib/proto/dom.go::method::DOMPushNodesByBackendIDsToFrontend.Call	method	missing		auto-generated
lib/proto/dom.go::method::DOMPushNodesByBackendIDsToFrontend.ProtoReq	method	missing		auto-generated
lib/proto/dom.go::method::DOMQuerySelector.Call	method	missing		auto-generated
lib/proto/dom.go::method::DOMQuerySelector.ProtoReq	method	missing		auto-generated
lib/proto/dom.go::method::DOMQuerySelectorAll.Call	method	missing		auto-generated
lib/proto/dom.go::method::DOMQuerySelectorAll.ProtoReq	method	missing		auto-generated
lib/proto/dom.go::method::DOMRedo.Call	method	missing		auto-generated
lib/proto/dom.go::method::DOMRedo.ProtoReq	method	missing		auto-generated
lib/proto/dom.go::method::DOMRemoveAttribute.Call	method	missing		auto-generated
lib/proto/dom.go::method::DOMRemoveAttribute.ProtoReq	method	missing		auto-generated
lib/proto/dom.go::method::DOMRemoveNode.Call	method	missing		auto-generated
lib/proto/dom.go::method::DOMRemoveNode.ProtoReq	method	missing		auto-generated
lib/proto/dom.go::method::DOMRequestChildNodes.Call	method	missing		auto-generated
lib/proto/dom.go::method::DOMRequestChildNodes.ProtoReq	method	missing		auto-generated
lib/proto/dom.go::method::DOMRequestNode.Call	method	missing		auto-generated
lib/proto/dom.go::method::DOMRequestNode.ProtoReq	method	missing		auto-generated
lib/proto/dom.go::method::DOMResolveNode.Call	method	missing		auto-generated
lib/proto/dom.go::method::DOMResolveNode.ProtoReq	method	missing		auto-generated
lib/proto/dom.go::method::DOMScrollIntoViewIfNeeded.Call	method	missing		auto-generated
lib/proto/dom.go::method::DOMScrollIntoViewIfNeeded.ProtoReq	method	missing		auto-generated
lib/proto/dom.go::method::DOMSetAttributeValue.Call	method	missing		auto-generated
lib/proto/dom.go::method::DOMSetAttributeValue.ProtoReq	method	missing		auto-generated
lib/proto/dom.go::method::DOMSetAttributesAsText.Call	method	missing		auto-generated
lib/proto/dom.go::method::DOMSetAttributesAsText.ProtoReq	method	missing		auto-generated
lib/proto/dom.go::method::DOMSetChildNodes.ProtoEvent	method	missing		auto-generated
lib/proto/dom.go::method::DOMSetFileInputFiles.Call	method	missing		auto-generated
lib/proto/dom.go::method::DOMSetFileInputFiles.ProtoReq	method	missing		auto-generated
lib/proto/dom.go::method::DOMSetInspectedNode.Call	method	missing		auto-generated
lib/proto/dom.go::method::DOMSetInspectedNode.ProtoReq	method	missing		auto-generated
lib/proto/dom.go::method::DOMSetNodeName.Call	method	missing		auto-generated
lib/proto/dom.go::method::DOMSetNodeName.ProtoReq	method	missing		auto-generated
lib/proto/dom.go::method::DOMSetNodeStackTracesEnabled.Call	method	missing		auto-generated
lib/proto/dom.go::method::DOMSetNodeStackTracesEnabled.ProtoReq	method	missing		auto-generated
lib/proto/dom.go::method::DOMSetNodeValue.Call	method	missing		auto-generated
lib/proto/dom.go::method::DOMSetNodeValue.ProtoReq	method	missing		auto-generated
lib/proto/dom.go::method::DOMSetOuterHTML.Call	method	missing		auto-generated
lib/proto/dom.go::method::DOMSetOuterHTML.ProtoReq	method	missing		auto-generated
lib/proto/dom.go::method::DOMShadowRootPopped.ProtoEvent	method	missing		auto-generated
lib/proto/dom.go::method::DOMShadowRootPushed.ProtoEvent	method	missing		auto-generated
lib/proto/dom.go::method::DOMTopLayerElementsUpdated.ProtoEvent	method	missing		auto-generated
lib/proto/dom.go::method::DOMUndo.Call	method	missing		auto-generated
lib/proto/dom.go::method::DOMUndo.ProtoReq	method	missing		auto-generated
lib/proto/dom.go::struct::DOMAttributeModified	struct	missing		auto-generated
lib/proto/dom.go::struct::DOMAttributeRemoved	struct	missing		auto-generated
lib/proto/dom.go::struct::DOMBackendNode	struct	missing		auto-generated
lib/proto/dom.go::struct::DOMBoxModel	struct	missing		auto-generated
lib/proto/dom.go::struct::DOMCSSComputedStyleProperty	struct	missing		auto-generated
lib/proto/dom.go::struct::DOMCharacterDataModified	struct	missing		auto-generated
lib/proto/dom.go::struct::DOMChildNodeCountUpdated	struct	missing		auto-generated
lib/proto/dom.go::struct::DOMChildNodeInserted	struct	missing		auto-generated
lib/proto/dom.go::struct::DOMChildNodeRemoved	struct	missing		auto-generated
lib/proto/dom.go::struct::DOMCollectClassNamesFromSubtree	struct	missing		auto-generated
lib/proto/dom.go::struct::DOMCollectClassNamesFromSubtreeResult	struct	missing		auto-generated
lib/proto/dom.go::struct::DOMCopyTo	struct	missing		auto-generated
lib/proto/dom.go::struct::DOMCopyToResult	struct	missing		auto-generated
lib/proto/dom.go::struct::DOMDescribeNode	struct	missing		auto-generated
lib/proto/dom.go::struct::DOMDescribeNodeResult	struct	missing		auto-generated
lib/proto/dom.go::struct::DOMDisable	struct	missing		auto-generated
lib/proto/dom.go::struct::DOMDiscardSearchResults	struct	missing		auto-generated
lib/proto/dom.go::struct::DOMDistributedNodesUpdated	struct	missing		auto-generated
lib/proto/dom.go::struct::DOMDocumentUpdated	struct	missing		auto-generated
lib/proto/dom.go::struct::DOMEnable	struct	missing		auto-generated
lib/proto/dom.go::struct::DOMFocus	struct	missing		auto-generated
lib/proto/dom.go::struct::DOMGetAnchorElement	struct	missing		auto-generated
lib/proto/dom.go::struct::DOMGetAnchorElementResult	struct	missing		auto-generated
lib/proto/dom.go::struct::DOMGetAttributes	struct	missing		auto-generated
lib/proto/dom.go::struct::DOMGetAttributesResult	struct	missing		auto-generated
lib/proto/dom.go::struct::DOMGetBoxModel	struct	missing		auto-generated
lib/proto/dom.go::struct::DOMGetBoxModelResult	struct	missing		auto-generated
lib/proto/dom.go::struct::DOMGetContainerForNode	struct	missing		auto-generated
lib/proto/dom.go::struct::DOMGetContainerForNodeResult	struct	missing		auto-generated
lib/proto/dom.go::struct::DOMGetContentQuads	struct	missing		auto-generated
lib/proto/dom.go::struct::DOMGetContentQuadsResult	struct	missing		auto-generated
lib/proto/dom.go::struct::DOMGetDocument	struct	missing		auto-generated
lib/proto/dom.go::struct::DOMGetDocumentResult	struct	missing		auto-generated
lib/proto/dom.go::struct::DOMGetElementByRelation	struct	missing		auto-generated
lib/proto/dom.go::struct::DOMGetElementByRelationResult	struct	missing		auto-generated
lib/proto/dom.go::struct::DOMGetFileInfo	struct	missing		auto-generated
lib/proto/dom.go::struct::DOMGetFileInfoResult	struct	missing		auto-generated
lib/proto/dom.go::struct::DOMGetFlattenedDocument	struct	missing		auto-generated
lib/proto/dom.go::struct::DOMGetFlattenedDocumentResult	struct	missing		auto-generated
lib/proto/dom.go::struct::DOMGetFrameOwner	struct	missing		auto-generated
lib/proto/dom.go::struct::DOMGetFrameOwnerResult	struct	missing		auto-generated
lib/proto/dom.go::struct::DOMGetNodeForLocation	struct	missing		auto-generated
lib/proto/dom.go::struct::DOMGetNodeForLocationResult	struct	missing		auto-generated
lib/proto/dom.go::struct::DOMGetNodeStackTraces	struct	missing		auto-generated
lib/proto/dom.go::struct::DOMGetNodeStackTracesResult	struct	missing		auto-generated
lib/proto/dom.go::struct::DOMGetNodesForSubtreeByStyle	struct	missing		auto-generated
lib/proto/dom.go::struct::DOMGetNodesForSubtreeByStyleResult	struct	missing		auto-generated
lib/proto/dom.go::struct::DOMGetOuterHTML	struct	missing		auto-generated
lib/proto/dom.go::struct::DOMGetOuterHTMLResult	struct	missing		auto-generated
lib/proto/dom.go::struct::DOMGetQueryingDescendantsForContainer	struct	missing		auto-generated
lib/proto/dom.go::struct::DOMGetQueryingDescendantsForContainerResult	struct	missing		auto-generated
lib/proto/dom.go::struct::DOMGetRelayoutBoundary	struct	missing		auto-generated
lib/proto/dom.go::struct::DOMGetRelayoutBoundaryResult	struct	missing		auto-generated
lib/proto/dom.go::struct::DOMGetSearchResults	struct	missing		auto-generated
lib/proto/dom.go::struct::DOMGetSearchResultsResult	struct	missing		auto-generated
lib/proto/dom.go::struct::DOMGetTopLayerElements	struct	missing		auto-generated
lib/proto/dom.go::struct::DOMGetTopLayerElementsResult	struct	missing		auto-generated
lib/proto/dom.go::struct::DOMHideHighlight	struct	missing		auto-generated
lib/proto/dom.go::struct::DOMHighlightNode	struct	missing		auto-generated
lib/proto/dom.go::struct::DOMHighlightRect	struct	missing		auto-generated
lib/proto/dom.go::struct::DOMInlineStyleInvalidated	struct	missing		auto-generated
lib/proto/dom.go::struct::DOMMarkUndoableState	struct	missing		auto-generated
lib/proto/dom.go::struct::DOMMoveTo	struct	missing		auto-generated
lib/proto/dom.go::struct::DOMMoveToResult	struct	missing		auto-generated
lib/proto/dom.go::struct::DOMNode	struct	missing		auto-generated
lib/proto/dom.go::struct::DOMPerformSearch	struct	missing		auto-generated
lib/proto/dom.go::struct::DOMPerformSearchResult	struct	missing		auto-generated
lib/proto/dom.go::struct::DOMPseudoElementAdded	struct	missing		auto-generated
lib/proto/dom.go::struct::DOMPseudoElementRemoved	struct	missing		auto-generated
lib/proto/dom.go::struct::DOMPushNodeByPathToFrontend	struct	missing		auto-generated
lib/proto/dom.go::struct::DOMPushNodeByPathToFrontendResult	struct	missing		auto-generated
lib/proto/dom.go::struct::DOMPushNodesByBackendIDsToFrontend	struct	missing		auto-generated
lib/proto/dom.go::struct::DOMPushNodesByBackendIDsToFrontendResult	struct	missing		auto-generated
lib/proto/dom.go::struct::DOMQuerySelector	struct	missing		auto-generated
lib/proto/dom.go::struct::DOMQuerySelectorAll	struct	missing		auto-generated
lib/proto/dom.go::struct::DOMQuerySelectorAllResult	struct	missing		auto-generated
lib/proto/dom.go::struct::DOMQuerySelectorResult	struct	missing		auto-generated
lib/proto/dom.go::struct::DOMRGBA	struct	missing		auto-generated
lib/proto/dom.go::struct::DOMRect	struct	missing		auto-generated
lib/proto/dom.go::struct::DOMRedo	struct	missing		auto-generated
lib/proto/dom.go::struct::DOMRemoveAttribute	struct	missing		auto-generated
lib/proto/dom.go::struct::DOMRemoveNode	struct	missing		auto-generated
lib/proto/dom.go::struct::DOMRequestChildNodes	struct	missing		auto-generated
lib/proto/dom.go::struct::DOMRequestNode	struct	missing		auto-generated
lib/proto/dom.go::struct::DOMRequestNodeResult	struct	missing		auto-generated
lib/proto/dom.go::struct::DOMResolveNode	struct	missing		auto-generated
lib/proto/dom.go::struct::DOMResolveNodeResult	struct	missing		auto-generated
lib/proto/dom.go::struct::DOMScrollIntoViewIfNeeded	struct	missing		auto-generated
lib/proto/dom.go::struct::DOMSetAttributeValue	struct	missing		auto-generated
lib/proto/dom.go::struct::DOMSetAttributesAsText	struct	missing		auto-generated
lib/proto/dom.go::struct::DOMSetChildNodes	struct	missing		auto-generated
lib/proto/dom.go::struct::DOMSetFileInputFiles	struct	missing		auto-generated
lib/proto/dom.go::struct::DOMSetInspectedNode	struct	missing		auto-generated
lib/proto/dom.go::struct::DOMSetNodeName	struct	missing		auto-generated
lib/proto/dom.go::struct::DOMSetNodeNameResult	struct	missing		auto-generated
lib/proto/dom.go::struct::DOMSetNodeStackTracesEnabled	struct	missing		auto-generated
lib/proto/dom.go::struct::DOMSetNodeValue	struct	missing		auto-generated
lib/proto/dom.go::struct::DOMSetOuterHTML	struct	missing		auto-generated
lib/proto/dom.go::struct::DOMShadowRootPopped	struct	missing		auto-generated
lib/proto/dom.go::struct::DOMShadowRootPushed	struct	missing		auto-generated
lib/proto/dom.go::struct::DOMShapeOutsideInfo	struct	missing		auto-generated
lib/proto/dom.go::struct::DOMTopLayerElementsUpdated	struct	missing		auto-generated
lib/proto/dom.go::struct::DOMUndo	struct	missing		auto-generated
lib/proto/dom.go::type::DOMBackendNodeID	type	missing		auto-generated
lib/proto/dom.go::type::DOMCompatibilityMode	type	missing		auto-generated
lib/proto/dom.go::type::DOMEnableIncludeWhitespace	type	missing		auto-generated
lib/proto/dom.go::type::DOMGetElementByRelationRelation	type	missing		auto-generated
lib/proto/dom.go::type::DOMLogicalAxes	type	missing		auto-generated
lib/proto/dom.go::type::DOMNodeID	type	missing		auto-generated
lib/proto/dom.go::type::DOMPhysicalAxes	type	missing		auto-generated
lib/proto/dom.go::type::DOMPseudoType	type	missing		auto-generated
lib/proto/dom.go::type::DOMQuad	type	missing		auto-generated
lib/proto/dom.go::type::DOMScrollOrientation	type	missing		auto-generated
lib/proto/dom.go::type::DOMShadowRootType	type	missing		auto-generated
lib/proto/dom_debugger.go::const::DOMDebuggerCSPViolationTypeTrustedtypePolicyViolation	const	missing		auto-generated
lib/proto/dom_debugger.go::const::DOMDebuggerCSPViolationTypeTrustedtypeSinkViolation	const	missing		auto-generated
lib/proto/dom_debugger.go::const::DOMDebuggerDOMBreakpointTypeAttributeModified	const	missing		auto-generated
lib/proto/dom_debugger.go::const::DOMDebuggerDOMBreakpointTypeNodeRemoved	const	missing		auto-generated
lib/proto/dom_debugger.go::const::DOMDebuggerDOMBreakpointTypeSubtreeModified	const	missing		auto-generated
lib/proto/dom_debugger.go::method::DOMDebuggerGetEventListeners.Call	method	missing		auto-generated
lib/proto/dom_debugger.go::method::DOMDebuggerGetEventListeners.ProtoReq	method	missing		auto-generated
lib/proto/dom_debugger.go::method::DOMDebuggerRemoveDOMBreakpoint.Call	method	missing		auto-generated
lib/proto/dom_debugger.go::method::DOMDebuggerRemoveDOMBreakpoint.ProtoReq	method	missing		auto-generated
lib/proto/dom_debugger.go::method::DOMDebuggerRemoveEventListenerBreakpoint.Call	method	missing		auto-generated
lib/proto/dom_debugger.go::method::DOMDebuggerRemoveEventListenerBreakpoint.ProtoReq	method	missing		auto-generated
lib/proto/dom_debugger.go::method::DOMDebuggerRemoveInstrumentationBreakpoint.Call	method	missing		auto-generated
lib/proto/dom_debugger.go::method::DOMDebuggerRemoveInstrumentationBreakpoint.ProtoReq	method	missing		auto-generated
lib/proto/dom_debugger.go::method::DOMDebuggerRemoveXHRBreakpoint.Call	method	missing		auto-generated
lib/proto/dom_debugger.go::method::DOMDebuggerRemoveXHRBreakpoint.ProtoReq	method	missing		auto-generated
lib/proto/dom_debugger.go::method::DOMDebuggerSetBreakOnCSPViolation.Call	method	missing		auto-generated
lib/proto/dom_debugger.go::method::DOMDebuggerSetBreakOnCSPViolation.ProtoReq	method	missing		auto-generated
lib/proto/dom_debugger.go::method::DOMDebuggerSetDOMBreakpoint.Call	method	missing		auto-generated
lib/proto/dom_debugger.go::method::DOMDebuggerSetDOMBreakpoint.ProtoReq	method	missing		auto-generated
lib/proto/dom_debugger.go::method::DOMDebuggerSetEventListenerBreakpoint.Call	method	missing		auto-generated
lib/proto/dom_debugger.go::method::DOMDebuggerSetEventListenerBreakpoint.ProtoReq	method	missing		auto-generated
lib/proto/dom_debugger.go::method::DOMDebuggerSetInstrumentationBreakpoint.Call	method	missing		auto-generated
lib/proto/dom_debugger.go::method::DOMDebuggerSetInstrumentationBreakpoint.ProtoReq	method	missing		auto-generated
lib/proto/dom_debugger.go::method::DOMDebuggerSetXHRBreakpoint.Call	method	missing		auto-generated
lib/proto/dom_debugger.go::method::DOMDebuggerSetXHRBreakpoint.ProtoReq	method	missing		auto-generated
lib/proto/dom_debugger.go::struct::DOMDebuggerEventListener	struct	missing		auto-generated
lib/proto/dom_debugger.go::struct::DOMDebuggerGetEventListeners	struct	missing		auto-generated
lib/proto/dom_debugger.go::struct::DOMDebuggerGetEventListenersResult	struct	missing		auto-generated
lib/proto/dom_debugger.go::struct::DOMDebuggerRemoveDOMBreakpoint	struct	missing		auto-generated
lib/proto/dom_debugger.go::struct::DOMDebuggerRemoveEventListenerBreakpoint	struct	missing		auto-generated
lib/proto/dom_debugger.go::struct::DOMDebuggerRemoveInstrumentationBreakpoint	struct	missing		auto-generated
lib/proto/dom_debugger.go::struct::DOMDebuggerRemoveXHRBreakpoint	struct	missing		auto-generated
lib/proto/dom_debugger.go::struct::DOMDebuggerSetBreakOnCSPViolation	struct	missing		auto-generated
lib/proto/dom_debugger.go::struct::DOMDebuggerSetDOMBreakpoint	struct	missing		auto-generated
lib/proto/dom_debugger.go::struct::DOMDebuggerSetEventListenerBreakpoint	struct	missing		auto-generated
lib/proto/dom_debugger.go::struct::DOMDebuggerSetInstrumentationBreakpoint	struct	missing		auto-generated
lib/proto/dom_debugger.go::struct::DOMDebuggerSetXHRBreakpoint	struct	missing		auto-generated
lib/proto/dom_debugger.go::type::DOMDebuggerCSPViolationType	type	missing		auto-generated
lib/proto/dom_debugger.go::type::DOMDebuggerDOMBreakpointType	type	missing		auto-generated
lib/proto/dom_snapshot.go::method::DOMSnapshotCaptureSnapshot.Call	method	missing		auto-generated
lib/proto/dom_snapshot.go::method::DOMSnapshotCaptureSnapshot.ProtoReq	method	missing		auto-generated
lib/proto/dom_snapshot.go::method::DOMSnapshotDisable.Call	method	missing		auto-generated
lib/proto/dom_snapshot.go::method::DOMSnapshotDisable.ProtoReq	method	missing		auto-generated
lib/proto/dom_snapshot.go::method::DOMSnapshotEnable.Call	method	missing		auto-generated
lib/proto/dom_snapshot.go::method::DOMSnapshotEnable.ProtoReq	method	missing		auto-generated
lib/proto/dom_snapshot.go::method::DOMSnapshotGetSnapshot.Call	method	missing		auto-generated
lib/proto/dom_snapshot.go::method::DOMSnapshotGetSnapshot.ProtoReq	method	missing		auto-generated
lib/proto/dom_snapshot.go::struct::DOMSnapshotCaptureSnapshot	struct	missing		auto-generated
lib/proto/dom_snapshot.go::struct::DOMSnapshotCaptureSnapshotResult	struct	missing		auto-generated
lib/proto/dom_snapshot.go::struct::DOMSnapshotComputedStyle	struct	missing		auto-generated
lib/proto/dom_snapshot.go::struct::DOMSnapshotDOMNode	struct	missing		auto-generated
lib/proto/dom_snapshot.go::struct::DOMSnapshotDisable	struct	missing		auto-generated
lib/proto/dom_snapshot.go::struct::DOMSnapshotDocumentSnapshot	struct	missing		auto-generated
lib/proto/dom_snapshot.go::struct::DOMSnapshotEnable	struct	missing		auto-generated
lib/proto/dom_snapshot.go::struct::DOMSnapshotGetSnapshot	struct	missing		auto-generated
lib/proto/dom_snapshot.go::struct::DOMSnapshotGetSnapshotResult	struct	missing		auto-generated
lib/proto/dom_snapshot.go::struct::DOMSnapshotInlineTextBox	struct	missing		auto-generated
lib/proto/dom_snapshot.go::struct::DOMSnapshotLayoutTreeNode	struct	missing		auto-generated
lib/proto/dom_snapshot.go::struct::DOMSnapshotLayoutTreeSnapshot	struct	missing		auto-generated
lib/proto/dom_snapshot.go::struct::DOMSnapshotNameValue	struct	missing		auto-generated
lib/proto/dom_snapshot.go::struct::DOMSnapshotNodeTreeSnapshot	struct	missing		auto-generated
lib/proto/dom_snapshot.go::struct::DOMSnapshotRareBooleanData	struct	missing		auto-generated
lib/proto/dom_snapshot.go::struct::DOMSnapshotRareIntegerData	struct	missing		auto-generated
lib/proto/dom_snapshot.go::struct::DOMSnapshotRareStringData	struct	missing		auto-generated
lib/proto/dom_snapshot.go::struct::DOMSnapshotTextBoxSnapshot	struct	missing		auto-generated
lib/proto/dom_snapshot.go::type::DOMSnapshotArrayOfStrings	type	missing		auto-generated
lib/proto/dom_snapshot.go::type::DOMSnapshotRectangle	type	missing		auto-generated
lib/proto/dom_snapshot.go::type::DOMSnapshotStringIndex	type	missing		auto-generated
lib/proto/dom_storage.go::method::DOMStorageClear.Call	method	missing		auto-generated
lib/proto/dom_storage.go::method::DOMStorageClear.ProtoReq	method	missing		auto-generated
lib/proto/dom_storage.go::method::DOMStorageDisable.Call	method	missing		auto-generated
lib/proto/dom_storage.go::method::DOMStorageDisable.ProtoReq	method	missing		auto-generated
lib/proto/dom_storage.go::method::DOMStorageDomStorageItemAdded.ProtoEvent	method	missing		auto-generated
lib/proto/dom_storage.go::method::DOMStorageDomStorageItemRemoved.ProtoEvent	method	missing		auto-generated
lib/proto/dom_storage.go::method::DOMStorageDomStorageItemUpdated.ProtoEvent	method	missing		auto-generated
lib/proto/dom_storage.go::method::DOMStorageDomStorageItemsCleared.ProtoEvent	method	missing		auto-generated
lib/proto/dom_storage.go::method::DOMStorageEnable.Call	method	missing		auto-generated
lib/proto/dom_storage.go::method::DOMStorageEnable.ProtoReq	method	missing		auto-generated
lib/proto/dom_storage.go::method::DOMStorageGetDOMStorageItems.Call	method	missing		auto-generated
lib/proto/dom_storage.go::method::DOMStorageGetDOMStorageItems.ProtoReq	method	missing		auto-generated
lib/proto/dom_storage.go::method::DOMStorageRemoveDOMStorageItem.Call	method	missing		auto-generated
lib/proto/dom_storage.go::method::DOMStorageRemoveDOMStorageItem.ProtoReq	method	missing		auto-generated
lib/proto/dom_storage.go::method::DOMStorageSetDOMStorageItem.Call	method	missing		auto-generated
lib/proto/dom_storage.go::method::DOMStorageSetDOMStorageItem.ProtoReq	method	missing		auto-generated
lib/proto/dom_storage.go::struct::DOMStorageClear	struct	missing		auto-generated
lib/proto/dom_storage.go::struct::DOMStorageDisable	struct	missing		auto-generated
lib/proto/dom_storage.go::struct::DOMStorageDomStorageItemAdded	struct	missing		auto-generated
lib/proto/dom_storage.go::struct::DOMStorageDomStorageItemRemoved	struct	missing		auto-generated
lib/proto/dom_storage.go::struct::DOMStorageDomStorageItemUpdated	struct	missing		auto-generated
lib/proto/dom_storage.go::struct::DOMStorageDomStorageItemsCleared	struct	missing		auto-generated
lib/proto/dom_storage.go::struct::DOMStorageEnable	struct	missing		auto-generated
lib/proto/dom_storage.go::struct::DOMStorageGetDOMStorageItems	struct	missing		auto-generated
lib/proto/dom_storage.go::struct::DOMStorageGetDOMStorageItemsResult	struct	missing		auto-generated
lib/proto/dom_storage.go::struct::DOMStorageRemoveDOMStorageItem	struct	missing		auto-generated
lib/proto/dom_storage.go::struct::DOMStorageSetDOMStorageItem	struct	missing		auto-generated
lib/proto/dom_storage.go::struct::DOMStorageStorageID	struct	missing		auto-generated
lib/proto/dom_storage.go::type::DOMStorageItem	type	missing		auto-generated
lib/proto/dom_storage.go::type::DOMStorageSerializedStorageKey	type	missing		auto-generated
lib/proto/emulation.go::const::EmulationDevicePostureTypeContinuous	const	missing		auto-generated
lib/proto/emulation.go::const::EmulationDevicePostureTypeFolded	const	missing		auto-generated
lib/proto/emulation.go::const::EmulationDisabledImageTypeAvif	const	missing		auto-generated
lib/proto/emulation.go::const::EmulationDisabledImageTypeWebp	const	missing		auto-generated
lib/proto/emulation.go::const::EmulationDisplayFeatureOrientationHorizontal	const	missing		auto-generated
lib/proto/emulation.go::const::EmulationDisplayFeatureOrientationVertical	const	missing		auto-generated
lib/proto/emulation.go::const::EmulationScreenOrientationTypeLandscapePrimary	const	missing		auto-generated
lib/proto/emulation.go::const::EmulationScreenOrientationTypeLandscapeSecondary	const	missing		auto-generated
lib/proto/emulation.go::const::EmulationScreenOrientationTypePortraitPrimary	const	missing		auto-generated
lib/proto/emulation.go::const::EmulationScreenOrientationTypePortraitSecondary	const	missing		auto-generated
lib/proto/emulation.go::const::EmulationSensorTypeAbsoluteOrientation	const	missing		auto-generated
lib/proto/emulation.go::const::EmulationSensorTypeAccelerometer	const	missing		auto-generated
lib/proto/emulation.go::const::EmulationSensorTypeAmbientLight	const	missing		auto-generated
lib/proto/emulation.go::const::EmulationSensorTypeGravity	const	missing		auto-generated
lib/proto/emulation.go::const::EmulationSensorTypeGyroscope	const	missing		auto-generated
lib/proto/emulation.go::const::EmulationSensorTypeLinearAcceleration	const	missing		auto-generated
lib/proto/emulation.go::const::EmulationSensorTypeMagnetometer	const	missing		auto-generated
lib/proto/emulation.go::const::EmulationSensorTypeProximity	const	missing		auto-generated
lib/proto/emulation.go::const::EmulationSensorTypeRelativeOrientation	const	missing		auto-generated
lib/proto/emulation.go::const::EmulationSetEmitTouchEventsForMouseConfigurationDesktop	const	missing		auto-generated
lib/proto/emulation.go::const::EmulationSetEmitTouchEventsForMouseConfigurationMobile	const	missing		auto-generated
lib/proto/emulation.go::const::EmulationSetEmulatedVisionDeficiencyTypeAchromatopsia	const	missing		auto-generated
lib/proto/emulation.go::const::EmulationSetEmulatedVisionDeficiencyTypeBlurredVision	const	missing		auto-generated
lib/proto/emulation.go::const::EmulationSetEmulatedVisionDeficiencyTypeDeuteranopia	const	missing		auto-generated
lib/proto/emulation.go::const::EmulationSetEmulatedVisionDeficiencyTypeNone	const	missing		auto-generated
lib/proto/emulation.go::const::EmulationSetEmulatedVisionDeficiencyTypeProtanopia	const	missing		auto-generated
lib/proto/emulation.go::const::EmulationSetEmulatedVisionDeficiencyTypeReducedContrast	const	missing		auto-generated
lib/proto/emulation.go::const::EmulationSetEmulatedVisionDeficiencyTypeTritanopia	const	missing		auto-generated
lib/proto/emulation.go::const::EmulationVirtualTimePolicyAdvance	const	missing		auto-generated
lib/proto/emulation.go::const::EmulationVirtualTimePolicyPause	const	missing		auto-generated
lib/proto/emulation.go::const::EmulationVirtualTimePolicyPauseIfNetworkFetchesPending	const	missing		auto-generated
lib/proto/emulation.go::method::EmulationCanEmulate.Call	method	missing		auto-generated
lib/proto/emulation.go::method::EmulationCanEmulate.ProtoReq	method	missing		auto-generated
lib/proto/emulation.go::method::EmulationClearDeviceMetricsOverride.Call	method	missing		auto-generated
lib/proto/emulation.go::method::EmulationClearDeviceMetricsOverride.ProtoReq	method	missing		auto-generated
lib/proto/emulation.go::method::EmulationClearDevicePostureOverride.Call	method	missing		auto-generated
lib/proto/emulation.go::method::EmulationClearDevicePostureOverride.ProtoReq	method	missing		auto-generated
lib/proto/emulation.go::method::EmulationClearGeolocationOverride.Call	method	missing		auto-generated
lib/proto/emulation.go::method::EmulationClearGeolocationOverride.ProtoReq	method	missing		auto-generated
lib/proto/emulation.go::method::EmulationClearIdleOverride.Call	method	missing		auto-generated
lib/proto/emulation.go::method::EmulationClearIdleOverride.ProtoReq	method	missing		auto-generated
lib/proto/emulation.go::method::EmulationGetOverriddenSensorInformation.Call	method	missing		auto-generated
lib/proto/emulation.go::method::EmulationGetOverriddenSensorInformation.ProtoReq	method	missing		auto-generated
lib/proto/emulation.go::method::EmulationResetPageScaleFactor.Call	method	missing		auto-generated
lib/proto/emulation.go::method::EmulationResetPageScaleFactor.ProtoReq	method	missing		auto-generated
lib/proto/emulation.go::method::EmulationSetAutoDarkModeOverride.Call	method	missing		auto-generated
lib/proto/emulation.go::method::EmulationSetAutoDarkModeOverride.ProtoReq	method	missing		auto-generated
lib/proto/emulation.go::method::EmulationSetAutomationOverride.Call	method	missing		auto-generated
lib/proto/emulation.go::method::EmulationSetAutomationOverride.ProtoReq	method	missing		auto-generated
lib/proto/emulation.go::method::EmulationSetCPUThrottlingRate.Call	method	missing		auto-generated
lib/proto/emulation.go::method::EmulationSetCPUThrottlingRate.ProtoReq	method	missing		auto-generated
lib/proto/emulation.go::method::EmulationSetDefaultBackgroundColorOverride.Call	method	missing		auto-generated
lib/proto/emulation.go::method::EmulationSetDefaultBackgroundColorOverride.ProtoReq	method	missing		auto-generated
lib/proto/emulation.go::method::EmulationSetDeviceMetricsOverride.Call	method	missing		auto-generated
lib/proto/emulation.go::method::EmulationSetDeviceMetricsOverride.ProtoReq	method	missing		auto-generated
lib/proto/emulation.go::method::EmulationSetDevicePostureOverride.Call	method	missing		auto-generated
lib/proto/emulation.go::method::EmulationSetDevicePostureOverride.ProtoReq	method	missing		auto-generated
lib/proto/emulation.go::method::EmulationSetDisabledImageTypes.Call	method	missing		auto-generated
lib/proto/emulation.go::method::EmulationSetDisabledImageTypes.ProtoReq	method	missing		auto-generated
lib/proto/emulation.go::method::EmulationSetDocumentCookieDisabled.Call	method	missing		auto-generated
lib/proto/emulation.go::method::EmulationSetDocumentCookieDisabled.ProtoReq	method	missing		auto-generated
lib/proto/emulation.go::method::EmulationSetEmitTouchEventsForMouse.Call	method	missing		auto-generated
lib/proto/emulation.go::method::EmulationSetEmitTouchEventsForMouse.ProtoReq	method	missing		auto-generated
lib/proto/emulation.go::method::EmulationSetEmulatedMedia.Call	method	missing		auto-generated
lib/proto/emulation.go::method::EmulationSetEmulatedMedia.ProtoReq	method	missing		auto-generated
lib/proto/emulation.go::method::EmulationSetEmulatedVisionDeficiency.Call	method	missing		auto-generated
lib/proto/emulation.go::method::EmulationSetEmulatedVisionDeficiency.ProtoReq	method	missing		auto-generated
lib/proto/emulation.go::method::EmulationSetFocusEmulationEnabled.Call	method	missing		auto-generated
lib/proto/emulation.go::method::EmulationSetFocusEmulationEnabled.ProtoReq	method	missing		auto-generated
lib/proto/emulation.go::method::EmulationSetGeolocationOverride.Call	method	missing		auto-generated
lib/proto/emulation.go::method::EmulationSetGeolocationOverride.ProtoReq	method	missing		auto-generated
lib/proto/emulation.go::method::EmulationSetHardwareConcurrencyOverride.Call	method	missing		auto-generated
lib/proto/emulation.go::method::EmulationSetHardwareConcurrencyOverride.ProtoReq	method	missing		auto-generated
lib/proto/emulation.go::method::EmulationSetIdleOverride.Call	method	missing		auto-generated
lib/proto/emulation.go::method::EmulationSetIdleOverride.ProtoReq	method	missing		auto-generated
lib/proto/emulation.go::method::EmulationSetLocaleOverride.Call	method	missing		auto-generated
lib/proto/emulation.go::method::EmulationSetLocaleOverride.ProtoReq	method	missing		auto-generated
lib/proto/emulation.go::method::EmulationSetNavigatorOverrides.Call	method	missing		auto-generated
lib/proto/emulation.go::method::EmulationSetNavigatorOverrides.ProtoReq	method	missing		auto-generated
lib/proto/emulation.go::method::EmulationSetPageScaleFactor.Call	method	missing		auto-generated
lib/proto/emulation.go::method::EmulationSetPageScaleFactor.ProtoReq	method	missing		auto-generated
lib/proto/emulation.go::method::EmulationSetScriptExecutionDisabled.Call	method	missing		auto-generated
lib/proto/emulation.go::method::EmulationSetScriptExecutionDisabled.ProtoReq	method	missing		auto-generated
lib/proto/emulation.go::method::EmulationSetScrollbarsHidden.Call	method	missing		auto-generated
lib/proto/emulation.go::method::EmulationSetScrollbarsHidden.ProtoReq	method	missing		auto-generated
lib/proto/emulation.go::method::EmulationSetSensorOverrideEnabled.Call	method	missing		auto-generated
lib/proto/emulation.go::method::EmulationSetSensorOverrideEnabled.ProtoReq	method	missing		auto-generated
lib/proto/emulation.go::method::EmulationSetSensorOverrideReadings.Call	method	missing		auto-generated
lib/proto/emulation.go::method::EmulationSetSensorOverrideReadings.ProtoReq	method	missing		auto-generated
lib/proto/emulation.go::method::EmulationSetTimezoneOverride.Call	method	missing		auto-generated
lib/proto/emulation.go::method::EmulationSetTimezoneOverride.ProtoReq	method	missing		auto-generated
lib/proto/emulation.go::method::EmulationSetTouchEmulationEnabled.Call	method	missing		auto-generated
lib/proto/emulation.go::method::EmulationSetTouchEmulationEnabled.ProtoReq	method	missing		auto-generated
lib/proto/emulation.go::method::EmulationSetUserAgentOverride.Call	method	missing		auto-generated
lib/proto/emulation.go::method::EmulationSetUserAgentOverride.ProtoReq	method	missing		auto-generated
lib/proto/emulation.go::method::EmulationSetVirtualTimePolicy.Call	method	missing		auto-generated
lib/proto/emulation.go::method::EmulationSetVirtualTimePolicy.ProtoReq	method	missing		auto-generated
lib/proto/emulation.go::method::EmulationSetVisibleSize.Call	method	missing		auto-generated
lib/proto/emulation.go::method::EmulationSetVisibleSize.ProtoReq	method	missing		auto-generated
lib/proto/emulation.go::method::EmulationVirtualTimeBudgetExpired.ProtoEvent	method	missing		auto-generated
lib/proto/emulation.go::struct::EmulationCanEmulate	struct	missing		auto-generated
lib/proto/emulation.go::struct::EmulationCanEmulateResult	struct	missing		auto-generated
lib/proto/emulation.go::struct::EmulationClearDeviceMetricsOverride	struct	missing		auto-generated
lib/proto/emulation.go::struct::EmulationClearDevicePostureOverride	struct	missing		auto-generated
lib/proto/emulation.go::struct::EmulationClearGeolocationOverride	struct	missing		auto-generated
lib/proto/emulation.go::struct::EmulationClearIdleOverride	struct	missing		auto-generated
lib/proto/emulation.go::struct::EmulationDevicePosture	struct	missing		auto-generated
lib/proto/emulation.go::struct::EmulationDisplayFeature	struct	missing		auto-generated
lib/proto/emulation.go::struct::EmulationGetOverriddenSensorInformation	struct	missing		auto-generated
lib/proto/emulation.go::struct::EmulationGetOverriddenSensorInformationResult	struct	missing		auto-generated
lib/proto/emulation.go::struct::EmulationMediaFeature	struct	missing		auto-generated
lib/proto/emulation.go::struct::EmulationResetPageScaleFactor	struct	missing		auto-generated
lib/proto/emulation.go::struct::EmulationScreenOrientation	struct	missing		auto-generated
lib/proto/emulation.go::struct::EmulationSensorMetadata	struct	missing		auto-generated
lib/proto/emulation.go::struct::EmulationSensorReading	struct	missing		auto-generated
lib/proto/emulation.go::struct::EmulationSensorReadingQuaternion	struct	missing		auto-generated
lib/proto/emulation.go::struct::EmulationSensorReadingSingle	struct	missing		auto-generated
lib/proto/emulation.go::struct::EmulationSensorReadingXYZ	struct	missing		auto-generated
lib/proto/emulation.go::struct::EmulationSetAutoDarkModeOverride	struct	missing		auto-generated
lib/proto/emulation.go::struct::EmulationSetAutomationOverride	struct	missing		auto-generated
lib/proto/emulation.go::struct::EmulationSetCPUThrottlingRate	struct	missing		auto-generated
lib/proto/emulation.go::struct::EmulationSetDefaultBackgroundColorOverride	struct	missing		auto-generated
lib/proto/emulation.go::struct::EmulationSetDeviceMetricsOverride	struct	missing		auto-generated
lib/proto/emulation.go::struct::EmulationSetDevicePostureOverride	struct	missing		auto-generated
lib/proto/emulation.go::struct::EmulationSetDisabledImageTypes	struct	missing		auto-generated
lib/proto/emulation.go::struct::EmulationSetDocumentCookieDisabled	struct	missing		auto-generated
lib/proto/emulation.go::struct::EmulationSetEmitTouchEventsForMouse	struct	missing		auto-generated
lib/proto/emulation.go::struct::EmulationSetEmulatedMedia	struct	missing		auto-generated
lib/proto/emulation.go::struct::EmulationSetEmulatedVisionDeficiency	struct	missing		auto-generated
lib/proto/emulation.go::struct::EmulationSetFocusEmulationEnabled	struct	missing		auto-generated
lib/proto/emulation.go::struct::EmulationSetGeolocationOverride	struct	missing		auto-generated
lib/proto/emulation.go::struct::EmulationSetHardwareConcurrencyOverride	struct	missing		auto-generated
lib/proto/emulation.go::struct::EmulationSetIdleOverride	struct	missing		auto-generated
lib/proto/emulation.go::struct::EmulationSetLocaleOverride	struct	missing		auto-generated
lib/proto/emulation.go::struct::EmulationSetNavigatorOverrides	struct	missing		auto-generated
lib/proto/emulation.go::struct::EmulationSetPageScaleFactor	struct	missing		auto-generated
lib/proto/emulation.go::struct::EmulationSetScriptExecutionDisabled	struct	missing		auto-generated
lib/proto/emulation.go::struct::EmulationSetScrollbarsHidden	struct	missing		auto-generated
lib/proto/emulation.go::struct::EmulationSetSensorOverrideEnabled	struct	missing		auto-generated
lib/proto/emulation.go::struct::EmulationSetSensorOverrideReadings	struct	missing		auto-generated
lib/proto/emulation.go::struct::EmulationSetTimezoneOverride	struct	missing		auto-generated
lib/proto/emulation.go::struct::EmulationSetTouchEmulationEnabled	struct	missing		auto-generated
lib/proto/emulation.go::struct::EmulationSetUserAgentOverride	struct	missing		auto-generated
lib/proto/emulation.go::struct::EmulationSetVirtualTimePolicy	struct	missing		auto-generated
lib/proto/emulation.go::struct::EmulationSetVirtualTimePolicyResult	struct	missing		auto-generated
lib/proto/emulation.go::struct::EmulationSetVisibleSize	struct	missing		auto-generated
lib/proto/emulation.go::struct::EmulationUserAgentBrandVersion	struct	missing		auto-generated
lib/proto/emulation.go::struct::EmulationUserAgentMetadata	struct	missing		auto-generated
lib/proto/emulation.go::struct::EmulationVirtualTimeBudgetExpired	struct	missing		auto-generated
lib/proto/emulation.go::type::EmulationDevicePostureType	type	missing		auto-generated
lib/proto/emulation.go::type::EmulationDisabledImageType	type	missing		auto-generated
lib/proto/emulation.go::type::EmulationDisplayFeatureOrientation	type	missing		auto-generated
lib/proto/emulation.go::type::EmulationScreenOrientationType	type	missing		auto-generated
lib/proto/emulation.go::type::EmulationSensorType	type	missing		auto-generated
lib/proto/emulation.go::type::EmulationSetEmitTouchEventsForMouseConfiguration	type	missing		auto-generated
lib/proto/emulation.go::type::EmulationSetEmulatedVisionDeficiencyType	type	missing		auto-generated
lib/proto/emulation.go::type::EmulationVirtualTimePolicy	type	missing		auto-generated
lib/proto/event_breakpoints.go::method::EventBreakpointsDisable.Call	method	missing		auto-generated
lib/proto/event_breakpoints.go::method::EventBreakpointsDisable.ProtoReq	method	missing		auto-generated
lib/proto/event_breakpoints.go::method::EventBreakpointsRemoveInstrumentationBreakpoint.Call	method	missing		auto-generated
lib/proto/event_breakpoints.go::method::EventBreakpointsRemoveInstrumentationBreakpoint.ProtoReq	method	missing		auto-generated
lib/proto/event_breakpoints.go::method::EventBreakpointsSetInstrumentationBreakpoint.Call	method	missing		auto-generated
lib/proto/event_breakpoints.go::method::EventBreakpointsSetInstrumentationBreakpoint.ProtoReq	method	missing		auto-generated
lib/proto/event_breakpoints.go::struct::EventBreakpointsDisable	struct	missing		auto-generated
lib/proto/event_breakpoints.go::struct::EventBreakpointsRemoveInstrumentationBreakpoint	struct	missing		auto-generated
lib/proto/event_breakpoints.go::struct::EventBreakpointsSetInstrumentationBreakpoint	struct	missing		auto-generated
lib/proto/extensions.go::method::ExtensionsLoadUnpacked.Call	method	missing		auto-generated
lib/proto/extensions.go::method::ExtensionsLoadUnpacked.ProtoReq	method	missing		auto-generated
lib/proto/extensions.go::struct::ExtensionsLoadUnpacked	struct	missing		auto-generated
lib/proto/extensions.go::struct::ExtensionsLoadUnpackedResult	struct	missing		auto-generated
lib/proto/fed_cm.go::const::FedCmAccountURLTypePrivacyPolicy	const	missing		auto-generated
lib/proto/fed_cm.go::const::FedCmAccountURLTypeTermsOfService	const	missing		auto-generated
lib/proto/fed_cm.go::const::FedCmDialogButtonConfirmIdpLoginContinue	const	missing		auto-generated
lib/proto/fed_cm.go::const::FedCmDialogButtonErrorGotIt	const	missing		auto-generated
lib/proto/fed_cm.go::const::FedCmDialogButtonErrorMoreDetails	const	missing		auto-generated
lib/proto/fed_cm.go::const::FedCmDialogTypeAccountChooser	const	missing		auto-generated
lib/proto/fed_cm.go::const::FedCmDialogTypeAutoReauthn	const	missing		auto-generated
lib/proto/fed_cm.go::const::FedCmDialogTypeConfirmIdpLogin	const	missing		auto-generated
lib/proto/fed_cm.go::const::FedCmDialogTypeError	const	missing		auto-generated
lib/proto/fed_cm.go::const::FedCmLoginStateSignIn	const	missing		auto-generated
lib/proto/fed_cm.go::const::FedCmLoginStateSignUp	const	missing		auto-generated
lib/proto/fed_cm.go::method::FedCmClickDialogButton.Call	method	missing		auto-generated
lib/proto/fed_cm.go::method::FedCmClickDialogButton.ProtoReq	method	missing		auto-generated
lib/proto/fed_cm.go::method::FedCmDialogClosed.ProtoEvent	method	missing		auto-generated
lib/proto/fed_cm.go::method::FedCmDialogShown.ProtoEvent	method	missing		auto-generated
lib/proto/fed_cm.go::method::FedCmDisable.Call	method	missing		auto-generated
lib/proto/fed_cm.go::method::FedCmDisable.ProtoReq	method	missing		auto-generated
lib/proto/fed_cm.go::method::FedCmDismissDialog.Call	method	missing		auto-generated
lib/proto/fed_cm.go::method::FedCmDismissDialog.ProtoReq	method	missing		auto-generated
lib/proto/fed_cm.go::method::FedCmEnable.Call	method	missing		auto-generated
lib/proto/fed_cm.go::method::FedCmEnable.ProtoReq	method	missing		auto-generated
lib/proto/fed_cm.go::method::FedCmOpenURL.Call	method	missing		auto-generated
lib/proto/fed_cm.go::method::FedCmOpenURL.ProtoReq	method	missing		auto-generated
lib/proto/fed_cm.go::method::FedCmResetCooldown.Call	method	missing		auto-generated
lib/proto/fed_cm.go::method::FedCmResetCooldown.ProtoReq	method	missing		auto-generated
lib/proto/fed_cm.go::method::FedCmSelectAccount.Call	method	missing		auto-generated
lib/proto/fed_cm.go::method::FedCmSelectAccount.ProtoReq	method	missing		auto-generated
lib/proto/fed_cm.go::struct::FedCmAccount	struct	missing		auto-generated
lib/proto/fed_cm.go::struct::FedCmClickDialogButton	struct	missing		auto-generated
lib/proto/fed_cm.go::struct::FedCmDialogClosed	struct	missing		auto-generated
lib/proto/fed_cm.go::struct::FedCmDialogShown	struct	missing		auto-generated
lib/proto/fed_cm.go::struct::FedCmDisable	struct	missing		auto-generated
lib/proto/fed_cm.go::struct::FedCmDismissDialog	struct	missing		auto-generated
lib/proto/fed_cm.go::struct::FedCmEnable	struct	missing		auto-generated
lib/proto/fed_cm.go::struct::FedCmOpenURL	struct	missing		auto-generated
lib/proto/fed_cm.go::struct::FedCmResetCooldown	struct	missing		auto-generated
lib/proto/fed_cm.go::struct::FedCmSelectAccount	struct	missing		auto-generated
lib/proto/fed_cm.go::type::FedCmAccountURLType	type	missing		auto-generated
lib/proto/fed_cm.go::type::FedCmDialogButton	type	missing		auto-generated
lib/proto/fed_cm.go::type::FedCmDialogType	type	missing		auto-generated
lib/proto/fed_cm.go::type::FedCmLoginState	type	missing		auto-generated
lib/proto/fetch.go::const::FetchAuthChallengeResponseResponseCancelAuth	const	missing		auto-generated
lib/proto/fetch.go::const::FetchAuthChallengeResponseResponseDefault	const	missing		auto-generated
lib/proto/fetch.go::const::FetchAuthChallengeResponseResponseProvideCredentials	const	missing		auto-generated
lib/proto/fetch.go::const::FetchAuthChallengeSourceProxy	const	missing		auto-generated
lib/proto/fetch.go::const::FetchAuthChallengeSourceServer	const	missing		auto-generated
lib/proto/fetch.go::const::FetchRequestStageRequest	const	missing		auto-generated
lib/proto/fetch.go::const::FetchRequestStageResponse	const	missing		auto-generated
lib/proto/fetch.go::method::FetchAuthRequired.ProtoEvent	method	missing		auto-generated
lib/proto/fetch.go::method::FetchContinueRequest.Call	method	missing		auto-generated
lib/proto/fetch.go::method::FetchContinueRequest.ProtoReq	method	missing		auto-generated
lib/proto/fetch.go::method::FetchContinueResponse.Call	method	missing		auto-generated
lib/proto/fetch.go::method::FetchContinueResponse.ProtoReq	method	missing		auto-generated
lib/proto/fetch.go::method::FetchContinueWithAuth.Call	method	missing		auto-generated
lib/proto/fetch.go::method::FetchContinueWithAuth.ProtoReq	method	missing		auto-generated
lib/proto/fetch.go::method::FetchDisable.Call	method	missing		auto-generated
lib/proto/fetch.go::method::FetchDisable.ProtoReq	method	missing		auto-generated
lib/proto/fetch.go::method::FetchEnable.Call	method	missing		auto-generated
lib/proto/fetch.go::method::FetchEnable.ProtoReq	method	missing		auto-generated
lib/proto/fetch.go::method::FetchFailRequest.Call	method	missing		auto-generated
lib/proto/fetch.go::method::FetchFailRequest.ProtoReq	method	missing		auto-generated
lib/proto/fetch.go::method::FetchFulfillRequest.Call	method	missing		auto-generated
lib/proto/fetch.go::method::FetchFulfillRequest.ProtoReq	method	missing		auto-generated
lib/proto/fetch.go::method::FetchGetResponseBody.Call	method	missing		auto-generated
lib/proto/fetch.go::method::FetchGetResponseBody.ProtoReq	method	missing		auto-generated
lib/proto/fetch.go::method::FetchRequestPaused.ProtoEvent	method	missing		auto-generated
lib/proto/fetch.go::method::FetchTakeResponseBodyAsStream.Call	method	missing		auto-generated
lib/proto/fetch.go::method::FetchTakeResponseBodyAsStream.ProtoReq	method	missing		auto-generated
lib/proto/fetch.go::struct::FetchAuthChallenge	struct	missing		auto-generated
lib/proto/fetch.go::struct::FetchAuthChallengeResponse	struct	missing		auto-generated
lib/proto/fetch.go::struct::FetchAuthRequired	struct	missing		auto-generated
lib/proto/fetch.go::struct::FetchContinueRequest	struct	missing		auto-generated
lib/proto/fetch.go::struct::FetchContinueResponse	struct	missing		auto-generated
lib/proto/fetch.go::struct::FetchContinueWithAuth	struct	missing		auto-generated
lib/proto/fetch.go::struct::FetchDisable	struct	missing		auto-generated
lib/proto/fetch.go::struct::FetchEnable	struct	missing		auto-generated
lib/proto/fetch.go::struct::FetchFailRequest	struct	missing		auto-generated
lib/proto/fetch.go::struct::FetchFulfillRequest	struct	missing		auto-generated
lib/proto/fetch.go::struct::FetchGetResponseBody	struct	missing		auto-generated
lib/proto/fetch.go::struct::FetchGetResponseBodyResult	struct	missing		auto-generated
lib/proto/fetch.go::struct::FetchHeaderEntry	struct	missing		auto-generated
lib/proto/fetch.go::struct::FetchRequestPattern	struct	missing		auto-generated
lib/proto/fetch.go::struct::FetchRequestPaused	struct	missing		auto-generated
lib/proto/fetch.go::struct::FetchTakeResponseBodyAsStream	struct	missing		auto-generated
lib/proto/fetch.go::struct::FetchTakeResponseBodyAsStreamResult	struct	missing		auto-generated
lib/proto/fetch.go::type::FetchAuthChallengeResponseResponse	type	missing		auto-generated
lib/proto/fetch.go::type::FetchAuthChallengeSource	type	missing		auto-generated
lib/proto/fetch.go::type::FetchRequestID	type	missing		auto-generated
lib/proto/fetch.go::type::FetchRequestStage	type	missing		auto-generated
lib/proto/headless_experimental.go::const::HeadlessExperimentalScreenshotParamsFormatJpeg	const	missing		auto-generated
lib/proto/headless_experimental.go::const::HeadlessExperimentalScreenshotParamsFormatPng	const	missing		auto-generated
lib/proto/headless_experimental.go::const::HeadlessExperimentalScreenshotParamsFormatWebp	const	missing		auto-generated
lib/proto/headless_experimental.go::method::HeadlessExperimentalBeginFrame.Call	method	missing		auto-generated
lib/proto/headless_experimental.go::method::HeadlessExperimentalBeginFrame.ProtoReq	method	missing		auto-generated
lib/proto/headless_experimental.go::method::HeadlessExperimentalDisable.Call	method	missing		auto-generated
lib/proto/headless_experimental.go::method::HeadlessExperimentalDisable.ProtoReq	method	missing		auto-generated
lib/proto/headless_experimental.go::method::HeadlessExperimentalEnable.Call	method	missing		auto-generated
lib/proto/headless_experimental.go::method::HeadlessExperimentalEnable.ProtoReq	method	missing		auto-generated
lib/proto/headless_experimental.go::struct::HeadlessExperimentalBeginFrame	struct	missing		auto-generated
lib/proto/headless_experimental.go::struct::HeadlessExperimentalBeginFrameResult	struct	missing		auto-generated
lib/proto/headless_experimental.go::struct::HeadlessExperimentalDisable	struct	missing		auto-generated
lib/proto/headless_experimental.go::struct::HeadlessExperimentalEnable	struct	missing		auto-generated
lib/proto/headless_experimental.go::struct::HeadlessExperimentalScreenshotParams	struct	missing		auto-generated
lib/proto/headless_experimental.go::type::HeadlessExperimentalScreenshotParamsFormat	type	missing		auto-generated
lib/proto/heap_profiler.go::method::HeapProfilerAddHeapSnapshotChunk.ProtoEvent	method	missing		auto-generated
lib/proto/heap_profiler.go::method::HeapProfilerAddInspectedHeapObject.Call	method	missing		auto-generated
lib/proto/heap_profiler.go::method::HeapProfilerAddInspectedHeapObject.ProtoReq	method	missing		auto-generated
lib/proto/heap_profiler.go::method::HeapProfilerCollectGarbage.Call	method	missing		auto-generated
lib/proto/heap_profiler.go::method::HeapProfilerCollectGarbage.ProtoReq	method	missing		auto-generated
lib/proto/heap_profiler.go::method::HeapProfilerDisable.Call	method	missing		auto-generated
lib/proto/heap_profiler.go::method::HeapProfilerDisable.ProtoReq	method	missing		auto-generated
lib/proto/heap_profiler.go::method::HeapProfilerEnable.Call	method	missing		auto-generated
lib/proto/heap_profiler.go::method::HeapProfilerEnable.ProtoReq	method	missing		auto-generated
lib/proto/heap_profiler.go::method::HeapProfilerGetHeapObjectID.Call	method	missing		auto-generated
lib/proto/heap_profiler.go::method::HeapProfilerGetHeapObjectID.ProtoReq	method	missing		auto-generated
lib/proto/heap_profiler.go::method::HeapProfilerGetObjectByHeapObjectID.Call	method	missing		auto-generated
lib/proto/heap_profiler.go::method::HeapProfilerGetObjectByHeapObjectID.ProtoReq	method	missing		auto-generated
lib/proto/heap_profiler.go::method::HeapProfilerGetSamplingProfile.Call	method	missing		auto-generated
lib/proto/heap_profiler.go::method::HeapProfilerGetSamplingProfile.ProtoReq	method	missing		auto-generated
lib/proto/heap_profiler.go::method::HeapProfilerHeapStatsUpdate.ProtoEvent	method	missing		auto-generated
lib/proto/heap_profiler.go::method::HeapProfilerLastSeenObjectID.ProtoEvent	method	missing		auto-generated
lib/proto/heap_profiler.go::method::HeapProfilerReportHeapSnapshotProgress.ProtoEvent	method	missing		auto-generated
lib/proto/heap_profiler.go::method::HeapProfilerResetProfiles.ProtoEvent	method	missing		auto-generated
lib/proto/heap_profiler.go::method::HeapProfilerStartSampling.Call	method	missing		auto-generated
lib/proto/heap_profiler.go::method::HeapProfilerStartSampling.ProtoReq	method	missing		auto-generated
lib/proto/heap_profiler.go::method::HeapProfilerStartTrackingHeapObjects.Call	method	missing		auto-generated
lib/proto/heap_profiler.go::method::HeapProfilerStartTrackingHeapObjects.ProtoReq	method	missing		auto-generated
lib/proto/heap_profiler.go::method::HeapProfilerStopSampling.Call	method	missing		auto-generated
lib/proto/heap_profiler.go::method::HeapProfilerStopSampling.ProtoReq	method	missing		auto-generated
lib/proto/heap_profiler.go::method::HeapProfilerStopTrackingHeapObjects.Call	method	missing		auto-generated
lib/proto/heap_profiler.go::method::HeapProfilerStopTrackingHeapObjects.ProtoReq	method	missing		auto-generated
lib/proto/heap_profiler.go::method::HeapProfilerTakeHeapSnapshot.Call	method	missing		auto-generated
lib/proto/heap_profiler.go::method::HeapProfilerTakeHeapSnapshot.ProtoReq	method	missing		auto-generated
lib/proto/heap_profiler.go::struct::HeapProfilerAddHeapSnapshotChunk	struct	missing		auto-generated
lib/proto/heap_profiler.go::struct::HeapProfilerAddInspectedHeapObject	struct	missing		auto-generated
lib/proto/heap_profiler.go::struct::HeapProfilerCollectGarbage	struct	missing		auto-generated
lib/proto/heap_profiler.go::struct::HeapProfilerDisable	struct	missing		auto-generated
lib/proto/heap_profiler.go::struct::HeapProfilerEnable	struct	missing		auto-generated
lib/proto/heap_profiler.go::struct::HeapProfilerGetHeapObjectID	struct	missing		auto-generated
lib/proto/heap_profiler.go::struct::HeapProfilerGetHeapObjectIDResult	struct	missing		auto-generated
lib/proto/heap_profiler.go::struct::HeapProfilerGetObjectByHeapObjectID	struct	missing		auto-generated
lib/proto/heap_profiler.go::struct::HeapProfilerGetObjectByHeapObjectIDResult	struct	missing		auto-generated
lib/proto/heap_profiler.go::struct::HeapProfilerGetSamplingProfile	struct	missing		auto-generated
lib/proto/heap_profiler.go::struct::HeapProfilerGetSamplingProfileResult	struct	missing		auto-generated
lib/proto/heap_profiler.go::struct::HeapProfilerHeapStatsUpdate	struct	missing		auto-generated
lib/proto/heap_profiler.go::struct::HeapProfilerLastSeenObjectID	struct	missing		auto-generated
lib/proto/heap_profiler.go::struct::HeapProfilerReportHeapSnapshotProgress	struct	missing		auto-generated
lib/proto/heap_profiler.go::struct::HeapProfilerResetProfiles	struct	missing		auto-generated
lib/proto/heap_profiler.go::struct::HeapProfilerSamplingHeapProfile	struct	missing		auto-generated
lib/proto/heap_profiler.go::struct::HeapProfilerSamplingHeapProfileNode	struct	missing		auto-generated
lib/proto/heap_profiler.go::struct::HeapProfilerSamplingHeapProfileSample	struct	missing		auto-generated
lib/proto/heap_profiler.go::struct::HeapProfilerStartSampling	struct	missing		auto-generated
lib/proto/heap_profiler.go::struct::HeapProfilerStartTrackingHeapObjects	struct	missing		auto-generated
lib/proto/heap_profiler.go::struct::HeapProfilerStopSampling	struct	missing		auto-generated
lib/proto/heap_profiler.go::struct::HeapProfilerStopSamplingResult	struct	missing		auto-generated
lib/proto/heap_profiler.go::struct::HeapProfilerStopTrackingHeapObjects	struct	missing		auto-generated
lib/proto/heap_profiler.go::struct::HeapProfilerTakeHeapSnapshot	struct	missing		auto-generated
lib/proto/heap_profiler.go::type::HeapProfilerHeapSnapshotObjectID	type	missing		auto-generated
lib/proto/indexed_db.go::const::IndexedDBKeyPathTypeArray	const	missing		auto-generated
lib/proto/indexed_db.go::const::IndexedDBKeyPathTypeNull	const	missing		auto-generated
lib/proto/indexed_db.go::const::IndexedDBKeyPathTypeString	const	missing		auto-generated
lib/proto/indexed_db.go::const::IndexedDBKeyTypeArray	const	missing		auto-generated
lib/proto/indexed_db.go::const::IndexedDBKeyTypeDate	const	missing		auto-generated
lib/proto/indexed_db.go::const::IndexedDBKeyTypeNumber	const	missing		auto-generated
lib/proto/indexed_db.go::const::IndexedDBKeyTypeString	const	missing		auto-generated
lib/proto/indexed_db.go::method::IndexedDBClearObjectStore.Call	method	missing		auto-generated
lib/proto/indexed_db.go::method::IndexedDBClearObjectStore.ProtoReq	method	missing		auto-generated
lib/proto/indexed_db.go::method::IndexedDBDeleteDatabase.Call	method	missing		auto-generated
lib/proto/indexed_db.go::method::IndexedDBDeleteDatabase.ProtoReq	method	missing		auto-generated
lib/proto/indexed_db.go::method::IndexedDBDeleteObjectStoreEntries.Call	method	missing		auto-generated
lib/proto/indexed_db.go::method::IndexedDBDeleteObjectStoreEntries.ProtoReq	method	missing		auto-generated
lib/proto/indexed_db.go::method::IndexedDBDisable.Call	method	missing		auto-generated
lib/proto/indexed_db.go::method::IndexedDBDisable.ProtoReq	method	missing		auto-generated
lib/proto/indexed_db.go::method::IndexedDBEnable.Call	method	missing		auto-generated
lib/proto/indexed_db.go::method::IndexedDBEnable.ProtoReq	method	missing		auto-generated
lib/proto/indexed_db.go::method::IndexedDBGetMetadata.Call	method	missing		auto-generated
lib/proto/indexed_db.go::method::IndexedDBGetMetadata.ProtoReq	method	missing		auto-generated
lib/proto/indexed_db.go::method::IndexedDBRequestData.Call	method	missing		auto-generated
lib/proto/indexed_db.go::method::IndexedDBRequestData.ProtoReq	method	missing		auto-generated
lib/proto/indexed_db.go::method::IndexedDBRequestDatabase.Call	method	missing		auto-generated
lib/proto/indexed_db.go::method::IndexedDBRequestDatabase.ProtoReq	method	missing		auto-generated
lib/proto/indexed_db.go::method::IndexedDBRequestDatabaseNames.Call	method	missing		auto-generated
lib/proto/indexed_db.go::method::IndexedDBRequestDatabaseNames.ProtoReq	method	missing		auto-generated
lib/proto/indexed_db.go::struct::IndexedDBClearObjectStore	struct	missing		auto-generated
lib/proto/indexed_db.go::struct::IndexedDBDataEntry	struct	missing		auto-generated
lib/proto/indexed_db.go::struct::IndexedDBDatabaseWithObjectStores	struct	missing		auto-generated
lib/proto/indexed_db.go::struct::IndexedDBDeleteDatabase	struct	missing		auto-generated
lib/proto/indexed_db.go::struct::IndexedDBDeleteObjectStoreEntries	struct	missing		auto-generated
lib/proto/indexed_db.go::struct::IndexedDBDisable	struct	missing		auto-generated
lib/proto/indexed_db.go::struct::IndexedDBEnable	struct	missing		auto-generated
lib/proto/indexed_db.go::struct::IndexedDBGetMetadata	struct	missing		auto-generated
lib/proto/indexed_db.go::struct::IndexedDBGetMetadataResult	struct	missing		auto-generated
lib/proto/indexed_db.go::struct::IndexedDBKey	struct	missing		auto-generated
lib/proto/indexed_db.go::struct::IndexedDBKeyPath	struct	missing		auto-generated
lib/proto/indexed_db.go::struct::IndexedDBKeyRange	struct	missing		auto-generated
lib/proto/indexed_db.go::struct::IndexedDBObjectStore	struct	missing		auto-generated
lib/proto/indexed_db.go::struct::IndexedDBObjectStoreIndex	struct	missing		auto-generated
lib/proto/indexed_db.go::struct::IndexedDBRequestData	struct	missing		auto-generated
lib/proto/indexed_db.go::struct::IndexedDBRequestDataResult	struct	missing		auto-generated
lib/proto/indexed_db.go::struct::IndexedDBRequestDatabase	struct	missing		auto-generated
lib/proto/indexed_db.go::struct::IndexedDBRequestDatabaseNames	struct	missing		auto-generated
lib/proto/indexed_db.go::struct::IndexedDBRequestDatabaseNamesResult	struct	missing		auto-generated
lib/proto/indexed_db.go::struct::IndexedDBRequestDatabaseResult	struct	missing		auto-generated
lib/proto/indexed_db.go::type::IndexedDBKeyPathType	type	missing		auto-generated
lib/proto/indexed_db.go::type::IndexedDBKeyType	type	missing		auto-generated
lib/proto/input.go::const::InputDispatchDragEventTypeDragCancel	const	missing		auto-generated
lib/proto/input.go::const::InputDispatchDragEventTypeDragEnter	const	missing		auto-generated
lib/proto/input.go::const::InputDispatchDragEventTypeDragOver	const	missing		auto-generated
lib/proto/input.go::const::InputDispatchDragEventTypeDrop	const	missing		auto-generated
lib/proto/input.go::const::InputDispatchKeyEventTypeChar	const	missing		auto-generated
lib/proto/input.go::const::InputDispatchKeyEventTypeKeyDown	const	missing		auto-generated
lib/proto/input.go::const::InputDispatchKeyEventTypeKeyUp	const	missing		auto-generated
lib/proto/input.go::const::InputDispatchKeyEventTypeRawKeyDown	const	missing		auto-generated
lib/proto/input.go::const::InputDispatchMouseEventPointerTypeMouse	const	missing		auto-generated
lib/proto/input.go::const::InputDispatchMouseEventPointerTypePen	const	missing		auto-generated
lib/proto/input.go::const::InputDispatchMouseEventTypeMouseMoved	const	missing		auto-generated
lib/proto/input.go::const::InputDispatchMouseEventTypeMousePressed	const	missing		auto-generated
lib/proto/input.go::const::InputDispatchMouseEventTypeMouseReleased	const	missing		auto-generated
lib/proto/input.go::const::InputDispatchMouseEventTypeMouseWheel	const	missing		auto-generated
lib/proto/input.go::const::InputDispatchTouchEventTypeTouchCancel	const	missing		auto-generated
lib/proto/input.go::const::InputDispatchTouchEventTypeTouchEnd	const	missing		auto-generated
lib/proto/input.go::const::InputDispatchTouchEventTypeTouchMove	const	missing		auto-generated
lib/proto/input.go::const::InputDispatchTouchEventTypeTouchStart	const	missing		auto-generated
lib/proto/input.go::const::InputEmulateTouchFromMouseEventTypeMouseMoved	const	missing		auto-generated
lib/proto/input.go::const::InputEmulateTouchFromMouseEventTypeMousePressed	const	missing		auto-generated
lib/proto/input.go::const::InputEmulateTouchFromMouseEventTypeMouseReleased	const	missing		auto-generated
lib/proto/input.go::const::InputEmulateTouchFromMouseEventTypeMouseWheel	const	missing		auto-generated
lib/proto/input.go::const::InputGestureSourceTypeDefault	const	missing		auto-generated
lib/proto/input.go::const::InputGestureSourceTypeMouse	const	missing		auto-generated
lib/proto/input.go::const::InputGestureSourceTypeTouch	const	missing		auto-generated
lib/proto/input.go::const::InputMouseButtonBack	const	missing		auto-generated
lib/proto/input.go::const::InputMouseButtonForward	const	missing		auto-generated
lib/proto/input.go::const::InputMouseButtonLeft	const	missing		auto-generated
lib/proto/input.go::const::InputMouseButtonMiddle	const	missing		auto-generated
lib/proto/input.go::const::InputMouseButtonNone	const	missing		auto-generated
lib/proto/input.go::const::InputMouseButtonRight	const	missing		auto-generated
lib/proto/input.go::method::InputCancelDragging.Call	method	missing		auto-generated
lib/proto/input.go::method::InputCancelDragging.ProtoReq	method	missing		auto-generated
lib/proto/input.go::method::InputDispatchDragEvent.Call	method	missing		auto-generated
lib/proto/input.go::method::InputDispatchDragEvent.ProtoReq	method	missing		auto-generated
lib/proto/input.go::method::InputDispatchKeyEvent.Call	method	missing		auto-generated
lib/proto/input.go::method::InputDispatchKeyEvent.ProtoReq	method	missing		auto-generated
lib/proto/input.go::method::InputDispatchMouseEvent.Call	method	missing		auto-generated
lib/proto/input.go::method::InputDispatchMouseEvent.ProtoReq	method	missing		auto-generated
lib/proto/input.go::method::InputDispatchTouchEvent.Call	method	missing		auto-generated
lib/proto/input.go::method::InputDispatchTouchEvent.ProtoReq	method	missing		auto-generated
lib/proto/input.go::method::InputDragIntercepted.ProtoEvent	method	missing		auto-generated
lib/proto/input.go::method::InputEmulateTouchFromMouseEvent.Call	method	missing		auto-generated
lib/proto/input.go::method::InputEmulateTouchFromMouseEvent.ProtoReq	method	missing		auto-generated
lib/proto/input.go::method::InputImeSetComposition.Call	method	missing		auto-generated
lib/proto/input.go::method::InputImeSetComposition.ProtoReq	method	missing		auto-generated
lib/proto/input.go::method::InputInsertText.Call	method	missing		auto-generated
lib/proto/input.go::method::InputInsertText.ProtoReq	method	missing		auto-generated
lib/proto/input.go::method::InputSetIgnoreInputEvents.Call	method	missing		auto-generated
lib/proto/input.go::method::InputSetIgnoreInputEvents.ProtoReq	method	missing		auto-generated
lib/proto/input.go::method::InputSetInterceptDrags.Call	method	missing		auto-generated
lib/proto/input.go::method::InputSetInterceptDrags.ProtoReq	method	missing		auto-generated
lib/proto/input.go::method::InputSynthesizePinchGesture.Call	method	missing		auto-generated
lib/proto/input.go::method::InputSynthesizePinchGesture.ProtoReq	method	missing		auto-generated
lib/proto/input.go::method::InputSynthesizeScrollGesture.Call	method	missing		auto-generated
lib/proto/input.go::method::InputSynthesizeScrollGesture.ProtoReq	method	missing		auto-generated
lib/proto/input.go::method::InputSynthesizeTapGesture.Call	method	missing		auto-generated
lib/proto/input.go::method::InputSynthesizeTapGesture.ProtoReq	method	missing		auto-generated
lib/proto/input.go::struct::InputCancelDragging	struct	missing		auto-generated
lib/proto/input.go::struct::InputDispatchDragEvent	struct	missing		auto-generated
lib/proto/input.go::struct::InputDispatchKeyEvent	struct	missing		auto-generated
lib/proto/input.go::struct::InputDispatchMouseEvent	struct	missing		auto-generated
lib/proto/input.go::struct::InputDispatchTouchEvent	struct	missing		auto-generated
lib/proto/input.go::struct::InputDragData	struct	missing		auto-generated
lib/proto/input.go::struct::InputDragDataItem	struct	missing		auto-generated
lib/proto/input.go::struct::InputDragIntercepted	struct	missing		auto-generated
lib/proto/input.go::struct::InputEmulateTouchFromMouseEvent	struct	missing		auto-generated
lib/proto/input.go::struct::InputImeSetComposition	struct	missing		auto-generated
lib/proto/input.go::struct::InputInsertText	struct	missing		auto-generated
lib/proto/input.go::struct::InputSetIgnoreInputEvents	struct	missing		auto-generated
lib/proto/input.go::struct::InputSetInterceptDrags	struct	missing		auto-generated
lib/proto/input.go::struct::InputSynthesizePinchGesture	struct	missing		auto-generated
lib/proto/input.go::struct::InputSynthesizeScrollGesture	struct	missing		auto-generated
lib/proto/input.go::struct::InputSynthesizeTapGesture	struct	missing		auto-generated
lib/proto/input.go::struct::InputTouchPoint	struct	missing		auto-generated
lib/proto/input.go::type::InputDispatchDragEventType	type	missing		auto-generated
lib/proto/input.go::type::InputDispatchKeyEventType	type	missing		auto-generated
lib/proto/input.go::type::InputDispatchMouseEventPointerType	type	missing		auto-generated
lib/proto/input.go::type::InputDispatchMouseEventType	type	missing		auto-generated
lib/proto/input.go::type::InputDispatchTouchEventType	type	missing		auto-generated
lib/proto/input.go::type::InputEmulateTouchFromMouseEventType	type	missing		auto-generated
lib/proto/input.go::type::InputGestureSourceType	type	missing		auto-generated
lib/proto/input.go::type::InputMouseButton	type	missing		auto-generated
lib/proto/inspector.go::method::InspectorDetached.ProtoEvent	method	missing		auto-generated
lib/proto/inspector.go::method::InspectorDisable.Call	method	missing		auto-generated
lib/proto/inspector.go::method::InspectorDisable.ProtoReq	method	missing		auto-generated
lib/proto/inspector.go::method::InspectorEnable.Call	method	missing		auto-generated
lib/proto/inspector.go::method::InspectorEnable.ProtoReq	method	missing		auto-generated
lib/proto/inspector.go::method::InspectorTargetCrashed.ProtoEvent	method	missing		auto-generated
lib/proto/inspector.go::method::InspectorTargetReloadedAfterCrash.ProtoEvent	method	missing		auto-generated
lib/proto/inspector.go::struct::InspectorDetached	struct	missing		auto-generated
lib/proto/inspector.go::struct::InspectorDisable	struct	missing		auto-generated
lib/proto/inspector.go::struct::InspectorEnable	struct	missing		auto-generated
lib/proto/inspector.go::struct::InspectorTargetCrashed	struct	missing		auto-generated
lib/proto/inspector.go::struct::InspectorTargetReloadedAfterCrash	struct	missing		auto-generated
lib/proto/io.go::method::IOClose.Call	method	missing		auto-generated
lib/proto/io.go::method::IOClose.ProtoReq	method	missing		auto-generated
lib/proto/io.go::method::IORead.Call	method	missing		auto-generated
lib/proto/io.go::method::IORead.ProtoReq	method	missing		auto-generated
lib/proto/io.go::method::IOResolveBlob.Call	method	missing		auto-generated
lib/proto/io.go::method::IOResolveBlob.ProtoReq	method	missing		auto-generated
lib/proto/io.go::struct::IOClose	struct	missing		auto-generated
lib/proto/io.go::struct::IORead	struct	missing		auto-generated
lib/proto/io.go::struct::IOReadResult	struct	missing		auto-generated
lib/proto/io.go::struct::IOResolveBlob	struct	missing		auto-generated
lib/proto/io.go::struct::IOResolveBlobResult	struct	missing		auto-generated
lib/proto/io.go::type::IOStreamHandle	type	missing		auto-generated
lib/proto/layer_tree.go::const::LayerTreeScrollRectTypeRepaintsOnScroll	const	missing		auto-generated
lib/proto/layer_tree.go::const::LayerTreeScrollRectTypeTouchEventHandler	const	missing		auto-generated
lib/proto/layer_tree.go::const::LayerTreeScrollRectTypeWheelEventHandler	const	missing		auto-generated
lib/proto/layer_tree.go::method::LayerTreeCompositingReasons.Call	method	missing		auto-generated
lib/proto/layer_tree.go::method::LayerTreeCompositingReasons.ProtoReq	method	missing		auto-generated
lib/proto/layer_tree.go::method::LayerTreeDisable.Call	method	missing		auto-generated
lib/proto/layer_tree.go::method::LayerTreeDisable.ProtoReq	method	missing		auto-generated
lib/proto/layer_tree.go::method::LayerTreeEnable.Call	method	missing		auto-generated
lib/proto/layer_tree.go::method::LayerTreeEnable.ProtoReq	method	missing		auto-generated
lib/proto/layer_tree.go::method::LayerTreeLayerPainted.ProtoEvent	method	missing		auto-generated
lib/proto/layer_tree.go::method::LayerTreeLayerTreeDidChange.ProtoEvent	method	missing		auto-generated
lib/proto/layer_tree.go::method::LayerTreeLoadSnapshot.Call	method	missing		auto-generated
lib/proto/layer_tree.go::method::LayerTreeLoadSnapshot.ProtoReq	method	missing		auto-generated
lib/proto/layer_tree.go::method::LayerTreeMakeSnapshot.Call	method	missing		auto-generated
lib/proto/layer_tree.go::method::LayerTreeMakeSnapshot.ProtoReq	method	missing		auto-generated
lib/proto/layer_tree.go::method::LayerTreeProfileSnapshot.Call	method	missing		auto-generated
lib/proto/layer_tree.go::method::LayerTreeProfileSnapshot.ProtoReq	method	missing		auto-generated
lib/proto/layer_tree.go::method::LayerTreeReleaseSnapshot.Call	method	missing		auto-generated
lib/proto/layer_tree.go::method::LayerTreeReleaseSnapshot.ProtoReq	method	missing		auto-generated
lib/proto/layer_tree.go::method::LayerTreeReplaySnapshot.Call	method	missing		auto-generated
lib/proto/layer_tree.go::method::LayerTreeReplaySnapshot.ProtoReq	method	missing		auto-generated
lib/proto/layer_tree.go::method::LayerTreeSnapshotCommandLog.Call	method	missing		auto-generated
lib/proto/layer_tree.go::method::LayerTreeSnapshotCommandLog.ProtoReq	method	missing		auto-generated
lib/proto/layer_tree.go::struct::LayerTreeCompositingReasons	struct	missing		auto-generated
lib/proto/layer_tree.go::struct::LayerTreeCompositingReasonsResult	struct	missing		auto-generated
lib/proto/layer_tree.go::struct::LayerTreeDisable	struct	missing		auto-generated
lib/proto/layer_tree.go::struct::LayerTreeEnable	struct	missing		auto-generated
lib/proto/layer_tree.go::struct::LayerTreeLayer	struct	missing		auto-generated
lib/proto/layer_tree.go::struct::LayerTreeLayerPainted	struct	missing		auto-generated
lib/proto/layer_tree.go::struct::LayerTreeLayerTreeDidChange	struct	missing		auto-generated
lib/proto/layer_tree.go::struct::LayerTreeLoadSnapshot	struct	missing		auto-generated
lib/proto/layer_tree.go::struct::LayerTreeLoadSnapshotResult	struct	missing		auto-generated
lib/proto/layer_tree.go::struct::LayerTreeMakeSnapshot	struct	missing		auto-generated
lib/proto/layer_tree.go::struct::LayerTreeMakeSnapshotResult	struct	missing		auto-generated
lib/proto/layer_tree.go::struct::LayerTreePictureTile	struct	missing		auto-generated
lib/proto/layer_tree.go::struct::LayerTreeProfileSnapshot	struct	missing		auto-generated
lib/proto/layer_tree.go::struct::LayerTreeProfileSnapshotResult	struct	missing		auto-generated
lib/proto/layer_tree.go::struct::LayerTreeReleaseSnapshot	struct	missing		auto-generated
lib/proto/layer_tree.go::struct::LayerTreeReplaySnapshot	struct	missing		auto-generated
lib/proto/layer_tree.go::struct::LayerTreeReplaySnapshotResult	struct	missing		auto-generated
lib/proto/layer_tree.go::struct::LayerTreeScrollRect	struct	missing		auto-generated
lib/proto/layer_tree.go::struct::LayerTreeSnapshotCommandLog	struct	missing		auto-generated
lib/proto/layer_tree.go::struct::LayerTreeSnapshotCommandLogResult	struct	missing		auto-generated
lib/proto/layer_tree.go::struct::LayerTreeStickyPositionConstraint	struct	missing		auto-generated
lib/proto/layer_tree.go::type::LayerTreeLayerID	type	missing		auto-generated
lib/proto/layer_tree.go::type::LayerTreePaintProfile	type	missing		auto-generated
lib/proto/layer_tree.go::type::LayerTreeScrollRectType	type	missing		auto-generated
lib/proto/layer_tree.go::type::LayerTreeSnapshotID	type	missing		auto-generated
lib/proto/log.go::const::LogLogEntryCategoryCors	const	missing		auto-generated
lib/proto/log.go::const::LogLogEntryLevelError	const	missing		auto-generated
lib/proto/log.go::const::LogLogEntryLevelInfo	const	missing		auto-generated
lib/proto/log.go::const::LogLogEntryLevelVerbose	const	missing		auto-generated
lib/proto/log.go::const::LogLogEntryLevelWarning	const	missing		auto-generated
lib/proto/log.go::const::LogLogEntrySourceAppcache	const	missing		auto-generated
lib/proto/log.go::const::LogLogEntrySourceDeprecation	const	missing		auto-generated
lib/proto/log.go::const::LogLogEntrySourceIntervention	const	missing		auto-generated
lib/proto/log.go::const::LogLogEntrySourceJavascript	const	missing		auto-generated
lib/proto/log.go::const::LogLogEntrySourceNetwork	const	missing		auto-generated
lib/proto/log.go::const::LogLogEntrySourceOther	const	missing		auto-generated
lib/proto/log.go::const::LogLogEntrySourceRecommendation	const	missing		auto-generated
lib/proto/log.go::const::LogLogEntrySourceRendering	const	missing		auto-generated
lib/proto/log.go::const::LogLogEntrySourceSecurity	const	missing		auto-generated
lib/proto/log.go::const::LogLogEntrySourceStorage	const	missing		auto-generated
lib/proto/log.go::const::LogLogEntrySourceViolation	const	missing		auto-generated
lib/proto/log.go::const::LogLogEntrySourceWorker	const	missing		auto-generated
lib/proto/log.go::const::LogLogEntrySourceXML	const	missing		auto-generated
lib/proto/log.go::const::LogViolationSettingNameBlockedEvent	const	missing		auto-generated
lib/proto/log.go::const::LogViolationSettingNameBlockedParser	const	missing		auto-generated
lib/proto/log.go::const::LogViolationSettingNameDiscouragedAPIUse	const	missing		auto-generated
lib/proto/log.go::const::LogViolationSettingNameHandler	const	missing		auto-generated
lib/proto/log.go::const::LogViolationSettingNameLongLayout	const	missing		auto-generated
lib/proto/log.go::const::LogViolationSettingNameLongTask	const	missing		auto-generated
lib/proto/log.go::const::LogViolationSettingNameRecurringHandler	const	missing		auto-generated
lib/proto/log.go::method::LogClear.Call	method	missing		auto-generated
lib/proto/log.go::method::LogClear.ProtoReq	method	missing		auto-generated
lib/proto/log.go::method::LogDisable.Call	method	missing		auto-generated
lib/proto/log.go::method::LogDisable.ProtoReq	method	missing		auto-generated
lib/proto/log.go::method::LogEnable.Call	method	missing		auto-generated
lib/proto/log.go::method::LogEnable.ProtoReq	method	missing		auto-generated
lib/proto/log.go::method::LogEntryAdded.ProtoEvent	method	missing		auto-generated
lib/proto/log.go::method::LogStartViolationsReport.Call	method	missing		auto-generated
lib/proto/log.go::method::LogStartViolationsReport.ProtoReq	method	missing		auto-generated
lib/proto/log.go::method::LogStopViolationsReport.Call	method	missing		auto-generated
lib/proto/log.go::method::LogStopViolationsReport.ProtoReq	method	missing		auto-generated
lib/proto/log.go::struct::LogClear	struct	missing		auto-generated
lib/proto/log.go::struct::LogDisable	struct	missing		auto-generated
lib/proto/log.go::struct::LogEnable	struct	missing		auto-generated
lib/proto/log.go::struct::LogEntryAdded	struct	missing		auto-generated
lib/proto/log.go::struct::LogLogEntry	struct	missing		auto-generated
lib/proto/log.go::struct::LogStartViolationsReport	struct	missing		auto-generated
lib/proto/log.go::struct::LogStopViolationsReport	struct	missing		auto-generated
lib/proto/log.go::struct::LogViolationSetting	struct	missing		auto-generated
lib/proto/log.go::type::LogLogEntryCategory	type	missing		auto-generated
lib/proto/log.go::type::LogLogEntryLevel	type	missing		auto-generated
lib/proto/log.go::type::LogLogEntrySource	type	missing		auto-generated
lib/proto/log.go::type::LogViolationSettingName	type	missing		auto-generated
lib/proto/media.go::const::MediaPlayerMessageLevelDebug	const	missing		auto-generated
lib/proto/media.go::const::MediaPlayerMessageLevelError	const	missing		auto-generated
lib/proto/media.go::const::MediaPlayerMessageLevelInfo	const	missing		auto-generated
lib/proto/media.go::const::MediaPlayerMessageLevelWarning	const	missing		auto-generated
lib/proto/media.go::method::MediaDisable.Call	method	missing		auto-generated
lib/proto/media.go::method::MediaDisable.ProtoReq	method	missing		auto-generated
lib/proto/media.go::method::MediaEnable.Call	method	missing		auto-generated
lib/proto/media.go::method::MediaEnable.ProtoReq	method	missing		auto-generated
lib/proto/media.go::method::MediaPlayerErrorsRaised.ProtoEvent	method	missing		auto-generated
lib/proto/media.go::method::MediaPlayerEventsAdded.ProtoEvent	method	missing		auto-generated
lib/proto/media.go::method::MediaPlayerMessagesLogged.ProtoEvent	method	missing		auto-generated
lib/proto/media.go::method::MediaPlayerPropertiesChanged.ProtoEvent	method	missing		auto-generated
lib/proto/media.go::method::MediaPlayersCreated.ProtoEvent	method	missing		auto-generated
lib/proto/media.go::struct::MediaDisable	struct	missing		auto-generated
lib/proto/media.go::struct::MediaEnable	struct	missing		auto-generated
lib/proto/media.go::struct::MediaPlayerError	struct	missing		auto-generated
lib/proto/media.go::struct::MediaPlayerErrorSourceLocation	struct	missing		auto-generated
lib/proto/media.go::struct::MediaPlayerErrorsRaised	struct	missing		auto-generated
lib/proto/media.go::struct::MediaPlayerEvent	struct	missing		auto-generated
lib/proto/media.go::struct::MediaPlayerEventsAdded	struct	missing		auto-generated
lib/proto/media.go::struct::MediaPlayerMessage	struct	missing		auto-generated
lib/proto/media.go::struct::MediaPlayerMessagesLogged	struct	missing		auto-generated
lib/proto/media.go::struct::MediaPlayerPropertiesChanged	struct	missing		auto-generated
lib/proto/media.go::struct::MediaPlayerProperty	struct	missing		auto-generated
lib/proto/media.go::struct::MediaPlayersCreated	struct	missing		auto-generated
lib/proto/media.go::type::MediaPlayerID	type	missing		auto-generated
lib/proto/media.go::type::MediaPlayerMessageLevel	type	missing		auto-generated
lib/proto/media.go::type::MediaTimestamp	type	missing		auto-generated
lib/proto/memory.go::const::MemoryPressureLevelCritical	const	missing		auto-generated
lib/proto/memory.go::const::MemoryPressureLevelModerate	const	missing		auto-generated
lib/proto/memory.go::method::MemoryForciblyPurgeJavaScriptMemory.Call	method	missing		auto-generated
lib/proto/memory.go::method::MemoryForciblyPurgeJavaScriptMemory.ProtoReq	method	missing		auto-generated
lib/proto/memory.go::method::MemoryGetAllTimeSamplingProfile.Call	method	missing		auto-generated
lib/proto/memory.go::method::MemoryGetAllTimeSamplingProfile.ProtoReq	method	missing		auto-generated
lib/proto/memory.go::method::MemoryGetBrowserSamplingProfile.Call	method	missing		auto-generated
lib/proto/memory.go::method::MemoryGetBrowserSamplingProfile.ProtoReq	method	missing		auto-generated
lib/proto/memory.go::method::MemoryGetDOMCounters.Call	method	missing		auto-generated
lib/proto/memory.go::method::MemoryGetDOMCounters.ProtoReq	method	missing		auto-generated
lib/proto/memory.go::method::MemoryGetSamplingProfile.Call	method	missing		auto-generated
lib/proto/memory.go::method::MemoryGetSamplingProfile.ProtoReq	method	missing		auto-generated
lib/proto/memory.go::method::MemoryPrepareForLeakDetection.Call	method	missing		auto-generated
lib/proto/memory.go::method::MemoryPrepareForLeakDetection.ProtoReq	method	missing		auto-generated
lib/proto/memory.go::method::MemorySetPressureNotificationsSuppressed.Call	method	missing		auto-generated
lib/proto/memory.go::method::MemorySetPressureNotificationsSuppressed.ProtoReq	method	missing		auto-generated
lib/proto/memory.go::method::MemorySimulatePressureNotification.Call	method	missing		auto-generated
lib/proto/memory.go::method::MemorySimulatePressureNotification.ProtoReq	method	missing		auto-generated
lib/proto/memory.go::method::MemoryStartSampling.Call	method	missing		auto-generated
lib/proto/memory.go::method::MemoryStartSampling.ProtoReq	method	missing		auto-generated
lib/proto/memory.go::method::MemoryStopSampling.Call	method	missing		auto-generated
lib/proto/memory.go::method::MemoryStopSampling.ProtoReq	method	missing		auto-generated
lib/proto/memory.go::struct::MemoryForciblyPurgeJavaScriptMemory	struct	missing		auto-generated
lib/proto/memory.go::struct::MemoryGetAllTimeSamplingProfile	struct	missing		auto-generated
lib/proto/memory.go::struct::MemoryGetAllTimeSamplingProfileResult	struct	missing		auto-generated
lib/proto/memory.go::struct::MemoryGetBrowserSamplingProfile	struct	missing		auto-generated
lib/proto/memory.go::struct::MemoryGetBrowserSamplingProfileResult	struct	missing		auto-generated
lib/proto/memory.go::struct::MemoryGetDOMCounters	struct	missing		auto-generated
lib/proto/memory.go::struct::MemoryGetDOMCountersResult	struct	missing		auto-generated
lib/proto/memory.go::struct::MemoryGetSamplingProfile	struct	missing		auto-generated
lib/proto/memory.go::struct::MemoryGetSamplingProfileResult	struct	missing		auto-generated
lib/proto/memory.go::struct::MemoryModule	struct	missing		auto-generated
lib/proto/memory.go::struct::MemoryPrepareForLeakDetection	struct	missing		auto-generated
lib/proto/memory.go::struct::MemorySamplingProfile	struct	missing		auto-generated
lib/proto/memory.go::struct::MemorySamplingProfileNode	struct	missing		auto-generated
lib/proto/memory.go::struct::MemorySetPressureNotificationsSuppressed	struct	missing		auto-generated
lib/proto/memory.go::struct::MemorySimulatePressureNotification	struct	missing		auto-generated
lib/proto/memory.go::struct::MemoryStartSampling	struct	missing		auto-generated
lib/proto/memory.go::struct::MemoryStopSampling	struct	missing		auto-generated
lib/proto/memory.go::type::MemoryPressureLevel	type	missing		auto-generated
lib/proto/network.go::const::NetworkAlternateProtocolUsageAlternativeJobWonRace	const	missing		auto-generated
lib/proto/network.go::const::NetworkAlternateProtocolUsageAlternativeJobWonWithoutRace	const	missing		auto-generated
lib/proto/network.go::const::NetworkAlternateProtocolUsageBroken	const	missing		auto-generated
lib/proto/network.go::const::NetworkAlternateProtocolUsageDNSAlpnH3JobWonRace	const	missing		auto-generated
lib/proto/network.go::const::NetworkAlternateProtocolUsageDNSAlpnH3JobWonWithoutRace	const	missing		auto-generated
lib/proto/network.go::const::NetworkAlternateProtocolUsageMainJobWonRace	const	missing		auto-generated
lib/proto/network.go::const::NetworkAlternateProtocolUsageMappingMissing	const	missing		auto-generated
lib/proto/network.go::const::NetworkAlternateProtocolUsageUnspecifiedReason	const	missing		auto-generated
lib/proto/network.go::const::NetworkAuthChallengeResponseResponseCancelAuth	const	missing		auto-generated
lib/proto/network.go::const::NetworkAuthChallengeResponseResponseDefault	const	missing		auto-generated
lib/proto/network.go::const::NetworkAuthChallengeResponseResponseProvideCredentials	const	missing		auto-generated
lib/proto/network.go::const::NetworkAuthChallengeSourceProxy	const	missing		auto-generated
lib/proto/network.go::const::NetworkAuthChallengeSourceServer	const	missing		auto-generated
lib/proto/network.go::const::NetworkBlockedReasonCoepFrameResourceNeedsCoepHeader	const	missing		auto-generated
lib/proto/network.go::const::NetworkBlockedReasonContentType	const	missing		auto-generated
lib/proto/network.go::const::NetworkBlockedReasonCoopSandboxedIframeCannotNavigateToCoopPage	const	missing		auto-generated
lib/proto/network.go::const::NetworkBlockedReasonCorpNotSameOrigin	const	missing		auto-generated
lib/proto/network.go::const::NetworkBlockedReasonCorpNotSameOriginAfterDefaultedToSameOriginByCoep	const	missing		auto-generated
lib/proto/network.go::const::NetworkBlockedReasonCorpNotSameOriginAfterDefaultedToSameOriginByCoepAndDip	const	missing		auto-generated
lib/proto/network.go::const::NetworkBlockedReasonCorpNotSameOriginAfterDefaultedToSameOriginByDip	const	missing		auto-generated
lib/proto/network.go::const::NetworkBlockedReasonCorpNotSameSite	const	missing		auto-generated
lib/proto/network.go::const::NetworkBlockedReasonCsp	const	missing		auto-generated
lib/proto/network.go::const::NetworkBlockedReasonInspector	const	missing		auto-generated
lib/proto/network.go::const::NetworkBlockedReasonMixedContent	const	missing		auto-generated
lib/proto/network.go::const::NetworkBlockedReasonOrigin	const	missing		auto-generated
lib/proto/network.go::const::NetworkBlockedReasonOther	const	missing		auto-generated
lib/proto/network.go::const::NetworkBlockedReasonSubresourceFilter	const	missing		auto-generated
lib/proto/network.go::const::NetworkCertificateTransparencyComplianceCompliant	const	missing		auto-generated
lib/proto/network.go::const::NetworkCertificateTransparencyComplianceNotCompliant	const	missing		auto-generated
lib/proto/network.go::const::NetworkCertificateTransparencyComplianceUnknown	const	missing		auto-generated
lib/proto/network.go::const::NetworkConnectionTypeBluetooth	const	missing		auto-generated
lib/proto/network.go::const::NetworkConnectionTypeCellular2g	const	missing		auto-generated
lib/proto/network.go::const::NetworkConnectionTypeCellular3g	const	missing		auto-generated
lib/proto/network.go::const::NetworkConnectionTypeCellular4g	const	missing		auto-generated
lib/proto/network.go::const::NetworkConnectionTypeEthernet	const	missing		auto-generated
lib/proto/network.go::const::NetworkConnectionTypeNone	const	missing		auto-generated
lib/proto/network.go::const::NetworkConnectionTypeOther	const	missing		auto-generated
lib/proto/network.go::const::NetworkConnectionTypeWifi	const	missing		auto-generated
lib/proto/network.go::const::NetworkConnectionTypeWimax	const	missing		auto-generated
lib/proto/network.go::const::NetworkContentEncodingBr	const	missing		auto-generated
lib/proto/network.go::const::NetworkContentEncodingDeflate	const	missing		auto-generated
lib/proto/network.go::const::NetworkContentEncodingGzip	const	missing		auto-generated
lib/proto/network.go::const::NetworkContentEncodingZstd	const	missing		auto-generated
lib/proto/network.go::const::NetworkContentSecurityPolicySourceHTTP	const	missing		auto-generated
lib/proto/network.go::const::NetworkContentSecurityPolicySourceMeta	const	missing		auto-generated
lib/proto/network.go::const::NetworkCookieBlockedReasonDomainMismatch	const	missing		auto-generated
lib/proto/network.go::const::NetworkCookieBlockedReasonNameValuePairExceedsMaxSize	const	missing		auto-generated
lib/proto/network.go::const::NetworkCookieBlockedReasonNotOnPath	const	missing		auto-generated
lib/proto/network.go::const::NetworkCookieBlockedReasonSamePartyFromCrossPartyContext	const	missing		auto-generated
lib/proto/network.go::const::NetworkCookieBlockedReasonSameSiteLax	const	missing		auto-generated
lib/proto/network.go::const::NetworkCookieBlockedReasonSameSiteNoneInsecure	const	missing		auto-generated
lib/proto/network.go::const::NetworkCookieBlockedReasonSameSiteStrict	const	missing		auto-generated
lib/proto/network.go::const::NetworkCookieBlockedReasonSameSiteUnspecifiedTreatedAsLax	const	missing		auto-generated
lib/proto/network.go::const::NetworkCookieBlockedReasonSchemefulSameSiteLax	const	missing		auto-generated
lib/proto/network.go::const::NetworkCookieBlockedReasonSchemefulSameSiteStrict	const	missing		auto-generated
lib/proto/network.go::const::NetworkCookieBlockedReasonSchemefulSameSiteUnspecifiedTreatedAsLax	const	missing		auto-generated
lib/proto/network.go::const::NetworkCookieBlockedReasonSecureOnly	const	missing		auto-generated
lib/proto/network.go::const::NetworkCookieBlockedReasonThirdPartyBlockedInFirstPartySet	const	missing		auto-generated
lib/proto/network.go::const::NetworkCookieBlockedReasonThirdPartyPhaseout	const	missing		auto-generated
lib/proto/network.go::const::NetworkCookieBlockedReasonUnknownError	const	missing		auto-generated
lib/proto/network.go::const::NetworkCookieBlockedReasonUserPreferences	const	missing		auto-generated
lib/proto/network.go::const::NetworkCookieExemptionReasonCorsOptIn	const	missing		auto-generated
lib/proto/network.go::const::NetworkCookieExemptionReasonEnterprisePolicy	const	missing		auto-generated
lib/proto/network.go::const::NetworkCookieExemptionReasonNone	const	missing		auto-generated
lib/proto/network.go::const::NetworkCookieExemptionReasonScheme	const	missing		auto-generated
lib/proto/network.go::const::NetworkCookieExemptionReasonStorageAccess	const	missing		auto-generated
lib/proto/network.go::const::NetworkCookieExemptionReasonTPCDDeprecationTrial	const	missing		auto-generated
lib/proto/network.go::const::NetworkCookieExemptionReasonTPCDHeuristics	const	missing		auto-generated
lib/proto/network.go::const::NetworkCookieExemptionReasonTPCDMetadata	const	missing		auto-generated
lib/proto/network.go::const::NetworkCookieExemptionReasonTopLevelStorageAccess	const	missing		auto-generated
lib/proto/network.go::const::NetworkCookieExemptionReasonUserSetting	const	missing		auto-generated
lib/proto/network.go::const::NetworkCookiePriorityHigh	const	missing		auto-generated
lib/proto/network.go::const::NetworkCookiePriorityLow	const	missing		auto-generated
lib/proto/network.go::const::NetworkCookiePriorityMedium	const	missing		auto-generated
lib/proto/network.go::const::NetworkCookieSameSiteLax	const	missing		auto-generated
lib/proto/network.go::const::NetworkCookieSameSiteNone	const	missing		auto-generated
lib/proto/network.go::const::NetworkCookieSameSiteStrict	const	missing		auto-generated
lib/proto/network.go::const::NetworkCookieSourceSchemeNonSecure	const	missing		auto-generated
lib/proto/network.go::const::NetworkCookieSourceSchemeSecure	const	missing		auto-generated
lib/proto/network.go::const::NetworkCookieSourceSchemeUnset	const	missing		auto-generated
lib/proto/network.go::const::NetworkCorsErrorAllowOriginMismatch	const	missing		auto-generated
lib/proto/network.go::const::NetworkCorsErrorCorsDisabledScheme	const	missing		auto-generated
lib/proto/network.go::const::NetworkCorsErrorDisallowedByMode	const	missing		auto-generated
lib/proto/network.go::const::NetworkCorsErrorHeaderDisallowedByPreflightResponse	const	missing		auto-generated
lib/proto/network.go::const::NetworkCorsErrorInsecurePrivateNetwork	const	missing		auto-generated
lib/proto/network.go::const::NetworkCorsErrorInvalidAllowCredentials	const	missing		auto-generated
lib/proto/network.go::const::NetworkCorsErrorInvalidAllowHeadersPreflightResponse	const	missing		auto-generated
lib/proto/network.go::const::NetworkCorsErrorInvalidAllowMethodsPreflightResponse	const	missing		auto-generated
lib/proto/network.go::const::NetworkCorsErrorInvalidAllowOriginValue	const	missing		auto-generated
lib/proto/network.go::const::NetworkCorsErrorInvalidPrivateNetworkAccess	const	missing		auto-generated
lib/proto/network.go::const::NetworkCorsErrorInvalidResponse	const	missing		auto-generated
lib/proto/network.go::const::NetworkCorsErrorMethodDisallowedByPreflightResponse	const	missing		auto-generated
lib/proto/network.go::const::NetworkCorsErrorMissingAllowOriginHeader	const	missing		auto-generated
lib/proto/network.go::const::NetworkCorsErrorMultipleAllowOriginValues	const	missing		auto-generated
lib/proto/network.go::const::NetworkCorsErrorNoCorsRedirectModeNotFollow	const	missing		auto-generated
lib/proto/network.go::const::NetworkCorsErrorPreflightAllowOriginMismatch	const	missing		auto-generated
lib/proto/network.go::const::NetworkCorsErrorPreflightDisallowedRedirect	const	missing		auto-generated
lib/proto/network.go::const::NetworkCorsErrorPreflightInvalidAllowCredentials	const	missing		auto-generated
lib/proto/network.go::const::NetworkCorsErrorPreflightInvalidAllowExternal	const	missing		auto-generated
lib/proto/network.go::const::NetworkCorsErrorPreflightInvalidAllowOriginValue	const	missing		auto-generated
lib/proto/network.go::const::NetworkCorsErrorPreflightInvalidAllowPrivateNetwork	const	missing		auto-generated
lib/proto/network.go::const::NetworkCorsErrorPreflightInvalidStatus	const	missing		auto-generated
lib/proto/network.go::const::NetworkCorsErrorPreflightMissingAllowExternal	const	missing		auto-generated
lib/proto/network.go::const::NetworkCorsErrorPreflightMissingAllowOriginHeader	const	missing		auto-generated
lib/proto/network.go::const::NetworkCorsErrorPreflightMissingAllowPrivateNetwork	const	missing		auto-generated
lib/proto/network.go::const::NetworkCorsErrorPreflightMissingPrivateNetworkAccessID	const	missing		auto-generated
lib/proto/network.go::const::NetworkCorsErrorPreflightMissingPrivateNetworkAccessName	const	missing		auto-generated
lib/proto/network.go::const::NetworkCorsErrorPreflightMultipleAllowOriginValues	const	missing		auto-generated
lib/proto/network.go::const::NetworkCorsErrorPreflightWildcardOriginNotAllowed	const	missing		auto-generated
lib/proto/network.go::const::NetworkCorsErrorPrivateNetworkAccessPermissionDenied	const	missing		auto-generated
lib/proto/network.go::const::NetworkCorsErrorPrivateNetworkAccessPermissionUnavailable	const	missing		auto-generated
lib/proto/network.go::const::NetworkCorsErrorRedirectContainsCredentials	const	missing		auto-generated
lib/proto/network.go::const::NetworkCorsErrorUnexpectedPrivateNetworkAccess	const	missing		auto-generated
lib/proto/network.go::const::NetworkCorsErrorWildcardOriginNotAllowed	const	missing		auto-generated
lib/proto/network.go::const::NetworkCrossOriginEmbedderPolicyValueCredentialless	const	missing		auto-generated
lib/proto/network.go::const::NetworkCrossOriginEmbedderPolicyValueNone	const	missing		auto-generated
lib/proto/network.go::const::NetworkCrossOriginEmbedderPolicyValueRequireCorp	const	missing		auto-generated
lib/proto/network.go::const::NetworkCrossOriginOpenerPolicyValueRestrictProperties	const	missing		auto-generated
lib/proto/network.go::const::NetworkCrossOriginOpenerPolicyValueRestrictPropertiesPlusCoep	const	missing		auto-generated
lib/proto/network.go::const::NetworkCrossOriginOpenerPolicyValueSameOrigin	const	missing		auto-generated
lib/proto/network.go::const::NetworkCrossOriginOpenerPolicyValueSameOriginAllowPopups	const	missing		auto-generated
lib/proto/network.go::const::NetworkCrossOriginOpenerPolicyValueSameOriginPlusCoep	const	missing		auto-generated
lib/proto/network.go::const::NetworkCrossOriginOpenerPolicyValueUnsafeNone	const	missing		auto-generated
lib/proto/network.go::const::NetworkErrorReasonAborted	const	missing		auto-generated
lib/proto/network.go::const::NetworkErrorReasonAccessDenied	const	missing		auto-generated
lib/proto/network.go::const::NetworkErrorReasonAddressUnreachable	const	missing		auto-generated
lib/proto/network.go::const::NetworkErrorReasonBlockedByClient	const	missing		auto-generated
lib/proto/network.go::const::NetworkErrorReasonBlockedByResponse	const	missing		auto-generated
lib/proto/network.go::const::NetworkErrorReasonConnectionAborted	const	missing		auto-generated
lib/proto/network.go::const::NetworkErrorReasonConnectionClosed	const	missing		auto-generated
lib/proto/network.go::const::NetworkErrorReasonConnectionFailed	const	missing		auto-generated
lib/proto/network.go::const::NetworkErrorReasonConnectionRefused	const	missing		auto-generated
lib/proto/network.go::const::NetworkErrorReasonConnectionReset	const	missing		auto-generated
lib/proto/network.go::const::NetworkErrorReasonFailed	const	missing		auto-generated
lib/proto/network.go::const::NetworkErrorReasonInternetDisconnected	const	missing		auto-generated
lib/proto/network.go::const::NetworkErrorReasonNameNotResolved	const	missing		auto-generated
lib/proto/network.go::const::NetworkErrorReasonTimedOut	const	missing		auto-generated
lib/proto/network.go::const::NetworkIPAddressSpaceLocal	const	missing		auto-generated
lib/proto/network.go::const::NetworkIPAddressSpacePrivate	const	missing		auto-generated
lib/proto/network.go::const::NetworkIPAddressSpacePublic	const	missing		auto-generated
lib/proto/network.go::const::NetworkIPAddressSpaceUnknown	const	missing		auto-generated
lib/proto/network.go::const::NetworkInitiatorTypeOther	const	missing		auto-generated
lib/proto/network.go::const::NetworkInitiatorTypeParser	const	missing		auto-generated
lib/proto/network.go::const::NetworkInitiatorTypePreflight	const	missing		auto-generated
lib/proto/network.go::const::NetworkInitiatorTypePreload	const	missing		auto-generated
lib/proto/network.go::const::NetworkInitiatorTypeScript	const	missing		auto-generated
lib/proto/network.go::const::NetworkInitiatorTypeSignedExchange	const	missing		auto-generated
lib/proto/network.go::const::NetworkInterceptionStageHeadersReceived	const	missing		auto-generated
lib/proto/network.go::const::NetworkInterceptionStageRequest	const	missing		auto-generated
lib/proto/network.go::const::NetworkPrivateNetworkRequestPolicyAllow	const	missing		auto-generated
lib/proto/network.go::const::NetworkPrivateNetworkRequestPolicyBlockFromInsecureToMorePrivate	const	missing		auto-generated
lib/proto/network.go::const::NetworkPrivateNetworkRequestPolicyPreflightBlock	const	missing		auto-generated
lib/proto/network.go::const::NetworkPrivateNetworkRequestPolicyPreflightWarn	const	missing		auto-generated
lib/proto/network.go::const::NetworkPrivateNetworkRequestPolicyWarnFromInsecureToMorePrivate	const	missing		auto-generated
lib/proto/network.go::const::NetworkReportStatusMarkedForRemoval	const	missing		auto-generated
lib/proto/network.go::const::NetworkReportStatusPending	const	missing		auto-generated
lib/proto/network.go::const::NetworkReportStatusQueued	const	missing		auto-generated
lib/proto/network.go::const::NetworkReportStatusSuccess	const	missing		auto-generated
lib/proto/network.go::const::NetworkRequestReferrerPolicyNoReferrer	const	missing		auto-generated
lib/proto/network.go::const::NetworkRequestReferrerPolicyNoReferrerWhenDowngrade	const	missing		auto-generated
lib/proto/network.go::const::NetworkRequestReferrerPolicyOrigin	const	missing		auto-generated
lib/proto/network.go::const::NetworkRequestReferrerPolicyOriginWhenCrossOrigin	const	missing		auto-generated
lib/proto/network.go::const::NetworkRequestReferrerPolicySameOrigin	const	missing		auto-generated
lib/proto/network.go::const::NetworkRequestReferrerPolicyStrictOrigin	const	missing		auto-generated
lib/proto/network.go::const::NetworkRequestReferrerPolicyStrictOriginWhenCrossOrigin	const	missing		auto-generated
lib/proto/network.go::const::NetworkRequestReferrerPolicyUnsafeURL	const	missing		auto-generated
lib/proto/network.go::const::NetworkResourcePriorityHigh	const	missing		auto-generated
lib/proto/network.go::const::NetworkResourcePriorityLow	const	missing		auto-generated
lib/proto/network.go::const::NetworkResourcePriorityMedium	const	missing		auto-generated
lib/proto/network.go::const::NetworkResourcePriorityVeryHigh	const	missing		auto-generated
lib/proto/network.go::const::NetworkResourcePriorityVeryLow	const	missing		auto-generated
lib/proto/network.go::const::NetworkResourceTypeCSPViolationReport	const	missing		auto-generated
lib/proto/network.go::const::NetworkResourceTypeDocument	const	missing		auto-generated
lib/proto/network.go::const::NetworkResourceTypeEventSource	const	missing		auto-generated
lib/proto/network.go::const::NetworkResourceTypeFetch	const	missing		auto-generated
lib/proto/network.go::const::NetworkResourceTypeFont	const	missing		auto-generated
lib/proto/network.go::const::NetworkResourceTypeImage	const	missing		auto-generated
lib/proto/network.go::const::NetworkResourceTypeManifest	const	missing		auto-generated
lib/proto/network.go::const::NetworkResourceTypeMedia	const	missing		auto-generated
lib/proto/network.go::const::NetworkResourceTypeOther	const	missing		auto-generated
lib/proto/network.go::const::NetworkResourceTypePing	const	missing		auto-generated
lib/proto/network.go::const::NetworkResourceTypePrefetch	const	missing		auto-generated
lib/proto/network.go::const::NetworkResourceTypePreflight	const	missing		auto-generated
lib/proto/network.go::const::NetworkResourceTypeScript	const	missing		auto-generated
lib/proto/network.go::const::NetworkResourceTypeSignedExchange	const	missing		auto-generated
lib/proto/network.go::const::NetworkResourceTypeStylesheet	const	missing		auto-generated
lib/proto/network.go::const::NetworkResourceTypeTextTrack	const	missing		auto-generated
lib/proto/network.go::const::NetworkResourceTypeWebSocket	const	missing		auto-generated
lib/proto/network.go::const::NetworkResourceTypeXHR	const	missing		auto-generated
lib/proto/network.go::const::NetworkServiceWorkerResponseSourceCacheStorage	const	missing		auto-generated
lib/proto/network.go::const::NetworkServiceWorkerResponseSourceFallbackCode	const	missing		auto-generated
lib/proto/network.go::const::NetworkServiceWorkerResponseSourceHTTPCache	const	missing		auto-generated
lib/proto/network.go::const::NetworkServiceWorkerResponseSourceNetwork	const	missing		auto-generated
lib/proto/network.go::const::NetworkServiceWorkerRouterSourceCache	const	missing		auto-generated
lib/proto/network.go::const::NetworkServiceWorkerRouterSourceFetchEvent	const	missing		auto-generated
lib/proto/network.go::const::NetworkServiceWorkerRouterSourceNetwork	const	missing		auto-generated
lib/proto/network.go::const::NetworkServiceWorkerRouterSourceRaceNetworkAndFetchHandler	const	missing		auto-generated
lib/proto/network.go::const::NetworkSetCookieBlockedReasonDisallowedCharacter	const	missing		auto-generated
lib/proto/network.go::const::NetworkSetCookieBlockedReasonInvalidDomain	const	missing		auto-generated
lib/proto/network.go::const::NetworkSetCookieBlockedReasonInvalidPrefix	const	missing		auto-generated
lib/proto/network.go::const::NetworkSetCookieBlockedReasonNameValuePairExceedsMaxSize	const	missing		auto-generated
lib/proto/network.go::const::NetworkSetCookieBlockedReasonNoCookieContent	const	missing		auto-generated
lib/proto/network.go::const::NetworkSetCookieBlockedReasonOverwriteSecure	const	missing		auto-generated
lib/proto/network.go::const::NetworkSetCookieBlockedReasonSamePartyConflictsWithOtherAttributes	const	missing		auto-generated
lib/proto/network.go::const::NetworkSetCookieBlockedReasonSamePartyFromCrossPartyContext	const	missing		auto-generated
lib/proto/network.go::const::NetworkSetCookieBlockedReasonSameSiteLax	const	missing		auto-generated
lib/proto/network.go::const::NetworkSetCookieBlockedReasonSameSiteNoneInsecure	const	missing		auto-generated
lib/proto/network.go::const::NetworkSetCookieBlockedReasonSameSiteStrict	const	missing		auto-generated
lib/proto/network.go::const::NetworkSetCookieBlockedReasonSameSiteUnspecifiedTreatedAsLax	const	missing		auto-generated
lib/proto/network.go::const::NetworkSetCookieBlockedReasonSchemeNotSupported	const	missing		auto-generated
lib/proto/network.go::const::NetworkSetCookieBlockedReasonSchemefulSameSiteLax	const	missing		auto-generated
lib/proto/network.go::const::NetworkSetCookieBlockedReasonSchemefulSameSiteStrict	const	missing		auto-generated
lib/proto/network.go::const::NetworkSetCookieBlockedReasonSchemefulSameSiteUnspecifiedTreatedAsLax	const	missing		auto-generated
lib/proto/network.go::const::NetworkSetCookieBlockedReasonSecureOnly	const	missing		auto-generated
lib/proto/network.go::const::NetworkSetCookieBlockedReasonSyntaxError	const	missing		auto-generated
lib/proto/network.go::const::NetworkSetCookieBlockedReasonThirdPartyBlockedInFirstPartySet	const	missing		auto-generated
lib/proto/network.go::const::NetworkSetCookieBlockedReasonThirdPartyPhaseout	const	missing		auto-generated
lib/proto/network.go::const::NetworkSetCookieBlockedReasonUnknownError	const	missing		auto-generated
lib/proto/network.go::const::NetworkSetCookieBlockedReasonUserPreferences	const	missing		auto-generated
lib/proto/network.go::const::NetworkSignedExchangeErrorFieldSignatureCertSha256	const	missing		auto-generated
lib/proto/network.go::const::NetworkSignedExchangeErrorFieldSignatureCertURL	const	missing		auto-generated
lib/proto/network.go::const::NetworkSignedExchangeErrorFieldSignatureIntegrity	const	missing		auto-generated
lib/proto/network.go::const::NetworkSignedExchangeErrorFieldSignatureSig	const	missing		auto-generated
lib/proto/network.go::const::NetworkSignedExchangeErrorFieldSignatureTimestamps	const	missing		auto-generated
lib/proto/network.go::const::NetworkSignedExchangeErrorFieldSignatureValidityURL	const	missing		auto-generated
lib/proto/network.go::const::NetworkTrustTokenOperationDoneStatusAlreadyExists	const	missing		auto-generated
lib/proto/network.go::const::NetworkTrustTokenOperationDoneStatusBadResponse	const	missing		auto-generated
lib/proto/network.go::const::NetworkTrustTokenOperationDoneStatusFailedPrecondition	const	missing		auto-generated
lib/proto/network.go::const::NetworkTrustTokenOperationDoneStatusFulfilledLocally	const	missing		auto-generated
lib/proto/network.go::const::NetworkTrustTokenOperationDoneStatusInternalError	const	missing		auto-generated
lib/proto/network.go::const::NetworkTrustTokenOperationDoneStatusInvalidArgument	const	missing		auto-generated
lib/proto/network.go::const::NetworkTrustTokenOperationDoneStatusMissingIssuerKeys	const	missing		auto-generated
lib/proto/network.go::const::NetworkTrustTokenOperationDoneStatusOk	const	missing		auto-generated
lib/proto/network.go::const::NetworkTrustTokenOperationDoneStatusResourceExhausted	const	missing		auto-generated
lib/proto/network.go::const::NetworkTrustTokenOperationDoneStatusResourceLimited	const	missing		auto-generated
lib/proto/network.go::const::NetworkTrustTokenOperationDoneStatusUnauthorized	const	missing		auto-generated
lib/proto/network.go::const::NetworkTrustTokenOperationDoneStatusUnknownError	const	missing		auto-generated
lib/proto/network.go::const::NetworkTrustTokenOperationTypeIssuance	const	missing		auto-generated
lib/proto/network.go::const::NetworkTrustTokenOperationTypeRedemption	const	missing		auto-generated
lib/proto/network.go::const::NetworkTrustTokenOperationTypeSigning	const	missing		auto-generated
lib/proto/network.go::const::NetworkTrustTokenParamsRefreshPolicyRefresh	const	missing		auto-generated
lib/proto/network.go::const::NetworkTrustTokenParamsRefreshPolicyUseCached	const	missing		auto-generated
lib/proto/network.go::method::NetworkCanClearBrowserCache.Call	method	missing		auto-generated
lib/proto/network.go::method::NetworkCanClearBrowserCache.ProtoReq	method	missing		auto-generated
lib/proto/network.go::method::NetworkCanClearBrowserCookies.Call	method	missing		auto-generated
lib/proto/network.go::method::NetworkCanClearBrowserCookies.ProtoReq	method	missing		auto-generated
lib/proto/network.go::method::NetworkCanEmulateNetworkConditions.Call	method	missing		auto-generated
lib/proto/network.go::method::NetworkCanEmulateNetworkConditions.ProtoReq	method	missing		auto-generated
lib/proto/network.go::method::NetworkClearAcceptedEncodingsOverride.Call	method	missing		auto-generated
lib/proto/network.go::method::NetworkClearAcceptedEncodingsOverride.ProtoReq	method	missing		auto-generated
lib/proto/network.go::method::NetworkClearBrowserCache.Call	method	missing		auto-generated
lib/proto/network.go::method::NetworkClearBrowserCache.ProtoReq	method	missing		auto-generated
lib/proto/network.go::method::NetworkClearBrowserCookies.Call	method	missing		auto-generated
lib/proto/network.go::method::NetworkClearBrowserCookies.ProtoReq	method	missing		auto-generated
lib/proto/network.go::method::NetworkContinueInterceptedRequest.Call	method	missing		auto-generated
lib/proto/network.go::method::NetworkContinueInterceptedRequest.ProtoReq	method	missing		auto-generated
lib/proto/network.go::method::NetworkDataReceived.ProtoEvent	method	missing		auto-generated
lib/proto/network.go::method::NetworkDeleteCookies.Call	method	missing		auto-generated
lib/proto/network.go::method::NetworkDeleteCookies.ProtoReq	method	missing		auto-generated
lib/proto/network.go::method::NetworkDisable.Call	method	missing		auto-generated
lib/proto/network.go::method::NetworkDisable.ProtoReq	method	missing		auto-generated
lib/proto/network.go::method::NetworkEmulateNetworkConditions.Call	method	missing		auto-generated
lib/proto/network.go::method::NetworkEmulateNetworkConditions.ProtoReq	method	missing		auto-generated
lib/proto/network.go::method::NetworkEnable.Call	method	missing		auto-generated
lib/proto/network.go::method::NetworkEnable.ProtoReq	method	missing		auto-generated
lib/proto/network.go::method::NetworkEnableReportingAPI.Call	method	missing		auto-generated
lib/proto/network.go::method::NetworkEnableReportingAPI.ProtoReq	method	missing		auto-generated
lib/proto/network.go::method::NetworkEventSourceMessageReceived.ProtoEvent	method	missing		auto-generated
lib/proto/network.go::method::NetworkGetAllCookies.Call	method	missing		auto-generated
lib/proto/network.go::method::NetworkGetAllCookies.ProtoReq	method	missing		auto-generated
lib/proto/network.go::method::NetworkGetCertificate.Call	method	missing		auto-generated
lib/proto/network.go::method::NetworkGetCertificate.ProtoReq	method	missing		auto-generated
lib/proto/network.go::method::NetworkGetCookies.Call	method	missing		auto-generated
lib/proto/network.go::method::NetworkGetCookies.ProtoReq	method	missing		auto-generated
lib/proto/network.go::method::NetworkGetRequestPostData.Call	method	missing		auto-generated
lib/proto/network.go::method::NetworkGetRequestPostData.ProtoReq	method	missing		auto-generated
lib/proto/network.go::method::NetworkGetResponseBody.Call	method	missing		auto-generated
lib/proto/network.go::method::NetworkGetResponseBody.ProtoReq	method	missing		auto-generated
lib/proto/network.go::method::NetworkGetResponseBodyForInterception.Call	method	missing		auto-generated
lib/proto/network.go::method::NetworkGetResponseBodyForInterception.ProtoReq	method	missing		auto-generated
lib/proto/network.go::method::NetworkGetSecurityIsolationStatus.Call	method	missing		auto-generated
lib/proto/network.go::method::NetworkGetSecurityIsolationStatus.ProtoReq	method	missing		auto-generated
lib/proto/network.go::method::NetworkLoadNetworkResource.Call	method	missing		auto-generated
lib/proto/network.go::method::NetworkLoadNetworkResource.ProtoReq	method	missing		auto-generated
lib/proto/network.go::method::NetworkLoadingFailed.ProtoEvent	method	missing		auto-generated
lib/proto/network.go::method::NetworkLoadingFinished.ProtoEvent	method	missing		auto-generated
lib/proto/network.go::method::NetworkPolicyUpdated.ProtoEvent	method	missing		auto-generated
lib/proto/network.go::method::NetworkReplayXHR.Call	method	missing		auto-generated
lib/proto/network.go::method::NetworkReplayXHR.ProtoReq	method	missing		auto-generated
lib/proto/network.go::method::NetworkReportingAPIEndpointsChangedForOrigin.ProtoEvent	method	missing		auto-generated
lib/proto/network.go::method::NetworkReportingAPIReportAdded.ProtoEvent	method	missing		auto-generated
lib/proto/network.go::method::NetworkReportingAPIReportUpdated.ProtoEvent	method	missing		auto-generated
lib/proto/network.go::method::NetworkRequestIntercepted.ProtoEvent	method	missing		auto-generated
lib/proto/network.go::method::NetworkRequestServedFromCache.ProtoEvent	method	missing		auto-generated
lib/proto/network.go::method::NetworkRequestWillBeSent.ProtoEvent	method	missing		auto-generated
lib/proto/network.go::method::NetworkRequestWillBeSentExtraInfo.ProtoEvent	method	missing		auto-generated
lib/proto/network.go::method::NetworkResourceChangedPriority.ProtoEvent	method	missing		auto-generated
lib/proto/network.go::method::NetworkResponseReceived.ProtoEvent	method	missing		auto-generated
lib/proto/network.go::method::NetworkResponseReceivedEarlyHints.ProtoEvent	method	missing		auto-generated
lib/proto/network.go::method::NetworkResponseReceivedExtraInfo.ProtoEvent	method	missing		auto-generated
lib/proto/network.go::method::NetworkSearchInResponseBody.Call	method	missing		auto-generated
lib/proto/network.go::method::NetworkSearchInResponseBody.ProtoReq	method	missing		auto-generated
lib/proto/network.go::method::NetworkSetAcceptedEncodings.Call	method	missing		auto-generated
lib/proto/network.go::method::NetworkSetAcceptedEncodings.ProtoReq	method	missing		auto-generated
lib/proto/network.go::method::NetworkSetAttachDebugStack.Call	method	missing		auto-generated
lib/proto/network.go::method::NetworkSetAttachDebugStack.ProtoReq	method	missing		auto-generated
lib/proto/network.go::method::NetworkSetBlockedURLs.Call	method	missing		auto-generated
lib/proto/network.go::method::NetworkSetBlockedURLs.ProtoReq	method	missing		auto-generated
lib/proto/network.go::method::NetworkSetBypassServiceWorker.Call	method	missing		auto-generated
lib/proto/network.go::method::NetworkSetBypassServiceWorker.ProtoReq	method	missing		auto-generated
lib/proto/network.go::method::NetworkSetCacheDisabled.Call	method	missing		auto-generated
lib/proto/network.go::method::NetworkSetCacheDisabled.ProtoReq	method	missing		auto-generated
lib/proto/network.go::method::NetworkSetCookie.Call	method	missing		auto-generated
lib/proto/network.go::method::NetworkSetCookie.ProtoReq	method	missing		auto-generated
lib/proto/network.go::method::NetworkSetCookies.Call	method	missing		auto-generated
lib/proto/network.go::method::NetworkSetCookies.ProtoReq	method	missing		auto-generated
lib/proto/network.go::method::NetworkSetExtraHTTPHeaders.Call	method	missing		auto-generated
lib/proto/network.go::method::NetworkSetExtraHTTPHeaders.ProtoReq	method	missing		auto-generated
lib/proto/network.go::method::NetworkSetRequestInterception.Call	method	missing		auto-generated
lib/proto/network.go::method::NetworkSetRequestInterception.ProtoReq	method	missing		auto-generated
lib/proto/network.go::method::NetworkSetUserAgentOverride.Call	method	missing		auto-generated
lib/proto/network.go::method::NetworkSetUserAgentOverride.ProtoReq	method	missing		auto-generated
lib/proto/network.go::method::NetworkSignedExchangeReceived.ProtoEvent	method	missing		auto-generated
lib/proto/network.go::method::NetworkStreamResourceContent.Call	method	missing		auto-generated
lib/proto/network.go::method::NetworkStreamResourceContent.ProtoReq	method	missing		auto-generated
lib/proto/network.go::method::NetworkSubresourceWebBundleInnerResponseError.ProtoEvent	method	missing		auto-generated
lib/proto/network.go::method::NetworkSubresourceWebBundleInnerResponseParsed.ProtoEvent	method	missing		auto-generated
lib/proto/network.go::method::NetworkSubresourceWebBundleMetadataError.ProtoEvent	method	missing		auto-generated
lib/proto/network.go::method::NetworkSubresourceWebBundleMetadataReceived.ProtoEvent	method	missing		auto-generated
lib/proto/network.go::method::NetworkTakeResponseBodyForInterceptionAsStream.Call	method	missing		auto-generated
lib/proto/network.go::method::NetworkTakeResponseBodyForInterceptionAsStream.ProtoReq	method	missing		auto-generated
lib/proto/network.go::method::NetworkTrustTokenOperationDone.ProtoEvent	method	missing		auto-generated
lib/proto/network.go::method::NetworkWebSocketClosed.ProtoEvent	method	missing		auto-generated
lib/proto/network.go::method::NetworkWebSocketCreated.ProtoEvent	method	missing		auto-generated
lib/proto/network.go::method::NetworkWebSocketFrameError.ProtoEvent	method	missing		auto-generated
lib/proto/network.go::method::NetworkWebSocketFrameReceived.ProtoEvent	method	missing		auto-generated
lib/proto/network.go::method::NetworkWebSocketFrameSent.ProtoEvent	method	missing		auto-generated
lib/proto/network.go::method::NetworkWebSocketHandshakeResponseReceived.ProtoEvent	method	missing		auto-generated
lib/proto/network.go::method::NetworkWebSocketWillSendHandshakeRequest.ProtoEvent	method	missing		auto-generated
lib/proto/network.go::method::NetworkWebTransportClosed.ProtoEvent	method	missing		auto-generated
lib/proto/network.go::method::NetworkWebTransportConnectionEstablished.ProtoEvent	method	missing		auto-generated
lib/proto/network.go::method::NetworkWebTransportCreated.ProtoEvent	method	missing		auto-generated
lib/proto/network.go::struct::NetworkAssociatedCookie	struct	missing		auto-generated
lib/proto/network.go::struct::NetworkAuthChallenge	struct	missing		auto-generated
lib/proto/network.go::struct::NetworkAuthChallengeResponse	struct	missing		auto-generated
lib/proto/network.go::struct::NetworkBlockedSetCookieWithReason	struct	missing		auto-generated
lib/proto/network.go::struct::NetworkCachedResource	struct	missing		auto-generated
lib/proto/network.go::struct::NetworkCanClearBrowserCache	struct	missing		auto-generated
lib/proto/network.go::struct::NetworkCanClearBrowserCacheResult	struct	missing		auto-generated
lib/proto/network.go::struct::NetworkCanClearBrowserCookies	struct	missing		auto-generated
lib/proto/network.go::struct::NetworkCanClearBrowserCookiesResult	struct	missing		auto-generated
lib/proto/network.go::struct::NetworkCanEmulateNetworkConditions	struct	missing		auto-generated
lib/proto/network.go::struct::NetworkCanEmulateNetworkConditionsResult	struct	missing		auto-generated
lib/proto/network.go::struct::NetworkClearAcceptedEncodingsOverride	struct	missing		auto-generated
lib/proto/network.go::struct::NetworkClearBrowserCache	struct	missing		auto-generated
lib/proto/network.go::struct::NetworkClearBrowserCookies	struct	missing		auto-generated
lib/proto/network.go::struct::NetworkClientSecurityState	struct	missing		auto-generated
lib/proto/network.go::struct::NetworkConnectTiming	struct	missing		auto-generated
lib/proto/network.go::struct::NetworkContentSecurityPolicyStatus	struct	missing		auto-generated
lib/proto/network.go::struct::NetworkContinueInterceptedRequest	struct	missing		auto-generated
lib/proto/network.go::struct::NetworkCookie	struct	missing		auto-generated
lib/proto/network.go::struct::NetworkCookieParam	struct	missing		auto-generated
lib/proto/network.go::struct::NetworkCookiePartitionKey	struct	missing		auto-generated
lib/proto/network.go::struct::NetworkCorsErrorStatus	struct	missing		auto-generated
lib/proto/network.go::struct::NetworkCrossOriginEmbedderPolicyStatus	struct	missing		auto-generated
lib/proto/network.go::struct::NetworkCrossOriginOpenerPolicyStatus	struct	missing		auto-generated
lib/proto/network.go::struct::NetworkDataReceived	struct	missing		auto-generated
lib/proto/network.go::struct::NetworkDeleteCookies	struct	missing		auto-generated
lib/proto/network.go::struct::NetworkDisable	struct	missing		auto-generated
lib/proto/network.go::struct::NetworkEmulateNetworkConditions	struct	missing		auto-generated
lib/proto/network.go::struct::NetworkEnable	struct	missing		auto-generated
lib/proto/network.go::struct::NetworkEnableReportingAPI	struct	missing		auto-generated
lib/proto/network.go::struct::NetworkEventSourceMessageReceived	struct	missing		auto-generated
lib/proto/network.go::struct::NetworkExemptedSetCookieWithReason	struct	missing		auto-generated
lib/proto/network.go::struct::NetworkGetAllCookies	struct	missing		auto-generated
lib/proto/network.go::struct::NetworkGetAllCookiesResult	struct	missing		auto-generated
lib/proto/network.go::struct::NetworkGetCertificate	struct	missing		auto-generated
lib/proto/network.go::struct::NetworkGetCertificateResult	struct	missing		auto-generated
lib/proto/network.go::struct::NetworkGetCookies	struct	missing		auto-generated
lib/proto/network.go::struct::NetworkGetCookiesResult	struct	missing		auto-generated
lib/proto/network.go::struct::NetworkGetRequestPostData	struct	missing		auto-generated
lib/proto/network.go::struct::NetworkGetRequestPostDataResult	struct	missing		auto-generated
lib/proto/network.go::struct::NetworkGetResponseBody	struct	missing		auto-generated
lib/proto/network.go::struct::NetworkGetResponseBodyForInterception	struct	missing		auto-generated
lib/proto/network.go::struct::NetworkGetResponseBodyForInterceptionResult	struct	missing		auto-generated
lib/proto/network.go::struct::NetworkGetResponseBodyResult	struct	missing		auto-generated
lib/proto/network.go::struct::NetworkGetSecurityIsolationStatus	struct	missing		auto-generated
lib/proto/network.go::struct::NetworkGetSecurityIsolationStatusResult	struct	missing		auto-generated
lib/proto/network.go::struct::NetworkInitiator	struct	missing		auto-generated
lib/proto/network.go::struct::NetworkLoadNetworkResource	struct	missing		auto-generated
lib/proto/network.go::struct::NetworkLoadNetworkResourceOptions	struct	missing		auto-generated
lib/proto/network.go::struct::NetworkLoadNetworkResourcePageResult	struct	missing		auto-generated
lib/proto/network.go::struct::NetworkLoadNetworkResourceResult	struct	missing		auto-generated
lib/proto/network.go::struct::NetworkLoadingFailed	struct	missing		auto-generated
lib/proto/network.go::struct::NetworkLoadingFinished	struct	missing		auto-generated
lib/proto/network.go::struct::NetworkPolicyUpdated	struct	missing		auto-generated
lib/proto/network.go::struct::NetworkPostDataEntry	struct	missing		auto-generated
lib/proto/network.go::struct::NetworkReplayXHR	struct	missing		auto-generated
lib/proto/network.go::struct::NetworkReportingAPIEndpoint	struct	missing		auto-generated
lib/proto/network.go::struct::NetworkReportingAPIEndpointsChangedForOrigin	struct	missing		auto-generated
lib/proto/network.go::struct::NetworkReportingAPIReport	struct	missing		auto-generated
lib/proto/network.go::struct::NetworkReportingAPIReportAdded	struct	missing		auto-generated
lib/proto/network.go::struct::NetworkReportingAPIReportUpdated	struct	missing		auto-generated
lib/proto/network.go::struct::NetworkRequest	struct	missing		auto-generated
lib/proto/network.go::struct::NetworkRequestIntercepted	struct	missing		auto-generated
lib/proto/network.go::struct::NetworkRequestPattern	struct	missing		auto-generated
lib/proto/network.go::struct::NetworkRequestServedFromCache	struct	missing		auto-generated
lib/proto/network.go::struct::NetworkRequestWillBeSent	struct	missing		auto-generated
lib/proto/network.go::struct::NetworkRequestWillBeSentExtraInfo	struct	missing		auto-generated
lib/proto/network.go::struct::NetworkResourceChangedPriority	struct	missing		auto-generated
lib/proto/network.go::struct::NetworkResourceTiming	struct	missing		auto-generated
lib/proto/network.go::struct::NetworkResponse	struct	missing		auto-generated
lib/proto/network.go::struct::NetworkResponseReceived	struct	missing		auto-generated
lib/proto/network.go::struct::NetworkResponseReceivedEarlyHints	struct	missing		auto-generated
lib/proto/network.go::struct::NetworkResponseReceivedExtraInfo	struct	missing		auto-generated
lib/proto/network.go::struct::NetworkSearchInResponseBody	struct	missing		auto-generated
lib/proto/network.go::struct::NetworkSearchInResponseBodyResult	struct	missing		auto-generated
lib/proto/network.go::struct::NetworkSecurityDetails	struct	missing		auto-generated
lib/proto/network.go::struct::NetworkSecurityIsolationStatus	struct	missing		auto-generated
lib/proto/network.go::struct::NetworkServiceWorkerRouterInfo	struct	missing		auto-generated
lib/proto/network.go::struct::NetworkSetAcceptedEncodings	struct	missing		auto-generated
lib/proto/network.go::struct::NetworkSetAttachDebugStack	struct	missing		auto-generated
lib/proto/network.go::struct::NetworkSetBlockedURLs	struct	missing		auto-generated
lib/proto/network.go::struct::NetworkSetBypassServiceWorker	struct	missing		auto-generated
lib/proto/network.go::struct::NetworkSetCacheDisabled	struct	missing		auto-generated
lib/proto/network.go::struct::NetworkSetCookie	struct	missing		auto-generated
lib/proto/network.go::struct::NetworkSetCookieResult	struct	missing		auto-generated
lib/proto/network.go::struct::NetworkSetCookies	struct	missing		auto-generated
lib/proto/network.go::struct::NetworkSetExtraHTTPHeaders	struct	missing		auto-generated
lib/proto/network.go::struct::NetworkSetRequestInterception	struct	missing		auto-generated
lib/proto/network.go::struct::NetworkSetUserAgentOverride	struct	missing		auto-generated
lib/proto/network.go::struct::NetworkSignedCertificateTimestamp	struct	missing		auto-generated
lib/proto/network.go::struct::NetworkSignedExchangeError	struct	missing		auto-generated
lib/proto/network.go::struct::NetworkSignedExchangeHeader	struct	missing		auto-generated
lib/proto/network.go::struct::NetworkSignedExchangeInfo	struct	missing		auto-generated
lib/proto/network.go::struct::NetworkSignedExchangeReceived	struct	missing		auto-generated
lib/proto/network.go::struct::NetworkSignedExchangeSignature	struct	missing		auto-generated
lib/proto/network.go::struct::NetworkStreamResourceContent	struct	missing		auto-generated
lib/proto/network.go::struct::NetworkStreamResourceContentResult	struct	missing		auto-generated
lib/proto/network.go::struct::NetworkSubresourceWebBundleInnerResponseError	struct	missing		auto-generated
lib/proto/network.go::struct::NetworkSubresourceWebBundleInnerResponseParsed	struct	missing		auto-generated
lib/proto/network.go::struct::NetworkSubresourceWebBundleMetadataError	struct	missing		auto-generated
lib/proto/network.go::struct::NetworkSubresourceWebBundleMetadataReceived	struct	missing		auto-generated
lib/proto/network.go::struct::NetworkTakeResponseBodyForInterceptionAsStream	struct	missing		auto-generated
lib/proto/network.go::struct::NetworkTakeResponseBodyForInterceptionAsStreamResult	struct	missing		auto-generated
lib/proto/network.go::struct::NetworkTrustTokenOperationDone	struct	missing		auto-generated
lib/proto/network.go::struct::NetworkTrustTokenParams	struct	missing		auto-generated
lib/proto/network.go::struct::NetworkWebSocketClosed	struct	missing		auto-generated
lib/proto/network.go::struct::NetworkWebSocketCreated	struct	missing		auto-generated
lib/proto/network.go::struct::NetworkWebSocketFrame	struct	missing		auto-generated
lib/proto/network.go::struct::NetworkWebSocketFrameError	struct	missing		auto-generated
lib/proto/network.go::struct::NetworkWebSocketFrameReceived	struct	missing		auto-generated
lib/proto/network.go::struct::NetworkWebSocketFrameSent	struct	missing		auto-generated
lib/proto/network.go::struct::NetworkWebSocketHandshakeResponseReceived	struct	missing		auto-generated
lib/proto/network.go::struct::NetworkWebSocketRequest	struct	missing		auto-generated
lib/proto/network.go::struct::NetworkWebSocketResponse	struct	missing		auto-generated
lib/proto/network.go::struct::NetworkWebSocketWillSendHandshakeRequest	struct	missing		auto-generated
lib/proto/network.go::struct::NetworkWebTransportClosed	struct	missing		auto-generated
lib/proto/network.go::struct::NetworkWebTransportConnectionEstablished	struct	missing		auto-generated
lib/proto/network.go::struct::NetworkWebTransportCreated	struct	missing		auto-generated
lib/proto/network.go::type::NetworkAlternateProtocolUsage	type	missing		auto-generated
lib/proto/network.go::type::NetworkAuthChallengeResponseResponse	type	missing		auto-generated
lib/proto/network.go::type::NetworkAuthChallengeSource	type	missing		auto-generated
lib/proto/network.go::type::NetworkBlockedReason	type	missing		auto-generated
lib/proto/network.go::type::NetworkCertificateTransparencyCompliance	type	missing		auto-generated
lib/proto/network.go::type::NetworkConnectionType	type	missing		auto-generated
lib/proto/network.go::type::NetworkContentEncoding	type	missing		auto-generated
lib/proto/network.go::type::NetworkContentSecurityPolicySource	type	missing		auto-generated
lib/proto/network.go::type::NetworkCookieBlockedReason	type	missing		auto-generated
lib/proto/network.go::type::NetworkCookieExemptionReason	type	missing		auto-generated
lib/proto/network.go::type::NetworkCookiePriority	type	missing		auto-generated
lib/proto/network.go::type::NetworkCookieSameSite	type	missing		auto-generated
lib/proto/network.go::type::NetworkCookieSourceScheme	type	missing		auto-generated
lib/proto/network.go::type::NetworkCorsError	type	missing		auto-generated
lib/proto/network.go::type::NetworkCrossOriginEmbedderPolicyValue	type	missing		auto-generated
lib/proto/network.go::type::NetworkCrossOriginOpenerPolicyValue	type	missing		auto-generated
lib/proto/network.go::type::NetworkErrorReason	type	missing		auto-generated
lib/proto/network.go::type::NetworkHeaders	type	missing		auto-generated
lib/proto/network.go::type::NetworkIPAddressSpace	type	missing		auto-generated
lib/proto/network.go::type::NetworkInitiatorType	type	missing		auto-generated
lib/proto/network.go::type::NetworkInterceptionID	type	missing		auto-generated
lib/proto/network.go::type::NetworkInterceptionStage	type	missing		auto-generated
lib/proto/network.go::type::NetworkLoaderID	type	missing		auto-generated
lib/proto/network.go::type::NetworkPrivateNetworkRequestPolicy	type	missing		auto-generated
lib/proto/network.go::type::NetworkReportID	type	missing		auto-generated
lib/proto/network.go::type::NetworkReportStatus	type	missing		auto-generated
lib/proto/network.go::type::NetworkRequestID	type	missing		auto-generated
lib/proto/network.go::type::NetworkRequestReferrerPolicy	type	missing		auto-generated
lib/proto/network.go::type::NetworkResourcePriority	type	missing		auto-generated
lib/proto/network.go::type::NetworkResourceType	type	missing		auto-generated
lib/proto/network.go::type::NetworkServiceWorkerResponseSource	type	missing		auto-generated
lib/proto/network.go::type::NetworkServiceWorkerRouterSource	type	missing		auto-generated
lib/proto/network.go::type::NetworkSetCookieBlockedReason	type	missing		auto-generated
lib/proto/network.go::type::NetworkSignedExchangeErrorField	type	missing		auto-generated
lib/proto/network.go::type::NetworkTrustTokenOperationDoneStatus	type	missing		auto-generated
lib/proto/network.go::type::NetworkTrustTokenOperationType	type	missing		auto-generated
lib/proto/network.go::type::NetworkTrustTokenParamsRefreshPolicy	type	missing		auto-generated
lib/proto/overlay.go::const::OverlayColorFormatHex	const	missing		auto-generated
lib/proto/overlay.go::const::OverlayColorFormatHsl	const	missing		auto-generated
lib/proto/overlay.go::const::OverlayColorFormatHwb	const	missing		auto-generated
lib/proto/overlay.go::const::OverlayColorFormatRgb	const	missing		auto-generated
lib/proto/overlay.go::const::OverlayContrastAlgorithmAa	const	missing		auto-generated
lib/proto/overlay.go::const::OverlayContrastAlgorithmAaa	const	missing		auto-generated
lib/proto/overlay.go::const::OverlayContrastAlgorithmApca	const	missing		auto-generated
lib/proto/overlay.go::const::OverlayInspectModeCaptureAreaScreenshot	const	missing		auto-generated
lib/proto/overlay.go::const::OverlayInspectModeNone	const	missing		auto-generated
lib/proto/overlay.go::const::OverlayInspectModeSearchForNode	const	missing		auto-generated
lib/proto/overlay.go::const::OverlayInspectModeSearchForUAShadowDOM	const	missing		auto-generated
lib/proto/overlay.go::const::OverlayInspectModeShowDistances	const	missing		auto-generated
lib/proto/overlay.go::const::OverlayLineStylePatternDashed	const	missing		auto-generated
lib/proto/overlay.go::const::OverlayLineStylePatternDotted	const	missing		auto-generated
lib/proto/overlay.go::method::OverlayDisable.Call	method	missing		auto-generated
lib/proto/overlay.go::method::OverlayDisable.ProtoReq	method	missing		auto-generated
lib/proto/overlay.go::method::OverlayEnable.Call	method	missing		auto-generated
lib/proto/overlay.go::method::OverlayEnable.ProtoReq	method	missing		auto-generated
lib/proto/overlay.go::method::OverlayGetGridHighlightObjectsForTest.Call	method	missing		auto-generated
lib/proto/overlay.go::method::OverlayGetGridHighlightObjectsForTest.ProtoReq	method	missing		auto-generated
lib/proto/overlay.go::method::OverlayGetHighlightObjectForTest.Call	method	missing		auto-generated
lib/proto/overlay.go::method::OverlayGetHighlightObjectForTest.ProtoReq	method	missing		auto-generated
lib/proto/overlay.go::method::OverlayGetSourceOrderHighlightObjectForTest.Call	method	missing		auto-generated
lib/proto/overlay.go::method::OverlayGetSourceOrderHighlightObjectForTest.ProtoReq	method	missing		auto-generated
lib/proto/overlay.go::method::OverlayHideHighlight.Call	method	missing		auto-generated
lib/proto/overlay.go::method::OverlayHideHighlight.ProtoReq	method	missing		auto-generated
lib/proto/overlay.go::method::OverlayHighlightFrame.Call	method	missing		auto-generated
lib/proto/overlay.go::method::OverlayHighlightFrame.ProtoReq	method	missing		auto-generated
lib/proto/overlay.go::method::OverlayHighlightNode.Call	method	missing		auto-generated
lib/proto/overlay.go::method::OverlayHighlightNode.ProtoReq	method	missing		auto-generated
lib/proto/overlay.go::method::OverlayHighlightQuad.Call	method	missing		auto-generated
lib/proto/overlay.go::method::OverlayHighlightQuad.ProtoReq	method	missing		auto-generated
lib/proto/overlay.go::method::OverlayHighlightRect.Call	method	missing		auto-generated
lib/proto/overlay.go::method::OverlayHighlightRect.ProtoReq	method	missing		auto-generated
lib/proto/overlay.go::method::OverlayHighlightSourceOrder.Call	method	missing		auto-generated
lib/proto/overlay.go::method::OverlayHighlightSourceOrder.ProtoReq	method	missing		auto-generated
lib/proto/overlay.go::method::OverlayInspectModeCanceled.ProtoEvent	method	missing		auto-generated
lib/proto/overlay.go::method::OverlayInspectNodeRequested.ProtoEvent	method	missing		auto-generated
lib/proto/overlay.go::method::OverlayNodeHighlightRequested.ProtoEvent	method	missing		auto-generated
lib/proto/overlay.go::method::OverlayScreenshotRequested.ProtoEvent	method	missing		auto-generated
lib/proto/overlay.go::method::OverlaySetInspectMode.Call	method	missing		auto-generated
lib/proto/overlay.go::method::OverlaySetInspectMode.ProtoReq	method	missing		auto-generated
lib/proto/overlay.go::method::OverlaySetPausedInDebuggerMessage.Call	method	missing		auto-generated
lib/proto/overlay.go::method::OverlaySetPausedInDebuggerMessage.ProtoReq	method	missing		auto-generated
lib/proto/overlay.go::method::OverlaySetShowAdHighlights.Call	method	missing		auto-generated
lib/proto/overlay.go::method::OverlaySetShowAdHighlights.ProtoReq	method	missing		auto-generated
lib/proto/overlay.go::method::OverlaySetShowContainerQueryOverlays.Call	method	missing		auto-generated
lib/proto/overlay.go::method::OverlaySetShowContainerQueryOverlays.ProtoReq	method	missing		auto-generated
lib/proto/overlay.go::method::OverlaySetShowDebugBorders.Call	method	missing		auto-generated
lib/proto/overlay.go::method::OverlaySetShowDebugBorders.ProtoReq	method	missing		auto-generated
lib/proto/overlay.go::method::OverlaySetShowFPSCounter.Call	method	missing		auto-generated
lib/proto/overlay.go::method::OverlaySetShowFPSCounter.ProtoReq	method	missing		auto-generated
lib/proto/overlay.go::method::OverlaySetShowFlexOverlays.Call	method	missing		auto-generated
lib/proto/overlay.go::method::OverlaySetShowFlexOverlays.ProtoReq	method	missing		auto-generated
lib/proto/overlay.go::method::OverlaySetShowGridOverlays.Call	method	missing		auto-generated
lib/proto/overlay.go::method::OverlaySetShowGridOverlays.ProtoReq	method	missing		auto-generated
lib/proto/overlay.go::method::OverlaySetShowHinge.Call	method	missing		auto-generated
lib/proto/overlay.go::method::OverlaySetShowHinge.ProtoReq	method	missing		auto-generated
lib/proto/overlay.go::method::OverlaySetShowHitTestBorders.Call	method	missing		auto-generated
lib/proto/overlay.go::method::OverlaySetShowHitTestBorders.ProtoReq	method	missing		auto-generated
lib/proto/overlay.go::method::OverlaySetShowIsolatedElements.Call	method	missing		auto-generated
lib/proto/overlay.go::method::OverlaySetShowIsolatedElements.ProtoReq	method	missing		auto-generated
lib/proto/overlay.go::method::OverlaySetShowLayoutShiftRegions.Call	method	missing		auto-generated
lib/proto/overlay.go::method::OverlaySetShowLayoutShiftRegions.ProtoReq	method	missing		auto-generated
lib/proto/overlay.go::method::OverlaySetShowPaintRects.Call	method	missing		auto-generated
lib/proto/overlay.go::method::OverlaySetShowPaintRects.ProtoReq	method	missing		auto-generated
lib/proto/overlay.go::method::OverlaySetShowScrollBottleneckRects.Call	method	missing		auto-generated
lib/proto/overlay.go::method::OverlaySetShowScrollBottleneckRects.ProtoReq	method	missing		auto-generated
lib/proto/overlay.go::method::OverlaySetShowScrollSnapOverlays.Call	method	missing		auto-generated
lib/proto/overlay.go::method::OverlaySetShowScrollSnapOverlays.ProtoReq	method	missing		auto-generated
lib/proto/overlay.go::method::OverlaySetShowViewportSizeOnResize.Call	method	missing		auto-generated
lib/proto/overlay.go::method::OverlaySetShowViewportSizeOnResize.ProtoReq	method	missing		auto-generated
lib/proto/overlay.go::method::OverlaySetShowWebVitals.Call	method	missing		auto-generated
lib/proto/overlay.go::method::OverlaySetShowWebVitals.ProtoReq	method	missing		auto-generated
lib/proto/overlay.go::method::OverlaySetShowWindowControlsOverlay.Call	method	missing		auto-generated
lib/proto/overlay.go::method::OverlaySetShowWindowControlsOverlay.ProtoReq	method	missing		auto-generated
lib/proto/overlay.go::struct::OverlayBoxStyle	struct	missing		auto-generated
lib/proto/overlay.go::struct::OverlayContainerQueryContainerHighlightConfig	struct	missing		auto-generated
lib/proto/overlay.go::struct::OverlayContainerQueryHighlightConfig	struct	missing		auto-generated
lib/proto/overlay.go::struct::OverlayDisable	struct	missing		auto-generated
lib/proto/overlay.go::struct::OverlayEnable	struct	missing		auto-generated
lib/proto/overlay.go::struct::OverlayFlexContainerHighlightConfig	struct	missing		auto-generated
lib/proto/overlay.go::struct::OverlayFlexItemHighlightConfig	struct	missing		auto-generated
lib/proto/overlay.go::struct::OverlayFlexNodeHighlightConfig	struct	missing		auto-generated
lib/proto/overlay.go::struct::OverlayGetGridHighlightObjectsForTest	struct	missing		auto-generated
lib/proto/overlay.go::struct::OverlayGetGridHighlightObjectsForTestResult	struct	missing		auto-generated
lib/proto/overlay.go::struct::OverlayGetHighlightObjectForTest	struct	missing		auto-generated
lib/proto/overlay.go::struct::OverlayGetHighlightObjectForTestResult	struct	missing		auto-generated
lib/proto/overlay.go::struct::OverlayGetSourceOrderHighlightObjectForTest	struct	missing		auto-generated
lib/proto/overlay.go::struct::OverlayGetSourceOrderHighlightObjectForTestResult	struct	missing		auto-generated
lib/proto/overlay.go::struct::OverlayGridHighlightConfig	struct	missing		auto-generated
lib/proto/overlay.go::struct::OverlayGridNodeHighlightConfig	struct	missing		auto-generated
lib/proto/overlay.go::struct::OverlayHideHighlight	struct	missing		auto-generated
lib/proto/overlay.go::struct::OverlayHighlightConfig	struct	missing		auto-generated
lib/proto/overlay.go::struct::OverlayHighlightFrame	struct	missing		auto-generated
lib/proto/overlay.go::struct::OverlayHighlightNode	struct	missing		auto-generated
lib/proto/overlay.go::struct::OverlayHighlightQuad	struct	missing		auto-generated
lib/proto/overlay.go::struct::OverlayHighlightRect	struct	missing		auto-generated
lib/proto/overlay.go::struct::OverlayHighlightSourceOrder	struct	missing		auto-generated
lib/proto/overlay.go::struct::OverlayHingeConfig	struct	missing		auto-generated
lib/proto/overlay.go::struct::OverlayInspectModeCanceled	struct	missing		auto-generated
lib/proto/overlay.go::struct::OverlayInspectNodeRequested	struct	missing		auto-generated
lib/proto/overlay.go::struct::OverlayIsolatedElementHighlightConfig	struct	missing		auto-generated
lib/proto/overlay.go::struct::OverlayIsolationModeHighlightConfig	struct	missing		auto-generated
lib/proto/overlay.go::struct::OverlayLineStyle	struct	missing		auto-generated
lib/proto/overlay.go::struct::OverlayNodeHighlightRequested	struct	missing		auto-generated
lib/proto/overlay.go::struct::OverlayScreenshotRequested	struct	missing		auto-generated
lib/proto/overlay.go::struct::OverlayScrollSnapContainerHighlightConfig	struct	missing		auto-generated
lib/proto/overlay.go::struct::OverlayScrollSnapHighlightConfig	struct	missing		auto-generated
lib/proto/overlay.go::struct::OverlaySetInspectMode	struct	missing		auto-generated
lib/proto/overlay.go::struct::OverlaySetPausedInDebuggerMessage	struct	missing		auto-generated
lib/proto/overlay.go::struct::OverlaySetShowAdHighlights	struct	missing		auto-generated
lib/proto/overlay.go::struct::OverlaySetShowContainerQueryOverlays	struct	missing		auto-generated
lib/proto/overlay.go::struct::OverlaySetShowDebugBorders	struct	missing		auto-generated
lib/proto/overlay.go::struct::OverlaySetShowFPSCounter	struct	missing		auto-generated
lib/proto/overlay.go::struct::OverlaySetShowFlexOverlays	struct	missing		auto-generated
lib/proto/overlay.go::struct::OverlaySetShowGridOverlays	struct	missing		auto-generated
lib/proto/overlay.go::struct::OverlaySetShowHinge	struct	missing		auto-generated
lib/proto/overlay.go::struct::OverlaySetShowHitTestBorders	struct	missing		auto-generated
lib/proto/overlay.go::struct::OverlaySetShowIsolatedElements	struct	missing		auto-generated
lib/proto/overlay.go::struct::OverlaySetShowLayoutShiftRegions	struct	missing		auto-generated
lib/proto/overlay.go::struct::OverlaySetShowPaintRects	struct	missing		auto-generated
lib/proto/overlay.go::struct::OverlaySetShowScrollBottleneckRects	struct	missing		auto-generated
lib/proto/overlay.go::struct::OverlaySetShowScrollSnapOverlays	struct	missing		auto-generated
lib/proto/overlay.go::struct::OverlaySetShowViewportSizeOnResize	struct	missing		auto-generated
lib/proto/overlay.go::struct::OverlaySetShowWebVitals	struct	missing		auto-generated
lib/proto/overlay.go::struct::OverlaySetShowWindowControlsOverlay	struct	missing		auto-generated
lib/proto/overlay.go::struct::OverlaySourceOrderConfig	struct	missing		auto-generated
lib/proto/overlay.go::struct::OverlayWindowControlsOverlayConfig	struct	missing		auto-generated
lib/proto/overlay.go::type::OverlayColorFormat	type	missing		auto-generated
lib/proto/overlay.go::type::OverlayContrastAlgorithm	type	missing		auto-generated
lib/proto/overlay.go::type::OverlayInspectMode	type	missing		auto-generated
lib/proto/overlay.go::type::OverlayLineStylePattern	type	missing		auto-generated
lib/proto/page.go::const::PageAdFrameExplanationCreatedByAdScript	const	missing		auto-generated
lib/proto/page.go::const::PageAdFrameExplanationMatchedBlockingRule	const	missing		auto-generated
lib/proto/page.go::const::PageAdFrameExplanationParentIsAd	const	missing		auto-generated
lib/proto/page.go::const::PageAdFrameTypeChild	const	missing		auto-generated
lib/proto/page.go::const::PageAdFrameTypeNone	const	missing		auto-generated
lib/proto/page.go::const::PageAdFrameTypeRoot	const	missing		auto-generated
lib/proto/page.go::const::PageAutoResponseModeAutoAccept	const	missing		auto-generated
lib/proto/page.go::const::PageAutoResponseModeAutoOptOut	const	missing		auto-generated
lib/proto/page.go::const::PageAutoResponseModeAutoReject	const	missing		auto-generated
lib/proto/page.go::const::PageAutoResponseModeNone	const	missing		auto-generated
lib/proto/page.go::const::PageBackForwardCacheNotRestoredReasonActivationNavigationsDisallowedForBug1234857	const	missing		auto-generated
lib/proto/page.go::const::PageBackForwardCacheNotRestoredReasonAppBanner	const	missing		auto-generated
lib/proto/page.go::const::PageBackForwardCacheNotRestoredReasonBackForwardCacheDisabled	const	missing		auto-generated
lib/proto/page.go::const::PageBackForwardCacheNotRestoredReasonBackForwardCacheDisabledByCommandLine	const	missing		auto-generated
lib/proto/page.go::const::PageBackForwardCacheNotRestoredReasonBackForwardCacheDisabledByLowMemory	const	missing		auto-generated
lib/proto/page.go::const::PageBackForwardCacheNotRestoredReasonBackForwardCacheDisabledForDelegate	const	missing		auto-generated
lib/proto/page.go::const::PageBackForwardCacheNotRestoredReasonBackForwardCacheDisabledForPrerender	const	missing		auto-generated
lib/proto/page.go::const::PageBackForwardCacheNotRestoredReasonBroadcastChannel	const	missing		auto-generated
lib/proto/page.go::const::PageBackForwardCacheNotRestoredReasonBroadcastChannelOnMessage	const	missing		auto-generated
lib/proto/page.go::const::PageBackForwardCacheNotRestoredReasonBrowsingInstanceNotSwapped	const	missing		auto-generated
lib/proto/page.go::const::PageBackForwardCacheNotRestoredReasonCacheControlNoStore	const	missing		auto-generated
lib/proto/page.go::const::PageBackForwardCacheNotRestoredReasonCacheControlNoStoreCookieModified	const	missing		auto-generated
lib/proto/page.go::const::PageBackForwardCacheNotRestoredReasonCacheControlNoStoreHTTPOnlyCookieModified	const	missing		auto-generated
lib/proto/page.go::const::PageBackForwardCacheNotRestoredReasonCacheFlushed	const	missing		auto-generated
lib/proto/page.go::const::PageBackForwardCacheNotRestoredReasonCacheLimit	const	missing		auto-generated
lib/proto/page.go::const::PageBackForwardCacheNotRestoredReasonConflictingBrowsingInstance	const	missing		auto-generated
lib/proto/page.go::const::PageBackForwardCacheNotRestoredReasonContainsPlugins	const	missing		auto-generated
lib/proto/page.go::const::PageBackForwardCacheNotRestoredReasonContentFileChooser	const	missing		auto-generated
lib/proto/page.go::const::PageBackForwardCacheNotRestoredReasonContentFileSystemAccess	const	missing		auto-generated
lib/proto/page.go::const::PageBackForwardCacheNotRestoredReasonContentMediaDevicesDispatcherHost	const	missing		auto-generated
lib/proto/page.go::const::PageBackForwardCacheNotRestoredReasonContentMediaSessionService	const	missing		auto-generated
lib/proto/page.go::const::PageBackForwardCacheNotRestoredReasonContentScreenReader	const	missing		auto-generated
lib/proto/page.go::const::PageBackForwardCacheNotRestoredReasonContentSecurityHandler	const	missing		auto-generated
lib/proto/page.go::const::PageBackForwardCacheNotRestoredReasonContentSerial	const	missing		auto-generated
lib/proto/page.go::const::PageBackForwardCacheNotRestoredReasonContentWebAuthenticationAPI	const	missing		auto-generated
lib/proto/page.go::const::PageBackForwardCacheNotRestoredReasonContentWebBluetooth	const	missing		auto-generated
lib/proto/page.go::const::PageBackForwardCacheNotRestoredReasonContentWebUSB	const	missing		auto-generated
lib/proto/page.go::const::PageBackForwardCacheNotRestoredReasonCookieDisabled	const	missing		auto-generated
lib/proto/page.go::const::PageBackForwardCacheNotRestoredReasonCookieFlushed	const	missing		auto-generated
lib/proto/page.go::const::PageBackForwardCacheNotRestoredReasonDisableForRenderFrameHostCalled	const	missing		auto-generated
lib/proto/page.go::const::PageBackForwardCacheNotRestoredReasonDocumentLoaded	const	missing		auto-generated
lib/proto/page.go::const::PageBackForwardCacheNotRestoredReasonDomainNotAllowed	const	missing		auto-generated
lib/proto/page.go::const::PageBackForwardCacheNotRestoredReasonDummy	const	missing		auto-generated
lib/proto/page.go::const::PageBackForwardCacheNotRestoredReasonEmbedderAppBannerManager	const	missing		auto-generated
lib/proto/page.go::const::PageBackForwardCacheNotRestoredReasonEmbedderChromePasswordManagerClientBindCredentialManager	const	missing		auto-generated
lib/proto/page.go::const::PageBackForwardCacheNotRestoredReasonEmbedderDomDistillerSelfDeletingRequestDelegate	const	missing		auto-generated
lib/proto/page.go::const::PageBackForwardCacheNotRestoredReasonEmbedderDomDistillerViewerSource	const	missing		auto-generated
lib/proto/page.go::const::PageBackForwardCacheNotRestoredReasonEmbedderExtensionMessaging	const	missing		auto-generated
lib/proto/page.go::const::PageBackForwardCacheNotRestoredReasonEmbedderExtensionMessagingForOpenPort	const	missing		auto-generated
lib/proto/page.go::const::PageBackForwardCacheNotRestoredReasonEmbedderExtensionSentMessageToCachedFrame	const	missing		auto-generated
lib/proto/page.go::const::PageBackForwardCacheNotRestoredReasonEmbedderExtensions	const	missing		auto-generated
lib/proto/page.go::const::PageBackForwardCacheNotRestoredReasonEmbedderModalDialog	const	missing		auto-generated
lib/proto/page.go::const::PageBackForwardCacheNotRestoredReasonEmbedderOfflinePage	const	missing		auto-generated
lib/proto/page.go::const::PageBackForwardCacheNotRestoredReasonEmbedderOomInterventionTabHelper	const	missing		auto-generated
lib/proto/page.go::const::PageBackForwardCacheNotRestoredReasonEmbedderPermissionRequestManager	const	missing		auto-generated
lib/proto/page.go::const::PageBackForwardCacheNotRestoredReasonEmbedderPopupBlockerTabHelper	const	missing		auto-generated
lib/proto/page.go::const::PageBackForwardCacheNotRestoredReasonEmbedderSafeBrowsingThreatDetails	const	missing		auto-generated
lib/proto/page.go::const::PageBackForwardCacheNotRestoredReasonEmbedderSafeBrowsingTriggeredPopupBlocker	const	missing		auto-generated
lib/proto/page.go::const::PageBackForwardCacheNotRestoredReasonEnteredBackForwardCacheBeforeServiceWorkerHostAdded	const	missing		auto-generated
lib/proto/page.go::const::PageBackForwardCacheNotRestoredReasonErrorDocument	const	missing		auto-generated
lib/proto/page.go::const::PageBackForwardCacheNotRestoredReasonFencedFramesEmbedder	const	missing		auto-generated
lib/proto/page.go::const::PageBackForwardCacheNotRestoredReasonForegroundCacheLimit	const	missing		auto-generated
lib/proto/page.go::const::PageBackForwardCacheNotRestoredReasonHTTPAuthRequired	const	missing		auto-generated
lib/proto/page.go::const::PageBackForwardCacheNotRestoredReasonHTTPMethodNotGET	const	missing		auto-generated
lib/proto/page.go::const::PageBackForwardCacheNotRestoredReasonHTTPStatusNotOK	const	missing		auto-generated
lib/proto/page.go::const::PageBackForwardCacheNotRestoredReasonHaveInnerContents	const	missing		auto-generated
lib/proto/page.go::const::PageBackForwardCacheNotRestoredReasonIdleManager	const	missing		auto-generated
lib/proto/page.go::const::PageBackForwardCacheNotRestoredReasonIgnoreEventAndEvict	const	missing		auto-generated
lib/proto/page.go::const::PageBackForwardCacheNotRestoredReasonIndexedDBEvent	const	missing		auto-generated
lib/proto/page.go::const::PageBackForwardCacheNotRestoredReasonInjectedJavascript	const	missing		auto-generated
lib/proto/page.go::const::PageBackForwardCacheNotRestoredReasonInjectedStyleSheet	const	missing		auto-generated
lib/proto/page.go::const::PageBackForwardCacheNotRestoredReasonJavaScriptExecution	const	missing		auto-generated
lib/proto/page.go::const::PageBackForwardCacheNotRestoredReasonJsNetworkRequestReceivedCacheControlNoStoreResource	const	missing		auto-generated
lib/proto/page.go::const::PageBackForwardCacheNotRestoredReasonKeepaliveRequest	const	missing		auto-generated
lib/proto/page.go::const::PageBackForwardCacheNotRestoredReasonKeyboardLock	const	missing		auto-generated
lib/proto/page.go::const::PageBackForwardCacheNotRestoredReasonLiveMediaStreamTrack	const	missing		auto-generated
lib/proto/page.go::const::PageBackForwardCacheNotRestoredReasonLoading	const	missing		auto-generated
lib/proto/page.go::const::PageBackForwardCacheNotRestoredReasonMainResourceHasCacheControlNoCache	const	missing		auto-generated
lib/proto/page.go::const::PageBackForwardCacheNotRestoredReasonMainResourceHasCacheControlNoStore	const	missing		auto-generated
lib/proto/page.go::const::PageBackForwardCacheNotRestoredReasonNavigationCancelledWhileRestoring	const	missing		auto-generated
lib/proto/page.go::const::PageBackForwardCacheNotRestoredReasonNetworkExceedsBufferLimit	const	missing		auto-generated
lib/proto/page.go::const::PageBackForwardCacheNotRestoredReasonNetworkRequestDatapipeDrainedAsBytesConsumer	const	missing		auto-generated
lib/proto/page.go::const::PageBackForwardCacheNotRestoredReasonNetworkRequestRedirected	const	missing		auto-generated
lib/proto/page.go::const::PageBackForwardCacheNotRestoredReasonNetworkRequestTimeout	const	missing		auto-generated
lib/proto/page.go::const::PageBackForwardCacheNotRestoredReasonNoResponseHead	const	missing		auto-generated
lib/proto/page.go::const::PageBackForwardCacheNotRestoredReasonNotMostRecentNavigationEntry	const	missing		auto-generated
lib/proto/page.go::const::PageBackForwardCacheNotRestoredReasonNotPrimaryMainFrame	const	missing		auto-generated
lib/proto/page.go::const::PageBackForwardCacheNotRestoredReasonOutstandingNetworkRequestDirectSocket	const	missing		auto-generated
lib/proto/page.go::const::PageBackForwardCacheNotRestoredReasonOutstandingNetworkRequestFetch	const	missing		auto-generated
lib/proto/page.go::const::PageBackForwardCacheNotRestoredReasonOutstandingNetworkRequestOthers	const	missing		auto-generated
lib/proto/page.go::const::PageBackForwardCacheNotRestoredReasonOutstandingNetworkRequestXHR	const	missing		auto-generated
lib/proto/page.go::const::PageBackForwardCacheNotRestoredReasonParserAborted	const	missing		auto-generated
lib/proto/page.go::const::PageBackForwardCacheNotRestoredReasonPaymentManager	const	missing		auto-generated
lib/proto/page.go::const::PageBackForwardCacheNotRestoredReasonPictureInPicture	const	missing		auto-generated
lib/proto/page.go::const::PageBackForwardCacheNotRestoredReasonPortal	const	missing		auto-generated
lib/proto/page.go::const::PageBackForwardCacheNotRestoredReasonPrinting	const	missing		auto-generated
lib/proto/page.go::const::PageBackForwardCacheNotRestoredReasonRelatedActiveContentsExist	const	missing		auto-generated
lib/proto/page.go::const::PageBackForwardCacheNotRestoredReasonRenderFrameHostReusedCrossSite	const	missing		auto-generated
lib/proto/page.go::const::PageBackForwardCacheNotRestoredReasonRenderFrameHostReusedSameSite	const	missing		auto-generated
lib/proto/page.go::const::PageBackForwardCacheNotRestoredReasonRendererProcessCrashed	const	missing		auto-generated
lib/proto/page.go::const::PageBackForwardCacheNotRestoredReasonRendererProcessKilled	const	missing		auto-generated
lib/proto/page.go::const::PageBackForwardCacheNotRestoredReasonRequestedAudioCapturePermission	const	missing		auto-generated
lib/proto/page.go::const::PageBackForwardCacheNotRestoredReasonRequestedBackForwardCacheBlockedSensors	const	missing		auto-generated
lib/proto/page.go::const::PageBackForwardCacheNotRestoredReasonRequestedBackgroundWorkPermission	const	missing		auto-generated
lib/proto/page.go::const::PageBackForwardCacheNotRestoredReasonRequestedByWebViewClient	const	missing		auto-generated
lib/proto/page.go::const::PageBackForwardCacheNotRestoredReasonRequestedMIDIPermission	const	missing		auto-generated
lib/proto/page.go::const::PageBackForwardCacheNotRestoredReasonRequestedStorageAccessGrant	const	missing		auto-generated
lib/proto/page.go::const::PageBackForwardCacheNotRestoredReasonRequestedVideoCapturePermission	const	missing		auto-generated
lib/proto/page.go::const::PageBackForwardCacheNotRestoredReasonSchedulerTrackedFeatureUsed	const	missing		auto-generated
lib/proto/page.go::const::PageBackForwardCacheNotRestoredReasonSchemeNotHTTPOrHTTPS	const	missing		auto-generated
lib/proto/page.go::const::PageBackForwardCacheNotRestoredReasonServiceWorkerClaim	const	missing		auto-generated
lib/proto/page.go::const::PageBackForwardCacheNotRestoredReasonServiceWorkerPostMessage	const	missing		auto-generated
lib/proto/page.go::const::PageBackForwardCacheNotRestoredReasonServiceWorkerUnregistration	const	missing		auto-generated
lib/proto/page.go::const::PageBackForwardCacheNotRestoredReasonServiceWorkerVersionActivation	const	missing		auto-generated
lib/proto/page.go::const::PageBackForwardCacheNotRestoredReasonSessionRestored	const	missing		auto-generated
lib/proto/page.go::const::PageBackForwardCacheNotRestoredReasonSharedWorker	const	missing		auto-generated
lib/proto/page.go::const::PageBackForwardCacheNotRestoredReasonSmartCard	const	missing		auto-generated
lib/proto/page.go::const::PageBackForwardCacheNotRestoredReasonSpeechRecognizer	const	missing		auto-generated
lib/proto/page.go::const::PageBackForwardCacheNotRestoredReasonSpeechSynthesis	const	missing		auto-generated
lib/proto/page.go::const::PageBackForwardCacheNotRestoredReasonSubframeIsNavigating	const	missing		auto-generated
lib/proto/page.go::const::PageBackForwardCacheNotRestoredReasonSubresourceHasCacheControlNoCache	const	missing		auto-generated
lib/proto/page.go::const::PageBackForwardCacheNotRestoredReasonSubresourceHasCacheControlNoStore	const	missing		auto-generated
lib/proto/page.go::const::PageBackForwardCacheNotRestoredReasonTimeout	const	missing		auto-generated
lib/proto/page.go::const::PageBackForwardCacheNotRestoredReasonTimeoutPuttingInCache	const	missing		auto-generated
lib/proto/page.go::const::PageBackForwardCacheNotRestoredReasonTypeCircumstantial	const	missing		auto-generated
lib/proto/page.go::const::PageBackForwardCacheNotRestoredReasonTypePageSupportNeeded	const	missing		auto-generated
lib/proto/page.go::const::PageBackForwardCacheNotRestoredReasonTypeSupportPending	const	missing		auto-generated
lib/proto/page.go::const::PageBackForwardCacheNotRestoredReasonUnknown	const	missing		auto-generated
lib/proto/page.go::const::PageBackForwardCacheNotRestoredReasonUnloadHandler	const	missing		auto-generated
lib/proto/page.go::const::PageBackForwardCacheNotRestoredReasonUnloadHandlerExistsInMainFrame	const	missing		auto-generated
lib/proto/page.go::const::PageBackForwardCacheNotRestoredReasonUnloadHandlerExistsInSubFrame	const	missing		auto-generated
lib/proto/page.go::const::PageBackForwardCacheNotRestoredReasonUserAgentOverrideDiffers	const	missing		auto-generated
lib/proto/page.go::const::PageBackForwardCacheNotRestoredReasonWasGrantedMediaAccess	const	missing		auto-generated
lib/proto/page.go::const::PageBackForwardCacheNotRestoredReasonWebDatabase	const	missing		auto-generated
lib/proto/page.go::const::PageBackForwardCacheNotRestoredReasonWebHID	const	missing		auto-generated
lib/proto/page.go::const::PageBackForwardCacheNotRestoredReasonWebLocks	const	missing		auto-generated
lib/proto/page.go::const::PageBackForwardCacheNotRestoredReasonWebNfc	const	missing		auto-generated
lib/proto/page.go::const::PageBackForwardCacheNotRestoredReasonWebOTPService	const	missing		auto-generated
lib/proto/page.go::const::PageBackForwardCacheNotRestoredReasonWebRTC	const	missing		auto-generated
lib/proto/page.go::const::PageBackForwardCacheNotRestoredReasonWebRTCSticky	const	missing		auto-generated
lib/proto/page.go::const::PageBackForwardCacheNotRestoredReasonWebShare	const	missing		auto-generated
lib/proto/page.go::const::PageBackForwardCacheNotRestoredReasonWebSocket	const	missing		auto-generated
lib/proto/page.go::const::PageBackForwardCacheNotRestoredReasonWebSocketSticky	const	missing		auto-generated
lib/proto/page.go::const::PageBackForwardCacheNotRestoredReasonWebTransport	const	missing		auto-generated
lib/proto/page.go::const::PageBackForwardCacheNotRestoredReasonWebTransportSticky	const	missing		auto-generated
lib/proto/page.go::const::PageBackForwardCacheNotRestoredReasonWebViewDocumentStartJavascriptChanged	const	missing		auto-generated
lib/proto/page.go::const::PageBackForwardCacheNotRestoredReasonWebViewJavaScriptObjectChanged	const	missing		auto-generated
lib/proto/page.go::const::PageBackForwardCacheNotRestoredReasonWebViewMessageListenerInjected	const	missing		auto-generated
lib/proto/page.go::const::PageBackForwardCacheNotRestoredReasonWebViewSafeBrowsingAllowlistChanged	const	missing		auto-generated
lib/proto/page.go::const::PageBackForwardCacheNotRestoredReasonWebViewSettingsChanged	const	missing		auto-generated
lib/proto/page.go::const::PageBackForwardCacheNotRestoredReasonWebXR	const	missing		auto-generated
lib/proto/page.go::const::PageCaptureScreenshotFormatJpeg	const	missing		auto-generated
lib/proto/page.go::const::PageCaptureScreenshotFormatPng	const	missing		auto-generated
lib/proto/page.go::const::PageCaptureScreenshotFormatWebp	const	missing		auto-generated
lib/proto/page.go::const::PageCaptureSnapshotFormatMhtml	const	missing		auto-generated
lib/proto/page.go::const::PageClientNavigationDispositionCurrentTab	const	missing		auto-generated
lib/proto/page.go::const::PageClientNavigationDispositionDownload	const	missing		auto-generated
lib/proto/page.go::const::PageClientNavigationDispositionNewTab	const	missing		auto-generated
lib/proto/page.go::const::PageClientNavigationDispositionNewWindow	const	missing		auto-generated
lib/proto/page.go::const::PageClientNavigationReasonAnchorClick	const	missing		auto-generated
lib/proto/page.go::const::PageClientNavigationReasonFormSubmissionGet	const	missing		auto-generated
lib/proto/page.go::const::PageClientNavigationReasonFormSubmissionPost	const	missing		auto-generated
lib/proto/page.go::const::PageClientNavigationReasonHTTPHeaderRefresh	const	missing		auto-generated
lib/proto/page.go::const::PageClientNavigationReasonMetaTagRefresh	const	missing		auto-generated
lib/proto/page.go::const::PageClientNavigationReasonPageBlockInterstitial	const	missing		auto-generated
lib/proto/page.go::const::PageClientNavigationReasonReload	const	missing		auto-generated
lib/proto/page.go::const::PageClientNavigationReasonScriptInitiated	const	missing		auto-generated
lib/proto/page.go::const::PageCrossOriginIsolatedContextTypeIsolated	const	missing		auto-generated
lib/proto/page.go::const::PageCrossOriginIsolatedContextTypeNotIsolated	const	missing		auto-generated
lib/proto/page.go::const::PageCrossOriginIsolatedContextTypeNotIsolatedFeatureDisabled	const	missing		auto-generated
lib/proto/page.go::const::PageDialogTypeAlert	const	missing		auto-generated
lib/proto/page.go::const::PageDialogTypeBeforeunload	const	missing		auto-generated
lib/proto/page.go::const::PageDialogTypeConfirm	const	missing		auto-generated
lib/proto/page.go::const::PageDialogTypePrompt	const	missing		auto-generated
lib/proto/page.go::const::PageDownloadProgressStateCanceled	const	missing		auto-generated
lib/proto/page.go::const::PageDownloadProgressStateCompleted	const	missing		auto-generated
lib/proto/page.go::const::PageDownloadProgressStateInProgress	const	missing		auto-generated
lib/proto/page.go::const::PageFileChooserOpenedModeSelectMultiple	const	missing		auto-generated
lib/proto/page.go::const::PageFileChooserOpenedModeSelectSingle	const	missing		auto-generated
lib/proto/page.go::const::PageFrameDetachedReasonRemove	const	missing		auto-generated
lib/proto/page.go::const::PageFrameDetachedReasonSwap	const	missing		auto-generated
lib/proto/page.go::const::PageGatedAPIFeaturesPerformanceMeasureMemory	const	missing		auto-generated
lib/proto/page.go::const::PageGatedAPIFeaturesPerformanceProfile	const	missing		auto-generated
lib/proto/page.go::const::PageGatedAPIFeaturesSharedArrayBuffers	const	missing		auto-generated
lib/proto/page.go::const::PageGatedAPIFeaturesSharedArrayBuffersTransferAllowed	const	missing		auto-generated
lib/proto/page.go::const::PageLifecycleEventNameDOMContentLoaded	const	missing		auto-generated
lib/proto/page.go::const::PageLifecycleEventNameFirstContentfulPaint	const	missing		auto-generated
lib/proto/page.go::const::PageLifecycleEventNameFirstImagePaint	const	missing		auto-generated
lib/proto/page.go::const::PageLifecycleEventNameFirstMeaningfulPaint	const	missing		auto-generated
lib/proto/page.go::const::PageLifecycleEventNameFirstMeaningfulPaintCandidate	const	missing		auto-generated
lib/proto/page.go::const::PageLifecycleEventNameFirstPaint	const	missing		auto-generated
lib/proto/page.go::const::PageLifecycleEventNameInit	const	missing		auto-generated
lib/proto/page.go::const::PageLifecycleEventNameLoad	const	missing		auto-generated
lib/proto/page.go::const::PageLifecycleEventNameNetworkAlmostIdle	const	missing		auto-generated
lib/proto/page.go::const::PageLifecycleEventNameNetworkIdle	const	missing		auto-generated
lib/proto/page.go::const::PageNavigationTypeBackForwardCacheRestore	const	missing		auto-generated
lib/proto/page.go::const::PageNavigationTypeNavigation	const	missing		auto-generated
lib/proto/page.go::const::PageOriginTrialStatusEnabled	const	missing		auto-generated
lib/proto/page.go::const::PageOriginTrialStatusOSNotSupported	const	missing		auto-generated
lib/proto/page.go::const::PageOriginTrialStatusTrialNotAllowed	const	missing		auto-generated
lib/proto/page.go::const::PageOriginTrialStatusValidTokenNotProvided	const	missing		auto-generated
lib/proto/page.go::const::PageOriginTrialTokenStatusExpired	const	missing		auto-generated
lib/proto/page.go::const::PageOriginTrialTokenStatusFeatureDisabled	const	missing		auto-generated
lib/proto/page.go::const::PageOriginTrialTokenStatusFeatureDisabledForUser	const	missing		auto-generated
lib/proto/page.go::const::PageOriginTrialTokenStatusInsecure	const	missing		auto-generated
lib/proto/page.go::const::PageOriginTrialTokenStatusInvalidSignature	const	missing		auto-generated
lib/proto/page.go::const::PageOriginTrialTokenStatusMalformed	const	missing		auto-generated
lib/proto/page.go::const::PageOriginTrialTokenStatusNotSupported	const	missing		auto-generated
lib/proto/page.go::const::PageOriginTrialTokenStatusSuccess	const	missing		auto-generated
lib/proto/page.go::const::PageOriginTrialTokenStatusTokenDisabled	const	missing		auto-generated
lib/proto/page.go::const::PageOriginTrialTokenStatusUnknownTrial	const	missing		auto-generated
lib/proto/page.go::const::PageOriginTrialTokenStatusWrongOrigin	const	missing		auto-generated
lib/proto/page.go::const::PageOriginTrialTokenStatusWrongVersion	const	missing		auto-generated
lib/proto/page.go::const::PageOriginTrialUsageRestrictionNone	const	missing		auto-generated
lib/proto/page.go::const::PageOriginTrialUsageRestrictionSubset	const	missing		auto-generated
lib/proto/page.go::const::PagePermissionsPolicyBlockReasonHeader	const	missing		auto-generated
lib/proto/page.go::const::PagePermissionsPolicyBlockReasonIframeAttribute	const	missing		auto-generated
lib/proto/page.go::const::PagePermissionsPolicyBlockReasonInFencedFrameTree	const	missing		auto-generated
lib/proto/page.go::const::PagePermissionsPolicyBlockReasonInIsolatedApp	const	missing		auto-generated
lib/proto/page.go::const::PagePermissionsPolicyFeatureAccelerometer	const	missing		auto-generated
lib/proto/page.go::const::PagePermissionsPolicyFeatureAmbientLightSensor	const	missing		auto-generated
lib/proto/page.go::const::PagePermissionsPolicyFeatureAttributionReporting	const	missing		auto-generated
lib/proto/page.go::const::PagePermissionsPolicyFeatureAutoplay	const	missing		auto-generated
lib/proto/page.go::const::PagePermissionsPolicyFeatureBluetooth	const	missing		auto-generated
lib/proto/page.go::const::PagePermissionsPolicyFeatureBrowsingTopics	const	missing		auto-generated
lib/proto/page.go::const::PagePermissionsPolicyFeatureCamera	const	missing		auto-generated
lib/proto/page.go::const::PagePermissionsPolicyFeatureCapturedSurfaceControl	const	missing		auto-generated
lib/proto/page.go::const::PagePermissionsPolicyFeatureChDeviceMemory	const	missing		auto-generated
lib/proto/page.go::const::PagePermissionsPolicyFeatureChDownlink	const	missing		auto-generated
lib/proto/page.go::const::PagePermissionsPolicyFeatureChDpr	const	missing		auto-generated
lib/proto/page.go::const::PagePermissionsPolicyFeatureChEct	const	missing		auto-generated
lib/proto/page.go::const::PagePermissionsPolicyFeatureChPrefersColorScheme	const	missing		auto-generated
lib/proto/page.go::const::PagePermissionsPolicyFeatureChPrefersReducedMotion	const	missing		auto-generated
lib/proto/page.go::const::PagePermissionsPolicyFeatureChPrefersReducedTransparency	const	missing		auto-generated
lib/proto/page.go::const::PagePermissionsPolicyFeatureChRtt	const	missing		auto-generated
lib/proto/page.go::const::PagePermissionsPolicyFeatureChSaveData	const	missing		auto-generated
lib/proto/page.go::const::PagePermissionsPolicyFeatureChUa	const	missing		auto-generated
lib/proto/page.go::const::PagePermissionsPolicyFeatureChUaArch	const	missing		auto-generated
lib/proto/page.go::const::PagePermissionsPolicyFeatureChUaBitness	const	missing		auto-generated
lib/proto/page.go::const::PagePermissionsPolicyFeatureChUaFormFactors	const	missing		auto-generated
lib/proto/page.go::const::PagePermissionsPolicyFeatureChUaFullVersion	const	missing		auto-generated
lib/proto/page.go::const::PagePermissionsPolicyFeatureChUaFullVersionList	const	missing		auto-generated
lib/proto/page.go::const::PagePermissionsPolicyFeatureChUaMobile	const	missing		auto-generated
lib/proto/page.go::const::PagePermissionsPolicyFeatureChUaModel	const	missing		auto-generated
lib/proto/page.go::const::PagePermissionsPolicyFeatureChUaPlatform	const	missing		auto-generated
lib/proto/page.go::const::PagePermissionsPolicyFeatureChUaPlatformVersion	const	missing		auto-generated
lib/proto/page.go::const::PagePermissionsPolicyFeatureChUaWow64	const	missing		auto-generated
lib/proto/page.go::const::PagePermissionsPolicyFeatureChViewportHeight	const	missing		auto-generated
lib/proto/page.go::const::PagePermissionsPolicyFeatureChViewportWidth	const	missing		auto-generated
lib/proto/page.go::const::PagePermissionsPolicyFeatureChWidth	const	missing		auto-generated
lib/proto/page.go::const::PagePermissionsPolicyFeatureClipboardRead	const	missing		auto-generated
lib/proto/page.go::const::PagePermissionsPolicyFeatureClipboardWrite	const	missing		auto-generated
lib/proto/page.go::const::PagePermissionsPolicyFeatureComputePressure	const	missing		auto-generated
lib/proto/page.go::const::PagePermissionsPolicyFeatureCrossOriginIsolated	const	missing		auto-generated
lib/proto/page.go::const::PagePermissionsPolicyFeatureDeferredFetch	const	missing		auto-generated
lib/proto/page.go::const::PagePermissionsPolicyFeatureDirectSockets	const	missing		auto-generated
lib/proto/page.go::const::PagePermissionsPolicyFeatureDisplayCapture	const	missing		auto-generated
lib/proto/page.go::const::PagePermissionsPolicyFeatureDocumentDomain	const	missing		auto-generated
lib/proto/page.go::const::PagePermissionsPolicyFeatureEncryptedMedia	const	missing		auto-generated
lib/proto/page.go::const::PagePermissionsPolicyFeatureExecutionWhileNotRendered	const	missing		auto-generated
lib/proto/page.go::const::PagePermissionsPolicyFeatureExecutionWhileOutOfViewport	const	missing		auto-generated
lib/proto/page.go::const::PagePermissionsPolicyFeatureFocusWithoutUserActivation	const	missing		auto-generated
lib/proto/page.go::const::PagePermissionsPolicyFeatureFrobulate	const	missing		auto-generated
lib/proto/page.go::const::PagePermissionsPolicyFeatureFullscreen	const	missing		auto-generated
lib/proto/page.go::const::PagePermissionsPolicyFeatureGamepad	const	missing		auto-generated
lib/proto/page.go::const::PagePermissionsPolicyFeatureGeolocation	const	missing		auto-generated
lib/proto/page.go::const::PagePermissionsPolicyFeatureGyroscope	const	missing		auto-generated
lib/proto/page.go::const::PagePermissionsPolicyFeatureHid	const	missing		auto-generated
lib/proto/page.go::const::PagePermissionsPolicyFeatureIdentityCredentialsGet	const	missing		auto-generated
lib/proto/page.go::const::PagePermissionsPolicyFeatureIdleDetection	const	missing		auto-generated
lib/proto/page.go::const::PagePermissionsPolicyFeatureInterestCohort	const	missing		auto-generated
lib/proto/page.go::const::PagePermissionsPolicyFeatureJoinAdInterestGroup	const	missing		auto-generated
lib/proto/page.go::const::PagePermissionsPolicyFeatureKeyboardMap	const	missing		auto-generated
lib/proto/page.go::const::PagePermissionsPolicyFeatureLocalFonts	const	missing		auto-generated
lib/proto/page.go::const::PagePermissionsPolicyFeatureMagnetometer	const	missing		auto-generated
lib/proto/page.go::const::PagePermissionsPolicyFeatureMicrophone	const	missing		auto-generated
lib/proto/page.go::const::PagePermissionsPolicyFeatureMidi	const	missing		auto-generated
lib/proto/page.go::const::PagePermissionsPolicyFeatureOtpCredentials	const	missing		auto-generated
lib/proto/page.go::const::PagePermissionsPolicyFeaturePayment	const	missing		auto-generated
lib/proto/page.go::const::PagePermissionsPolicyFeaturePictureInPicture	const	missing		auto-generated
lib/proto/page.go::const::PagePermissionsPolicyFeaturePrivateAggregation	const	missing		auto-generated
lib/proto/page.go::const::PagePermissionsPolicyFeaturePrivateStateTokenIssuance	const	missing		auto-generated
lib/proto/page.go::const::PagePermissionsPolicyFeaturePrivateStateTokenRedemption	const	missing		auto-generated
lib/proto/page.go::const::PagePermissionsPolicyFeaturePublickeyCredentialsCreate	const	missing		auto-generated
lib/proto/page.go::const::PagePermissionsPolicyFeaturePublickeyCredentialsGet	const	missing		auto-generated
lib/proto/page.go::const::PagePermissionsPolicyFeatureRunAdAuction	const	missing		auto-generated
lib/proto/page.go::const::PagePermissionsPolicyFeatureScreenWakeLock	const	missing		auto-generated
lib/proto/page.go::const::PagePermissionsPolicyFeatureSerial	const	missing		auto-generated
lib/proto/page.go::const::PagePermissionsPolicyFeatureSharedAutofill	const	missing		auto-generated
lib/proto/page.go::const::PagePermissionsPolicyFeatureSharedStorage	const	missing		auto-generated
lib/proto/page.go::const::PagePermissionsPolicyFeatureSharedStorageSelectURL	const	missing		auto-generated
lib/proto/page.go::const::PagePermissionsPolicyFeatureSmartCard	const	missing		auto-generated
lib/proto/page.go::const::PagePermissionsPolicyFeatureSpeakerSelection	const	missing		auto-generated
lib/proto/page.go::const::PagePermissionsPolicyFeatureStorageAccess	const	missing		auto-generated
lib/proto/page.go::const::PagePermissionsPolicyFeatureSubApps	const	missing		auto-generated
lib/proto/page.go::const::PagePermissionsPolicyFeatureSyncXhr	const	missing		auto-generated
lib/proto/page.go::const::PagePermissionsPolicyFeatureUnload	const	missing		auto-generated
lib/proto/page.go::const::PagePermissionsPolicyFeatureUsb	const	missing		auto-generated
lib/proto/page.go::const::PagePermissionsPolicyFeatureUsbUnrestricted	const	missing		auto-generated
lib/proto/page.go::const::PagePermissionsPolicyFeatureVerticalScroll	const	missing		auto-generated
lib/proto/page.go::const::PagePermissionsPolicyFeatureWebPrinting	const	missing		auto-generated
lib/proto/page.go::const::PagePermissionsPolicyFeatureWebShare	const	missing		auto-generated
lib/proto/page.go::const::PagePermissionsPolicyFeatureWindowManagement	const	missing		auto-generated
lib/proto/page.go::const::PagePermissionsPolicyFeatureXrSpatialTracking	const	missing		auto-generated
lib/proto/page.go::const::PagePrintToPDFTransferModeReturnAsBase64	const	missing		auto-generated
lib/proto/page.go::const::PagePrintToPDFTransferModeReturnAsStream	const	missing		auto-generated
lib/proto/page.go::const::PageReferrerPolicyNoReferrer	const	missing		auto-generated
lib/proto/page.go::const::PageReferrerPolicyNoReferrerWhenDowngrade	const	missing		auto-generated
lib/proto/page.go::const::PageReferrerPolicyOrigin	const	missing		auto-generated
lib/proto/page.go::const::PageReferrerPolicyOriginWhenCrossOrigin	const	missing		auto-generated
lib/proto/page.go::const::PageReferrerPolicySameOrigin	const	missing		auto-generated
lib/proto/page.go::const::PageReferrerPolicyStrictOrigin	const	missing		auto-generated
lib/proto/page.go::const::PageReferrerPolicyStrictOriginWhenCrossOrigin	const	missing		auto-generated
lib/proto/page.go::const::PageReferrerPolicyUnsafeURL	const	missing		auto-generated
lib/proto/page.go::const::PageSecureContextTypeInsecureAncestor	const	missing		auto-generated
lib/proto/page.go::const::PageSecureContextTypeInsecureScheme	const	missing		auto-generated
lib/proto/page.go::const::PageSecureContextTypeSecure	const	missing		auto-generated
lib/proto/page.go::const::PageSecureContextTypeSecureLocalhost	const	missing		auto-generated
lib/proto/page.go::const::PageSetDownloadBehaviorBehaviorAllow	const	missing		auto-generated
lib/proto/page.go::const::PageSetDownloadBehaviorBehaviorDefault	const	missing		auto-generated
lib/proto/page.go::const::PageSetDownloadBehaviorBehaviorDeny	const	missing		auto-generated
lib/proto/page.go::const::PageSetTouchEmulationEnabledConfigurationDesktop	const	missing		auto-generated
lib/proto/page.go::const::PageSetTouchEmulationEnabledConfigurationMobile	const	missing		auto-generated
lib/proto/page.go::const::PageSetWebLifecycleStateStateActive	const	missing		auto-generated
lib/proto/page.go::const::PageSetWebLifecycleStateStateFrozen	const	missing		auto-generated
lib/proto/page.go::const::PageStartScreencastFormatJpeg	const	missing		auto-generated
lib/proto/page.go::const::PageStartScreencastFormatPng	const	missing		auto-generated
lib/proto/page.go::const::PageTransitionTypeAddressBar	const	missing		auto-generated
lib/proto/page.go::const::PageTransitionTypeAutoBookmark	const	missing		auto-generated
lib/proto/page.go::const::PageTransitionTypeAutoSubframe	const	missing		auto-generated
lib/proto/page.go::const::PageTransitionTypeAutoToplevel	const	missing		auto-generated
lib/proto/page.go::const::PageTransitionTypeFormSubmit	const	missing		auto-generated
lib/proto/page.go::const::PageTransitionTypeGenerated	const	missing		auto-generated
lib/proto/page.go::const::PageTransitionTypeKeyword	const	missing		auto-generated
lib/proto/page.go::const::PageTransitionTypeKeywordGenerated	const	missing		auto-generated
lib/proto/page.go::const::PageTransitionTypeLink	const	missing		auto-generated
lib/proto/page.go::const::PageTransitionTypeManualSubframe	const	missing		auto-generated
lib/proto/page.go::const::PageTransitionTypeOther	const	missing		auto-generated
lib/proto/page.go::const::PageTransitionTypeReload	const	missing		auto-generated
lib/proto/page.go::const::PageTransitionTypeTyped	const	missing		auto-generated
lib/proto/page.go::method::PageAddCompilationCache.Call	method	missing		auto-generated
lib/proto/page.go::method::PageAddCompilationCache.ProtoReq	method	missing		auto-generated
lib/proto/page.go::method::PageAddScriptToEvaluateOnLoad.Call	method	missing		auto-generated
lib/proto/page.go::method::PageAddScriptToEvaluateOnLoad.ProtoReq	method	missing		auto-generated
lib/proto/page.go::method::PageAddScriptToEvaluateOnNewDocument.Call	method	missing		auto-generated
lib/proto/page.go::method::PageAddScriptToEvaluateOnNewDocument.ProtoReq	method	missing		auto-generated
lib/proto/page.go::method::PageBackForwardCacheNotUsed.ProtoEvent	method	missing		auto-generated
lib/proto/page.go::method::PageBringToFront.Call	method	missing		auto-generated
lib/proto/page.go::method::PageBringToFront.ProtoReq	method	missing		auto-generated
lib/proto/page.go::method::PageCaptureScreenshot.Call	method	missing		auto-generated
lib/proto/page.go::method::PageCaptureScreenshot.ProtoReq	method	missing		auto-generated
lib/proto/page.go::method::PageCaptureSnapshot.Call	method	missing		auto-generated
lib/proto/page.go::method::PageCaptureSnapshot.ProtoReq	method	missing		auto-generated
lib/proto/page.go::method::PageClearCompilationCache.Call	method	missing		auto-generated
lib/proto/page.go::method::PageClearCompilationCache.ProtoReq	method	missing		auto-generated
lib/proto/page.go::method::PageClearDeviceMetricsOverride.Call	method	missing		auto-generated
lib/proto/page.go::method::PageClearDeviceMetricsOverride.ProtoReq	method	missing		auto-generated
lib/proto/page.go::method::PageClearDeviceOrientationOverride.Call	method	missing		auto-generated
lib/proto/page.go::method::PageClearDeviceOrientationOverride.ProtoReq	method	missing		auto-generated
lib/proto/page.go::method::PageClearGeolocationOverride.Call	method	missing		auto-generated
lib/proto/page.go::method::PageClearGeolocationOverride.ProtoReq	method	missing		auto-generated
lib/proto/page.go::method::PageClose.Call	method	missing		auto-generated
lib/proto/page.go::method::PageClose.ProtoReq	method	missing		auto-generated
lib/proto/page.go::method::PageCompilationCacheProduced.ProtoEvent	method	missing		auto-generated
lib/proto/page.go::method::PageCrash.Call	method	missing		auto-generated
lib/proto/page.go::method::PageCrash.ProtoReq	method	missing		auto-generated
lib/proto/page.go::method::PageCreateIsolatedWorld.Call	method	missing		auto-generated
lib/proto/page.go::method::PageCreateIsolatedWorld.ProtoReq	method	missing		auto-generated
lib/proto/page.go::method::PageDeleteCookie.Call	method	missing		auto-generated
lib/proto/page.go::method::PageDeleteCookie.ProtoReq	method	missing		auto-generated
lib/proto/page.go::method::PageDisable.Call	method	missing		auto-generated
lib/proto/page.go::method::PageDisable.ProtoReq	method	missing		auto-generated
lib/proto/page.go::method::PageDocumentOpened.ProtoEvent	method	missing		auto-generated
lib/proto/page.go::method::PageDomContentEventFired.ProtoEvent	method	missing		auto-generated
lib/proto/page.go::method::PageDownloadProgress.ProtoEvent	method	missing		auto-generated
lib/proto/page.go::method::PageDownloadWillBegin.ProtoEvent	method	missing		auto-generated
lib/proto/page.go::method::PageEnable.Call	method	missing		auto-generated
lib/proto/page.go::method::PageEnable.ProtoReq	method	missing		auto-generated
lib/proto/page.go::method::PageFileChooserOpened.ProtoEvent	method	missing		auto-generated
lib/proto/page.go::method::PageFrameAttached.ProtoEvent	method	missing		auto-generated
lib/proto/page.go::method::PageFrameClearedScheduledNavigation.ProtoEvent	method	missing		auto-generated
lib/proto/page.go::method::PageFrameDetached.ProtoEvent	method	missing		auto-generated
lib/proto/page.go::method::PageFrameNavigated.ProtoEvent	method	missing		auto-generated
lib/proto/page.go::method::PageFrameRequestedNavigation.ProtoEvent	method	missing		auto-generated
lib/proto/page.go::method::PageFrameResized.ProtoEvent	method	missing		auto-generated
lib/proto/page.go::method::PageFrameScheduledNavigation.ProtoEvent	method	missing		auto-generated
lib/proto/page.go::method::PageFrameStartedLoading.ProtoEvent	method	missing		auto-generated
lib/proto/page.go::method::PageFrameStoppedLoading.ProtoEvent	method	missing		auto-generated
lib/proto/page.go::method::PageGenerateTestReport.Call	method	missing		auto-generated
lib/proto/page.go::method::PageGenerateTestReport.ProtoReq	method	missing		auto-generated
lib/proto/page.go::method::PageGetAdScriptID.Call	method	missing		auto-generated
lib/proto/page.go::method::PageGetAdScriptID.ProtoReq	method	missing		auto-generated
lib/proto/page.go::method::PageGetAppID.Call	method	missing		auto-generated
lib/proto/page.go::method::PageGetAppID.ProtoReq	method	missing		auto-generated
lib/proto/page.go::method::PageGetAppManifest.Call	method	missing		auto-generated
lib/proto/page.go::method::PageGetAppManifest.ProtoReq	method	missing		auto-generated
lib/proto/page.go::method::PageGetFrameTree.Call	method	missing		auto-generated
lib/proto/page.go::method::PageGetFrameTree.ProtoReq	method	missing		auto-generated
lib/proto/page.go::method::PageGetInstallabilityErrors.Call	method	missing		auto-generated
lib/proto/page.go::method::PageGetInstallabilityErrors.ProtoReq	method	missing		auto-generated
lib/proto/page.go::method::PageGetLayoutMetrics.Call	method	missing		auto-generated
lib/proto/page.go::method::PageGetLayoutMetrics.ProtoReq	method	missing		auto-generated
lib/proto/page.go::method::PageGetManifestIcons.Call	method	missing		auto-generated
lib/proto/page.go::method::PageGetManifestIcons.ProtoReq	method	missing		auto-generated
lib/proto/page.go::method::PageGetNavigationHistory.Call	method	missing		auto-generated
lib/proto/page.go::method::PageGetNavigationHistory.ProtoReq	method	missing		auto-generated
lib/proto/page.go::method::PageGetOriginTrials.Call	method	missing		auto-generated
lib/proto/page.go::method::PageGetOriginTrials.ProtoReq	method	missing		auto-generated
lib/proto/page.go::method::PageGetPermissionsPolicyState.Call	method	missing		auto-generated
lib/proto/page.go::method::PageGetPermissionsPolicyState.ProtoReq	method	missing		auto-generated
lib/proto/page.go::method::PageGetResourceContent.Call	method	missing		auto-generated
lib/proto/page.go::method::PageGetResourceContent.ProtoReq	method	missing		auto-generated
lib/proto/page.go::method::PageGetResourceTree.Call	method	missing		auto-generated
lib/proto/page.go::method::PageGetResourceTree.ProtoReq	method	missing		auto-generated
lib/proto/page.go::method::PageHandleJavaScriptDialog.Call	method	missing		auto-generated
lib/proto/page.go::method::PageHandleJavaScriptDialog.ProtoReq	method	missing		auto-generated
lib/proto/page.go::method::PageInterstitialHidden.ProtoEvent	method	missing		auto-generated
lib/proto/page.go::method::PageInterstitialShown.ProtoEvent	method	missing		auto-generated
lib/proto/page.go::method::PageJavascriptDialogClosed.ProtoEvent	method	missing		auto-generated
lib/proto/page.go::method::PageJavascriptDialogOpening.ProtoEvent	method	missing		auto-generated
lib/proto/page.go::method::PageLifecycleEvent.ProtoEvent	method	missing		auto-generated
lib/proto/page.go::method::PageLoadEventFired.ProtoEvent	method	missing		auto-generated
lib/proto/page.go::method::PageNavigate.Call	method	missing		auto-generated
lib/proto/page.go::method::PageNavigate.ProtoReq	method	missing		auto-generated
lib/proto/page.go::method::PageNavigateToHistoryEntry.Call	method	missing		auto-generated
lib/proto/page.go::method::PageNavigateToHistoryEntry.ProtoReq	method	missing		auto-generated
lib/proto/page.go::method::PageNavigatedWithinDocument.ProtoEvent	method	missing		auto-generated
lib/proto/page.go::method::PagePrintToPDF.Call	method	missing		auto-generated
lib/proto/page.go::method::PagePrintToPDF.ProtoReq	method	missing		auto-generated
lib/proto/page.go::method::PageProduceCompilationCache.Call	method	missing		auto-generated
lib/proto/page.go::method::PageProduceCompilationCache.ProtoReq	method	missing		auto-generated
lib/proto/page.go::method::PageReload.Call	method	missing		auto-generated
lib/proto/page.go::method::PageReload.ProtoReq	method	missing		auto-generated
lib/proto/page.go::method::PageRemoveScriptToEvaluateOnLoad.Call	method	missing		auto-generated
lib/proto/page.go::method::PageRemoveScriptToEvaluateOnLoad.ProtoReq	method	missing		auto-generated
lib/proto/page.go::method::PageRemoveScriptToEvaluateOnNewDocument.Call	method	missing		auto-generated
lib/proto/page.go::method::PageRemoveScriptToEvaluateOnNewDocument.ProtoReq	method	missing		auto-generated
lib/proto/page.go::method::PageResetNavigationHistory.Call	method	missing		auto-generated
lib/proto/page.go::method::PageResetNavigationHistory.ProtoReq	method	missing		auto-generated
lib/proto/page.go::method::PageScreencastFrame.ProtoEvent	method	missing		auto-generated
lib/proto/page.go::method::PageScreencastFrameAck.Call	method	missing		auto-generated
lib/proto/page.go::method::PageScreencastFrameAck.ProtoReq	method	missing		auto-generated
lib/proto/page.go::method::PageScreencastVisibilityChanged.ProtoEvent	method	missing		auto-generated
lib/proto/page.go::method::PageSearchInResource.Call	method	missing		auto-generated
lib/proto/page.go::method::PageSearchInResource.ProtoReq	method	missing		auto-generated
lib/proto/page.go::method::PageSetAdBlockingEnabled.Call	method	missing		auto-generated
lib/proto/page.go::method::PageSetAdBlockingEnabled.ProtoReq	method	missing		auto-generated
lib/proto/page.go::method::PageSetBypassCSP.Call	method	missing		auto-generated
lib/proto/page.go::method::PageSetBypassCSP.ProtoReq	method	missing		auto-generated
lib/proto/page.go::method::PageSetDeviceMetricsOverride.Call	method	missing		auto-generated
lib/proto/page.go::method::PageSetDeviceMetricsOverride.ProtoReq	method	missing		auto-generated
lib/proto/page.go::method::PageSetDeviceOrientationOverride.Call	method	missing		auto-generated
lib/proto/page.go::method::PageSetDeviceOrientationOverride.ProtoReq	method	missing		auto-generated
lib/proto/page.go::method::PageSetDocumentContent.Call	method	missing		auto-generated
lib/proto/page.go::method::PageSetDocumentContent.ProtoReq	method	missing		auto-generated
lib/proto/page.go::method::PageSetDownloadBehavior.Call	method	missing		auto-generated
lib/proto/page.go::method::PageSetDownloadBehavior.ProtoReq	method	missing		auto-generated
lib/proto/page.go::method::PageSetFontFamilies.Call	method	missing		auto-generated
lib/proto/page.go::method::PageSetFontFamilies.ProtoReq	method	missing		auto-generated
lib/proto/page.go::method::PageSetFontSizes.Call	method	missing		auto-generated
lib/proto/page.go::method::PageSetFontSizes.ProtoReq	method	missing		auto-generated
lib/proto/page.go::method::PageSetGeolocationOverride.Call	method	missing		auto-generated
lib/proto/page.go::method::PageSetGeolocationOverride.ProtoReq	method	missing		auto-generated
lib/proto/page.go::method::PageSetInterceptFileChooserDialog.Call	method	missing		auto-generated
lib/proto/page.go::method::PageSetInterceptFileChooserDialog.ProtoReq	method	missing		auto-generated
lib/proto/page.go::method::PageSetLifecycleEventsEnabled.Call	method	missing		auto-generated
lib/proto/page.go::method::PageSetLifecycleEventsEnabled.ProtoReq	method	missing		auto-generated
lib/proto/page.go::method::PageSetPrerenderingAllowed.Call	method	missing		auto-generated
lib/proto/page.go::method::PageSetPrerenderingAllowed.ProtoReq	method	missing		auto-generated
lib/proto/page.go::method::PageSetRPHRegistrationMode.Call	method	missing		auto-generated
lib/proto/page.go::method::PageSetRPHRegistrationMode.ProtoReq	method	missing		auto-generated
lib/proto/page.go::method::PageSetSPCTransactionMode.Call	method	missing		auto-generated
lib/proto/page.go::method::PageSetSPCTransactionMode.ProtoReq	method	missing		auto-generated
lib/proto/page.go::method::PageSetTouchEmulationEnabled.Call	method	missing		auto-generated
lib/proto/page.go::method::PageSetTouchEmulationEnabled.ProtoReq	method	missing		auto-generated
lib/proto/page.go::method::PageSetWebLifecycleState.Call	method	missing		auto-generated
lib/proto/page.go::method::PageSetWebLifecycleState.ProtoReq	method	missing		auto-generated
lib/proto/page.go::method::PageStartScreencast.Call	method	missing		auto-generated
lib/proto/page.go::method::PageStartScreencast.ProtoReq	method	missing		auto-generated
lib/proto/page.go::method::PageStopLoading.Call	method	missing		auto-generated
lib/proto/page.go::method::PageStopLoading.ProtoReq	method	missing		auto-generated
lib/proto/page.go::method::PageStopScreencast.Call	method	missing		auto-generated
lib/proto/page.go::method::PageStopScreencast.ProtoReq	method	missing		auto-generated
lib/proto/page.go::method::PageWaitForDebugger.Call	method	missing		auto-generated
lib/proto/page.go::method::PageWaitForDebugger.ProtoReq	method	missing		auto-generated
lib/proto/page.go::method::PageWindowOpen.ProtoEvent	method	missing		auto-generated
lib/proto/page.go::struct::PageAdFrameStatus	struct	missing		auto-generated
lib/proto/page.go::struct::PageAdScriptID	struct	missing		auto-generated
lib/proto/page.go::struct::PageAddCompilationCache	struct	missing		auto-generated
lib/proto/page.go::struct::PageAddScriptToEvaluateOnLoad	struct	missing		auto-generated
lib/proto/page.go::struct::PageAddScriptToEvaluateOnLoadResult	struct	missing		auto-generated
lib/proto/page.go::struct::PageAddScriptToEvaluateOnNewDocument	struct	missing		auto-generated
lib/proto/page.go::struct::PageAddScriptToEvaluateOnNewDocumentResult	struct	missing		auto-generated
lib/proto/page.go::struct::PageAppManifestError	struct	missing		auto-generated
lib/proto/page.go::struct::PageAppManifestParsedProperties	struct	missing		auto-generated
lib/proto/page.go::struct::PageBackForwardCacheBlockingDetails	struct	missing		auto-generated
lib/proto/page.go::struct::PageBackForwardCacheNotRestoredExplanation	struct	missing		auto-generated
lib/proto/page.go::struct::PageBackForwardCacheNotRestoredExplanationTree	struct	missing		auto-generated
lib/proto/page.go::struct::PageBackForwardCacheNotUsed	struct	missing		auto-generated
lib/proto/page.go::struct::PageBringToFront	struct	missing		auto-generated
lib/proto/page.go::struct::PageCaptureScreenshot	struct	missing		auto-generated
lib/proto/page.go::struct::PageCaptureScreenshotResult	struct	missing		auto-generated
lib/proto/page.go::struct::PageCaptureSnapshot	struct	missing		auto-generated
lib/proto/page.go::struct::PageCaptureSnapshotResult	struct	missing		auto-generated
lib/proto/page.go::struct::PageClearCompilationCache	struct	missing		auto-generated
lib/proto/page.go::struct::PageClearDeviceMetricsOverride	struct	missing		auto-generated
lib/proto/page.go::struct::PageClearDeviceOrientationOverride	struct	missing		auto-generated
lib/proto/page.go::struct::PageClearGeolocationOverride	struct	missing		auto-generated
lib/proto/page.go::struct::PageClose	struct	missing		auto-generated
lib/proto/page.go::struct::PageCompilationCacheParams	struct	missing		auto-generated
lib/proto/page.go::struct::PageCompilationCacheProduced	struct	missing		auto-generated
lib/proto/page.go::struct::PageCrash	struct	missing		auto-generated
lib/proto/page.go::struct::PageCreateIsolatedWorld	struct	missing		auto-generated
lib/proto/page.go::struct::PageCreateIsolatedWorldResult	struct	missing		auto-generated
lib/proto/page.go::struct::PageDeleteCookie	struct	missing		auto-generated
lib/proto/page.go::struct::PageDisable	struct	missing		auto-generated
lib/proto/page.go::struct::PageDocumentOpened	struct	missing		auto-generated
lib/proto/page.go::struct::PageDomContentEventFired	struct	missing		auto-generated
lib/proto/page.go::struct::PageDownloadProgress	struct	missing		auto-generated
lib/proto/page.go::struct::PageDownloadWillBegin	struct	missing		auto-generated
lib/proto/page.go::struct::PageEnable	struct	missing		auto-generated
lib/proto/page.go::struct::PageFileChooserOpened	struct	missing		auto-generated
lib/proto/page.go::struct::PageFileFilter	struct	missing		auto-generated
lib/proto/page.go::struct::PageFileHandler	struct	missing		auto-generated
lib/proto/page.go::struct::PageFontFamilies	struct	missing		auto-generated
lib/proto/page.go::struct::PageFontSizes	struct	missing		auto-generated
lib/proto/page.go::struct::PageFrame	struct	missing		auto-generated
lib/proto/page.go::struct::PageFrameAttached	struct	missing		auto-generated
lib/proto/page.go::struct::PageFrameClearedScheduledNavigation	struct	missing		auto-generated
lib/proto/page.go::struct::PageFrameDetached	struct	missing		auto-generated
lib/proto/page.go::struct::PageFrameNavigated	struct	missing		auto-generated
lib/proto/page.go::struct::PageFrameRequestedNavigation	struct	missing		auto-generated
lib/proto/page.go::struct::PageFrameResized	struct	missing		auto-generated
lib/proto/page.go::struct::PageFrameResource	struct	missing		auto-generated
lib/proto/page.go::struct::PageFrameResourceTree	struct	missing		auto-generated
lib/proto/page.go::struct::PageFrameScheduledNavigation	struct	missing		auto-generated
lib/proto/page.go::struct::PageFrameStartedLoading	struct	missing		auto-generated
lib/proto/page.go::struct::PageFrameStoppedLoading	struct	missing		auto-generated
lib/proto/page.go::struct::PageFrameTree	struct	missing		auto-generated
lib/proto/page.go::struct::PageGenerateTestReport	struct	missing		auto-generated
lib/proto/page.go::struct::PageGetAdScriptID	struct	missing		auto-generated
lib/proto/page.go::struct::PageGetAdScriptIDResult	struct	missing		auto-generated
lib/proto/page.go::struct::PageGetAppID	struct	missing		auto-generated
lib/proto/page.go::struct::PageGetAppIDResult	struct	missing		auto-generated
lib/proto/page.go::struct::PageGetAppManifest	struct	missing		auto-generated
lib/proto/page.go::struct::PageGetAppManifestResult	struct	missing		auto-generated
lib/proto/page.go::struct::PageGetFrameTree	struct	missing		auto-generated
lib/proto/page.go::struct::PageGetFrameTreeResult	struct	missing		auto-generated
lib/proto/page.go::struct::PageGetInstallabilityErrors	struct	missing		auto-generated
lib/proto/page.go::struct::PageGetInstallabilityErrorsResult	struct	missing		auto-generated
lib/proto/page.go::struct::PageGetLayoutMetrics	struct	missing		auto-generated
lib/proto/page.go::struct::PageGetLayoutMetricsResult	struct	missing		auto-generated
lib/proto/page.go::struct::PageGetManifestIcons	struct	missing		auto-generated
lib/proto/page.go::struct::PageGetManifestIconsResult	struct	missing		auto-generated
lib/proto/page.go::struct::PageGetNavigationHistory	struct	missing		auto-generated
lib/proto/page.go::struct::PageGetNavigationHistoryResult	struct	missing		auto-generated
lib/proto/page.go::struct::PageGetOriginTrials	struct	missing		auto-generated
lib/proto/page.go::struct::PageGetOriginTrialsResult	struct	missing		auto-generated
lib/proto/page.go::struct::PageGetPermissionsPolicyState	struct	missing		auto-generated
lib/proto/page.go::struct::PageGetPermissionsPolicyStateResult	struct	missing		auto-generated
lib/proto/page.go::struct::PageGetResourceContent	struct	missing		auto-generated
lib/proto/page.go::struct::PageGetResourceContentResult	struct	missing		auto-generated
lib/proto/page.go::struct::PageGetResourceTree	struct	missing		auto-generated
lib/proto/page.go::struct::PageGetResourceTreeResult	struct	missing		auto-generated
lib/proto/page.go::struct::PageHandleJavaScriptDialog	struct	missing		auto-generated
lib/proto/page.go::struct::PageImageResource	struct	missing		auto-generated
lib/proto/page.go::struct::PageInstallabilityError	struct	missing		auto-generated
lib/proto/page.go::struct::PageInstallabilityErrorArgument	struct	missing		auto-generated
lib/proto/page.go::struct::PageInterstitialHidden	struct	missing		auto-generated
lib/proto/page.go::struct::PageInterstitialShown	struct	missing		auto-generated
lib/proto/page.go::struct::PageJavascriptDialogClosed	struct	missing		auto-generated
lib/proto/page.go::struct::PageJavascriptDialogOpening	struct	missing		auto-generated
lib/proto/page.go::struct::PageLaunchHandler	struct	missing		auto-generated
lib/proto/page.go::struct::PageLayoutViewport	struct	missing		auto-generated
lib/proto/page.go::struct::PageLifecycleEvent	struct	missing		auto-generated
lib/proto/page.go::struct::PageLoadEventFired	struct	missing		auto-generated
lib/proto/page.go::struct::PageNavigate	struct	missing		auto-generated
lib/proto/page.go::struct::PageNavigateResult	struct	missing		auto-generated
lib/proto/page.go::struct::PageNavigateToHistoryEntry	struct	missing		auto-generated
lib/proto/page.go::struct::PageNavigatedWithinDocument	struct	missing		auto-generated
lib/proto/page.go::struct::PageNavigationEntry	struct	missing		auto-generated
lib/proto/page.go::struct::PageOriginTrial	struct	missing		auto-generated
lib/proto/page.go::struct::PageOriginTrialToken	struct	missing		auto-generated
lib/proto/page.go::struct::PageOriginTrialTokenWithStatus	struct	missing		auto-generated
lib/proto/page.go::struct::PagePermissionsPolicyBlockLocator	struct	missing		auto-generated
lib/proto/page.go::struct::PagePermissionsPolicyFeatureState	struct	missing		auto-generated
lib/proto/page.go::struct::PagePrintToPDF	struct	missing		auto-generated
lib/proto/page.go::struct::PagePrintToPDFResult	struct	missing		auto-generated
lib/proto/page.go::struct::PageProduceCompilationCache	struct	missing		auto-generated
lib/proto/page.go::struct::PageProtocolHandler	struct	missing		auto-generated
lib/proto/page.go::struct::PageRelatedApplication	struct	missing		auto-generated
lib/proto/page.go::struct::PageReload	struct	missing		auto-generated
lib/proto/page.go::struct::PageRemoveScriptToEvaluateOnLoad	struct	missing		auto-generated
lib/proto/page.go::struct::PageRemoveScriptToEvaluateOnNewDocument	struct	missing		auto-generated
lib/proto/page.go::struct::PageResetNavigationHistory	struct	missing		auto-generated
lib/proto/page.go::struct::PageScopeExtension	struct	missing		auto-generated
lib/proto/page.go::struct::PageScreencastFrame	struct	missing		auto-generated
lib/proto/page.go::struct::PageScreencastFrameAck	struct	missing		auto-generated
lib/proto/page.go::struct::PageScreencastFrameMetadata	struct	missing		auto-generated
lib/proto/page.go::struct::PageScreencastVisibilityChanged	struct	missing		auto-generated
lib/proto/page.go::struct::PageScreenshot	struct	missing		auto-generated
lib/proto/page.go::struct::PageScriptFontFamilies	struct	missing		auto-generated
lib/proto/page.go::struct::PageSearchInResource	struct	missing		auto-generated
lib/proto/page.go::struct::PageSearchInResourceResult	struct	missing		auto-generated
lib/proto/page.go::struct::PageSetAdBlockingEnabled	struct	missing		auto-generated
lib/proto/page.go::struct::PageSetBypassCSP	struct	missing		auto-generated
lib/proto/page.go::struct::PageSetDeviceMetricsOverride	struct	missing		auto-generated
lib/proto/page.go::struct::PageSetDeviceOrientationOverride	struct	missing		auto-generated
lib/proto/page.go::struct::PageSetDocumentContent	struct	missing		auto-generated
lib/proto/page.go::struct::PageSetDownloadBehavior	struct	missing		auto-generated
lib/proto/page.go::struct::PageSetFontFamilies	struct	missing		auto-generated
lib/proto/page.go::struct::PageSetFontSizes	struct	missing		auto-generated
lib/proto/page.go::struct::PageSetGeolocationOverride	struct	missing		auto-generated
lib/proto/page.go::struct::PageSetInterceptFileChooserDialog	struct	missing		auto-generated
lib/proto/page.go::struct::PageSetLifecycleEventsEnabled	struct	missing		auto-generated
lib/proto/page.go::struct::PageSetPrerenderingAllowed	struct	missing		auto-generated
lib/proto/page.go::struct::PageSetRPHRegistrationMode	struct	missing		auto-generated
lib/proto/page.go::struct::PageSetSPCTransactionMode	struct	missing		auto-generated
lib/proto/page.go::struct::PageSetTouchEmulationEnabled	struct	missing		auto-generated
lib/proto/page.go::struct::PageSetWebLifecycleState	struct	missing		auto-generated
lib/proto/page.go::struct::PageShareTarget	struct	missing		auto-generated
lib/proto/page.go::struct::PageShortcut	struct	missing		auto-generated
lib/proto/page.go::struct::PageStartScreencast	struct	missing		auto-generated
lib/proto/page.go::struct::PageStopLoading	struct	missing		auto-generated
lib/proto/page.go::struct::PageStopScreencast	struct	missing		auto-generated
lib/proto/page.go::struct::PageViewport	struct	missing		auto-generated
lib/proto/page.go::struct::PageVisualViewport	struct	missing		auto-generated
lib/proto/page.go::struct::PageWaitForDebugger	struct	missing		auto-generated
lib/proto/page.go::struct::PageWebAppManifest	struct	missing		auto-generated
lib/proto/page.go::struct::PageWindowOpen	struct	missing		auto-generated
lib/proto/page.go::type::PageAdFrameExplanation	type	missing		auto-generated
lib/proto/page.go::type::PageAdFrameType	type	missing		auto-generated
lib/proto/page.go::type::PageAutoResponseMode	type	missing		auto-generated
lib/proto/page.go::type::PageBackForwardCacheNotRestoredReason	type	missing		auto-generated
lib/proto/page.go::type::PageBackForwardCacheNotRestoredReasonType	type	missing		auto-generated
lib/proto/page.go::type::PageCaptureScreenshotFormat	type	missing		auto-generated
lib/proto/page.go::type::PageCaptureSnapshotFormat	type	missing		auto-generated
lib/proto/page.go::type::PageClientNavigationDisposition	type	missing		auto-generated
lib/proto/page.go::type::PageClientNavigationReason	type	missing		auto-generated
lib/proto/page.go::type::PageCrossOriginIsolatedContextType	type	missing		auto-generated
lib/proto/page.go::type::PageDialogType	type	missing		auto-generated
lib/proto/page.go::type::PageDownloadProgressState	type	missing		auto-generated
lib/proto/page.go::type::PageFileChooserOpenedMode	type	missing		auto-generated
lib/proto/page.go::type::PageFrameDetachedReason	type	missing		auto-generated
lib/proto/page.go::type::PageFrameID	type	missing		auto-generated
lib/proto/page.go::type::PageGatedAPIFeatures	type	missing		auto-generated
lib/proto/page.go::type::PageLifecycleEventName	type	missing		auto-generated
lib/proto/page.go::type::PageNavigationType	type	missing		auto-generated
lib/proto/page.go::type::PageOriginTrialStatus	type	missing		auto-generated
lib/proto/page.go::type::PageOriginTrialTokenStatus	type	missing		auto-generated
lib/proto/page.go::type::PageOriginTrialUsageRestriction	type	missing		auto-generated
lib/proto/page.go::type::PagePermissionsPolicyBlockReason	type	missing		auto-generated
lib/proto/page.go::type::PagePermissionsPolicyFeature	type	missing		auto-generated
lib/proto/page.go::type::PagePrintToPDFTransferMode	type	missing		auto-generated
lib/proto/page.go::type::PageReferrerPolicy	type	missing		auto-generated
lib/proto/page.go::type::PageScriptIdentifier	type	missing		auto-generated
lib/proto/page.go::type::PageSecureContextType	type	missing		auto-generated
lib/proto/page.go::type::PageSetDownloadBehaviorBehavior	type	missing		auto-generated
lib/proto/page.go::type::PageSetTouchEmulationEnabledConfiguration	type	missing		auto-generated
lib/proto/page.go::type::PageSetWebLifecycleStateState	type	missing		auto-generated
lib/proto/page.go::type::PageStartScreencastFormat	type	missing		auto-generated
lib/proto/page.go::type::PageTransitionType	type	missing		auto-generated
lib/proto/performance.go::const::PerformanceEnableTimeDomainThreadTicks	const	missing		auto-generated
lib/proto/performance.go::const::PerformanceEnableTimeDomainTimeTicks	const	missing		auto-generated
lib/proto/performance.go::const::PerformanceSetTimeDomainTimeDomainThreadTicks	const	missing		auto-generated
lib/proto/performance.go::const::PerformanceSetTimeDomainTimeDomainTimeTicks	const	missing		auto-generated
lib/proto/performance.go::method::PerformanceDisable.Call	method	missing		auto-generated
lib/proto/performance.go::method::PerformanceDisable.ProtoReq	method	missing		auto-generated
lib/proto/performance.go::method::PerformanceEnable.Call	method	missing		auto-generated
lib/proto/performance.go::method::PerformanceEnable.ProtoReq	method	missing		auto-generated
lib/proto/performance.go::method::PerformanceGetMetrics.Call	method	missing		auto-generated
lib/proto/performance.go::method::PerformanceGetMetrics.ProtoReq	method	missing		auto-generated
lib/proto/performance.go::method::PerformanceMetrics.ProtoEvent	method	missing		auto-generated
lib/proto/performance.go::method::PerformanceSetTimeDomain.Call	method	missing		auto-generated
lib/proto/performance.go::method::PerformanceSetTimeDomain.ProtoReq	method	missing		auto-generated
lib/proto/performance.go::struct::PerformanceDisable	struct	missing		auto-generated
lib/proto/performance.go::struct::PerformanceEnable	struct	missing		auto-generated
lib/proto/performance.go::struct::PerformanceGetMetrics	struct	missing		auto-generated
lib/proto/performance.go::struct::PerformanceGetMetricsResult	struct	missing		auto-generated
lib/proto/performance.go::struct::PerformanceMetric	struct	missing		auto-generated
lib/proto/performance.go::struct::PerformanceMetrics	struct	missing		auto-generated
lib/proto/performance.go::struct::PerformanceSetTimeDomain	struct	missing		auto-generated
lib/proto/performance.go::type::PerformanceEnableTimeDomain	type	missing		auto-generated
lib/proto/performance.go::type::PerformanceSetTimeDomainTimeDomain	type	missing		auto-generated
lib/proto/performance_timeline.go::method::PerformanceTimelineEnable.Call	method	missing		auto-generated
lib/proto/performance_timeline.go::method::PerformanceTimelineEnable.ProtoReq	method	missing		auto-generated
lib/proto/performance_timeline.go::method::PerformanceTimelineTimelineEventAdded.ProtoEvent	method	missing		auto-generated
lib/proto/performance_timeline.go::struct::PerformanceTimelineEnable	struct	missing		auto-generated
lib/proto/performance_timeline.go::struct::PerformanceTimelineLargestContentfulPaint	struct	missing		auto-generated
lib/proto/performance_timeline.go::struct::PerformanceTimelineLayoutShift	struct	missing		auto-generated
lib/proto/performance_timeline.go::struct::PerformanceTimelineLayoutShiftAttribution	struct	missing		auto-generated
lib/proto/performance_timeline.go::struct::PerformanceTimelineTimelineEvent	struct	missing		auto-generated
lib/proto/performance_timeline.go::struct::PerformanceTimelineTimelineEventAdded	struct	missing		auto-generated
lib/proto/preload.go::const::PreloadPrefetchStatusPrefetchAllowed	const	missing		auto-generated
lib/proto/preload.go::const::PreloadPrefetchStatusPrefetchEvictedAfterCandidateRemoved	const	missing		auto-generated
lib/proto/preload.go::const::PreloadPrefetchStatusPrefetchEvictedForNewerPrefetch	const	missing		auto-generated
lib/proto/preload.go::const::PreloadPrefetchStatusPrefetchFailedIneligibleRedirect	const	missing		auto-generated
lib/proto/preload.go::const::PreloadPrefetchStatusPrefetchFailedInvalidRedirect	const	missing		auto-generated
lib/proto/preload.go::const::PreloadPrefetchStatusPrefetchFailedMIMENotSupported	const	missing		auto-generated
lib/proto/preload.go::const::PreloadPrefetchStatusPrefetchFailedNetError	const	missing		auto-generated
lib/proto/preload.go::const::PreloadPrefetchStatusPrefetchFailedNon2XX	const	missing		auto-generated
lib/proto/preload.go::const::PreloadPrefetchStatusPrefetchFailedPerPageLimitExceeded	const	missing		auto-generated
lib/proto/preload.go::const::PreloadPrefetchStatusPrefetchHeldback	const	missing		auto-generated
lib/proto/preload.go::const::PreloadPrefetchStatusPrefetchIneligibleRetryAfter	const	missing		auto-generated
lib/proto/preload.go::const::PreloadPrefetchStatusPrefetchIsPrivacyDecoy	const	missing		auto-generated
lib/proto/preload.go::const::PreloadPrefetchStatusPrefetchIsStale	const	missing		auto-generated
lib/proto/preload.go::const::PreloadPrefetchStatusPrefetchNotEligibleBatterySaverEnabled	const	missing		auto-generated
lib/proto/preload.go::const::PreloadPrefetchStatusPrefetchNotEligibleBrowserContextOffTheRecord	const	missing		auto-generated
lib/proto/preload.go::const::PreloadPrefetchStatusPrefetchNotEligibleDataSaverEnabled	const	missing		auto-generated
lib/proto/preload.go::const::PreloadPrefetchStatusPrefetchNotEligibleExistingProxy	const	missing		auto-generated
lib/proto/preload.go::const::PreloadPrefetchStatusPrefetchNotEligibleHostIsNonUnique	const	missing		auto-generated
lib/proto/preload.go::const::PreloadPrefetchStatusPrefetchNotEligibleNonDefaultStoragePartition	const	missing		auto-generated
lib/proto/preload.go::const::PreloadPrefetchStatusPrefetchNotEligiblePreloadingDisabled	const	missing		auto-generated
lib/proto/preload.go::const::PreloadPrefetchStatusPrefetchNotEligibleSameSiteCrossOriginPrefetchRequiredProxy	const	missing		auto-generated
lib/proto/preload.go::const::PreloadPrefetchStatusPrefetchNotEligibleSchemeIsNotHTTPS	const	missing		auto-generated
lib/proto/preload.go::const::PreloadPrefetchStatusPrefetchNotEligibleUserHasCookies	const	missing		auto-generated
lib/proto/preload.go::const::PreloadPrefetchStatusPrefetchNotEligibleUserHasServiceWorker	const	missing		auto-generated
lib/proto/preload.go::const::PreloadPrefetchStatusPrefetchNotFinishedInTime	const	missing		auto-generated
lib/proto/preload.go::const::PreloadPrefetchStatusPrefetchNotStarted	const	missing		auto-generated
lib/proto/preload.go::const::PreloadPrefetchStatusPrefetchNotUsedCookiesChanged	const	missing		auto-generated
lib/proto/preload.go::const::PreloadPrefetchStatusPrefetchNotUsedProbeFailed	const	missing		auto-generated
lib/proto/preload.go::const::PreloadPrefetchStatusPrefetchProxyNotAvailable	const	missing		auto-generated
lib/proto/preload.go::const::PreloadPrefetchStatusPrefetchResponseUsed	const	missing		auto-generated
lib/proto/preload.go::const::PreloadPrefetchStatusPrefetchSuccessfulButNotUsed	const	missing		auto-generated
lib/proto/preload.go::const::PreloadPreloadingStatusFailure	const	missing		auto-generated
lib/proto/preload.go::const::PreloadPreloadingStatusNotSupported	const	missing		auto-generated
lib/proto/preload.go::const::PreloadPreloadingStatusPending	const	missing		auto-generated
lib/proto/preload.go::const::PreloadPreloadingStatusReady	const	missing		auto-generated
lib/proto/preload.go::const::PreloadPreloadingStatusRunning	const	missing		auto-generated
lib/proto/preload.go::const::PreloadPreloadingStatusSuccess	const	missing		auto-generated
lib/proto/preload.go::const::PreloadPrerenderFinalStatusActivated	const	missing		auto-generated
lib/proto/preload.go::const::PreloadPrerenderFinalStatusActivatedBeforeStarted	const	missing		auto-generated
lib/proto/preload.go::const::PreloadPrerenderFinalStatusActivatedDuringMainFrameNavigation	const	missing		auto-generated
lib/proto/preload.go::const::PreloadPrerenderFinalStatusActivatedInBackground	const	missing		auto-generated
lib/proto/preload.go::const::PreloadPrerenderFinalStatusActivatedWithAuxiliaryBrowsingContexts	const	missing		auto-generated
lib/proto/preload.go::const::PreloadPrerenderFinalStatusActivationFramePolicyNotCompatible	const	missing		auto-generated
lib/proto/preload.go::const::PreloadPrerenderFinalStatusActivationNavigationDestroyedBeforeSuccess	const	missing		auto-generated
lib/proto/preload.go::const::PreloadPrerenderFinalStatusActivationNavigationParameterMismatch	const	missing		auto-generated
lib/proto/preload.go::const::PreloadPrerenderFinalStatusActivationURLHasEffectiveURL	const	missing		auto-generated
lib/proto/preload.go::const::PreloadPrerenderFinalStatusAllPrerenderingCanceled	const	missing		auto-generated
lib/proto/preload.go::const::PreloadPrerenderFinalStatusAudioOutputDeviceRequested	const	missing		auto-generated
lib/proto/preload.go::const::PreloadPrerenderFinalStatusBatterySaverEnabled	const	missing		auto-generated
lib/proto/preload.go::const::PreloadPrerenderFinalStatusBlockedByClient	const	missing		auto-generated
lib/proto/preload.go::const::PreloadPrerenderFinalStatusCancelAllHostsForTesting	const	missing		auto-generated
lib/proto/preload.go::const::PreloadPrerenderFinalStatusClientCertRequested	const	missing		auto-generated
lib/proto/preload.go::const::PreloadPrerenderFinalStatusCrossSiteNavigationInInitialNavigation	const	missing		auto-generated
lib/proto/preload.go::const::PreloadPrerenderFinalStatusCrossSiteNavigationInMainFrameNavigation	const	missing		auto-generated
lib/proto/preload.go::const::PreloadPrerenderFinalStatusCrossSiteRedirectInInitialNavigation	const	missing		auto-generated
lib/proto/preload.go::const::PreloadPrerenderFinalStatusCrossSiteRedirectInMainFrameNavigation	const	missing		auto-generated
lib/proto/preload.go::const::PreloadPrerenderFinalStatusDataSaverEnabled	const	missing		auto-generated
lib/proto/preload.go::const::PreloadPrerenderFinalStatusDestroyed	const	missing		auto-generated
lib/proto/preload.go::const::PreloadPrerenderFinalStatusDidFailLoad	const	missing		auto-generated
lib/proto/preload.go::const::PreloadPrerenderFinalStatusDownload	const	missing		auto-generated
lib/proto/preload.go::const::PreloadPrerenderFinalStatusEmbedderHostDisallowed	const	missing		auto-generated
lib/proto/preload.go::const::PreloadPrerenderFinalStatusInactivePageRestriction	const	missing		auto-generated
lib/proto/preload.go::const::PreloadPrerenderFinalStatusInvalidSchemeNavigation	const	missing		auto-generated
lib/proto/preload.go::const::PreloadPrerenderFinalStatusInvalidSchemeRedirect	const	missing		auto-generated
lib/proto/preload.go::const::PreloadPrerenderFinalStatusJavaScriptInterfaceAdded	const	missing		auto-generated
lib/proto/preload.go::const::PreloadPrerenderFinalStatusJavaScriptInterfaceRemoved	const	missing		auto-generated
lib/proto/preload.go::const::PreloadPrerenderFinalStatusLoginAuthRequested	const	missing		auto-generated
lib/proto/preload.go::const::PreloadPrerenderFinalStatusLowEndDevice	const	missing		auto-generated
lib/proto/preload.go::const::PreloadPrerenderFinalStatusMainFrameNavigation	const	missing		auto-generated
lib/proto/preload.go::const::PreloadPrerenderFinalStatusMaxNumOfRunningEagerPrerendersExceeded	const	missing		auto-generated
lib/proto/preload.go::const::PreloadPrerenderFinalStatusMaxNumOfRunningEmbedderPrerendersExceeded	const	missing		auto-generated
lib/proto/preload.go::const::PreloadPrerenderFinalStatusMaxNumOfRunningNonEagerPrerendersExceeded	const	missing		auto-generated
lib/proto/preload.go::const::PreloadPrerenderFinalStatusMemoryLimitExceeded	const	missing		auto-generated
lib/proto/preload.go::const::PreloadPrerenderFinalStatusMemoryPressureAfterTriggered	const	missing		auto-generated
lib/proto/preload.go::const::PreloadPrerenderFinalStatusMemoryPressureOnTrigger	const	missing		auto-generated
lib/proto/preload.go::const::PreloadPrerenderFinalStatusMixedContent	const	missing		auto-generated
lib/proto/preload.go::const::PreloadPrerenderFinalStatusMojoBinderPolicy	const	missing		auto-generated
lib/proto/preload.go::const::PreloadPrerenderFinalStatusNavigationBadHTTPStatus	const	missing		auto-generated
lib/proto/preload.go::const::PreloadPrerenderFinalStatusNavigationNotCommitted	const	missing		auto-generated
lib/proto/preload.go::const::PreloadPrerenderFinalStatusNavigationRequestBlockedByCsp	const	missing		auto-generated
lib/proto/preload.go::const::PreloadPrerenderFinalStatusNavigationRequestNetworkError	const	missing		auto-generated
lib/proto/preload.go::const::PreloadPrerenderFinalStatusPreloadingDisabled	const	missing		auto-generated
lib/proto/preload.go::const::PreloadPrerenderFinalStatusPreloadingUnsupportedByWebContents	const	missing		auto-generated
lib/proto/preload.go::const::PreloadPrerenderFinalStatusPrerenderingDisabledByDevTools	const	missing		auto-generated
lib/proto/preload.go::const::PreloadPrerenderFinalStatusPrerenderingURLHasEffectiveURL	const	missing		auto-generated
lib/proto/preload.go::const::PreloadPrerenderFinalStatusPrimaryMainFrameRendererProcessCrashed	const	missing		auto-generated
lib/proto/preload.go::const::PreloadPrerenderFinalStatusPrimaryMainFrameRendererProcessKilled	const	missing		auto-generated
lib/proto/preload.go::const::PreloadPrerenderFinalStatusRedirectedPrerenderingURLHasEffectiveURL	const	missing		auto-generated
lib/proto/preload.go::const::PreloadPrerenderFinalStatusRendererProcessCrashed	const	missing		auto-generated
lib/proto/preload.go::const::PreloadPrerenderFinalStatusRendererProcessKilled	const	missing		auto-generated
lib/proto/preload.go::const::PreloadPrerenderFinalStatusSameSiteCrossOriginNavigationNotOptInInInitialNavigation	const	missing		auto-generated
lib/proto/preload.go::const::PreloadPrerenderFinalStatusSameSiteCrossOriginNavigationNotOptInInMainFrameNavigation	const	missing		auto-generated
lib/proto/preload.go::const::PreloadPrerenderFinalStatusSameSiteCrossOriginRedirectNotOptInInInitialNavigation	const	missing		auto-generated
lib/proto/preload.go::const::PreloadPrerenderFinalStatusSameSiteCrossOriginRedirectNotOptInInMainFrameNavigation	const	missing		auto-generated
lib/proto/preload.go::const::PreloadPrerenderFinalStatusSpeculationRuleRemoved	const	missing		auto-generated
lib/proto/preload.go::const::PreloadPrerenderFinalStatusSslCertificateError	const	missing		auto-generated
lib/proto/preload.go::const::PreloadPrerenderFinalStatusStartFailed	const	missing		auto-generated
lib/proto/preload.go::const::PreloadPrerenderFinalStatusStop	const	missing		auto-generated
lib/proto/preload.go::const::PreloadPrerenderFinalStatusTabClosedByUserGesture	const	missing		auto-generated
lib/proto/preload.go::const::PreloadPrerenderFinalStatusTabClosedWithoutUserGesture	const	missing		auto-generated
lib/proto/preload.go::const::PreloadPrerenderFinalStatusTimeoutBackgrounded	const	missing		auto-generated
lib/proto/preload.go::const::PreloadPrerenderFinalStatusTriggerBackgrounded	const	missing		auto-generated
lib/proto/preload.go::const::PreloadPrerenderFinalStatusTriggerDestroyed	const	missing		auto-generated
lib/proto/preload.go::const::PreloadPrerenderFinalStatusTriggerURLHasEffectiveURL	const	missing		auto-generated
lib/proto/preload.go::const::PreloadPrerenderFinalStatusUaChangeRequiresReload	const	missing		auto-generated
lib/proto/preload.go::const::PreloadRuleSetErrorTypeInvalidRulesSkipped	const	missing		auto-generated
lib/proto/preload.go::const::PreloadRuleSetErrorTypeSourceIsNotJSONObject	const	missing		auto-generated
lib/proto/preload.go::const::PreloadSpeculationActionPrefetch	const	missing		auto-generated
lib/proto/preload.go::const::PreloadSpeculationActionPrerender	const	missing		auto-generated
lib/proto/preload.go::const::PreloadSpeculationTargetHintBlank	const	missing		auto-generated
lib/proto/preload.go::const::PreloadSpeculationTargetHintSelf	const	missing		auto-generated
lib/proto/preload.go::method::PreloadDisable.Call	method	missing		auto-generated
lib/proto/preload.go::method::PreloadDisable.ProtoReq	method	missing		auto-generated
lib/proto/preload.go::method::PreloadEnable.Call	method	missing		auto-generated
lib/proto/preload.go::method::PreloadEnable.ProtoReq	method	missing		auto-generated
lib/proto/preload.go::method::PreloadPrefetchStatusUpdated.ProtoEvent	method	missing		auto-generated
lib/proto/preload.go::method::PreloadPreloadEnabledStateUpdated.ProtoEvent	method	missing		auto-generated
lib/proto/preload.go::method::PreloadPreloadingAttemptSourcesUpdated.ProtoEvent	method	missing		auto-generated
lib/proto/preload.go::method::PreloadPrerenderStatusUpdated.ProtoEvent	method	missing		auto-generated
lib/proto/preload.go::method::PreloadRuleSetRemoved.ProtoEvent	method	missing		auto-generated
lib/proto/preload.go::method::PreloadRuleSetUpdated.ProtoEvent	method	missing		auto-generated
lib/proto/preload.go::struct::PreloadDisable	struct	missing		auto-generated
lib/proto/preload.go::struct::PreloadEnable	struct	missing		auto-generated
lib/proto/preload.go::struct::PreloadPrefetchStatusUpdated	struct	missing		auto-generated
lib/proto/preload.go::struct::PreloadPreloadEnabledStateUpdated	struct	missing		auto-generated
lib/proto/preload.go::struct::PreloadPreloadingAttemptKey	struct	missing		auto-generated
lib/proto/preload.go::struct::PreloadPreloadingAttemptSource	struct	missing		auto-generated
lib/proto/preload.go::struct::PreloadPreloadingAttemptSourcesUpdated	struct	missing		auto-generated
lib/proto/preload.go::struct::PreloadPrerenderMismatchedHeaders	struct	missing		auto-generated
lib/proto/preload.go::struct::PreloadPrerenderStatusUpdated	struct	missing		auto-generated
lib/proto/preload.go::struct::PreloadRuleSet	struct	missing		auto-generated
lib/proto/preload.go::struct::PreloadRuleSetRemoved	struct	missing		auto-generated
lib/proto/preload.go::struct::PreloadRuleSetUpdated	struct	missing		auto-generated
lib/proto/preload.go::type::PreloadPrefetchStatus	type	missing		auto-generated
lib/proto/preload.go::type::PreloadPreloadingStatus	type	missing		auto-generated
lib/proto/preload.go::type::PreloadPrerenderFinalStatus	type	missing		auto-generated
lib/proto/preload.go::type::PreloadRuleSetErrorType	type	missing		auto-generated
lib/proto/preload.go::type::PreloadRuleSetID	type	missing		auto-generated
lib/proto/preload.go::type::PreloadSpeculationAction	type	missing		auto-generated
lib/proto/preload.go::type::PreloadSpeculationTargetHint	type	missing		auto-generated
lib/proto/profiler.go::method::ProfilerConsoleProfileFinished.ProtoEvent	method	missing		auto-generated
lib/proto/profiler.go::method::ProfilerConsoleProfileStarted.ProtoEvent	method	missing		auto-generated
lib/proto/profiler.go::method::ProfilerDisable.Call	method	missing		auto-generated
lib/proto/profiler.go::method::ProfilerDisable.ProtoReq	method	missing		auto-generated
lib/proto/profiler.go::method::ProfilerEnable.Call	method	missing		auto-generated
lib/proto/profiler.go::method::ProfilerEnable.ProtoReq	method	missing		auto-generated
lib/proto/profiler.go::method::ProfilerGetBestEffortCoverage.Call	method	missing		auto-generated
lib/proto/profiler.go::method::ProfilerGetBestEffortCoverage.ProtoReq	method	missing		auto-generated
lib/proto/profiler.go::method::ProfilerPreciseCoverageDeltaUpdate.ProtoEvent	method	missing		auto-generated
lib/proto/profiler.go::method::ProfilerSetSamplingInterval.Call	method	missing		auto-generated
lib/proto/profiler.go::method::ProfilerSetSamplingInterval.ProtoReq	method	missing		auto-generated
lib/proto/profiler.go::method::ProfilerStart.Call	method	missing		auto-generated
lib/proto/profiler.go::method::ProfilerStart.ProtoReq	method	missing		auto-generated
lib/proto/profiler.go::method::ProfilerStartPreciseCoverage.Call	method	missing		auto-generated
lib/proto/profiler.go::method::ProfilerStartPreciseCoverage.ProtoReq	method	missing		auto-generated
lib/proto/profiler.go::method::ProfilerStop.Call	method	missing		auto-generated
lib/proto/profiler.go::method::ProfilerStop.ProtoReq	method	missing		auto-generated
lib/proto/profiler.go::method::ProfilerStopPreciseCoverage.Call	method	missing		auto-generated
lib/proto/profiler.go::method::ProfilerStopPreciseCoverage.ProtoReq	method	missing		auto-generated
lib/proto/profiler.go::method::ProfilerTakePreciseCoverage.Call	method	missing		auto-generated
lib/proto/profiler.go::method::ProfilerTakePreciseCoverage.ProtoReq	method	missing		auto-generated
lib/proto/profiler.go::struct::ProfilerConsoleProfileFinished	struct	missing		auto-generated
lib/proto/profiler.go::struct::ProfilerConsoleProfileStarted	struct	missing		auto-generated
lib/proto/profiler.go::struct::ProfilerCoverageRange	struct	missing		auto-generated
lib/proto/profiler.go::struct::ProfilerDisable	struct	missing		auto-generated
lib/proto/profiler.go::struct::ProfilerEnable	struct	missing		auto-generated
lib/proto/profiler.go::struct::ProfilerFunctionCoverage	struct	missing		auto-generated
lib/proto/profiler.go::struct::ProfilerGetBestEffortCoverage	struct	missing		auto-generated
lib/proto/profiler.go::struct::ProfilerGetBestEffortCoverageResult	struct	missing		auto-generated
lib/proto/profiler.go::struct::ProfilerPositionTickInfo	struct	missing		auto-generated
lib/proto/profiler.go::struct::ProfilerPreciseCoverageDeltaUpdate	struct	missing		auto-generated
lib/proto/profiler.go::struct::ProfilerProfile	struct	missing		auto-generated
lib/proto/profiler.go::struct::ProfilerProfileNode	struct	missing		auto-generated
lib/proto/profiler.go::struct::ProfilerScriptCoverage	struct	missing		auto-generated
lib/proto/profiler.go::struct::ProfilerSetSamplingInterval	struct	missing		auto-generated
lib/proto/profiler.go::struct::ProfilerStart	struct	missing		auto-generated
lib/proto/profiler.go::struct::ProfilerStartPreciseCoverage	struct	missing		auto-generated
lib/proto/profiler.go::struct::ProfilerStartPreciseCoverageResult	struct	missing		auto-generated
lib/proto/profiler.go::struct::ProfilerStop	struct	missing		auto-generated
lib/proto/profiler.go::struct::ProfilerStopPreciseCoverage	struct	missing		auto-generated
lib/proto/profiler.go::struct::ProfilerStopResult	struct	missing		auto-generated
lib/proto/profiler.go::struct::ProfilerTakePreciseCoverage	struct	missing		auto-generated
lib/proto/profiler.go::struct::ProfilerTakePreciseCoverageResult	struct	missing		auto-generated
lib/proto/pwa.go::const::PWADisplayModeBrowser	const	missing		auto-generated
lib/proto/pwa.go::const::PWADisplayModeStandalone	const	missing		auto-generated
lib/proto/pwa.go::method::PWAChangeAppUserSettings.Call	method	missing		auto-generated
lib/proto/pwa.go::method::PWAChangeAppUserSettings.ProtoReq	method	missing		auto-generated
lib/proto/pwa.go::method::PWAGetOsAppState.Call	method	missing		auto-generated
lib/proto/pwa.go::method::PWAGetOsAppState.ProtoReq	method	missing		auto-generated
lib/proto/pwa.go::method::PWAInstall.Call	method	missing		auto-generated
lib/proto/pwa.go::method::PWAInstall.ProtoReq	method	missing		auto-generated
lib/proto/pwa.go::method::PWALaunch.Call	method	missing		auto-generated
lib/proto/pwa.go::method::PWALaunch.ProtoReq	method	missing		auto-generated
lib/proto/pwa.go::method::PWALaunchFilesInApp.Call	method	missing		auto-generated
lib/proto/pwa.go::method::PWALaunchFilesInApp.ProtoReq	method	missing		auto-generated
lib/proto/pwa.go::method::PWAOpenCurrentPageInApp.Call	method	missing		auto-generated
lib/proto/pwa.go::method::PWAOpenCurrentPageInApp.ProtoReq	method	missing		auto-generated
lib/proto/pwa.go::method::PWAUninstall.Call	method	missing		auto-generated
lib/proto/pwa.go::method::PWAUninstall.ProtoReq	method	missing		auto-generated
lib/proto/pwa.go::struct::PWAChangeAppUserSettings	struct	missing		auto-generated
lib/proto/pwa.go::struct::PWAFileHandler	struct	missing		auto-generated
lib/proto/pwa.go::struct::PWAFileHandlerAccept	struct	missing		auto-generated
lib/proto/pwa.go::struct::PWAGetOsAppState	struct	missing		auto-generated
lib/proto/pwa.go::struct::PWAGetOsAppStateResult	struct	missing		auto-generated
lib/proto/pwa.go::struct::PWAInstall	struct	missing		auto-generated
lib/proto/pwa.go::struct::PWALaunch	struct	missing		auto-generated
lib/proto/pwa.go::struct::PWALaunchFilesInApp	struct	missing		auto-generated
lib/proto/pwa.go::struct::PWALaunchFilesInAppResult	struct	missing		auto-generated
lib/proto/pwa.go::struct::PWALaunchResult	struct	missing		auto-generated
lib/proto/pwa.go::struct::PWAOpenCurrentPageInApp	struct	missing		auto-generated
lib/proto/pwa.go::struct::PWAUninstall	struct	missing		auto-generated
lib/proto/pwa.go::type::PWADisplayMode	type	missing		auto-generated
lib/proto/runtime.go::const::RuntimeConsoleAPICalledTypeAssert	const	missing		auto-generated
lib/proto/runtime.go::const::RuntimeConsoleAPICalledTypeClear	const	missing		auto-generated
lib/proto/runtime.go::const::RuntimeConsoleAPICalledTypeCount	const	missing		auto-generated
lib/proto/runtime.go::const::RuntimeConsoleAPICalledTypeDebug	const	missing		auto-generated
lib/proto/runtime.go::const::RuntimeConsoleAPICalledTypeDir	const	missing		auto-generated
lib/proto/runtime.go::const::RuntimeConsoleAPICalledTypeDirxml	const	missing		auto-generated
lib/proto/runtime.go::const::RuntimeConsoleAPICalledTypeEndGroup	const	missing		auto-generated
lib/proto/runtime.go::const::RuntimeConsoleAPICalledTypeError	const	missing		auto-generated
lib/proto/runtime.go::const::RuntimeConsoleAPICalledTypeInfo	const	missing		auto-generated
lib/proto/runtime.go::const::RuntimeConsoleAPICalledTypeLog	const	missing		auto-generated
lib/proto/runtime.go::const::RuntimeConsoleAPICalledTypeProfile	const	missing		auto-generated
lib/proto/runtime.go::const::RuntimeConsoleAPICalledTypeProfileEnd	const	missing		auto-generated
lib/proto/runtime.go::const::RuntimeConsoleAPICalledTypeStartGroup	const	missing		auto-generated
lib/proto/runtime.go::const::RuntimeConsoleAPICalledTypeStartGroupCollapsed	const	missing		auto-generated
lib/proto/runtime.go::const::RuntimeConsoleAPICalledTypeTable	const	missing		auto-generated
lib/proto/runtime.go::const::RuntimeConsoleAPICalledTypeTimeEnd	const	missing		auto-generated
lib/proto/runtime.go::const::RuntimeConsoleAPICalledTypeTrace	const	missing		auto-generated
lib/proto/runtime.go::const::RuntimeConsoleAPICalledTypeWarning	const	missing		auto-generated
lib/proto/runtime.go::const::RuntimeDeepSerializedValueTypeArray	const	missing		auto-generated
lib/proto/runtime.go::const::RuntimeDeepSerializedValueTypeArraybuffer	const	missing		auto-generated
lib/proto/runtime.go::const::RuntimeDeepSerializedValueTypeBigint	const	missing		auto-generated
lib/proto/runtime.go::const::RuntimeDeepSerializedValueTypeBoolean	const	missing		auto-generated
lib/proto/runtime.go::const::RuntimeDeepSerializedValueTypeDate	const	missing		auto-generated
lib/proto/runtime.go::const::RuntimeDeepSerializedValueTypeError	const	missing		auto-generated
lib/proto/runtime.go::const::RuntimeDeepSerializedValueTypeFunction	const	missing		auto-generated
lib/proto/runtime.go::const::RuntimeDeepSerializedValueTypeGenerator	const	missing		auto-generated
lib/proto/runtime.go::const::RuntimeDeepSerializedValueTypeMap	const	missing		auto-generated
lib/proto/runtime.go::const::RuntimeDeepSerializedValueTypeNode	const	missing		auto-generated
lib/proto/runtime.go::const::RuntimeDeepSerializedValueTypeNull	const	missing		auto-generated
lib/proto/runtime.go::const::RuntimeDeepSerializedValueTypeNumber	const	missing		auto-generated
lib/proto/runtime.go::const::RuntimeDeepSerializedValueTypeObject	const	missing		auto-generated
lib/proto/runtime.go::const::RuntimeDeepSerializedValueTypePromise	const	missing		auto-generated
lib/proto/runtime.go::const::RuntimeDeepSerializedValueTypeProxy	const	missing		auto-generated
lib/proto/runtime.go::const::RuntimeDeepSerializedValueTypeRegexp	const	missing		auto-generated
lib/proto/runtime.go::const::RuntimeDeepSerializedValueTypeSet	const	missing		auto-generated
lib/proto/runtime.go::const::RuntimeDeepSerializedValueTypeString	const	missing		auto-generated
lib/proto/runtime.go::const::RuntimeDeepSerializedValueTypeSymbol	const	missing		auto-generated
lib/proto/runtime.go::const::RuntimeDeepSerializedValueTypeTypedarray	const	missing		auto-generated
lib/proto/runtime.go::const::RuntimeDeepSerializedValueTypeUndefined	const	missing		auto-generated
lib/proto/runtime.go::const::RuntimeDeepSerializedValueTypeWeakmap	const	missing		auto-generated
lib/proto/runtime.go::const::RuntimeDeepSerializedValueTypeWeakset	const	missing		auto-generated
lib/proto/runtime.go::const::RuntimeDeepSerializedValueTypeWindow	const	missing		auto-generated
lib/proto/runtime.go::const::RuntimeObjectPreviewSubtypeArray	const	missing		auto-generated
lib/proto/runtime.go::const::RuntimeObjectPreviewSubtypeArraybuffer	const	missing		auto-generated
lib/proto/runtime.go::const::RuntimeObjectPreviewSubtypeDataview	const	missing		auto-generated
lib/proto/runtime.go::const::RuntimeObjectPreviewSubtypeDate	const	missing		auto-generated
lib/proto/runtime.go::const::RuntimeObjectPreviewSubtypeError	const	missing		auto-generated
lib/proto/runtime.go::const::RuntimeObjectPreviewSubtypeGenerator	const	missing		auto-generated
lib/proto/runtime.go::const::RuntimeObjectPreviewSubtypeIterator	const	missing		auto-generated
lib/proto/runtime.go::const::RuntimeObjectPreviewSubtypeMap	const	missing		auto-generated
lib/proto/runtime.go::const::RuntimeObjectPreviewSubtypeNode	const	missing		auto-generated
lib/proto/runtime.go::const::RuntimeObjectPreviewSubtypeNull	const	missing		auto-generated
lib/proto/runtime.go::const::RuntimeObjectPreviewSubtypePromise	const	missing		auto-generated
lib/proto/runtime.go::const::RuntimeObjectPreviewSubtypeProxy	const	missing		auto-generated
lib/proto/runtime.go::const::RuntimeObjectPreviewSubtypeRegexp	const	missing		auto-generated
lib/proto/runtime.go::const::RuntimeObjectPreviewSubtypeSet	const	missing		auto-generated
lib/proto/runtime.go::const::RuntimeObjectPreviewSubtypeTypedarray	const	missing		auto-generated
lib/proto/runtime.go::const::RuntimeObjectPreviewSubtypeWasmvalue	const	missing		auto-generated
lib/proto/runtime.go::const::RuntimeObjectPreviewSubtypeWeakmap	const	missing		auto-generated
lib/proto/runtime.go::const::RuntimeObjectPreviewSubtypeWeakset	const	missing		auto-generated
lib/proto/runtime.go::const::RuntimeObjectPreviewSubtypeWebassemblymemory	const	missing		auto-generated
lib/proto/runtime.go::const::RuntimeObjectPreviewTypeBigint	const	missing		auto-generated
lib/proto/runtime.go::const::RuntimeObjectPreviewTypeBoolean	const	missing		auto-generated
lib/proto/runtime.go::const::RuntimeObjectPreviewTypeFunction	const	missing		auto-generated
lib/proto/runtime.go::const::RuntimeObjectPreviewTypeNumber	const	missing		auto-generated
lib/proto/runtime.go::const::RuntimeObjectPreviewTypeObject	const	missing		auto-generated
lib/proto/runtime.go::const::RuntimeObjectPreviewTypeString	const	missing		auto-generated
lib/proto/runtime.go::const::RuntimeObjectPreviewTypeSymbol	const	missing		auto-generated
lib/proto/runtime.go::const::RuntimeObjectPreviewTypeUndefined	const	missing		auto-generated
lib/proto/runtime.go::const::RuntimePropertyPreviewSubtypeArray	const	missing		auto-generated
lib/proto/runtime.go::const::RuntimePropertyPreviewSubtypeArraybuffer	const	missing		auto-generated
lib/proto/runtime.go::const::RuntimePropertyPreviewSubtypeDataview	const	missing		auto-generated
lib/proto/runtime.go::const::RuntimePropertyPreviewSubtypeDate	const	missing		auto-generated
lib/proto/runtime.go::const::RuntimePropertyPreviewSubtypeError	const	missing		auto-generated
lib/proto/runtime.go::const::RuntimePropertyPreviewSubtypeGenerator	const	missing		auto-generated
lib/proto/runtime.go::const::RuntimePropertyPreviewSubtypeIterator	const	missing		auto-generated
lib/proto/runtime.go::const::RuntimePropertyPreviewSubtypeMap	const	missing		auto-generated
lib/proto/runtime.go::const::RuntimePropertyPreviewSubtypeNode	const	missing		auto-generated
lib/proto/runtime.go::const::RuntimePropertyPreviewSubtypeNull	const	missing		auto-generated
lib/proto/runtime.go::const::RuntimePropertyPreviewSubtypePromise	const	missing		auto-generated
lib/proto/runtime.go::const::RuntimePropertyPreviewSubtypeProxy	const	missing		auto-generated
lib/proto/runtime.go::const::RuntimePropertyPreviewSubtypeRegexp	const	missing		auto-generated
lib/proto/runtime.go::const::RuntimePropertyPreviewSubtypeSet	const	missing		auto-generated
lib/proto/runtime.go::const::RuntimePropertyPreviewSubtypeTypedarray	const	missing		auto-generated
lib/proto/runtime.go::const::RuntimePropertyPreviewSubtypeWasmvalue	const	missing		auto-generated
lib/proto/runtime.go::const::RuntimePropertyPreviewSubtypeWeakmap	const	missing		auto-generated
lib/proto/runtime.go::const::RuntimePropertyPreviewSubtypeWeakset	const	missing		auto-generated
lib/proto/runtime.go::const::RuntimePropertyPreviewSubtypeWebassemblymemory	const	missing		auto-generated
lib/proto/runtime.go::const::RuntimePropertyPreviewTypeAccessor	const	missing		auto-generated
lib/proto/runtime.go::const::RuntimePropertyPreviewTypeBigint	const	missing		auto-generated
lib/proto/runtime.go::const::RuntimePropertyPreviewTypeBoolean	const	missing		auto-generated
lib/proto/runtime.go::const::RuntimePropertyPreviewTypeFunction	const	missing		auto-generated
lib/proto/runtime.go::const::RuntimePropertyPreviewTypeNumber	const	missing		auto-generated
lib/proto/runtime.go::const::RuntimePropertyPreviewTypeObject	const	missing		auto-generated
lib/proto/runtime.go::const::RuntimePropertyPreviewTypeString	const	missing		auto-generated
lib/proto/runtime.go::const::RuntimePropertyPreviewTypeSymbol	const	missing		auto-generated
lib/proto/runtime.go::const::RuntimePropertyPreviewTypeUndefined	const	missing		auto-generated
lib/proto/runtime.go::const::RuntimeRemoteObjectSubtypeArray	const	missing		auto-generated
lib/proto/runtime.go::const::RuntimeRemoteObjectSubtypeArraybuffer	const	missing		auto-generated
lib/proto/runtime.go::const::RuntimeRemoteObjectSubtypeDataview	const	missing		auto-generated
lib/proto/runtime.go::const::RuntimeRemoteObjectSubtypeDate	const	missing		auto-generated
lib/proto/runtime.go::const::RuntimeRemoteObjectSubtypeError	const	missing		auto-generated
lib/proto/runtime.go::const::RuntimeRemoteObjectSubtypeGenerator	const	missing		auto-generated
lib/proto/runtime.go::const::RuntimeRemoteObjectSubtypeIterator	const	missing		auto-generated
lib/proto/runtime.go::const::RuntimeRemoteObjectSubtypeMap	const	missing		auto-generated
lib/proto/runtime.go::const::RuntimeRemoteObjectSubtypeNode	const	missing		auto-generated
lib/proto/runtime.go::const::RuntimeRemoteObjectSubtypeNull	const	missing		auto-generated
lib/proto/runtime.go::const::RuntimeRemoteObjectSubtypePromise	const	missing		auto-generated
lib/proto/runtime.go::const::RuntimeRemoteObjectSubtypeProxy	const	missing		auto-generated
lib/proto/runtime.go::const::RuntimeRemoteObjectSubtypeRegexp	const	missing		auto-generated
lib/proto/runtime.go::const::RuntimeRemoteObjectSubtypeSet	const	missing		auto-generated
lib/proto/runtime.go::const::RuntimeRemoteObjectSubtypeTypedarray	const	missing		auto-generated
lib/proto/runtime.go::const::RuntimeRemoteObjectSubtypeWasmvalue	const	missing		auto-generated
lib/proto/runtime.go::const::RuntimeRemoteObjectSubtypeWeakmap	const	missing		auto-generated
lib/proto/runtime.go::const::RuntimeRemoteObjectSubtypeWeakset	const	missing		auto-generated
lib/proto/runtime.go::const::RuntimeRemoteObjectSubtypeWebassemblymemory	const	missing		auto-generated
lib/proto/runtime.go::const::RuntimeRemoteObjectTypeBigint	const	missing		auto-generated
lib/proto/runtime.go::const::RuntimeRemoteObjectTypeBoolean	const	missing		auto-generated
lib/proto/runtime.go::const::RuntimeRemoteObjectTypeFunction	const	missing		auto-generated
lib/proto/runtime.go::const::RuntimeRemoteObjectTypeNumber	const	missing		auto-generated
lib/proto/runtime.go::const::RuntimeRemoteObjectTypeObject	const	missing		auto-generated
lib/proto/runtime.go::const::RuntimeRemoteObjectTypeString	const	missing		auto-generated
lib/proto/runtime.go::const::RuntimeRemoteObjectTypeSymbol	const	missing		auto-generated
lib/proto/runtime.go::const::RuntimeRemoteObjectTypeUndefined	const	missing		auto-generated
lib/proto/runtime.go::const::RuntimeSerializationOptionsSerializationDeep	const	missing		auto-generated
lib/proto/runtime.go::const::RuntimeSerializationOptionsSerializationIDOnly	const	missing		auto-generated
lib/proto/runtime.go::const::RuntimeSerializationOptionsSerializationJSON	const	missing		auto-generated
lib/proto/runtime.go::method::RuntimeAddBinding.Call	method	missing		auto-generated
lib/proto/runtime.go::method::RuntimeAddBinding.ProtoReq	method	missing		auto-generated
lib/proto/runtime.go::method::RuntimeAwaitPromise.Call	method	missing		auto-generated
lib/proto/runtime.go::method::RuntimeAwaitPromise.ProtoReq	method	missing		auto-generated
lib/proto/runtime.go::method::RuntimeBindingCalled.ProtoEvent	method	missing		auto-generated
lib/proto/runtime.go::method::RuntimeCallFunctionOn.Call	method	missing		auto-generated
lib/proto/runtime.go::method::RuntimeCallFunctionOn.ProtoReq	method	missing		auto-generated
lib/proto/runtime.go::method::RuntimeCompileScript.Call	method	missing		auto-generated
lib/proto/runtime.go::method::RuntimeCompileScript.ProtoReq	method	missing		auto-generated
lib/proto/runtime.go::method::RuntimeConsoleAPICalled.ProtoEvent	method	missing		auto-generated
lib/proto/runtime.go::method::RuntimeDisable.Call	method	missing		auto-generated
lib/proto/runtime.go::method::RuntimeDisable.ProtoReq	method	missing		auto-generated
lib/proto/runtime.go::method::RuntimeDiscardConsoleEntries.Call	method	missing		auto-generated
lib/proto/runtime.go::method::RuntimeDiscardConsoleEntries.ProtoReq	method	missing		auto-generated
lib/proto/runtime.go::method::RuntimeEnable.Call	method	missing		auto-generated
lib/proto/runtime.go::method::RuntimeEnable.ProtoReq	method	missing		auto-generated
lib/proto/runtime.go::method::RuntimeEvaluate.Call	method	missing		auto-generated
lib/proto/runtime.go::method::RuntimeEvaluate.ProtoReq	method	missing		auto-generated
lib/proto/runtime.go::method::RuntimeExceptionRevoked.ProtoEvent	method	missing		auto-generated
lib/proto/runtime.go::method::RuntimeExceptionThrown.ProtoEvent	method	missing		auto-generated
lib/proto/runtime.go::method::RuntimeExecutionContextCreated.ProtoEvent	method	missing		auto-generated
lib/proto/runtime.go::method::RuntimeExecutionContextDestroyed.ProtoEvent	method	missing		auto-generated
lib/proto/runtime.go::method::RuntimeExecutionContextsCleared.ProtoEvent	method	missing		auto-generated
lib/proto/runtime.go::method::RuntimeGetExceptionDetails.Call	method	missing		auto-generated
lib/proto/runtime.go::method::RuntimeGetExceptionDetails.ProtoReq	method	missing		auto-generated
lib/proto/runtime.go::method::RuntimeGetHeapUsage.Call	method	missing		auto-generated
lib/proto/runtime.go::method::RuntimeGetHeapUsage.ProtoReq	method	missing		auto-generated
lib/proto/runtime.go::method::RuntimeGetIsolateID.Call	method	missing		auto-generated
lib/proto/runtime.go::method::RuntimeGetIsolateID.ProtoReq	method	missing		auto-generated
lib/proto/runtime.go::method::RuntimeGetProperties.Call	method	missing		auto-generated
lib/proto/runtime.go::method::RuntimeGetProperties.ProtoReq	method	missing		auto-generated
lib/proto/runtime.go::method::RuntimeGlobalLexicalScopeNames.Call	method	missing		auto-generated
lib/proto/runtime.go::method::RuntimeGlobalLexicalScopeNames.ProtoReq	method	missing		auto-generated
lib/proto/runtime.go::method::RuntimeInspectRequested.ProtoEvent	method	missing		auto-generated
lib/proto/runtime.go::method::RuntimeQueryObjects.Call	method	missing		auto-generated
lib/proto/runtime.go::method::RuntimeQueryObjects.ProtoReq	method	missing		auto-generated
lib/proto/runtime.go::method::RuntimeReleaseObject.Call	method	missing		auto-generated
lib/proto/runtime.go::method::RuntimeReleaseObject.ProtoReq	method	missing		auto-generated
lib/proto/runtime.go::method::RuntimeReleaseObjectGroup.Call	method	missing		auto-generated
lib/proto/runtime.go::method::RuntimeReleaseObjectGroup.ProtoReq	method	missing		auto-generated
lib/proto/runtime.go::method::RuntimeRemoveBinding.Call	method	missing		auto-generated
lib/proto/runtime.go::method::RuntimeRemoveBinding.ProtoReq	method	missing		auto-generated
lib/proto/runtime.go::method::RuntimeRunIfWaitingForDebugger.Call	method	missing		auto-generated
lib/proto/runtime.go::method::RuntimeRunIfWaitingForDebugger.ProtoReq	method	missing		auto-generated
lib/proto/runtime.go::method::RuntimeRunScript.Call	method	missing		auto-generated
lib/proto/runtime.go::method::RuntimeRunScript.ProtoReq	method	missing		auto-generated
lib/proto/runtime.go::method::RuntimeSetAsyncCallStackDepth.Call	method	missing		auto-generated
lib/proto/runtime.go::method::RuntimeSetAsyncCallStackDepth.ProtoReq	method	missing		auto-generated
lib/proto/runtime.go::method::RuntimeSetCustomObjectFormatterEnabled.Call	method	missing		auto-generated
lib/proto/runtime.go::method::RuntimeSetCustomObjectFormatterEnabled.ProtoReq	method	missing		auto-generated
lib/proto/runtime.go::method::RuntimeSetMaxCallStackSizeToCapture.Call	method	missing		auto-generated
lib/proto/runtime.go::method::RuntimeSetMaxCallStackSizeToCapture.ProtoReq	method	missing		auto-generated
lib/proto/runtime.go::method::RuntimeTerminateExecution.Call	method	missing		auto-generated
lib/proto/runtime.go::method::RuntimeTerminateExecution.ProtoReq	method	missing		auto-generated
lib/proto/runtime.go::struct::RuntimeAddBinding	struct	missing		auto-generated
lib/proto/runtime.go::struct::RuntimeAwaitPromise	struct	missing		auto-generated
lib/proto/runtime.go::struct::RuntimeAwaitPromiseResult	struct	missing		auto-generated
lib/proto/runtime.go::struct::RuntimeBindingCalled	struct	missing		auto-generated
lib/proto/runtime.go::struct::RuntimeCallArgument	struct	missing		auto-generated
lib/proto/runtime.go::struct::RuntimeCallFrame	struct	missing		auto-generated
lib/proto/runtime.go::struct::RuntimeCallFunctionOn	struct	missing		auto-generated
lib/proto/runtime.go::struct::RuntimeCallFunctionOnResult	struct	missing		auto-generated
lib/proto/runtime.go::struct::RuntimeCompileScript	struct	missing		auto-generated
lib/proto/runtime.go::struct::RuntimeCompileScriptResult	struct	missing		auto-generated
lib/proto/runtime.go::struct::RuntimeConsoleAPICalled	struct	missing		auto-generated
lib/proto/runtime.go::struct::RuntimeCustomPreview	struct	missing		auto-generated
lib/proto/runtime.go::struct::RuntimeDeepSerializedValue	struct	missing		auto-generated
lib/proto/runtime.go::struct::RuntimeDisable	struct	missing		auto-generated
lib/proto/runtime.go::struct::RuntimeDiscardConsoleEntries	struct	missing		auto-generated
lib/proto/runtime.go::struct::RuntimeEnable	struct	missing		auto-generated
lib/proto/runtime.go::struct::RuntimeEntryPreview	struct	missing		auto-generated
lib/proto/runtime.go::struct::RuntimeEvaluate	struct	missing		auto-generated
lib/proto/runtime.go::struct::RuntimeEvaluateResult	struct	missing		auto-generated
lib/proto/runtime.go::struct::RuntimeExceptionDetails	struct	missing		auto-generated
lib/proto/runtime.go::struct::RuntimeExceptionRevoked	struct	missing		auto-generated
lib/proto/runtime.go::struct::RuntimeExceptionThrown	struct	missing		auto-generated
lib/proto/runtime.go::struct::RuntimeExecutionContextCreated	struct	missing		auto-generated
lib/proto/runtime.go::struct::RuntimeExecutionContextDescription	struct	missing		auto-generated
lib/proto/runtime.go::struct::RuntimeExecutionContextDestroyed	struct	missing		auto-generated
lib/proto/runtime.go::struct::RuntimeExecutionContextsCleared	struct	missing		auto-generated
lib/proto/runtime.go::struct::RuntimeGetExceptionDetails	struct	missing		auto-generated
lib/proto/runtime.go::struct::RuntimeGetExceptionDetailsResult	struct	missing		auto-generated
lib/proto/runtime.go::struct::RuntimeGetHeapUsage	struct	missing		auto-generated
lib/proto/runtime.go::struct::RuntimeGetHeapUsageResult	struct	missing		auto-generated
lib/proto/runtime.go::struct::RuntimeGetIsolateID	struct	missing		auto-generated
lib/proto/runtime.go::struct::RuntimeGetIsolateIDResult	struct	missing		auto-generated
lib/proto/runtime.go::struct::RuntimeGetProperties	struct	missing		auto-generated
lib/proto/runtime.go::struct::RuntimeGetPropertiesResult	struct	missing		auto-generated
lib/proto/runtime.go::struct::RuntimeGlobalLexicalScopeNames	struct	missing		auto-generated
lib/proto/runtime.go::struct::RuntimeGlobalLexicalScopeNamesResult	struct	missing		auto-generated
lib/proto/runtime.go::struct::RuntimeInspectRequested	struct	missing		auto-generated
lib/proto/runtime.go::struct::RuntimeInternalPropertyDescriptor	struct	missing		auto-generated
lib/proto/runtime.go::struct::RuntimeObjectPreview	struct	missing		auto-generated
lib/proto/runtime.go::struct::RuntimePrivatePropertyDescriptor	struct	missing		auto-generated
lib/proto/runtime.go::struct::RuntimePropertyDescriptor	struct	missing		auto-generated
lib/proto/runtime.go::struct::RuntimePropertyPreview	struct	missing		auto-generated
lib/proto/runtime.go::struct::RuntimeQueryObjects	struct	missing		auto-generated
lib/proto/runtime.go::struct::RuntimeQueryObjectsResult	struct	missing		auto-generated
lib/proto/runtime.go::struct::RuntimeReleaseObject	struct	missing		auto-generated
lib/proto/runtime.go::struct::RuntimeReleaseObjectGroup	struct	missing		auto-generated
lib/proto/runtime.go::struct::RuntimeRemoteObject	struct	missing		auto-generated
lib/proto/runtime.go::struct::RuntimeRemoveBinding	struct	missing		auto-generated
lib/proto/runtime.go::struct::RuntimeRunIfWaitingForDebugger	struct	missing		auto-generated
lib/proto/runtime.go::struct::RuntimeRunScript	struct	missing		auto-generated
lib/proto/runtime.go::struct::RuntimeRunScriptResult	struct	missing		auto-generated
lib/proto/runtime.go::struct::RuntimeSerializationOptions	struct	missing		auto-generated
lib/proto/runtime.go::struct::RuntimeSetAsyncCallStackDepth	struct	missing		auto-generated
lib/proto/runtime.go::struct::RuntimeSetCustomObjectFormatterEnabled	struct	missing		auto-generated
lib/proto/runtime.go::struct::RuntimeSetMaxCallStackSizeToCapture	struct	missing		auto-generated
lib/proto/runtime.go::struct::RuntimeStackTrace	struct	missing		auto-generated
lib/proto/runtime.go::struct::RuntimeStackTraceID	struct	missing		auto-generated
lib/proto/runtime.go::struct::RuntimeTerminateExecution	struct	missing		auto-generated
lib/proto/runtime.go::type::RuntimeConsoleAPICalledType	type	missing		auto-generated
lib/proto/runtime.go::type::RuntimeDeepSerializedValueType	type	missing		auto-generated
lib/proto/runtime.go::type::RuntimeExecutionContextID	type	missing		auto-generated
lib/proto/runtime.go::type::RuntimeObjectPreviewSubtype	type	missing		auto-generated
lib/proto/runtime.go::type::RuntimeObjectPreviewType	type	missing		auto-generated
lib/proto/runtime.go::type::RuntimePropertyPreviewSubtype	type	missing		auto-generated
lib/proto/runtime.go::type::RuntimePropertyPreviewType	type	missing		auto-generated
lib/proto/runtime.go::type::RuntimeRemoteObjectID	type	missing		auto-generated
lib/proto/runtime.go::type::RuntimeRemoteObjectSubtype	type	missing		auto-generated
lib/proto/runtime.go::type::RuntimeRemoteObjectType	type	missing		auto-generated
lib/proto/runtime.go::type::RuntimeScriptID	type	missing		auto-generated
lib/proto/runtime.go::type::RuntimeSerializationOptionsSerialization	type	missing		auto-generated
lib/proto/runtime.go::type::RuntimeTimeDelta	type	missing		auto-generated
lib/proto/runtime.go::type::RuntimeTimestamp	type	missing		auto-generated
lib/proto/runtime.go::type::RuntimeUniqueDebuggerID	type	missing		auto-generated
lib/proto/runtime.go::type::RuntimeUnserializableValue	type	missing		auto-generated
lib/proto/schema.go::method::SchemaGetDomains.Call	method	missing		auto-generated
lib/proto/schema.go::method::SchemaGetDomains.ProtoReq	method	missing		auto-generated
lib/proto/schema.go::struct::SchemaDomain	struct	missing		auto-generated
lib/proto/schema.go::struct::SchemaGetDomains	struct	missing		auto-generated
lib/proto/schema.go::struct::SchemaGetDomainsResult	struct	missing		auto-generated
lib/proto/security.go::const::SecurityCertificateErrorActionCancel	const	missing		auto-generated
lib/proto/security.go::const::SecurityCertificateErrorActionContinue	const	missing		auto-generated
lib/proto/security.go::const::SecurityMixedContentTypeBlockable	const	missing		auto-generated
lib/proto/security.go::const::SecurityMixedContentTypeNone	const	missing		auto-generated
lib/proto/security.go::const::SecurityMixedContentTypeOptionallyBlockable	const	missing		auto-generated
lib/proto/security.go::const::SecuritySafetyTipStatusBadReputation	const	missing		auto-generated
lib/proto/security.go::const::SecuritySafetyTipStatusLookalike	const	missing		auto-generated
lib/proto/security.go::const::SecuritySecurityStateInfo	const	missing		auto-generated
lib/proto/security.go::const::SecuritySecurityStateInsecure	const	missing		auto-generated
lib/proto/security.go::const::SecuritySecurityStateInsecureBroken	const	missing		auto-generated
lib/proto/security.go::const::SecuritySecurityStateNeutral	const	missing		auto-generated
lib/proto/security.go::const::SecuritySecurityStateSecure	const	missing		auto-generated
lib/proto/security.go::const::SecuritySecurityStateUnknown	const	missing		auto-generated
lib/proto/security.go::method::SecurityCertificateError.ProtoEvent	method	missing		auto-generated
lib/proto/security.go::method::SecurityDisable.Call	method	missing		auto-generated
lib/proto/security.go::method::SecurityDisable.ProtoReq	method	missing		auto-generated
lib/proto/security.go::method::SecurityEnable.Call	method	missing		auto-generated
lib/proto/security.go::method::SecurityEnable.ProtoReq	method	missing		auto-generated
lib/proto/security.go::method::SecurityHandleCertificateError.Call	method	missing		auto-generated
lib/proto/security.go::method::SecurityHandleCertificateError.ProtoReq	method	missing		auto-generated
lib/proto/security.go::method::SecuritySecurityStateChanged.ProtoEvent	method	missing		auto-generated
lib/proto/security.go::method::SecuritySetIgnoreCertificateErrors.Call	method	missing		auto-generated
lib/proto/security.go::method::SecuritySetIgnoreCertificateErrors.ProtoReq	method	missing		auto-generated
lib/proto/security.go::method::SecuritySetOverrideCertificateErrors.Call	method	missing		auto-generated
lib/proto/security.go::method::SecuritySetOverrideCertificateErrors.ProtoReq	method	missing		auto-generated
lib/proto/security.go::method::SecurityVisibleSecurityStateChanged.ProtoEvent	method	missing		auto-generated
lib/proto/security.go::struct::SecurityCertificateError	struct	missing		auto-generated
lib/proto/security.go::struct::SecurityCertificateSecurityState	struct	missing		auto-generated
lib/proto/security.go::struct::SecurityDisable	struct	missing		auto-generated
lib/proto/security.go::struct::SecurityEnable	struct	missing		auto-generated
lib/proto/security.go::struct::SecurityHandleCertificateError	struct	missing		auto-generated
lib/proto/security.go::struct::SecurityInsecureContentStatus	struct	missing		auto-generated
lib/proto/security.go::struct::SecuritySafetyTipInfo	struct	missing		auto-generated
lib/proto/security.go::struct::SecuritySecurityStateChanged	struct	missing		auto-generated
lib/proto/security.go::struct::SecuritySecurityStateExplanation	struct	missing		auto-generated
lib/proto/security.go::struct::SecuritySetIgnoreCertificateErrors	struct	missing		auto-generated
lib/proto/security.go::struct::SecuritySetOverrideCertificateErrors	struct	missing		auto-generated
lib/proto/security.go::struct::SecurityVisibleSecurityState	struct	missing		auto-generated
lib/proto/security.go::struct::SecurityVisibleSecurityStateChanged	struct	missing		auto-generated
lib/proto/security.go::type::SecurityCertificateErrorAction	type	missing		auto-generated
lib/proto/security.go::type::SecurityCertificateID	type	missing		auto-generated
lib/proto/security.go::type::SecurityMixedContentType	type	missing		auto-generated
lib/proto/security.go::type::SecuritySafetyTipStatus	type	missing		auto-generated
lib/proto/security.go::type::SecuritySecurityState	type	missing		auto-generated
lib/proto/service_worker.go::const::ServiceWorkerServiceWorkerVersionRunningStatusRunning	const	missing		auto-generated
lib/proto/service_worker.go::const::ServiceWorkerServiceWorkerVersionRunningStatusStarting	const	missing		auto-generated
lib/proto/service_worker.go::const::ServiceWorkerServiceWorkerVersionRunningStatusStopped	const	missing		auto-generated
lib/proto/service_worker.go::const::ServiceWorkerServiceWorkerVersionRunningStatusStopping	const	missing		auto-generated
lib/proto/service_worker.go::const::ServiceWorkerServiceWorkerVersionStatusActivated	const	missing		auto-generated
lib/proto/service_worker.go::const::ServiceWorkerServiceWorkerVersionStatusActivating	const	missing		auto-generated
lib/proto/service_worker.go::const::ServiceWorkerServiceWorkerVersionStatusInstalled	const	missing		auto-generated
lib/proto/service_worker.go::const::ServiceWorkerServiceWorkerVersionStatusInstalling	const	missing		auto-generated
lib/proto/service_worker.go::const::ServiceWorkerServiceWorkerVersionStatusNew	const	missing		auto-generated
lib/proto/service_worker.go::const::ServiceWorkerServiceWorkerVersionStatusRedundant	const	missing		auto-generated
lib/proto/service_worker.go::method::ServiceWorkerDeliverPushMessage.Call	method	missing		auto-generated
lib/proto/service_worker.go::method::ServiceWorkerDeliverPushMessage.ProtoReq	method	missing		auto-generated
lib/proto/service_worker.go::method::ServiceWorkerDisable.Call	method	missing		auto-generated
lib/proto/service_worker.go::method::ServiceWorkerDisable.ProtoReq	method	missing		auto-generated
lib/proto/service_worker.go::method::ServiceWorkerDispatchPeriodicSyncEvent.Call	method	missing		auto-generated
lib/proto/service_worker.go::method::ServiceWorkerDispatchPeriodicSyncEvent.ProtoReq	method	missing		auto-generated
lib/proto/service_worker.go::method::ServiceWorkerDispatchSyncEvent.Call	method	missing		auto-generated
lib/proto/service_worker.go::method::ServiceWorkerDispatchSyncEvent.ProtoReq	method	missing		auto-generated
lib/proto/service_worker.go::method::ServiceWorkerEnable.Call	method	missing		auto-generated
lib/proto/service_worker.go::method::ServiceWorkerEnable.ProtoReq	method	missing		auto-generated
lib/proto/service_worker.go::method::ServiceWorkerInspectWorker.Call	method	missing		auto-generated
lib/proto/service_worker.go::method::ServiceWorkerInspectWorker.ProtoReq	method	missing		auto-generated
lib/proto/service_worker.go::method::ServiceWorkerSetForceUpdateOnPageLoad.Call	method	missing		auto-generated
lib/proto/service_worker.go::method::ServiceWorkerSetForceUpdateOnPageLoad.ProtoReq	method	missing		auto-generated
lib/proto/service_worker.go::method::ServiceWorkerSkipWaiting.Call	method	missing		auto-generated
lib/proto/service_worker.go::method::ServiceWorkerSkipWaiting.ProtoReq	method	missing		auto-generated
lib/proto/service_worker.go::method::ServiceWorkerStartWorker.Call	method	missing		auto-generated
lib/proto/service_worker.go::method::ServiceWorkerStartWorker.ProtoReq	method	missing		auto-generated
lib/proto/service_worker.go::method::ServiceWorkerStopAllWorkers.Call	method	missing		auto-generated
lib/proto/service_worker.go::method::ServiceWorkerStopAllWorkers.ProtoReq	method	missing		auto-generated
lib/proto/service_worker.go::method::ServiceWorkerStopWorker.Call	method	missing		auto-generated
lib/proto/service_worker.go::method::ServiceWorkerStopWorker.ProtoReq	method	missing		auto-generated
lib/proto/service_worker.go::method::ServiceWorkerUnregister.Call	method	missing		auto-generated
lib/proto/service_worker.go::method::ServiceWorkerUnregister.ProtoReq	method	missing		auto-generated
lib/proto/service_worker.go::method::ServiceWorkerUpdateRegistration.Call	method	missing		auto-generated
lib/proto/service_worker.go::method::ServiceWorkerUpdateRegistration.ProtoReq	method	missing		auto-generated
lib/proto/service_worker.go::method::ServiceWorkerWorkerErrorReported.ProtoEvent	method	missing		auto-generated
lib/proto/service_worker.go::method::ServiceWorkerWorkerRegistrationUpdated.ProtoEvent	method	missing		auto-generated
lib/proto/service_worker.go::method::ServiceWorkerWorkerVersionUpdated.ProtoEvent	method	missing		auto-generated
lib/proto/service_worker.go::struct::ServiceWorkerDeliverPushMessage	struct	missing		auto-generated
lib/proto/service_worker.go::struct::ServiceWorkerDisable	struct	missing		auto-generated
lib/proto/service_worker.go::struct::ServiceWorkerDispatchPeriodicSyncEvent	struct	missing		auto-generated
lib/proto/service_worker.go::struct::ServiceWorkerDispatchSyncEvent	struct	missing		auto-generated
lib/proto/service_worker.go::struct::ServiceWorkerEnable	struct	missing		auto-generated
lib/proto/service_worker.go::struct::ServiceWorkerInspectWorker	struct	missing		auto-generated
lib/proto/service_worker.go::struct::ServiceWorkerServiceWorkerErrorMessage	struct	missing		auto-generated
lib/proto/service_worker.go::struct::ServiceWorkerServiceWorkerRegistration	struct	missing		auto-generated
lib/proto/service_worker.go::struct::ServiceWorkerServiceWorkerVersion	struct	missing		auto-generated
lib/proto/service_worker.go::struct::ServiceWorkerSetForceUpdateOnPageLoad	struct	missing		auto-generated
lib/proto/service_worker.go::struct::ServiceWorkerSkipWaiting	struct	missing		auto-generated
lib/proto/service_worker.go::struct::ServiceWorkerStartWorker	struct	missing		auto-generated
lib/proto/service_worker.go::struct::ServiceWorkerStopAllWorkers	struct	missing		auto-generated
lib/proto/service_worker.go::struct::ServiceWorkerStopWorker	struct	missing		auto-generated
lib/proto/service_worker.go::struct::ServiceWorkerUnregister	struct	missing		auto-generated
lib/proto/service_worker.go::struct::ServiceWorkerUpdateRegistration	struct	missing		auto-generated
lib/proto/service_worker.go::struct::ServiceWorkerWorkerErrorReported	struct	missing		auto-generated
lib/proto/service_worker.go::struct::ServiceWorkerWorkerRegistrationUpdated	struct	missing		auto-generated
lib/proto/service_worker.go::struct::ServiceWorkerWorkerVersionUpdated	struct	missing		auto-generated
lib/proto/service_worker.go::type::ServiceWorkerRegistrationID	type	missing		auto-generated
lib/proto/service_worker.go::type::ServiceWorkerServiceWorkerVersionRunningStatus	type	missing		auto-generated
lib/proto/service_worker.go::type::ServiceWorkerServiceWorkerVersionStatus	type	missing		auto-generated
lib/proto/storage.go::const::StorageAttributionReportingAggregatableResultDeduplicated	const	missing		auto-generated
lib/proto/storage.go::const::StorageAttributionReportingAggregatableResultExcessiveAttributions	const	missing		auto-generated
lib/proto/storage.go::const::StorageAttributionReportingAggregatableResultExcessiveReportingOrigins	const	missing		auto-generated
lib/proto/storage.go::const::StorageAttributionReportingAggregatableResultExcessiveReports	const	missing		auto-generated
lib/proto/storage.go::const::StorageAttributionReportingAggregatableResultInsufficientBudget	const	missing		auto-generated
lib/proto/storage.go::const::StorageAttributionReportingAggregatableResultInternalError	const	missing		auto-generated
lib/proto/storage.go::const::StorageAttributionReportingAggregatableResultNoCapacityForAttributionDestination	const	missing		auto-generated
lib/proto/storage.go::const::StorageAttributionReportingAggregatableResultNoHistograms	const	missing		auto-generated
lib/proto/storage.go::const::StorageAttributionReportingAggregatableResultNoMatchingSourceFilterData	const	missing		auto-generated
lib/proto/storage.go::const::StorageAttributionReportingAggregatableResultNoMatchingSources	const	missing		auto-generated
lib/proto/storage.go::const::StorageAttributionReportingAggregatableResultNotRegistered	const	missing		auto-generated
lib/proto/storage.go::const::StorageAttributionReportingAggregatableResultProhibitedByBrowserPolicy	const	missing		auto-generated
lib/proto/storage.go::const::StorageAttributionReportingAggregatableResultReportWindowPassed	const	missing		auto-generated
lib/proto/storage.go::const::StorageAttributionReportingAggregatableResultSuccess	const	missing		auto-generated
lib/proto/storage.go::const::StorageAttributionReportingEventLevelResultDeduplicated	const	missing		auto-generated
lib/proto/storage.go::const::StorageAttributionReportingEventLevelResultExcessiveAttributions	const	missing		auto-generated
lib/proto/storage.go::const::StorageAttributionReportingEventLevelResultExcessiveReportingOrigins	const	missing		auto-generated
lib/proto/storage.go::const::StorageAttributionReportingEventLevelResultExcessiveReports	const	missing		auto-generated
lib/proto/storage.go::const::StorageAttributionReportingEventLevelResultFalselyAttributedSource	const	missing		auto-generated
lib/proto/storage.go::const::StorageAttributionReportingEventLevelResultInternalError	const	missing		auto-generated
lib/proto/storage.go::const::StorageAttributionReportingEventLevelResultNeverAttributedSource	const	missing		auto-generated
lib/proto/storage.go::const::StorageAttributionReportingEventLevelResultNoCapacityForAttributionDestination	const	missing		auto-generated
lib/proto/storage.go::const::StorageAttributionReportingEventLevelResultNoMatchingConfigurations	const	missing		auto-generated
lib/proto/storage.go::const::StorageAttributionReportingEventLevelResultNoMatchingSourceFilterData	const	missing		auto-generated
lib/proto/storage.go::const::StorageAttributionReportingEventLevelResultNoMatchingSources	const	missing		auto-generated
lib/proto/storage.go::const::StorageAttributionReportingEventLevelResultNoMatchingTriggerData	const	missing		auto-generated
lib/proto/storage.go::const::StorageAttributionReportingEventLevelResultNotRegistered	const	missing		auto-generated
lib/proto/storage.go::const::StorageAttributionReportingEventLevelResultPriorityTooLow	const	missing		auto-generated
lib/proto/storage.go::const::StorageAttributionReportingEventLevelResultProhibitedByBrowserPolicy	const	missing		auto-generated
lib/proto/storage.go::const::StorageAttributionReportingEventLevelResultReportWindowNotStarted	const	missing		auto-generated
lib/proto/storage.go::const::StorageAttributionReportingEventLevelResultReportWindowPassed	const	missing		auto-generated
lib/proto/storage.go::const::StorageAttributionReportingEventLevelResultSuccess	const	missing		auto-generated
lib/proto/storage.go::const::StorageAttributionReportingEventLevelResultSuccessDroppedLowerPriority	const	missing		auto-generated
lib/proto/storage.go::const::StorageAttributionReportingSourceRegistrationResultDestinationBothLimitsReached	const	missing		auto-generated
lib/proto/storage.go::const::StorageAttributionReportingSourceRegistrationResultDestinationGlobalLimitReached	const	missing		auto-generated
lib/proto/storage.go::const::StorageAttributionReportingSourceRegistrationResultDestinationPerDayReportingLimitReached	const	missing		auto-generated
lib/proto/storage.go::const::StorageAttributionReportingSourceRegistrationResultDestinationReportingLimitReached	const	missing		auto-generated
lib/proto/storage.go::const::StorageAttributionReportingSourceRegistrationResultExceedsMaxChannelCapacity	const	missing		auto-generated
lib/proto/storage.go::const::StorageAttributionReportingSourceRegistrationResultExceedsMaxTriggerStateCardinality	const	missing		auto-generated
lib/proto/storage.go::const::StorageAttributionReportingSourceRegistrationResultExcessiveReportingOrigins	const	missing		auto-generated
lib/proto/storage.go::const::StorageAttributionReportingSourceRegistrationResultInsufficientSourceCapacity	const	missing		auto-generated
lib/proto/storage.go::const::StorageAttributionReportingSourceRegistrationResultInsufficientUniqueDestinationCapacity	const	missing		auto-generated
lib/proto/storage.go::const::StorageAttributionReportingSourceRegistrationResultInternalError	const	missing		auto-generated
lib/proto/storage.go::const::StorageAttributionReportingSourceRegistrationResultProhibitedByBrowserPolicy	const	missing		auto-generated
lib/proto/storage.go::const::StorageAttributionReportingSourceRegistrationResultReportingOriginsPerSiteLimitReached	const	missing		auto-generated
lib/proto/storage.go::const::StorageAttributionReportingSourceRegistrationResultSuccess	const	missing		auto-generated
lib/proto/storage.go::const::StorageAttributionReportingSourceRegistrationResultSuccessNoised	const	missing		auto-generated
lib/proto/storage.go::const::StorageAttributionReportingSourceRegistrationTimeConfigExclude	const	missing		auto-generated
lib/proto/storage.go::const::StorageAttributionReportingSourceRegistrationTimeConfigInclude	const	missing		auto-generated
lib/proto/storage.go::const::StorageAttributionReportingSourceTypeEvent	const	missing		auto-generated
lib/proto/storage.go::const::StorageAttributionReportingSourceTypeNavigation	const	missing		auto-generated
lib/proto/storage.go::const::StorageAttributionReportingTriggerDataMatchingExact	const	missing		auto-generated
lib/proto/storage.go::const::StorageAttributionReportingTriggerDataMatchingModulus	const	missing		auto-generated
lib/proto/storage.go::const::StorageInterestGroupAccessTypeAdditionalBid	const	missing		auto-generated
lib/proto/storage.go::const::StorageInterestGroupAccessTypeAdditionalBidWin	const	missing		auto-generated
lib/proto/storage.go::const::StorageInterestGroupAccessTypeBid	const	missing		auto-generated
lib/proto/storage.go::const::StorageInterestGroupAccessTypeClear	const	missing		auto-generated
lib/proto/storage.go::const::StorageInterestGroupAccessTypeJoin	const	missing		auto-generated
lib/proto/storage.go::const::StorageInterestGroupAccessTypeLeave	const	missing		auto-generated
lib/proto/storage.go::const::StorageInterestGroupAccessTypeLoaded	const	missing		auto-generated
lib/proto/storage.go::const::StorageInterestGroupAccessTypeTopLevelAdditionalBid	const	missing		auto-generated
lib/proto/storage.go::const::StorageInterestGroupAccessTypeTopLevelBid	const	missing		auto-generated
lib/proto/storage.go::const::StorageInterestGroupAccessTypeUpdate	const	missing		auto-generated
lib/proto/storage.go::const::StorageInterestGroupAccessTypeWin	const	missing		auto-generated
lib/proto/storage.go::const::StorageInterestGroupAuctionEventTypeConfigResolved	const	missing		auto-generated
lib/proto/storage.go::const::StorageInterestGroupAuctionEventTypeStarted	const	missing		auto-generated
lib/proto/storage.go::const::StorageInterestGroupAuctionFetchTypeBidderJs	const	missing		auto-generated
lib/proto/storage.go::const::StorageInterestGroupAuctionFetchTypeBidderTrustedSignals	const	missing		auto-generated
lib/proto/storage.go::const::StorageInterestGroupAuctionFetchTypeBidderWasm	const	missing		auto-generated
lib/proto/storage.go::const::StorageInterestGroupAuctionFetchTypeSellerJs	const	missing		auto-generated
lib/proto/storage.go::const::StorageInterestGroupAuctionFetchTypeSellerTrustedSignals	const	missing		auto-generated
lib/proto/storage.go::const::StorageSharedStorageAccessTypeDocumentAddModule	const	missing		auto-generated
lib/proto/storage.go::const::StorageSharedStorageAccessTypeDocumentAppend	const	missing		auto-generated
lib/proto/storage.go::const::StorageSharedStorageAccessTypeDocumentClear	const	missing		auto-generated
lib/proto/storage.go::const::StorageSharedStorageAccessTypeDocumentDelete	const	missing		auto-generated
lib/proto/storage.go::const::StorageSharedStorageAccessTypeDocumentGet	const	missing		auto-generated
lib/proto/storage.go::const::StorageSharedStorageAccessTypeDocumentRun	const	missing		auto-generated
lib/proto/storage.go::const::StorageSharedStorageAccessTypeDocumentSelectURL	const	missing		auto-generated
lib/proto/storage.go::const::StorageSharedStorageAccessTypeDocumentSet	const	missing		auto-generated
lib/proto/storage.go::const::StorageSharedStorageAccessTypeHeaderAppend	const	missing		auto-generated
lib/proto/storage.go::const::StorageSharedStorageAccessTypeHeaderClear	const	missing		auto-generated
lib/proto/storage.go::const::StorageSharedStorageAccessTypeHeaderDelete	const	missing		auto-generated
lib/proto/storage.go::const::StorageSharedStorageAccessTypeHeaderSet	const	missing		auto-generated
lib/proto/storage.go::const::StorageSharedStorageAccessTypeWorkletAppend	const	missing		auto-generated
lib/proto/storage.go::const::StorageSharedStorageAccessTypeWorkletClear	const	missing		auto-generated
lib/proto/storage.go::const::StorageSharedStorageAccessTypeWorkletDelete	const	missing		auto-generated
lib/proto/storage.go::const::StorageSharedStorageAccessTypeWorkletEntries	const	missing		auto-generated
lib/proto/storage.go::const::StorageSharedStorageAccessTypeWorkletGet	const	missing		auto-generated
lib/proto/storage.go::const::StorageSharedStorageAccessTypeWorkletKeys	const	missing		auto-generated
lib/proto/storage.go::const::StorageSharedStorageAccessTypeWorkletLength	const	missing		auto-generated
lib/proto/storage.go::const::StorageSharedStorageAccessTypeWorkletRemainingBudget	const	missing		auto-generated
lib/proto/storage.go::const::StorageSharedStorageAccessTypeWorkletSet	const	missing		auto-generated
lib/proto/storage.go::const::StorageStorageBucketsDurabilityRelaxed	const	missing		auto-generated
lib/proto/storage.go::const::StorageStorageBucketsDurabilityStrict	const	missing		auto-generated
lib/proto/storage.go::const::StorageStorageTypeAll	const	missing		auto-generated
lib/proto/storage.go::const::StorageStorageTypeAppcache	const	missing		auto-generated
lib/proto/storage.go::const::StorageStorageTypeCacheStorage	const	missing		auto-generated
lib/proto/storage.go::const::StorageStorageTypeCookies	const	missing		auto-generated
lib/proto/storage.go::const::StorageStorageTypeFileSystems	const	missing		auto-generated
lib/proto/storage.go::const::StorageStorageTypeIndexeddb	const	missing		auto-generated
lib/proto/storage.go::const::StorageStorageTypeInterestGroups	const	missing		auto-generated
lib/proto/storage.go::const::StorageStorageTypeLocalStorage	const	missing		auto-generated
lib/proto/storage.go::const::StorageStorageTypeOther	const	missing		auto-generated
lib/proto/storage.go::const::StorageStorageTypeServiceWorkers	const	missing		auto-generated
lib/proto/storage.go::const::StorageStorageTypeShaderCache	const	missing		auto-generated
lib/proto/storage.go::const::StorageStorageTypeSharedStorage	const	missing		auto-generated
lib/proto/storage.go::const::StorageStorageTypeStorageBuckets	const	missing		auto-generated
lib/proto/storage.go::const::StorageStorageTypeWebsql	const	missing		auto-generated
lib/proto/storage.go::method::StorageAttributionReportingSourceRegistered.ProtoEvent	method	missing		auto-generated
lib/proto/storage.go::method::StorageAttributionReportingTriggerRegistered.ProtoEvent	method	missing		auto-generated
lib/proto/storage.go::method::StorageCacheStorageContentUpdated.ProtoEvent	method	missing		auto-generated
lib/proto/storage.go::method::StorageCacheStorageListUpdated.ProtoEvent	method	missing		auto-generated
lib/proto/storage.go::method::StorageClearCookies.Call	method	missing		auto-generated
lib/proto/storage.go::method::StorageClearCookies.ProtoReq	method	missing		auto-generated
lib/proto/storage.go::method::StorageClearDataForOrigin.Call	method	missing		auto-generated
lib/proto/storage.go::method::StorageClearDataForOrigin.ProtoReq	method	missing		auto-generated
lib/proto/storage.go::method::StorageClearDataForStorageKey.Call	method	missing		auto-generated
lib/proto/storage.go::method::StorageClearDataForStorageKey.ProtoReq	method	missing		auto-generated
lib/proto/storage.go::method::StorageClearSharedStorageEntries.Call	method	missing		auto-generated
lib/proto/storage.go::method::StorageClearSharedStorageEntries.ProtoReq	method	missing		auto-generated
lib/proto/storage.go::method::StorageClearTrustTokens.Call	method	missing		auto-generated
lib/proto/storage.go::method::StorageClearTrustTokens.ProtoReq	method	missing		auto-generated
lib/proto/storage.go::method::StorageDeleteSharedStorageEntry.Call	method	missing		auto-generated
lib/proto/storage.go::method::StorageDeleteSharedStorageEntry.ProtoReq	method	missing		auto-generated
lib/proto/storage.go::method::StorageDeleteStorageBucket.Call	method	missing		auto-generated
lib/proto/storage.go::method::StorageDeleteStorageBucket.ProtoReq	method	missing		auto-generated
lib/proto/storage.go::method::StorageGetCookies.Call	method	missing		auto-generated
lib/proto/storage.go::method::StorageGetCookies.ProtoReq	method	missing		auto-generated
lib/proto/storage.go::method::StorageGetInterestGroupDetails.Call	method	missing		auto-generated
lib/proto/storage.go::method::StorageGetInterestGroupDetails.ProtoReq	method	missing		auto-generated
lib/proto/storage.go::method::StorageGetRelatedWebsiteSets.Call	method	missing		auto-generated
lib/proto/storage.go::method::StorageGetRelatedWebsiteSets.ProtoReq	method	missing		auto-generated
lib/proto/storage.go::method::StorageGetSharedStorageEntries.Call	method	missing		auto-generated
lib/proto/storage.go::method::StorageGetSharedStorageEntries.ProtoReq	method	missing		auto-generated
lib/proto/storage.go::method::StorageGetSharedStorageMetadata.Call	method	missing		auto-generated
lib/proto/storage.go::method::StorageGetSharedStorageMetadata.ProtoReq	method	missing		auto-generated
lib/proto/storage.go::method::StorageGetStorageKeyForFrame.Call	method	missing		auto-generated
lib/proto/storage.go::method::StorageGetStorageKeyForFrame.ProtoReq	method	missing		auto-generated
lib/proto/storage.go::method::StorageGetTrustTokens.Call	method	missing		auto-generated
lib/proto/storage.go::method::StorageGetTrustTokens.ProtoReq	method	missing		auto-generated
lib/proto/storage.go::method::StorageGetUsageAndQuota.Call	method	missing		auto-generated
lib/proto/storage.go::method::StorageGetUsageAndQuota.ProtoReq	method	missing		auto-generated
lib/proto/storage.go::method::StorageIndexedDBContentUpdated.ProtoEvent	method	missing		auto-generated
lib/proto/storage.go::method::StorageIndexedDBListUpdated.ProtoEvent	method	missing		auto-generated
lib/proto/storage.go::method::StorageInterestGroupAccessed.ProtoEvent	method	missing		auto-generated
lib/proto/storage.go::method::StorageInterestGroupAuctionEventOccurred.ProtoEvent	method	missing		auto-generated
lib/proto/storage.go::method::StorageInterestGroupAuctionNetworkRequestCreated.ProtoEvent	method	missing		auto-generated
lib/proto/storage.go::method::StorageOverrideQuotaForOrigin.Call	method	missing		auto-generated
lib/proto/storage.go::method::StorageOverrideQuotaForOrigin.ProtoReq	method	missing		auto-generated
lib/proto/storage.go::method::StorageResetSharedStorageBudget.Call	method	missing		auto-generated
lib/proto/storage.go::method::StorageResetSharedStorageBudget.ProtoReq	method	missing		auto-generated
lib/proto/storage.go::method::StorageRunBounceTrackingMitigations.Call	method	missing		auto-generated
lib/proto/storage.go::method::StorageRunBounceTrackingMitigations.ProtoReq	method	missing		auto-generated
lib/proto/storage.go::method::StorageSendPendingAttributionReports.Call	method	missing		auto-generated
lib/proto/storage.go::method::StorageSendPendingAttributionReports.ProtoReq	method	missing		auto-generated
lib/proto/storage.go::method::StorageSetAttributionReportingLocalTestingMode.Call	method	missing		auto-generated
lib/proto/storage.go::method::StorageSetAttributionReportingLocalTestingMode.ProtoReq	method	missing		auto-generated
lib/proto/storage.go::method::StorageSetAttributionReportingTracking.Call	method	missing		auto-generated
lib/proto/storage.go::method::StorageSetAttributionReportingTracking.ProtoReq	method	missing		auto-generated
lib/proto/storage.go::method::StorageSetCookies.Call	method	missing		auto-generated
lib/proto/storage.go::method::StorageSetCookies.ProtoReq	method	missing		auto-generated
lib/proto/storage.go::method::StorageSetInterestGroupAuctionTracking.Call	method	missing		auto-generated
lib/proto/storage.go::method::StorageSetInterestGroupAuctionTracking.ProtoReq	method	missing		auto-generated
lib/proto/storage.go::method::StorageSetInterestGroupTracking.Call	method	missing		auto-generated
lib/proto/storage.go::method::StorageSetInterestGroupTracking.ProtoReq	method	missing		auto-generated
lib/proto/storage.go::method::StorageSetSharedStorageEntry.Call	method	missing		auto-generated
lib/proto/storage.go::method::StorageSetSharedStorageEntry.ProtoReq	method	missing		auto-generated
lib/proto/storage.go::method::StorageSetSharedStorageTracking.Call	method	missing		auto-generated
lib/proto/storage.go::method::StorageSetSharedStorageTracking.ProtoReq	method	missing		auto-generated
lib/proto/storage.go::method::StorageSetStorageBucketTracking.Call	method	missing		auto-generated
lib/proto/storage.go::method::StorageSetStorageBucketTracking.ProtoReq	method	missing		auto-generated
lib/proto/storage.go::method::StorageSharedStorageAccessed.ProtoEvent	method	missing		auto-generated
lib/proto/storage.go::method::StorageStorageBucketCreatedOrUpdated.ProtoEvent	method	missing		auto-generated
lib/proto/storage.go::method::StorageStorageBucketDeleted.ProtoEvent	method	missing		auto-generated
lib/proto/storage.go::method::StorageTrackCacheStorageForOrigin.Call	method	missing		auto-generated
lib/proto/storage.go::method::StorageTrackCacheStorageForOrigin.ProtoReq	method	missing		auto-generated
lib/proto/storage.go::method::StorageTrackCacheStorageForStorageKey.Call	method	missing		auto-generated
lib/proto/storage.go::method::StorageTrackCacheStorageForStorageKey.ProtoReq	method	missing		auto-generated
lib/proto/storage.go::method::StorageTrackIndexedDBForOrigin.Call	method	missing		auto-generated
lib/proto/storage.go::method::StorageTrackIndexedDBForOrigin.ProtoReq	method	missing		auto-generated
lib/proto/storage.go::method::StorageTrackIndexedDBForStorageKey.Call	method	missing		auto-generated
lib/proto/storage.go::method::StorageTrackIndexedDBForStorageKey.ProtoReq	method	missing		auto-generated
lib/proto/storage.go::method::StorageUntrackCacheStorageForOrigin.Call	method	missing		auto-generated
lib/proto/storage.go::method::StorageUntrackCacheStorageForOrigin.ProtoReq	method	missing		auto-generated
lib/proto/storage.go::method::StorageUntrackCacheStorageForStorageKey.Call	method	missing		auto-generated
lib/proto/storage.go::method::StorageUntrackCacheStorageForStorageKey.ProtoReq	method	missing		auto-generated
lib/proto/storage.go::method::StorageUntrackIndexedDBForOrigin.Call	method	missing		auto-generated
lib/proto/storage.go::method::StorageUntrackIndexedDBForOrigin.ProtoReq	method	missing		auto-generated
lib/proto/storage.go::method::StorageUntrackIndexedDBForStorageKey.Call	method	missing		auto-generated
lib/proto/storage.go::method::StorageUntrackIndexedDBForStorageKey.ProtoReq	method	missing		auto-generated
lib/proto/storage.go::struct::StorageAttributionReportingAggregatableDedupKey	struct	missing		auto-generated
lib/proto/storage.go::struct::StorageAttributionReportingAggregatableTriggerData	struct	missing		auto-generated
lib/proto/storage.go::struct::StorageAttributionReportingAggregatableValueDictEntry	struct	missing		auto-generated
lib/proto/storage.go::struct::StorageAttributionReportingAggregatableValueEntry	struct	missing		auto-generated
lib/proto/storage.go::struct::StorageAttributionReportingAggregationKeysEntry	struct	missing		auto-generated
lib/proto/storage.go::struct::StorageAttributionReportingEventReportWindows	struct	missing		auto-generated
lib/proto/storage.go::struct::StorageAttributionReportingEventTriggerData	struct	missing		auto-generated
lib/proto/storage.go::struct::StorageAttributionReportingFilterConfig	struct	missing		auto-generated
lib/proto/storage.go::struct::StorageAttributionReportingFilterDataEntry	struct	missing		auto-generated
lib/proto/storage.go::struct::StorageAttributionReportingFilterPair	struct	missing		auto-generated
lib/proto/storage.go::struct::StorageAttributionReportingSourceRegistered	struct	missing		auto-generated
lib/proto/storage.go::struct::StorageAttributionReportingSourceRegistration	struct	missing		auto-generated
lib/proto/storage.go::struct::StorageAttributionReportingTriggerRegistered	struct	missing		auto-generated
lib/proto/storage.go::struct::StorageAttributionReportingTriggerRegistration	struct	missing		auto-generated
lib/proto/storage.go::struct::StorageAttributionReportingTriggerSpec	struct	missing		auto-generated
lib/proto/storage.go::struct::StorageCacheStorageContentUpdated	struct	missing		auto-generated
lib/proto/storage.go::struct::StorageCacheStorageListUpdated	struct	missing		auto-generated
lib/proto/storage.go::struct::StorageClearCookies	struct	missing		auto-generated
lib/proto/storage.go::struct::StorageClearDataForOrigin	struct	missing		auto-generated
lib/proto/storage.go::struct::StorageClearDataForStorageKey	struct	missing		auto-generated
lib/proto/storage.go::struct::StorageClearSharedStorageEntries	struct	missing		auto-generated
lib/proto/storage.go::struct::StorageClearTrustTokens	struct	missing		auto-generated
lib/proto/storage.go::struct::StorageClearTrustTokensResult	struct	missing		auto-generated
lib/proto/storage.go::struct::StorageDeleteSharedStorageEntry	struct	missing		auto-generated
lib/proto/storage.go::struct::StorageDeleteStorageBucket	struct	missing		auto-generated
lib/proto/storage.go::struct::StorageGetCookies	struct	missing		auto-generated
lib/proto/storage.go::struct::StorageGetCookiesResult	struct	missing		auto-generated
lib/proto/storage.go::struct::StorageGetInterestGroupDetails	struct	missing		auto-generated
lib/proto/storage.go::struct::StorageGetInterestGroupDetailsResult	struct	missing		auto-generated
lib/proto/storage.go::struct::StorageGetRelatedWebsiteSets	struct	missing		auto-generated
lib/proto/storage.go::struct::StorageGetRelatedWebsiteSetsResult	struct	missing		auto-generated
lib/proto/storage.go::struct::StorageGetSharedStorageEntries	struct	missing		auto-generated
lib/proto/storage.go::struct::StorageGetSharedStorageEntriesResult	struct	missing		auto-generated
lib/proto/storage.go::struct::StorageGetSharedStorageMetadata	struct	missing		auto-generated
lib/proto/storage.go::struct::StorageGetSharedStorageMetadataResult	struct	missing		auto-generated
lib/proto/storage.go::struct::StorageGetStorageKeyForFrame	struct	missing		auto-generated
lib/proto/storage.go::struct::StorageGetStorageKeyForFrameResult	struct	missing		auto-generated
lib/proto/storage.go::struct::StorageGetTrustTokens	struct	missing		auto-generated
lib/proto/storage.go::struct::StorageGetTrustTokensResult	struct	missing		auto-generated
lib/proto/storage.go::struct::StorageGetUsageAndQuota	struct	missing		auto-generated
lib/proto/storage.go::struct::StorageGetUsageAndQuotaResult	struct	missing		auto-generated
lib/proto/storage.go::struct::StorageIndexedDBContentUpdated	struct	missing		auto-generated
lib/proto/storage.go::struct::StorageIndexedDBListUpdated	struct	missing		auto-generated
lib/proto/storage.go::struct::StorageInterestGroupAccessed	struct	missing		auto-generated
lib/proto/storage.go::struct::StorageInterestGroupAuctionEventOccurred	struct	missing		auto-generated
lib/proto/storage.go::struct::StorageInterestGroupAuctionNetworkRequestCreated	struct	missing		auto-generated
lib/proto/storage.go::struct::StorageOverrideQuotaForOrigin	struct	missing		auto-generated
lib/proto/storage.go::struct::StorageRelatedWebsiteSet	struct	missing		auto-generated
lib/proto/storage.go::struct::StorageResetSharedStorageBudget	struct	missing		auto-generated
lib/proto/storage.go::struct::StorageRunBounceTrackingMitigations	struct	missing		auto-generated
lib/proto/storage.go::struct::StorageRunBounceTrackingMitigationsResult	struct	missing		auto-generated
lib/proto/storage.go::struct::StorageSendPendingAttributionReports	struct	missing		auto-generated
lib/proto/storage.go::struct::StorageSendPendingAttributionReportsResult	struct	missing		auto-generated
lib/proto/storage.go::struct::StorageSetAttributionReportingLocalTestingMode	struct	missing		auto-generated
lib/proto/storage.go::struct::StorageSetAttributionReportingTracking	struct	missing		auto-generated
lib/proto/storage.go::struct::StorageSetCookies	struct	missing		auto-generated
lib/proto/storage.go::struct::StorageSetInterestGroupAuctionTracking	struct	missing		auto-generated
lib/proto/storage.go::struct::StorageSetInterestGroupTracking	struct	missing		auto-generated
lib/proto/storage.go::struct::StorageSetSharedStorageEntry	struct	missing		auto-generated
lib/proto/storage.go::struct::StorageSetSharedStorageTracking	struct	missing		auto-generated
lib/proto/storage.go::struct::StorageSetStorageBucketTracking	struct	missing		auto-generated
lib/proto/storage.go::struct::StorageSharedStorageAccessParams	struct	missing		auto-generated
lib/proto/storage.go::struct::StorageSharedStorageAccessed	struct	missing		auto-generated
lib/proto/storage.go::struct::StorageSharedStorageEntry	struct	missing		auto-generated
lib/proto/storage.go::struct::StorageSharedStorageMetadata	struct	missing		auto-generated
lib/proto/storage.go::struct::StorageSharedStorageReportingMetadata	struct	missing		auto-generated
lib/proto/storage.go::struct::StorageSharedStorageURLWithMetadata	struct	missing		auto-generated
lib/proto/storage.go::struct::StorageStorageBucket	struct	missing		auto-generated
lib/proto/storage.go::struct::StorageStorageBucketCreatedOrUpdated	struct	missing		auto-generated
lib/proto/storage.go::struct::StorageStorageBucketDeleted	struct	missing		auto-generated
lib/proto/storage.go::struct::StorageStorageBucketInfo	struct	missing		auto-generated
lib/proto/storage.go::struct::StorageTrackCacheStorageForOrigin	struct	missing		auto-generated
lib/proto/storage.go::struct::StorageTrackCacheStorageForStorageKey	struct	missing		auto-generated
lib/proto/storage.go::struct::StorageTrackIndexedDBForOrigin	struct	missing		auto-generated
lib/proto/storage.go::struct::StorageTrackIndexedDBForStorageKey	struct	missing		auto-generated
lib/proto/storage.go::struct::StorageTrustTokens	struct	missing		auto-generated
lib/proto/storage.go::struct::StorageUntrackCacheStorageForOrigin	struct	missing		auto-generated
lib/proto/storage.go::struct::StorageUntrackCacheStorageForStorageKey	struct	missing		auto-generated
lib/proto/storage.go::struct::StorageUntrackIndexedDBForOrigin	struct	missing		auto-generated
lib/proto/storage.go::struct::StorageUntrackIndexedDBForStorageKey	struct	missing		auto-generated
lib/proto/storage.go::struct::StorageUsageForType	struct	missing		auto-generated
lib/proto/storage.go::type::StorageAttributionReportingAggregatableResult	type	missing		auto-generated
lib/proto/storage.go::type::StorageAttributionReportingEventLevelResult	type	missing		auto-generated
lib/proto/storage.go::type::StorageAttributionReportingSourceRegistrationResult	type	missing		auto-generated
lib/proto/storage.go::type::StorageAttributionReportingSourceRegistrationTimeConfig	type	missing		auto-generated
lib/proto/storage.go::type::StorageAttributionReportingSourceType	type	missing		auto-generated
lib/proto/storage.go::type::StorageAttributionReportingTriggerDataMatching	type	missing		auto-generated
lib/proto/storage.go::type::StorageInterestGroupAccessType	type	missing		auto-generated
lib/proto/storage.go::type::StorageInterestGroupAuctionEventType	type	missing		auto-generated
lib/proto/storage.go::type::StorageInterestGroupAuctionFetchType	type	missing		auto-generated
lib/proto/storage.go::type::StorageInterestGroupAuctionID	type	missing		auto-generated
lib/proto/storage.go::type::StorageSerializedStorageKey	type	missing		auto-generated
lib/proto/storage.go::type::StorageSharedStorageAccessType	type	missing		auto-generated
lib/proto/storage.go::type::StorageSignedInt64AsBase10	type	missing		auto-generated
lib/proto/storage.go::type::StorageStorageBucketsDurability	type	missing		auto-generated
lib/proto/storage.go::type::StorageStorageType	type	missing		auto-generated
lib/proto/storage.go::type::StorageUnsignedInt128AsBase16	type	missing		auto-generated
lib/proto/storage.go::type::StorageUnsignedInt64AsBase10	type	missing		auto-generated
lib/proto/system_info.go::const::SystemInfoImageTypeJpeg	const	missing		auto-generated
lib/proto/system_info.go::const::SystemInfoImageTypeUnknown	const	missing		auto-generated
lib/proto/system_info.go::const::SystemInfoImageTypeWebp	const	missing		auto-generated
lib/proto/system_info.go::const::SystemInfoSubsamplingFormatYuv420	const	missing		auto-generated
lib/proto/system_info.go::const::SystemInfoSubsamplingFormatYuv422	const	missing		auto-generated
lib/proto/system_info.go::const::SystemInfoSubsamplingFormatYuv444	const	missing		auto-generated
lib/proto/system_info.go::method::SystemInfoGetFeatureState.Call	method	missing		auto-generated
lib/proto/system_info.go::method::SystemInfoGetFeatureState.ProtoReq	method	missing		auto-generated
lib/proto/system_info.go::method::SystemInfoGetInfo.Call	method	missing		auto-generated
lib/proto/system_info.go::method::SystemInfoGetInfo.ProtoReq	method	missing		auto-generated
lib/proto/system_info.go::method::SystemInfoGetProcessInfo.Call	method	missing		auto-generated
lib/proto/system_info.go::method::SystemInfoGetProcessInfo.ProtoReq	method	missing		auto-generated
lib/proto/system_info.go::struct::SystemInfoGPUDevice	struct	missing		auto-generated
lib/proto/system_info.go::struct::SystemInfoGPUInfo	struct	missing		auto-generated
lib/proto/system_info.go::struct::SystemInfoGetFeatureState	struct	missing		auto-generated
lib/proto/system_info.go::struct::SystemInfoGetFeatureStateResult	struct	missing		auto-generated
lib/proto/system_info.go::struct::SystemInfoGetInfo	struct	missing		auto-generated
lib/proto/system_info.go::struct::SystemInfoGetInfoResult	struct	missing		auto-generated
lib/proto/system_info.go::struct::SystemInfoGetProcessInfo	struct	missing		auto-generated
lib/proto/system_info.go::struct::SystemInfoGetProcessInfoResult	struct	missing		auto-generated
lib/proto/system_info.go::struct::SystemInfoImageDecodeAcceleratorCapability	struct	missing		auto-generated
lib/proto/system_info.go::struct::SystemInfoProcessInfo	struct	missing		auto-generated
lib/proto/system_info.go::struct::SystemInfoSize	struct	missing		auto-generated
lib/proto/system_info.go::struct::SystemInfoVideoDecodeAcceleratorCapability	struct	missing		auto-generated
lib/proto/system_info.go::struct::SystemInfoVideoEncodeAcceleratorCapability	struct	missing		auto-generated
lib/proto/system_info.go::type::SystemInfoImageType	type	missing		auto-generated
lib/proto/system_info.go::type::SystemInfoSubsamplingFormat	type	missing		auto-generated
lib/proto/target.go::const::TargetTargetInfoTypeBackgroundPage	const	missing		auto-generated
lib/proto/target.go::const::TargetTargetInfoTypeBrowser	const	missing		auto-generated
lib/proto/target.go::const::TargetTargetInfoTypeOther	const	missing		auto-generated
lib/proto/target.go::const::TargetTargetInfoTypePage	const	missing		auto-generated
lib/proto/target.go::const::TargetTargetInfoTypeServiceWorker	const	missing		auto-generated
lib/proto/target.go::const::TargetTargetInfoTypeSharedWorker	const	missing		auto-generated
lib/proto/target.go::method::TargetActivateTarget.Call	method	missing		auto-generated
lib/proto/target.go::method::TargetActivateTarget.ProtoReq	method	missing		auto-generated
lib/proto/target.go::method::TargetAttachToBrowserTarget.Call	method	missing		auto-generated
lib/proto/target.go::method::TargetAttachToBrowserTarget.ProtoReq	method	missing		auto-generated
lib/proto/target.go::method::TargetAttachToTarget.Call	method	missing		auto-generated
lib/proto/target.go::method::TargetAttachToTarget.ProtoReq	method	missing		auto-generated
lib/proto/target.go::method::TargetAttachedToTarget.ProtoEvent	method	missing		auto-generated
lib/proto/target.go::method::TargetAutoAttachRelated.Call	method	missing		auto-generated
lib/proto/target.go::method::TargetAutoAttachRelated.ProtoReq	method	missing		auto-generated
lib/proto/target.go::method::TargetCloseTarget.Call	method	missing		auto-generated
lib/proto/target.go::method::TargetCloseTarget.ProtoReq	method	missing		auto-generated
lib/proto/target.go::method::TargetCreateBrowserContext.Call	method	missing		auto-generated
lib/proto/target.go::method::TargetCreateBrowserContext.ProtoReq	method	missing		auto-generated
lib/proto/target.go::method::TargetCreateTarget.Call	method	missing		auto-generated
lib/proto/target.go::method::TargetCreateTarget.ProtoReq	method	missing		auto-generated
lib/proto/target.go::method::TargetDetachFromTarget.Call	method	missing		auto-generated
lib/proto/target.go::method::TargetDetachFromTarget.ProtoReq	method	missing		auto-generated
lib/proto/target.go::method::TargetDetachedFromTarget.ProtoEvent	method	missing		auto-generated
lib/proto/target.go::method::TargetDisposeBrowserContext.Call	method	missing		auto-generated
lib/proto/target.go::method::TargetDisposeBrowserContext.ProtoReq	method	missing		auto-generated
lib/proto/target.go::method::TargetExposeDevToolsProtocol.Call	method	missing		auto-generated
lib/proto/target.go::method::TargetExposeDevToolsProtocol.ProtoReq	method	missing		auto-generated
lib/proto/target.go::method::TargetGetBrowserContexts.Call	method	missing		auto-generated
lib/proto/target.go::method::TargetGetBrowserContexts.ProtoReq	method	missing		auto-generated
lib/proto/target.go::method::TargetGetTargetInfo.Call	method	missing		auto-generated
lib/proto/target.go::method::TargetGetTargetInfo.ProtoReq	method	missing		auto-generated
lib/proto/target.go::method::TargetGetTargets.Call	method	missing		auto-generated
lib/proto/target.go::method::TargetGetTargets.ProtoReq	method	missing		auto-generated
lib/proto/target.go::method::TargetReceivedMessageFromTarget.ProtoEvent	method	missing		auto-generated
lib/proto/target.go::method::TargetSendMessageToTarget.Call	method	missing		auto-generated
lib/proto/target.go::method::TargetSendMessageToTarget.ProtoReq	method	missing		auto-generated
lib/proto/target.go::method::TargetSetAutoAttach.Call	method	missing		auto-generated
lib/proto/target.go::method::TargetSetAutoAttach.ProtoReq	method	missing		auto-generated
lib/proto/target.go::method::TargetSetDiscoverTargets.Call	method	missing		auto-generated
lib/proto/target.go::method::TargetSetDiscoverTargets.ProtoReq	method	missing		auto-generated
lib/proto/target.go::method::TargetSetRemoteLocations.Call	method	missing		auto-generated
lib/proto/target.go::method::TargetSetRemoteLocations.ProtoReq	method	missing		auto-generated
lib/proto/target.go::method::TargetTargetCrashed.ProtoEvent	method	missing		auto-generated
lib/proto/target.go::method::TargetTargetCreated.ProtoEvent	method	missing		auto-generated
lib/proto/target.go::method::TargetTargetDestroyed.ProtoEvent	method	missing		auto-generated
lib/proto/target.go::method::TargetTargetInfoChanged.ProtoEvent	method	missing		auto-generated
lib/proto/target.go::struct::TargetActivateTarget	struct	missing		auto-generated
lib/proto/target.go::struct::TargetAttachToBrowserTarget	struct	missing		auto-generated
lib/proto/target.go::struct::TargetAttachToBrowserTargetResult	struct	missing		auto-generated
lib/proto/target.go::struct::TargetAttachToTarget	struct	missing		auto-generated
lib/proto/target.go::struct::TargetAttachToTargetResult	struct	missing		auto-generated
lib/proto/target.go::struct::TargetAttachedToTarget	struct	missing		auto-generated
lib/proto/target.go::struct::TargetAutoAttachRelated	struct	missing		auto-generated
lib/proto/target.go::struct::TargetCloseTarget	struct	missing		auto-generated
lib/proto/target.go::struct::TargetCloseTargetResult	struct	missing		auto-generated
lib/proto/target.go::struct::TargetCreateBrowserContext	struct	missing		auto-generated
lib/proto/target.go::struct::TargetCreateBrowserContextResult	struct	missing		auto-generated
lib/proto/target.go::struct::TargetCreateTarget	struct	missing		auto-generated
lib/proto/target.go::struct::TargetCreateTargetResult	struct	missing		auto-generated
lib/proto/target.go::struct::TargetDetachFromTarget	struct	missing		auto-generated
lib/proto/target.go::struct::TargetDetachedFromTarget	struct	missing		auto-generated
lib/proto/target.go::struct::TargetDisposeBrowserContext	struct	missing		auto-generated
lib/proto/target.go::struct::TargetExposeDevToolsProtocol	struct	missing		auto-generated
lib/proto/target.go::struct::TargetFilterEntry	struct	missing		auto-generated
lib/proto/target.go::struct::TargetGetBrowserContexts	struct	missing		auto-generated
lib/proto/target.go::struct::TargetGetBrowserContextsResult	struct	missing		auto-generated
lib/proto/target.go::struct::TargetGetTargetInfo	struct	missing		auto-generated
lib/proto/target.go::struct::TargetGetTargetInfoResult	struct	missing		auto-generated
lib/proto/target.go::struct::TargetGetTargets	struct	missing		auto-generated
lib/proto/target.go::struct::TargetGetTargetsResult	struct	missing		auto-generated
lib/proto/target.go::struct::TargetReceivedMessageFromTarget	struct	missing		auto-generated
lib/proto/target.go::struct::TargetRemoteLocation	struct	missing		auto-generated
lib/proto/target.go::struct::TargetSendMessageToTarget	struct	missing		auto-generated
lib/proto/target.go::struct::TargetSetAutoAttach	struct	missing		auto-generated
lib/proto/target.go::struct::TargetSetDiscoverTargets	struct	missing		auto-generated
lib/proto/target.go::struct::TargetSetRemoteLocations	struct	missing		auto-generated
lib/proto/target.go::struct::TargetTargetCrashed	struct	missing		auto-generated
lib/proto/target.go::struct::TargetTargetCreated	struct	missing		auto-generated
lib/proto/target.go::struct::TargetTargetDestroyed	struct	missing		auto-generated
lib/proto/target.go::struct::TargetTargetInfo	struct	missing		auto-generated
lib/proto/target.go::struct::TargetTargetInfoChanged	struct	missing		auto-generated
lib/proto/target.go::type::TargetSessionID	type	missing		auto-generated
lib/proto/target.go::type::TargetTargetFilter	type	missing		auto-generated
lib/proto/target.go::type::TargetTargetID	type	missing		auto-generated
lib/proto/target.go::type::TargetTargetInfoType	type	missing		auto-generated
lib/proto/tethering.go::method::TetheringAccepted.ProtoEvent	method	missing		auto-generated
lib/proto/tethering.go::method::TetheringBind.Call	method	missing		auto-generated
lib/proto/tethering.go::method::TetheringBind.ProtoReq	method	missing		auto-generated
lib/proto/tethering.go::method::TetheringUnbind.Call	method	missing		auto-generated
lib/proto/tethering.go::method::TetheringUnbind.ProtoReq	method	missing		auto-generated
lib/proto/tethering.go::struct::TetheringAccepted	struct	missing		auto-generated
lib/proto/tethering.go::struct::TetheringBind	struct	missing		auto-generated
lib/proto/tethering.go::struct::TetheringUnbind	struct	missing		auto-generated
lib/proto/tracing.go::const::TracingMemoryDumpLevelOfDetailBackground	const	missing		auto-generated
lib/proto/tracing.go::const::TracingMemoryDumpLevelOfDetailDetailed	const	missing		auto-generated
lib/proto/tracing.go::const::TracingMemoryDumpLevelOfDetailLight	const	missing		auto-generated
lib/proto/tracing.go::const::TracingStartTransferModeReportEvents	const	missing		auto-generated
lib/proto/tracing.go::const::TracingStartTransferModeReturnAsStream	const	missing		auto-generated
lib/proto/tracing.go::const::TracingStreamCompressionGzip	const	missing		auto-generated
lib/proto/tracing.go::const::TracingStreamCompressionNone	const	missing		auto-generated
lib/proto/tracing.go::const::TracingStreamFormatJSON	const	missing		auto-generated
lib/proto/tracing.go::const::TracingStreamFormatProto	const	missing		auto-generated
lib/proto/tracing.go::const::TracingTraceConfigRecordModeEchoToConsole	const	missing		auto-generated
lib/proto/tracing.go::const::TracingTraceConfigRecordModeRecordAsMuchAsPossible	const	missing		auto-generated
lib/proto/tracing.go::const::TracingTraceConfigRecordModeRecordContinuously	const	missing		auto-generated
lib/proto/tracing.go::const::TracingTraceConfigRecordModeRecordUntilFull	const	missing		auto-generated
lib/proto/tracing.go::const::TracingTracingBackendAuto	const	missing		auto-generated
lib/proto/tracing.go::const::TracingTracingBackendChrome	const	missing		auto-generated
lib/proto/tracing.go::const::TracingTracingBackendSystem	const	missing		auto-generated
lib/proto/tracing.go::method::TracingBufferUsage.ProtoEvent	method	missing		auto-generated
lib/proto/tracing.go::method::TracingDataCollected.ProtoEvent	method	missing		auto-generated
lib/proto/tracing.go::method::TracingEnd.Call	method	missing		auto-generated
lib/proto/tracing.go::method::TracingEnd.ProtoReq	method	missing		auto-generated
lib/proto/tracing.go::method::TracingGetCategories.Call	method	missing		auto-generated
lib/proto/tracing.go::method::TracingGetCategories.ProtoReq	method	missing		auto-generated
lib/proto/tracing.go::method::TracingRecordClockSyncMarker.Call	method	missing		auto-generated
lib/proto/tracing.go::method::TracingRecordClockSyncMarker.ProtoReq	method	missing		auto-generated
lib/proto/tracing.go::method::TracingRequestMemoryDump.Call	method	missing		auto-generated
lib/proto/tracing.go::method::TracingRequestMemoryDump.ProtoReq	method	missing		auto-generated
lib/proto/tracing.go::method::TracingStart.Call	method	missing		auto-generated
lib/proto/tracing.go::method::TracingStart.ProtoReq	method	missing		auto-generated
lib/proto/tracing.go::method::TracingTracingComplete.ProtoEvent	method	missing		auto-generated
lib/proto/tracing.go::struct::TracingBufferUsage	struct	missing		auto-generated
lib/proto/tracing.go::struct::TracingDataCollected	struct	missing		auto-generated
lib/proto/tracing.go::struct::TracingEnd	struct	missing		auto-generated
lib/proto/tracing.go::struct::TracingGetCategories	struct	missing		auto-generated
lib/proto/tracing.go::struct::TracingGetCategoriesResult	struct	missing		auto-generated
lib/proto/tracing.go::struct::TracingRecordClockSyncMarker	struct	missing		auto-generated
lib/proto/tracing.go::struct::TracingRequestMemoryDump	struct	missing		auto-generated
lib/proto/tracing.go::struct::TracingRequestMemoryDumpResult	struct	missing		auto-generated
lib/proto/tracing.go::struct::TracingStart	struct	missing		auto-generated
lib/proto/tracing.go::struct::TracingTraceConfig	struct	missing		auto-generated
lib/proto/tracing.go::struct::TracingTracingComplete	struct	missing		auto-generated
lib/proto/tracing.go::type::TracingMemoryDumpConfig	type	missing		auto-generated
lib/proto/tracing.go::type::TracingMemoryDumpLevelOfDetail	type	missing		auto-generated
lib/proto/tracing.go::type::TracingStartTransferMode	type	missing		auto-generated
lib/proto/tracing.go::type::TracingStreamCompression	type	missing		auto-generated
lib/proto/tracing.go::type::TracingStreamFormat	type	missing		auto-generated
lib/proto/tracing.go::type::TracingTraceConfigRecordMode	type	missing		auto-generated
lib/proto/tracing.go::type::TracingTracingBackend	type	missing		auto-generated
lib/proto/web_audio.go::const::WebAudioAutomationRateARate	const	missing		auto-generated
lib/proto/web_audio.go::const::WebAudioAutomationRateKRate	const	missing		auto-generated
lib/proto/web_audio.go::const::WebAudioChannelCountModeClampedMax	const	missing		auto-generated
lib/proto/web_audio.go::const::WebAudioChannelCountModeExplicit	const	missing		auto-generated
lib/proto/web_audio.go::const::WebAudioChannelCountModeMax	const	missing		auto-generated
lib/proto/web_audio.go::const::WebAudioChannelInterpretationDiscrete	const	missing		auto-generated
lib/proto/web_audio.go::const::WebAudioChannelInterpretationSpeakers	const	missing		auto-generated
lib/proto/web_audio.go::const::WebAudioContextStateClosed	const	missing		auto-generated
lib/proto/web_audio.go::const::WebAudioContextStateRunning	const	missing		auto-generated
lib/proto/web_audio.go::const::WebAudioContextStateSuspended	const	missing		auto-generated
lib/proto/web_audio.go::const::WebAudioContextTypeOffline	const	missing		auto-generated
lib/proto/web_audio.go::const::WebAudioContextTypeRealtime	const	missing		auto-generated
lib/proto/web_audio.go::method::WebAudioAudioListenerCreated.ProtoEvent	method	missing		auto-generated
lib/proto/web_audio.go::method::WebAudioAudioListenerWillBeDestroyed.ProtoEvent	method	missing		auto-generated
lib/proto/web_audio.go::method::WebAudioAudioNodeCreated.ProtoEvent	method	missing		auto-generated
lib/proto/web_audio.go::method::WebAudioAudioNodeWillBeDestroyed.ProtoEvent	method	missing		auto-generated
lib/proto/web_audio.go::method::WebAudioAudioParamCreated.ProtoEvent	method	missing		auto-generated
lib/proto/web_audio.go::method::WebAudioAudioParamWillBeDestroyed.ProtoEvent	method	missing		auto-generated
lib/proto/web_audio.go::method::WebAudioContextChanged.ProtoEvent	method	missing		auto-generated
lib/proto/web_audio.go::method::WebAudioContextCreated.ProtoEvent	method	missing		auto-generated
lib/proto/web_audio.go::method::WebAudioContextWillBeDestroyed.ProtoEvent	method	missing		auto-generated
lib/proto/web_audio.go::method::WebAudioDisable.Call	method	missing		auto-generated
lib/proto/web_audio.go::method::WebAudioDisable.ProtoReq	method	missing		auto-generated
lib/proto/web_audio.go::method::WebAudioEnable.Call	method	missing		auto-generated
lib/proto/web_audio.go::method::WebAudioEnable.ProtoReq	method	missing		auto-generated
lib/proto/web_audio.go::method::WebAudioGetRealtimeData.Call	method	missing		auto-generated
lib/proto/web_audio.go::method::WebAudioGetRealtimeData.ProtoReq	method	missing		auto-generated
lib/proto/web_audio.go::method::WebAudioNodeParamConnected.ProtoEvent	method	missing		auto-generated
lib/proto/web_audio.go::method::WebAudioNodeParamDisconnected.ProtoEvent	method	missing		auto-generated
lib/proto/web_audio.go::method::WebAudioNodesConnected.ProtoEvent	method	missing		auto-generated
lib/proto/web_audio.go::method::WebAudioNodesDisconnected.ProtoEvent	method	missing		auto-generated
lib/proto/web_audio.go::struct::WebAudioAudioListener	struct	missing		auto-generated
lib/proto/web_audio.go::struct::WebAudioAudioListenerCreated	struct	missing		auto-generated
lib/proto/web_audio.go::struct::WebAudioAudioListenerWillBeDestroyed	struct	missing		auto-generated
lib/proto/web_audio.go::struct::WebAudioAudioNode	struct	missing		auto-generated
lib/proto/web_audio.go::struct::WebAudioAudioNodeCreated	struct	missing		auto-generated
lib/proto/web_audio.go::struct::WebAudioAudioNodeWillBeDestroyed	struct	missing		auto-generated
lib/proto/web_audio.go::struct::WebAudioAudioParam	struct	missing		auto-generated
lib/proto/web_audio.go::struct::WebAudioAudioParamCreated	struct	missing		auto-generated
lib/proto/web_audio.go::struct::WebAudioAudioParamWillBeDestroyed	struct	missing		auto-generated
lib/proto/web_audio.go::struct::WebAudioBaseAudioContext	struct	missing		auto-generated
lib/proto/web_audio.go::struct::WebAudioContextChanged	struct	missing		auto-generated
lib/proto/web_audio.go::struct::WebAudioContextCreated	struct	missing		auto-generated
lib/proto/web_audio.go::struct::WebAudioContextRealtimeData	struct	missing		auto-generated
lib/proto/web_audio.go::struct::WebAudioContextWillBeDestroyed	struct	missing		auto-generated
lib/proto/web_audio.go::struct::WebAudioDisable	struct	missing		auto-generated
lib/proto/web_audio.go::struct::WebAudioEnable	struct	missing		auto-generated
lib/proto/web_audio.go::struct::WebAudioGetRealtimeData	struct	missing		auto-generated
lib/proto/web_audio.go::struct::WebAudioGetRealtimeDataResult	struct	missing		auto-generated
lib/proto/web_audio.go::struct::WebAudioNodeParamConnected	struct	missing		auto-generated
lib/proto/web_audio.go::struct::WebAudioNodeParamDisconnected	struct	missing		auto-generated
lib/proto/web_audio.go::struct::WebAudioNodesConnected	struct	missing		auto-generated
lib/proto/web_audio.go::struct::WebAudioNodesDisconnected	struct	missing		auto-generated
lib/proto/web_audio.go::type::WebAudioAutomationRate	type	missing		auto-generated
lib/proto/web_audio.go::type::WebAudioChannelCountMode	type	missing		auto-generated
lib/proto/web_audio.go::type::WebAudioChannelInterpretation	type	missing		auto-generated
lib/proto/web_audio.go::type::WebAudioContextState	type	missing		auto-generated
lib/proto/web_audio.go::type::WebAudioContextType	type	missing		auto-generated
lib/proto/web_audio.go::type::WebAudioGraphObjectID	type	missing		auto-generated
lib/proto/web_audio.go::type::WebAudioNodeType	type	missing		auto-generated
lib/proto/web_audio.go::type::WebAudioParamType	type	missing		auto-generated
lib/proto/web_authn.go::const::WebAuthnAuthenticatorProtocolCtap2	const	missing		auto-generated
lib/proto/web_authn.go::const::WebAuthnAuthenticatorProtocolU2f	const	missing		auto-generated
lib/proto/web_authn.go::const::WebAuthnAuthenticatorTransportBle	const	missing		auto-generated
lib/proto/web_authn.go::const::WebAuthnAuthenticatorTransportCable	const	missing		auto-generated
lib/proto/web_authn.go::const::WebAuthnAuthenticatorTransportInternal	const	missing		auto-generated
lib/proto/web_authn.go::const::WebAuthnAuthenticatorTransportNfc	const	missing		auto-generated
lib/proto/web_authn.go::const::WebAuthnAuthenticatorTransportUsb	const	missing		auto-generated
lib/proto/web_authn.go::const::WebAuthnCtap2VersionCtap20	const	missing		auto-generated
lib/proto/web_authn.go::const::WebAuthnCtap2VersionCtap21	const	missing		auto-generated
lib/proto/web_authn.go::method::WebAuthnAddCredential.Call	method	missing		auto-generated
lib/proto/web_authn.go::method::WebAuthnAddCredential.ProtoReq	method	missing		auto-generated
lib/proto/web_authn.go::method::WebAuthnAddVirtualAuthenticator.Call	method	missing		auto-generated
lib/proto/web_authn.go::method::WebAuthnAddVirtualAuthenticator.ProtoReq	method	missing		auto-generated
lib/proto/web_authn.go::method::WebAuthnClearCredentials.Call	method	missing		auto-generated
lib/proto/web_authn.go::method::WebAuthnClearCredentials.ProtoReq	method	missing		auto-generated
lib/proto/web_authn.go::method::WebAuthnCredentialAdded.ProtoEvent	method	missing		auto-generated
lib/proto/web_authn.go::method::WebAuthnCredentialAsserted.ProtoEvent	method	missing		auto-generated
lib/proto/web_authn.go::method::WebAuthnDisable.Call	method	missing		auto-generated
lib/proto/web_authn.go::method::WebAuthnDisable.ProtoReq	method	missing		auto-generated
lib/proto/web_authn.go::method::WebAuthnEnable.Call	method	missing		auto-generated
lib/proto/web_authn.go::method::WebAuthnEnable.ProtoReq	method	missing		auto-generated
lib/proto/web_authn.go::method::WebAuthnGetCredential.Call	method	missing		auto-generated
lib/proto/web_authn.go::method::WebAuthnGetCredential.ProtoReq	method	missing		auto-generated
lib/proto/web_authn.go::method::WebAuthnGetCredentials.Call	method	missing		auto-generated
lib/proto/web_authn.go::method::WebAuthnGetCredentials.ProtoReq	method	missing		auto-generated
lib/proto/web_authn.go::method::WebAuthnRemoveCredential.Call	method	missing		auto-generated
lib/proto/web_authn.go::method::WebAuthnRemoveCredential.ProtoReq	method	missing		auto-generated
lib/proto/web_authn.go::method::WebAuthnRemoveVirtualAuthenticator.Call	method	missing		auto-generated
lib/proto/web_authn.go::method::WebAuthnRemoveVirtualAuthenticator.ProtoReq	method	missing		auto-generated
lib/proto/web_authn.go::method::WebAuthnSetAutomaticPresenceSimulation.Call	method	missing		auto-generated
lib/proto/web_authn.go::method::WebAuthnSetAutomaticPresenceSimulation.ProtoReq	method	missing		auto-generated
lib/proto/web_authn.go::method::WebAuthnSetCredentialProperties.Call	method	missing		auto-generated
lib/proto/web_authn.go::method::WebAuthnSetCredentialProperties.ProtoReq	method	missing		auto-generated
lib/proto/web_authn.go::method::WebAuthnSetResponseOverrideBits.Call	method	missing		auto-generated
lib/proto/web_authn.go::method::WebAuthnSetResponseOverrideBits.ProtoReq	method	missing		auto-generated
lib/proto/web_authn.go::method::WebAuthnSetUserVerified.Call	method	missing		auto-generated
lib/proto/web_authn.go::method::WebAuthnSetUserVerified.ProtoReq	method	missing		auto-generated
lib/proto/web_authn.go::struct::WebAuthnAddCredential	struct	missing		auto-generated
lib/proto/web_authn.go::struct::WebAuthnAddVirtualAuthenticator	struct	missing		auto-generated
lib/proto/web_authn.go::struct::WebAuthnAddVirtualAuthenticatorResult	struct	missing		auto-generated
lib/proto/web_authn.go::struct::WebAuthnClearCredentials	struct	missing		auto-generated
lib/proto/web_authn.go::struct::WebAuthnCredential	struct	missing		auto-generated
lib/proto/web_authn.go::struct::WebAuthnCredentialAdded	struct	missing		auto-generated
lib/proto/web_authn.go::struct::WebAuthnCredentialAsserted	struct	missing		auto-generated
lib/proto/web_authn.go::struct::WebAuthnDisable	struct	missing		auto-generated
lib/proto/web_authn.go::struct::WebAuthnEnable	struct	missing		auto-generated
lib/proto/web_authn.go::struct::WebAuthnGetCredential	struct	missing		auto-generated
lib/proto/web_authn.go::struct::WebAuthnGetCredentialResult	struct	missing		auto-generated
lib/proto/web_authn.go::struct::WebAuthnGetCredentials	struct	missing		auto-generated
lib/proto/web_authn.go::struct::WebAuthnGetCredentialsResult	struct	missing		auto-generated
lib/proto/web_authn.go::struct::WebAuthnRemoveCredential	struct	missing		auto-generated
lib/proto/web_authn.go::struct::WebAuthnRemoveVirtualAuthenticator	struct	missing		auto-generated
lib/proto/web_authn.go::struct::WebAuthnSetAutomaticPresenceSimulation	struct	missing		auto-generated
lib/proto/web_authn.go::struct::WebAuthnSetCredentialProperties	struct	missing		auto-generated
lib/proto/web_authn.go::struct::WebAuthnSetResponseOverrideBits	struct	missing		auto-generated
lib/proto/web_authn.go::struct::WebAuthnSetUserVerified	struct	missing		auto-generated
lib/proto/web_authn.go::struct::WebAuthnVirtualAuthenticatorOptions	struct	missing		auto-generated
lib/proto/web_authn.go::type::WebAuthnAuthenticatorID	type	missing		auto-generated
lib/proto/web_authn.go::type::WebAuthnAuthenticatorProtocol	type	missing		auto-generated
lib/proto/web_authn.go::type::WebAuthnAuthenticatorTransport	type	missing		auto-generated
lib/proto/web_authn.go::type::WebAuthnCtap2Version	type	missing		auto-generated
lib/utils/check-issue/main_test.go::test::TestBasic	test	missing		auto-generated
lib/utils/imageutil.go::func::NewImgProcessor	func	partial	src/rod/lib/utils.cr	processor API ported; png backend pending libspng dependency
lib/utils/imageutil.go::func::SplicePngVertical	func	partial	src/rod/lib/utils.cr	jpeg parity covered; png path blocked by environment dependency
lib/utils/imageutil.go::method::jpegProcessor.Decode	method	ported	src/rod/lib/utils.cr	JpegProcessor#decode ported
lib/utils/imageutil.go::method::jpegProcessor.Encode	method	ported	src/rod/lib/utils.cr	JpegProcessor#encode ported
lib/utils/imageutil.go::method::pngProcessor.Decode	method	partial	src/rod/lib/utils.cr	PngProcessor stub raises unsupported in current build
lib/utils/imageutil.go::method::pngProcessor.Encode	method	partial	src/rod/lib/utils.cr	PngProcessor stub raises unsupported in current build
lib/utils/imageutil.go::struct::ImgOption	struct	ported	src/rod/lib/utils.cr	ImgOption ported
lib/utils/imageutil.go::struct::ImgWithBox	struct	ported	src/rod/lib/utils.cr	ImgWithBox ported
lib/utils/imageutil.go::type::ImgProcessor	type	ported	src/rod/lib/utils.cr	ImgProcessor interface ported
lib/utils/imageutil_test.go::test::TestNewImgProcessor	test	partial	spec/screenshot_spec.cr	jpeg+unsupported-format parity ported; png/default pending dependency
lib/utils/imageutil_test.go::test::TestSplicePngVertical	test	partial	spec/screenshot_spec.cr	jpeg parity covered; png path pending dependency
lib/utils/shell/shell.go::func::Shell	func	missing		auto-generated
lib/utils/sleeper.go::func::BackoffSleeper	func	missing		auto-generated
lib/utils/sleeper.go::func::CountSleeper	func	missing		auto-generated
lib/utils/sleeper.go::func::DefaultBackoff	func	missing		auto-generated
lib/utils/sleeper.go::func::EachSleepers	func	missing		auto-generated
lib/utils/sleeper.go::func::RaceSleepers	func	missing		auto-generated
lib/utils/sleeper.go::func::Retry	func	missing		auto-generated
lib/utils/sleeper.go::func::Sleep	func	missing		auto-generated
lib/utils/sleeper.go::method::MaxSleepCountError.Error	method	missing		auto-generated
lib/utils/sleeper.go::method::MaxSleepCountError.Is	method	missing		auto-generated
lib/utils/sleeper.go::struct::MaxSleepCountError	struct	missing		auto-generated
lib/utils/sleeper.go::type::Sleeper	type	missing		auto-generated
lib/utils/sleeper_test.go::test::TestBackoffSleeperWakeNow	test	missing		auto-generated
lib/utils/sleeper_test.go::test::TestCountSleeperCancel	test	missing		auto-generated
lib/utils/sleeper_test.go::test::TestCountSleeperErr	test	missing		auto-generated
lib/utils/sleeper_test.go::test::TestEachSleepers	test	missing		auto-generated
lib/utils/sleeper_test.go::test::TestRaceSleepers	test	missing		auto-generated
lib/utils/sleeper_test.go::test::TestRetry	test	missing		auto-generated
lib/utils/sleeper_test.go::test::TestRetryCancel	test	missing		auto-generated
lib/utils/utils.go::func::AbsolutePaths	func	missing		auto-generated
lib/utils/utils.go::func::All	func	missing		auto-generated
lib/utils/utils.go::func::CropImage	func	missing		auto-generated
lib/utils/utils.go::func::Dump	func	missing		auto-generated
lib/utils/utils.go::func::E	func	missing		auto-generated
lib/utils/utils.go::func::EscapeGoString	func	missing		auto-generated
lib/utils/utils.go::func::Exec	func	missing		auto-generated
lib/utils/utils.go::func::ExecLine	func	missing		auto-generated
lib/utils/utils.go::func::FileExists	func	missing		auto-generated
lib/utils/utils.go::func::FormatCLIArgs	func	missing		auto-generated
lib/utils/utils.go::func::Mkdir	func	missing		auto-generated
lib/utils/utils.go::func::MultiLogger	func	missing		auto-generated
lib/utils/utils.go::func::MustToJSON	func	missing		auto-generated
lib/utils/utils.go::func::MustToJSONBytes	func	missing		auto-generated
lib/utils/utils.go::func::NewIdleCounter	func	missing		auto-generated
lib/utils/utils.go::func::Noop	func	missing		auto-generated
lib/utils/utils.go::func::OutputFile	func	missing		auto-generated
lib/utils/utils.go::func::Pause	func	missing		auto-generated
lib/utils/utils.go::func::RandString	func	missing		auto-generated
lib/utils/utils.go::func::ReadString	func	missing		auto-generated
lib/utils/utils.go::func::S	func	missing		auto-generated
lib/utils/utils.go::func::UseNode	func	missing		auto-generated
lib/utils/utils.go::method::IdleCounter.Add	method	missing		auto-generated
lib/utils/utils.go::method::IdleCounter.Done	method	missing		auto-generated
lib/utils/utils.go::method::IdleCounter.Wait	method	missing		auto-generated
lib/utils/utils.go::method::Log.Println	method	missing		auto-generated
lib/utils/utils.go::struct::IdleCounter	struct	missing		auto-generated
lib/utils/utils.go::type::Log	type	missing		auto-generated
lib/utils/utils.go::type::Logger	type	missing		auto-generated
lib/utils/utils_test.go::test::TestAbsolutePaths	test	missing		auto-generated
lib/utils/utils_test.go::test::TestAll	test	missing		auto-generated
lib/utils/utils_test.go::test::TestCropImage	test	missing		auto-generated
lib/utils/utils_test.go::test::TestEscapeGoString	test	missing		auto-generated
lib/utils/utils_test.go::test::TestExec	test	missing		auto-generated
lib/utils/utils_test.go::test::TestExecErr	test	missing		auto-generated
lib/utils/utils_test.go::test::TestFileExists	test	missing		auto-generated
lib/utils/utils_test.go::test::TestFormatCLIArgs	test	missing		auto-generated
lib/utils/utils_test.go::test::TestGenerateRandomString	test	missing		auto-generated
lib/utils/utils_test.go::test::TestIdleCounter	test	missing		auto-generated
lib/utils/utils_test.go::test::TestMkdir	test	missing		auto-generated
lib/utils/utils_test.go::test::TestMustToJSON	test	missing		auto-generated
lib/utils/utils_test.go::test::TestNoop	test	missing		auto-generated
lib/utils/utils_test.go::test::TestOutputBytes	test	missing		auto-generated
lib/utils/utils_test.go::test::TestOutputJSONErr	test	missing		auto-generated
lib/utils/utils_test.go::test::TestOutputStream	test	missing		auto-generated
lib/utils/utils_test.go::test::TestOutputString	test	missing		auto-generated
lib/utils/utils_test.go::test::TestPause	test	missing		auto-generated
lib/utils/utils_test.go::test::TestSTemplate	test	missing		auto-generated
lib/utils/utils_test.go::test::TestSleep	test	missing		auto-generated
lib/utils/utils_test.go::test::TestTestE	test	missing		auto-generated
lib/utils/utils_test.go::test::TestTestLog	test	missing		auto-generated
lib/utils/utils_test.go::test::TestUseNode	test	missing		auto-generated
must.go::method::Browser.MustClose	method	missing		auto-generated
must.go::method::Browser.MustConnect	method	missing		auto-generated
must.go::method::Browser.MustGetCookies	method	missing		auto-generated
must.go::method::Browser.MustHandleAuth	method	missing		auto-generated
must.go::method::Browser.MustIgnoreCertErrors	method	missing		auto-generated
must.go::method::Browser.MustIncognito	method	missing		auto-generated
must.go::method::Browser.MustPage	method	missing		auto-generated
must.go::method::Browser.MustPageFromTargetID	method	missing		auto-generated
must.go::method::Browser.MustPages	method	missing		auto-generated
must.go::method::Browser.MustSetCookies	method	missing		auto-generated
must.go::method::Browser.MustVersion	method	missing		auto-generated
must.go::method::Browser.MustWaitDownload	method	missing		auto-generated
must.go::method::Browser.WithPanic	method	missing		auto-generated
must.go::method::Element.MustAttribute	method	missing		auto-generated
must.go::method::Element.MustBackgroundImage	method	missing		auto-generated
must.go::method::Element.MustBlur	method	missing		auto-generated
must.go::method::Element.MustCanvasToImage	method	missing		auto-generated
must.go::method::Element.MustClick	method	missing		auto-generated
must.go::method::Element.MustContainsElement	method	missing		auto-generated
must.go::method::Element.MustDescribe	method	missing		auto-generated
must.go::method::Element.MustDisabled	method	missing		auto-generated
must.go::method::Element.MustDoubleClick	method	missing		auto-generated
must.go::method::Element.MustElement	method	missing		auto-generated
must.go::method::Element.MustElementByJS	method	missing		auto-generated
must.go::method::Element.MustElementR	method	missing		auto-generated
must.go::method::Element.MustElementX	method	missing		auto-generated
must.go::method::Element.MustElements	method	missing		auto-generated
must.go::method::Element.MustElementsByJS	method	missing		auto-generated
must.go::method::Element.MustElementsX	method	missing		auto-generated
must.go::method::Element.MustEqual	method	missing		auto-generated
must.go::method::Element.MustEval	method	missing		auto-generated
must.go::method::Element.MustFocus	method	missing		auto-generated
must.go::method::Element.MustFrame	method	missing		auto-generated
must.go::method::Element.MustGetXPath	method	missing		auto-generated
must.go::method::Element.MustHTML	method	missing		auto-generated
must.go::method::Element.MustHas	method	missing		auto-generated
must.go::method::Element.MustHasR	method	missing		auto-generated
must.go::method::Element.MustHasX	method	missing		auto-generated
must.go::method::Element.MustHover	method	missing		auto-generated
must.go::method::Element.MustInput	method	missing		auto-generated
must.go::method::Element.MustInputColor	method	missing		auto-generated
must.go::method::Element.MustInputTime	method	missing		auto-generated
must.go::method::Element.MustInteractable	method	missing		auto-generated
must.go::method::Element.MustKeyActions	method	missing		auto-generated
must.go::method::Element.MustMatches	method	missing		auto-generated
must.go::method::Element.MustMoveMouseOut	method	missing		auto-generated
must.go::method::Element.MustNext	method	missing		auto-generated
must.go::method::Element.MustParent	method	missing		auto-generated
must.go::method::Element.MustParents	method	missing		auto-generated
must.go::method::Element.MustPrevious	method	missing		auto-generated
must.go::method::Element.MustProperty	method	missing		auto-generated
must.go::method::Element.MustRelease	method	missing		auto-generated
must.go::method::Element.MustRemove	method	missing		auto-generated
must.go::method::Element.MustResource	method	missing		auto-generated
must.go::method::Element.MustScreenshot	method	missing		auto-generated
must.go::method::Element.MustScrollIntoView	method	missing		auto-generated
must.go::method::Element.MustSelect	method	missing		auto-generated
must.go::method::Element.MustSelectAllText	method	missing		auto-generated
must.go::method::Element.MustSelectText	method	missing		auto-generated
must.go::method::Element.MustSetFiles	method	missing		auto-generated
must.go::method::Element.MustShadowRoot	method	missing		auto-generated
must.go::method::Element.MustShape	method	missing		auto-generated
must.go::method::Element.MustTap	method	missing		auto-generated
must.go::method::Element.MustText	method	missing		auto-generated
must.go::method::Element.MustType	method	missing		auto-generated
must.go::method::Element.MustVisible	method	missing		auto-generated
must.go::method::Element.MustWait	method	missing		auto-generated
must.go::method::Element.MustWaitEnabled	method	missing		auto-generated
must.go::method::Element.MustWaitInteractable	method	missing		auto-generated
must.go::method::Element.MustWaitInvisible	method	missing		auto-generated
must.go::method::Element.MustWaitLoad	method	missing		auto-generated
must.go::method::Element.MustWaitStable	method	missing		auto-generated
must.go::method::Element.MustWaitVisible	method	missing		auto-generated
must.go::method::Element.MustWaitWritable	method	missing		auto-generated
must.go::method::Element.WithPanic	method	missing		auto-generated
must.go::method::Hijack.MustLoadResponse	method	missing		auto-generated
must.go::method::HijackRouter.MustAdd	method	missing		auto-generated
must.go::method::HijackRouter.MustRemove	method	missing		auto-generated
must.go::method::HijackRouter.MustStop	method	missing		auto-generated
must.go::method::KeyActions.MustDo	method	missing		auto-generated
must.go::method::Keyboard.MustType	method	missing		auto-generated
must.go::method::Mouse.MustClick	method	missing		auto-generated
must.go::method::Mouse.MustDown	method	missing		auto-generated
must.go::method::Mouse.MustMoveTo	method	missing		auto-generated
must.go::method::Mouse.MustScroll	method	missing		auto-generated
must.go::method::Mouse.MustUp	method	missing		auto-generated
must.go::method::Page.MustActivate	method	missing		auto-generated
must.go::method::Page.MustAddScriptTag	method	missing		auto-generated
must.go::method::Page.MustAddStyleTag	method	missing		auto-generated
must.go::method::Page.MustCaptureDOMSnapshot	method	missing		auto-generated
must.go::method::Page.MustClose	method	missing		auto-generated
must.go::method::Page.MustCookies	method	missing		auto-generated
must.go::method::Page.MustElement	method	missing		auto-generated
must.go::method::Page.MustElementByJS	method	missing		auto-generated
must.go::method::Page.MustElementFromNode	method	missing		auto-generated
must.go::method::Page.MustElementFromPoint	method	missing		auto-generated
must.go::method::Page.MustElementR	method	missing		auto-generated
must.go::method::Page.MustElementX	method	missing		auto-generated
must.go::method::Page.MustElements	method	missing		auto-generated
must.go::method::Page.MustElementsByJS	method	missing		auto-generated
must.go::method::Page.MustElementsX	method	missing		auto-generated
must.go::method::Page.MustEmulate	method	missing		auto-generated
must.go::method::Page.MustEval	method	missing		auto-generated
must.go::method::Page.MustEvalOnNewDocument	method	missing		auto-generated
must.go::method::Page.MustEvaluate	method	missing		auto-generated
must.go::method::Page.MustExpose	method	missing		auto-generated
must.go::method::Page.MustGetWindow	method	missing		auto-generated
must.go::method::Page.MustHTML	method	missing		auto-generated
must.go::method::Page.MustHandleDialog	method	missing		auto-generated
must.go::method::Page.MustHandleFileDialog	method	missing		auto-generated
must.go::method::Page.MustHas	method	missing		auto-generated
must.go::method::Page.MustHasR	method	missing		auto-generated
must.go::method::Page.MustHasX	method	missing		auto-generated
must.go::method::Page.MustInfo	method	missing		auto-generated
must.go::method::Page.MustInsertText	method	missing		auto-generated
must.go::method::Page.MustNavigate	method	missing		auto-generated
must.go::method::Page.MustNavigateBack	method	missing		auto-generated
must.go::method::Page.MustNavigateForward	method	missing		auto-generated
must.go::method::Page.MustObjectToJSON	method	missing		auto-generated
must.go::method::Page.MustObjectsToJSON	method	missing		auto-generated
must.go::method::Page.MustPDF	method	missing		auto-generated
must.go::method::Page.MustRelease	method	missing		auto-generated
must.go::method::Page.MustReload	method	missing		auto-generated
must.go::method::Page.MustResetNavigationHistory	method	missing		auto-generated
must.go::method::Page.MustScreenshot	method	missing		auto-generated
must.go::method::Page.MustScreenshotFullPage	method	missing		auto-generated
must.go::method::Page.MustScrollScreenshot	method	missing		auto-generated
must.go::method::Page.MustSearch	method	missing		auto-generated
must.go::method::Page.MustSetBlockedURLs	method	missing		auto-generated
must.go::method::Page.MustSetCookies	method	missing		auto-generated
must.go::method::Page.MustSetDocumentContent	method	missing		auto-generated
must.go::method::Page.MustSetExtraHeaders	method	missing		auto-generated
must.go::method::Page.MustSetUserAgent	method	missing		auto-generated
must.go::method::Page.MustSetViewport	method	missing		auto-generated
must.go::method::Page.MustSetWindow	method	missing		auto-generated
must.go::method::Page.MustStopLoading	method	missing		auto-generated
must.go::method::Page.MustTriggerFavicon	method	missing		auto-generated
must.go::method::Page.MustWait	method	missing		auto-generated
must.go::method::Page.MustWaitDOMStable	method	missing		auto-generated
must.go::method::Page.MustWaitElementsMoreThan	method	missing		auto-generated
must.go::method::Page.MustWaitIdle	method	missing		auto-generated
must.go::method::Page.MustWaitLoad	method	missing		auto-generated
must.go::method::Page.MustWaitNavigation	method	missing		auto-generated
must.go::method::Page.MustWaitOpen	method	missing		auto-generated
must.go::method::Page.MustWaitRequestIdle	method	missing		auto-generated
must.go::method::Page.MustWaitStable	method	missing		auto-generated
must.go::method::Page.MustWindowFullscreen	method	missing		auto-generated
must.go::method::Page.MustWindowMaximize	method	missing		auto-generated
must.go::method::Page.MustWindowMinimize	method	missing		auto-generated
must.go::method::Page.MustWindowNormal	method	missing		auto-generated
must.go::method::Page.WithPanic	method	missing		auto-generated
must.go::method::Pages.MustFind	method	missing		auto-generated
must.go::method::Pages.MustFindByURL	method	missing		auto-generated
must.go::method::Pool[T].MustGet	method	missing		auto-generated
must.go::method::RaceContext.MustDo	method	missing		auto-generated
must.go::method::RaceContext.MustElementByJS	method	missing		auto-generated
must.go::method::RaceContext.MustHandle	method	missing		auto-generated
must.go::method::Touch.MustCancel	method	missing		auto-generated
must.go::method::Touch.MustEnd	method	missing		auto-generated
must.go::method::Touch.MustMove	method	missing		auto-generated
must.go::method::Touch.MustStart	method	missing		auto-generated
must.go::method::Touch.MustTap	method	missing		auto-generated
must_test.go::test::TestBrowserWithPanic	test	missing		auto-generated
must_test.go::test::TestElementWithPanic	test	missing		auto-generated
must_test.go::test::TestPageWithPanic	test	missing		auto-generated
page.go::method::Page.Activate	method	missing		auto-generated
page.go::method::Page.AddScriptTag	method	missing		auto-generated
page.go::method::Page.AddStyleTag	method	missing		auto-generated
page.go::method::Page.Browser	method	missing		auto-generated
page.go::method::Page.Call	method	missing		auto-generated
page.go::method::Page.CaptureDOMSnapshot	method	missing		auto-generated
page.go::method::Page.Close	method	missing		auto-generated
page.go::method::Page.Cookies	method	missing		auto-generated
page.go::method::Page.EachEvent	method	missing		auto-generated
page.go::method::Page.ElementFromNode	method	missing		auto-generated
page.go::method::Page.ElementFromObject	method	missing		auto-generated
page.go::method::Page.ElementFromPoint	method	missing		auto-generated
page.go::method::Page.Emulate	method	missing		auto-generated
page.go::method::Page.EvalOnNewDocument	method	missing		auto-generated
page.go::method::Page.Event	method	missing		auto-generated
page.go::method::Page.GetNavigationHistory	method	missing		auto-generated
page.go::method::Page.GetResource	method	missing		auto-generated
page.go::method::Page.GetSessionID	method	missing		auto-generated
page.go::method::Page.GetWindow	method	missing		auto-generated
page.go::method::Page.HTML	method	missing		auto-generated
page.go::method::Page.HandleDialog	method	missing		auto-generated
page.go::method::Page.HandleFileDialog	method	missing		auto-generated
page.go::method::Page.Info	method	missing		auto-generated
page.go::method::Page.IsIframe	method	missing		auto-generated
page.go::method::Page.Navigate	method	missing		auto-generated
page.go::method::Page.NavigateBack	method	missing		auto-generated
page.go::method::Page.NavigateForward	method	missing		auto-generated
page.go::method::Page.ObjectToJSON	method	missing		auto-generated
page.go::method::Page.PDF	method	missing		auto-generated
page.go::method::Page.Release	method	missing		auto-generated
page.go::method::Page.Reload	method	missing		auto-generated
page.go::method::Page.ResetNavigationHistory	method	missing		auto-generated
page.go::method::Page.Screenshot	method	missing		auto-generated
page.go::method::Page.ScrollScreenshot	method	missing		auto-generated
page.go::method::Page.SetBlockedURLs	method	missing		auto-generated
page.go::method::Page.SetCookies	method	missing		auto-generated
page.go::method::Page.SetDocumentContent	method	missing		auto-generated
page.go::method::Page.SetExtraHeaders	method	missing		auto-generated
page.go::method::Page.SetUserAgent	method	missing		auto-generated
page.go::method::Page.SetViewport	method	missing		auto-generated
page.go::method::Page.SetWindow	method	missing		auto-generated
page.go::method::Page.StopLoading	method	missing		auto-generated
page.go::method::Page.String	method	missing		auto-generated
page.go::method::Page.TriggerFavicon	method	missing		auto-generated
page.go::method::Page.Wait	method	missing		auto-generated
page.go::method::Page.WaitDOMStable	method	missing		auto-generated
page.go::method::Page.WaitElementsMoreThan	method	missing		auto-generated
page.go::method::Page.WaitEvent	method	missing		auto-generated
page.go::method::Page.WaitIdle	method	missing		auto-generated
page.go::method::Page.WaitLoad	method	missing		auto-generated
page.go::method::Page.WaitNavigation	method	missing		auto-generated
page.go::method::Page.WaitOpen	method	missing		auto-generated
page.go::method::Page.WaitRepaint	method	missing		auto-generated
page.go::method::Page.WaitRequestIdle	method	missing		auto-generated
page.go::method::Page.WaitStable	method	missing		auto-generated
page.go::struct::Page	struct	missing		auto-generated
page.go::struct::ScrollScreenshotOptions	struct	missing		auto-generated
page_eval.go::func::Eval	func	missing		auto-generated
page_eval.go::method::EvalOptions.ByObject	method	missing		auto-generated
page_eval.go::method::EvalOptions.ByPromise	method	missing		auto-generated
page_eval.go::method::EvalOptions.ByUser	method	missing		auto-generated
page_eval.go::method::EvalOptions.String	method	missing		auto-generated
page_eval.go::method::EvalOptions.This	method	missing		auto-generated
page_eval.go::method::Page.Eval	method	missing		auto-generated
page_eval.go::method::Page.Evaluate	method	missing		auto-generated
page_eval.go::method::Page.Expose	method	missing		auto-generated
page_eval.go::struct::EvalOptions	struct	missing		auto-generated
page_eval_test.go::test::TestConcurrentEval	test	missing		auto-generated
page_eval_test.go::test::TestEnsureJSHelperErr	test	missing		auto-generated
page_eval_test.go::test::TestEvalObjectReferenceChainIsTooLong	test	missing		auto-generated
page_eval_test.go::test::TestEvalOptionsString	test	missing		auto-generated
page_eval_test.go::test::TestGetJSHelperRetry	test	missing		auto-generated
page_eval_test.go::test::TestObjectLeak	test	missing		auto-generated
page_eval_test.go::test::TestObjectRelease	test	missing		auto-generated
page_eval_test.go::test::TestPageEval	test	missing		auto-generated
page_eval_test.go::test::TestPageEvalOnNewDocument	test	missing		auto-generated
page_eval_test.go::test::TestPageEvaluateRetry	test	missing		auto-generated
page_eval_test.go::test::TestPageExpose	test	missing		auto-generated
page_eval_test.go::test::TestPageIframeReload	test	missing		auto-generated
page_eval_test.go::test::TestPageObjCrossNavigation	test	missing		auto-generated
page_eval_test.go::test::TestPageObjectErr	test	missing		auto-generated
page_eval_test.go::test::TestPageSlowRender	test	missing		auto-generated
page_eval_test.go::test::TestPageUpdateJSCtxIDErr	test	missing		auto-generated
page_eval_test.go::test::TestPromiseLeak	test	missing		auto-generated
page_test.go::test::TestAlert	test	missing		auto-generated
page_test.go::test::TestDisableDomain	test	missing		auto-generated
page_test.go::test::TestEmulateDevice	test	missing		auto-generated
page_test.go::test::TestFonts	test	missing		auto-generated
page_test.go::test::TestGetPageBrowser	test	missing		auto-generated
page_test.go::test::TestGetPageURL	test	missing		auto-generated
page_test.go::test::TestLoadState	test	missing		auto-generated
page_test.go::test::TestMustWaitElementsMoreThan	test	missing		auto-generated
page_test.go::test::TestPageActionAfterClose	test	missing		auto-generated
page_test.go::test::TestPageActivate	test	missing		auto-generated
page_test.go::test::TestPageAddScriptTag	test	missing		auto-generated
page_test.go::test::TestPageAddStyleTag	test	missing		auto-generated
page_test.go::test::TestPageCaptureDOMSnapshot	test	missing		auto-generated
page_test.go::test::TestPageCloseCancel	test	missing		auto-generated
page_test.go::test::TestPageCloseErr	test	missing		auto-generated
page_test.go::test::TestPageCloseWhenNotAttached	test	missing		auto-generated
page_test.go::test::TestPageConsoleLog	test	missing		auto-generated
page_test.go::test::TestPageContext	test	missing		auto-generated
page_test.go::test::TestPageElementFromObjectErr	test	missing		auto-generated
page_test.go::test::TestPageEvent	test	missing		auto-generated
page_test.go::test::TestPageEventSession	test	missing		auto-generated
page_test.go::test::TestPageHTML	test	missing		auto-generated
page_test.go::test::TestPageHandleFileDialog	test	missing		auto-generated
page_test.go::test::TestPageNavigateBlank	test	missing		auto-generated
page_test.go::test::TestPageNavigateErr	test	missing		auto-generated
page_test.go::test::TestPageNavigateNetworkErr	test	missing		auto-generated
page_test.go::test::TestPageNavigation	test	missing		auto-generated
page_test.go::test::TestPagePDF	test	missing		auto-generated
page_test.go::test::TestPagePool	test	missing		auto-generated
page_test.go::test::TestPageResetNavigationHistory	test	missing		auto-generated
page_test.go::test::TestPageScreenshot	test	missing		auto-generated
page_test.go::test::TestPageStopEventAfterDetach	test	missing		auto-generated
page_test.go::test::TestPageTriggerFavicon	test	missing		auto-generated
page_test.go::test::TestPageUseNonExistSession	test	missing		auto-generated
page_test.go::test::TestPageWait	test	missing		auto-generated
page_test.go::test::TestPageWaitDOMStable	test	missing		auto-generated
page_test.go::test::TestPageWaitEvent	test	missing		auto-generated
page_test.go::test::TestPageWaitEventParseEventOnlyOnce	test	missing		auto-generated
page_test.go::test::TestPageWaitIdle	test	missing		auto-generated
page_test.go::test::TestPageWaitLoadErr	test	missing		auto-generated
page_test.go::test::TestPageWaitNavigation	test	missing		auto-generated
page_test.go::test::TestPageWaitOpen	test	missing		auto-generated
page_test.go::test::TestPageWaitRequestIdle	test	missing		auto-generated
page_test.go::test::TestPageWaitStable	test	missing		auto-generated
page_test.go::test::TestScreenshotFullPage	test	missing		auto-generated
page_test.go::test::TestScreenshotFullPageInit	test	missing		auto-generated
page_test.go::test::TestScrollScreenshot	test	missing		auto-generated
page_test.go::test::TestScrollScreenshotErrors	test	missing		auto-generated
page_test.go::test::TestSetBlockedURLs	test	missing		auto-generated
page_test.go::test::TestSetCookies	test	missing		auto-generated
page_test.go::test::TestSetDocumentContent	test	missing		auto-generated
page_test.go::test::TestSetExtraHeaders	test	missing		auto-generated
page_test.go::test::TestSetUserAgent	test	missing		auto-generated
page_test.go::test::TestSetViewport	test	missing		auto-generated
page_test.go::test::TestWindow	test	missing		auto-generated
query.go::const::SelectorTypeCSSSector	const	missing		auto-generated
query.go::const::SelectorTypeRegex	const	missing		auto-generated
query.go::const::SelectorTypeText	const	missing		auto-generated
query.go::method::Element.Element	method	missing		auto-generated
query.go::method::Element.ElementByJS	method	missing		auto-generated
query.go::method::Element.ElementR	method	missing		auto-generated
query.go::method::Element.ElementX	method	missing		auto-generated
query.go::method::Element.Elements	method	missing		auto-generated
query.go::method::Element.ElementsByJS	method	missing		auto-generated
query.go::method::Element.ElementsX	method	missing		auto-generated
query.go::method::Element.Has	method	missing		auto-generated
query.go::method::Element.HasR	method	missing		auto-generated
query.go::method::Element.HasX	method	missing		auto-generated
query.go::method::Element.Next	method	missing		auto-generated
query.go::method::Element.Parent	method	missing		auto-generated
query.go::method::Element.Parents	method	missing		auto-generated
query.go::method::Element.Previous	method	missing		auto-generated
query.go::method::Elements.Empty	method	missing		auto-generated
query.go::method::Elements.First	method	missing		auto-generated
query.go::method::Elements.Last	method	missing		auto-generated
query.go::method::Page.Element	method	missing		auto-generated
query.go::method::Page.ElementByJS	method	missing		auto-generated
query.go::method::Page.ElementR	method	missing		auto-generated
query.go::method::Page.ElementX	method	missing		auto-generated
query.go::method::Page.Elements	method	missing		auto-generated
query.go::method::Page.ElementsByJS	method	missing		auto-generated
query.go::method::Page.ElementsX	method	missing		auto-generated
query.go::method::Page.Has	method	missing		auto-generated
query.go::method::Page.HasR	method	missing		auto-generated
query.go::method::Page.HasX	method	missing		auto-generated
query.go::method::Page.Race	method	missing		auto-generated
query.go::method::Page.Search	method	missing		auto-generated
query.go::method::Pages.Empty	method	missing		auto-generated
query.go::method::Pages.Find	method	missing		auto-generated
query.go::method::Pages.FindByURL	method	missing		auto-generated
query.go::method::Pages.First	method	missing		auto-generated
query.go::method::Pages.Last	method	missing		auto-generated
query.go::method::RaceContext.Do	method	missing		auto-generated
query.go::method::RaceContext.Element	method	missing		auto-generated
query.go::method::RaceContext.ElementByJS	method	missing		auto-generated
query.go::method::RaceContext.ElementFunc	method	missing		auto-generated
query.go::method::RaceContext.ElementR	method	missing		auto-generated
query.go::method::RaceContext.ElementX	method	missing		auto-generated
query.go::method::RaceContext.Handle	method	missing		auto-generated
query.go::method::RaceContext.Search	method	missing		auto-generated
query.go::method::SearchResult.All	method	missing		auto-generated
query.go::method::SearchResult.Get	method	missing		auto-generated
query.go::method::SearchResult.Release	method	missing		auto-generated
query.go::struct::RaceContext	struct	missing		auto-generated
query.go::struct::SearchResult	struct	missing		auto-generated
query.go::type::Elements	type	missing		auto-generated
query.go::type::Pages	type	missing		auto-generated
query.go::type::SelectorType	type	missing		auto-generated
query_test.go::test::TestElementFromElement	test	missing		auto-generated
query_test.go::test::TestElementFromElementX	test	missing		auto-generated
query_test.go::test::TestElementHas	test	missing		auto-generated
query_test.go::test::TestElementParent	test	missing		auto-generated
query_test.go::test::TestElementParents	test	missing		auto-generated
query_test.go::test::TestElementR	test	missing		auto-generated
query_test.go::test::TestElementSiblings	test	missing		auto-generated
query_test.go::test::TestElementTracing	test	missing		auto-generated
query_test.go::test::TestElementsFromElement	test	missing		auto-generated
query_test.go::test::TestElementsFromElementsX	test	missing		auto-generated
query_test.go::test::TestElementsOthers	test	missing		auto-generated
query_test.go::test::TestPageElementByJS	test	missing		auto-generated
query_test.go::test::TestPageElementMaxRetry	test	missing		auto-generated
query_test.go::test::TestPageElementTimeout	test	missing		auto-generated
query_test.go::test::TestPageElementX	test	missing		auto-generated
query_test.go::test::TestPageElements	test	missing		auto-generated
query_test.go::test::TestPageElementsByJS	test	missing		auto-generated
query_test.go::test::TestPageElementsX	test	missing		auto-generated
query_test.go::test::TestPageHas	test	missing		auto-generated
query_test.go::test::TestPageRace	test	missing		auto-generated
query_test.go::test::TestPageRaceRetryInHandle	test	missing		auto-generated
query_test.go::test::TestPageRaceSearchCrossIframe	test	missing		auto-generated
query_test.go::test::TestPagesOthers	test	missing		auto-generated
query_test.go::test::TestPagesQuery	test	missing		auto-generated
query_test.go::test::TestSearch	test	missing		auto-generated
query_test.go::test::TestSearchElements	test	missing		auto-generated
query_test.go::test::TestSearchIframes	test	missing		auto-generated
query_test.go::test::TestSearchIframesAfterReload	test	missing		auto-generated
rod_test.go::test::TestRod	test	missing		auto-generated
setup_test.go::test::TestLintIgnore	test	missing		auto-generated
setup_test.go::test::TestMain	test	missing		auto-generated
states.go::method::Browser.DisableDomain	method	missing		auto-generated
states.go::method::Browser.EnableDomain	method	missing		auto-generated
states.go::method::Browser.LoadState	method	missing		auto-generated
states.go::method::Browser.RemoveState	method	missing		auto-generated
states.go::method::Page.DisableDomain	method	missing		auto-generated
states.go::method::Page.EnableDomain	method	missing		auto-generated
states.go::method::Page.LoadState	method	missing		auto-generated
utils.go::func::NewBrowserPool	func	missing		auto-generated
utils.go::func::NewPagePool	func	missing		auto-generated
utils.go::func::NewStreamReader	func	missing		auto-generated
utils.go::func::Try	func	missing		auto-generated
utils.go::method::Message.Load	method	missing		auto-generated
utils.go::method::Pool[T].Cleanup	method	missing		auto-generated
utils.go::method::Pool[T].Get	method	missing		auto-generated
utils.go::method::Pool[T].Put	method	missing		auto-generated
utils.go::method::StreamReader.Close	method	missing		auto-generated
utils.go::method::StreamReader.Read	method	missing		auto-generated
utils.go::struct::Message	struct	missing		auto-generated
utils.go::struct::StreamReader	struct	missing		auto-generated
utils.go::type::CDPClient	type	missing		auto-generated
utils.go::type::Pool[T	type	missing		auto-generated
