# go_source_id	status	crystal_refs	notes
browser.go::func::New	missing	TODO	baseline
browser.go::method::Call	missing	TODO	baseline
browser.go::method::Client	missing	TODO	baseline
browser.go::method::Close	missing	TODO	baseline
browser.go::method::Connect	missing	TODO	baseline
browser.go::method::ControlURL	missing	TODO	baseline
browser.go::method::DefaultDevice	missing	TODO	baseline
browser.go::method::EachEvent	missing	TODO	baseline
browser.go::method::Event	missing	TODO	baseline
browser.go::method::GetCookies	missing	TODO	baseline
browser.go::method::IgnoreCertErrors	missing	TODO	baseline
browser.go::method::Incognito	missing	TODO	baseline
browser.go::method::Logger	missing	TODO	baseline
browser.go::method::Monitor	missing	TODO	baseline
browser.go::method::NoDefaultDevice	missing	TODO	baseline
browser.go::method::Page	missing	TODO	baseline
browser.go::method::PageFromSession	missing	TODO	baseline
browser.go::method::PageFromTarget	missing	TODO	baseline
browser.go::method::Pages	missing	TODO	baseline
browser.go::method::SetCookies	missing	TODO	baseline
browser.go::method::SlowMotion	missing	TODO	baseline
browser.go::method::Trace	missing	TODO	baseline
browser.go::method::Version	missing	TODO	baseline
browser.go::method::WaitDownload	missing	TODO	baseline
browser.go::method::WaitEvent	missing	TODO	baseline
browser.go::type::Browser	missing	TODO	baseline
context.go::method::CancelTimeout	missing	TODO	baseline
context.go::method::Context	missing	TODO	baseline
context.go::method::GetContext	missing	TODO	baseline
context.go::method::Sleeper	missing	TODO	baseline
context.go::method::Timeout	missing	TODO	baseline
context.go::method::WithCancel	missing	TODO	baseline
dev_helpers.go::method::ExposeHelpers	missing	TODO	baseline
dev_helpers.go::method::Overlay	missing	TODO	baseline
dev_helpers.go::method::ServeMonitor	missing	TODO	baseline
dev_helpers.go::method::String	missing	TODO	baseline
dev_helpers.go::type::TraceType	missing	TODO	baseline
element.go::method::Attribute	missing	TODO	baseline
element.go::method::BackgroundImage	missing	TODO	baseline
element.go::method::Blur	missing	TODO	baseline
element.go::method::Call	missing	TODO	baseline
element.go::method::CanvasToImage	missing	TODO	baseline
element.go::method::Click	missing	TODO	baseline
element.go::method::ContainsElement	missing	TODO	baseline
element.go::method::Describe	missing	TODO	baseline
element.go::method::Disabled	missing	TODO	baseline
element.go::method::Equal	missing	TODO	baseline
element.go::method::Eval	missing	TODO	baseline
element.go::method::Evaluate	missing	TODO	baseline
element.go::method::Focus	missing	TODO	baseline
element.go::method::Frame	missing	TODO	baseline
element.go::method::GetSessionID	missing	TODO	baseline
element.go::method::GetXPath	missing	TODO	baseline
element.go::method::HTML	missing	TODO	baseline
element.go::method::Hover	missing	TODO	baseline
element.go::method::Input	missing	TODO	baseline
element.go::method::InputColor	missing	TODO	baseline
element.go::method::InputTime	missing	TODO	baseline
element.go::method::Interactable	missing	TODO	baseline
element.go::method::KeyActions	missing	TODO	baseline
element.go::method::Matches	missing	TODO	baseline
element.go::method::MoveMouseOut	missing	TODO	baseline
element.go::method::Page	missing	TODO	baseline
element.go::method::Property	missing	TODO	baseline
element.go::method::Release	missing	TODO	baseline
element.go::method::Remove	missing	TODO	baseline
element.go::method::Resource	missing	TODO	baseline
element.go::method::Screenshot	missing	TODO	baseline
element.go::method::ScrollIntoView	missing	TODO	baseline
element.go::method::Select	missing	TODO	baseline
element.go::method::SelectAllText	missing	TODO	baseline
element.go::method::SelectText	missing	TODO	baseline
element.go::method::SetFiles	missing	TODO	baseline
element.go::method::ShadowRoot	missing	TODO	baseline
element.go::method::Shape	missing	TODO	baseline
element.go::method::String	missing	TODO	baseline
element.go::method::Tap	missing	TODO	baseline
element.go::method::Text	missing	TODO	baseline
element.go::method::Type	missing	TODO	baseline
element.go::method::Visible	missing	TODO	baseline
element.go::method::Wait	missing	TODO	baseline
element.go::method::WaitEnabled	missing	TODO	baseline
element.go::method::WaitInteractable	missing	TODO	baseline
element.go::method::WaitInvisible	missing	TODO	baseline
element.go::method::WaitLoad	missing	TODO	baseline
element.go::method::WaitStable	missing	TODO	baseline
element.go::method::WaitStableRAF	missing	TODO	baseline
element.go::method::WaitVisible	missing	TODO	baseline
element.go::method::WaitWritable	missing	TODO	baseline
element.go::type::Element	missing	TODO	baseline
error.go::func::NotFoundSleeper	missing	TODO	baseline
error.go::method::Error	missing	TODO	baseline
error.go::method::Is	missing	TODO	baseline
error.go::method::Unwrap	missing	TODO	baseline
error.go::type::CoveredError	missing	TODO	baseline
error.go::type::ElementNotFoundError	missing	TODO	baseline
error.go::type::EvalError	missing	TODO	baseline
error.go::type::ExpectElementError	missing	TODO	baseline
error.go::type::ExpectElementsError	missing	TODO	baseline
error.go::type::InvisibleShapeError	missing	TODO	baseline
error.go::type::NavigationError	missing	TODO	baseline
error.go::type::NoPointerEventsError	missing	TODO	baseline
error.go::type::NoShadowRootError	missing	TODO	baseline
error.go::type::NotInteractableError	missing	TODO	baseline
error.go::type::ObjectNotFoundError	missing	TODO	baseline
error.go::type::PageCloseCanceledError	missing	TODO	baseline
error.go::type::PageNotFoundError	missing	TODO	baseline
error.go::type::TryError	missing	TODO	baseline
hijack.go::method::Add	missing	TODO	baseline
hijack.go::method::AddHeader	missing	TODO	baseline
hijack.go::method::Body	missing	TODO	baseline
hijack.go::method::ContinueRequest	missing	TODO	baseline
hijack.go::method::Fail	missing	TODO	baseline
hijack.go::method::HandleAuth	missing	TODO	baseline
hijack.go::method::Header	missing	TODO	baseline
hijack.go::method::Headers	missing	TODO	baseline
hijack.go::method::HijackRequests	missing	TODO	baseline
hijack.go::method::IsNavigation	missing	TODO	baseline
hijack.go::method::JSONBody	missing	TODO	baseline
hijack.go::method::LoadResponse	missing	TODO	baseline
hijack.go::method::Method	missing	TODO	baseline
hijack.go::method::Payload	missing	TODO	baseline
hijack.go::method::Remove	missing	TODO	baseline
hijack.go::method::Req	missing	TODO	baseline
hijack.go::method::Run	missing	TODO	baseline
hijack.go::method::SetBody	missing	TODO	baseline
hijack.go::method::SetContext	missing	TODO	baseline
hijack.go::method::SetHeader	missing	TODO	baseline
hijack.go::method::Stop	missing	TODO	baseline
hijack.go::method::Type	missing	TODO	baseline
hijack.go::method::URL	missing	TODO	baseline
hijack.go::type::Hijack	missing	TODO	baseline
hijack.go::type::HijackRequest	missing	TODO	baseline
hijack.go::type::HijackResponse	missing	TODO	baseline
hijack.go::type::HijackRouter	missing	TODO	baseline
input.go::method::Cancel	missing	TODO	baseline
input.go::method::Click	missing	TODO	baseline
input.go::method::Do	missing	TODO	baseline
input.go::method::Down	missing	TODO	baseline
input.go::method::End	missing	TODO	baseline
input.go::method::InsertText	missing	TODO	baseline
input.go::method::KeyActions	missing	TODO	baseline
input.go::method::Move	missing	TODO	baseline
input.go::method::MoveAlong	missing	TODO	baseline
input.go::method::MoveLinear	missing	TODO	baseline
input.go::method::MoveTo	missing	TODO	baseline
input.go::method::Position	missing	TODO	baseline
input.go::method::Press	missing	TODO	baseline
input.go::method::Release	missing	TODO	baseline
input.go::method::Scroll	missing	TODO	baseline
input.go::method::Start	missing	TODO	baseline
input.go::method::Tap	missing	TODO	baseline
input.go::method::Type	missing	TODO	baseline
input.go::method::Up	missing	TODO	baseline
input.go::type::KeyAction	missing	TODO	baseline
input.go::type::KeyActionType	missing	TODO	baseline
input.go::type::KeyActions	missing	TODO	baseline
input.go::type::Keyboard	missing	TODO	baseline
input.go::type::Mouse	missing	TODO	baseline
input.go::type::Touch	missing	TODO	baseline
lib/cdp/client.go::func::New	missing	TODO	baseline
lib/cdp/client.go::method::Call	missing	TODO	baseline
lib/cdp/client.go::method::Event	missing	TODO	baseline
lib/cdp/client.go::method::Logger	missing	TODO	baseline
lib/cdp/client.go::method::Start	missing	TODO	baseline
lib/cdp/client.go::type::Client	missing	TODO	baseline
lib/cdp/client.go::type::Event	missing	TODO	baseline
lib/cdp/client.go::type::Request	missing	TODO	baseline
lib/cdp/client.go::type::Response	missing	TODO	baseline
lib/cdp/client.go::type::WebSocketable	missing	TODO	baseline
lib/cdp/error.go::method::Error	missing	TODO	baseline
lib/cdp/error.go::method::Is	missing	TODO	baseline
lib/cdp/error.go::type::Error	missing	TODO	baseline
lib/cdp/format.go::method::String	missing	TODO	baseline
lib/cdp/utils.go::func::MustConnectWS	missing	TODO	baseline
lib/cdp/utils.go::func::MustStartWithURL	missing	TODO	baseline
lib/cdp/utils.go::func::StartWithURL	missing	TODO	baseline
lib/cdp/utils.go::method::DialContext	missing	TODO	baseline
lib/cdp/utils.go::type::Dialer	missing	TODO	baseline
lib/cdp/websocket.go::method::Close	missing	TODO	baseline
lib/cdp/websocket.go::method::Connect	missing	TODO	baseline
lib/cdp/websocket.go::method::Error	missing	TODO	baseline
lib/cdp/websocket.go::method::Read	missing	TODO	baseline
lib/cdp/websocket.go::method::Send	missing	TODO	baseline
lib/cdp/websocket.go::type::BadHandshakeError	missing	TODO	baseline
lib/cdp/websocket.go::type::WebSocket	missing	TODO	baseline
lib/defaults/defaults.go::func::Reset	missing	TODO	baseline
lib/defaults/defaults.go::func::ResetWith	missing	TODO	baseline
lib/devices/device.go::method::IsClear	missing	TODO	baseline
lib/devices/device.go::method::Landscape	missing	TODO	baseline
lib/devices/device.go::method::MetricsEmulation	missing	TODO	baseline
lib/devices/device.go::method::TouchEmulation	missing	TODO	baseline
lib/devices/device.go::method::UserAgentEmulation	missing	TODO	baseline
lib/devices/device.go::type::Device	missing	TODO	baseline
lib/devices/device.go::type::Screen	missing	TODO	baseline
lib/devices/device.go::type::ScreenSize	missing	TODO	baseline
lib/examples/compare-chromedp/proxy/main.go::method::RoundTrip	missing	TODO	baseline
lib/examples/custom-websocket/main.go::func::NewWebSocket	missing	TODO	baseline
lib/examples/custom-websocket/main.go::method::Read	missing	TODO	baseline
lib/examples/custom-websocket/main.go::method::Send	missing	TODO	baseline
lib/examples/custom-websocket/main.go::type::WebSocket	missing	TODO	baseline
lib/input/keyboard.go::func::AddKey	missing	TODO	baseline
lib/input/keyboard.go::method::Encode	missing	TODO	baseline
lib/input/keyboard.go::method::Info	missing	TODO	baseline
lib/input/keyboard.go::method::Modifier	missing	TODO	baseline
lib/input/keyboard.go::method::Printable	missing	TODO	baseline
lib/input/keyboard.go::method::Shift	missing	TODO	baseline
lib/input/keyboard.go::type::Key	missing	TODO	baseline
lib/input/keyboard.go::type::KeyInfo	missing	TODO	baseline
lib/input/mouse.go::func::EncodeMouseButton	missing	TODO	baseline
lib/js/js.go::type::Function	missing	TODO	baseline
lib/launcher/browser.go::func::HostGoogle	missing	TODO	baseline
lib/launcher/browser.go::func::HostNPM	missing	TODO	baseline
lib/launcher/browser.go::func::HostPlaywright	missing	TODO	baseline
lib/launcher/browser.go::func::LookPath	missing	TODO	baseline
lib/launcher/browser.go::func::NewBrowser	missing	TODO	baseline
lib/launcher/browser.go::func::Open	missing	TODO	baseline
lib/launcher/browser.go::method::BinPath	missing	TODO	baseline
lib/launcher/browser.go::method::Dir	missing	TODO	baseline
lib/launcher/browser.go::method::Download	missing	TODO	baseline
lib/launcher/browser.go::method::Get	missing	TODO	baseline
lib/launcher/browser.go::method::MustGet	missing	TODO	baseline
lib/launcher/browser.go::method::Validate	missing	TODO	baseline
lib/launcher/browser.go::type::Browser	missing	TODO	baseline
lib/launcher/browser.go::type::Host	missing	TODO	baseline
lib/launcher/flags/flags.go::method::Check	missing	TODO	baseline
lib/launcher/flags/flags.go::method::NormalizeFlag	missing	TODO	baseline
lib/launcher/flags/flags.go::type::Flag	missing	TODO	baseline
lib/launcher/launcher.go::func::New	missing	TODO	baseline
lib/launcher/launcher.go::func::NewAppMode	missing	TODO	baseline
lib/launcher/launcher.go::func::NewUserMode	missing	TODO	baseline
lib/launcher/launcher.go::method::AlwaysOpenPDFExternally	missing	TODO	baseline
lib/launcher/launcher.go::method::Append	missing	TODO	baseline
lib/launcher/launcher.go::method::Bin	missing	TODO	baseline
lib/launcher/launcher.go::method::Cleanup	missing	TODO	baseline
lib/launcher/launcher.go::method::Context	missing	TODO	baseline
lib/launcher/launcher.go::method::Delete	missing	TODO	baseline
lib/launcher/launcher.go::method::Devtools	missing	TODO	baseline
lib/launcher/launcher.go::method::Env	missing	TODO	baseline
lib/launcher/launcher.go::method::FormatArgs	missing	TODO	baseline
lib/launcher/launcher.go::method::Get	missing	TODO	baseline
lib/launcher/launcher.go::method::GetFlags	missing	TODO	baseline
lib/launcher/launcher.go::method::Has	missing	TODO	baseline
lib/launcher/launcher.go::method::Headless	missing	TODO	baseline
lib/launcher/launcher.go::method::HeadlessNew	missing	TODO	baseline
lib/launcher/launcher.go::method::IgnoreCerts	missing	TODO	baseline
lib/launcher/launcher.go::method::Kill	missing	TODO	baseline
lib/launcher/launcher.go::method::Launch	missing	TODO	baseline
lib/launcher/launcher.go::method::Leakless	missing	TODO	baseline
lib/launcher/launcher.go::method::Logger	missing	TODO	baseline
lib/launcher/launcher.go::method::MustLaunch	missing	TODO	baseline
lib/launcher/launcher.go::method::NoSandbox	missing	TODO	baseline
lib/launcher/launcher.go::method::PID	missing	TODO	baseline
lib/launcher/launcher.go::method::Preferences	missing	TODO	baseline
lib/launcher/launcher.go::method::ProfileDir	missing	TODO	baseline
lib/launcher/launcher.go::method::Proxy	missing	TODO	baseline
lib/launcher/launcher.go::method::RemoteDebuggingPort	missing	TODO	baseline
lib/launcher/launcher.go::method::Revision	missing	TODO	baseline
lib/launcher/launcher.go::method::Set	missing	TODO	baseline
lib/launcher/launcher.go::method::StartURL	missing	TODO	baseline
lib/launcher/launcher.go::method::UserDataDir	missing	TODO	baseline
lib/launcher/launcher.go::method::WindowPosition	missing	TODO	baseline
lib/launcher/launcher.go::method::WindowSize	missing	TODO	baseline
lib/launcher/launcher.go::method::WorkingDir	missing	TODO	baseline
lib/launcher/launcher.go::method::XVFB	missing	TODO	baseline
lib/launcher/launcher.go::type::Launcher	missing	TODO	baseline
lib/launcher/manager.go::func::MustNewManaged	missing	TODO	baseline
lib/launcher/manager.go::func::NewManaged	missing	TODO	baseline
lib/launcher/manager.go::func::NewManager	missing	TODO	baseline
lib/launcher/manager.go::method::Client	missing	TODO	baseline
lib/launcher/manager.go::method::ClientHeader	missing	TODO	baseline
lib/launcher/manager.go::method::JSON	missing	TODO	baseline
lib/launcher/manager.go::method::KeepUserDataDir	missing	TODO	baseline
lib/launcher/manager.go::method::MustClient	missing	TODO	baseline
lib/launcher/manager.go::method::ServeHTTP	missing	TODO	baseline
lib/launcher/manager.go::type::Manager	missing	TODO	baseline
lib/launcher/url_parser.go::func::MustResolveURL	missing	TODO	baseline
lib/launcher/url_parser.go::func::NewURLParser	missing	TODO	baseline
lib/launcher/url_parser.go::func::ResolveURL	missing	TODO	baseline
lib/launcher/url_parser.go::method::Context	missing	TODO	baseline
lib/launcher/url_parser.go::method::Err	missing	TODO	baseline
lib/launcher/url_parser.go::method::Write	missing	TODO	baseline
lib/launcher/url_parser.go::type::URLParser	missing	TODO	baseline
lib/proto/a_interface.go::func::GetType	missing	TODO	baseline
lib/proto/a_interface.go::func::ParseMethodName	missing	TODO	baseline
lib/proto/a_interface.go::type::Client	missing	TODO	baseline
lib/proto/a_interface.go::type::Contextable	missing	TODO	baseline
lib/proto/a_interface.go::type::Event	missing	TODO	baseline
lib/proto/a_interface.go::type::Request	missing	TODO	baseline
lib/proto/a_interface.go::type::Sessionable	missing	TODO	baseline
lib/proto/a_patch.go::func::CookiesToParams	missing	TODO	baseline
lib/proto/a_patch.go::func::NewPoint	missing	TODO	baseline
lib/proto/a_patch.go::method::Add	missing	TODO	baseline
lib/proto/a_patch.go::method::Area	missing	TODO	baseline
lib/proto/a_patch.go::method::Box	missing	TODO	baseline
lib/proto/a_patch.go::method::Center	missing	TODO	baseline
lib/proto/a_patch.go::method::Duration	missing	TODO	baseline
lib/proto/a_patch.go::method::Each	missing	TODO	baseline
lib/proto/a_patch.go::method::Len	missing	TODO	baseline
lib/proto/a_patch.go::method::Minus	missing	TODO	baseline
lib/proto/a_patch.go::method::MoveTo	missing	TODO	baseline
lib/proto/a_patch.go::method::OnePointInside	missing	TODO	baseline
lib/proto/a_patch.go::method::Scale	missing	TODO	baseline
lib/proto/a_patch.go::method::String	missing	TODO	baseline
lib/proto/a_patch.go::method::Time	missing	TODO	baseline
lib/proto/a_patch.go::type::MonotonicTime	missing	TODO	baseline
lib/proto/a_patch.go::type::Point	missing	TODO	baseline
lib/proto/a_patch.go::type::Shape	missing	TODO	baseline
lib/proto/a_patch.go::type::TimeSinceEpoch	missing	TODO	baseline
lib/proto/a_utils.go::func::PatternToReg	missing	TODO	baseline
lib/proto/accessibility.go::method::Call	missing	TODO	baseline
lib/proto/accessibility.go::method::ProtoEvent	missing	TODO	baseline
lib/proto/accessibility.go::method::ProtoReq	missing	TODO	baseline
lib/proto/accessibility.go::type::AccessibilityAXNode	missing	TODO	baseline
lib/proto/accessibility.go::type::AccessibilityAXNodeID	missing	TODO	baseline
lib/proto/accessibility.go::type::AccessibilityAXProperty	missing	TODO	baseline
lib/proto/accessibility.go::type::AccessibilityAXPropertyName	missing	TODO	baseline
lib/proto/accessibility.go::type::AccessibilityAXRelatedNode	missing	TODO	baseline
lib/proto/accessibility.go::type::AccessibilityAXValue	missing	TODO	baseline
lib/proto/accessibility.go::type::AccessibilityAXValueNativeSourceType	missing	TODO	baseline
lib/proto/accessibility.go::type::AccessibilityAXValueSource	missing	TODO	baseline
lib/proto/accessibility.go::type::AccessibilityAXValueSourceType	missing	TODO	baseline
lib/proto/accessibility.go::type::AccessibilityAXValueType	missing	TODO	baseline
lib/proto/accessibility.go::type::AccessibilityDisable	missing	TODO	baseline
lib/proto/accessibility.go::type::AccessibilityEnable	missing	TODO	baseline
lib/proto/accessibility.go::type::AccessibilityGetAXNodeAndAncestors	missing	TODO	baseline
lib/proto/accessibility.go::type::AccessibilityGetAXNodeAndAncestorsResult	missing	TODO	baseline
lib/proto/accessibility.go::type::AccessibilityGetChildAXNodes	missing	TODO	baseline
lib/proto/accessibility.go::type::AccessibilityGetChildAXNodesResult	missing	TODO	baseline
lib/proto/accessibility.go::type::AccessibilityGetFullAXTree	missing	TODO	baseline
lib/proto/accessibility.go::type::AccessibilityGetFullAXTreeResult	missing	TODO	baseline
lib/proto/accessibility.go::type::AccessibilityGetPartialAXTree	missing	TODO	baseline
lib/proto/accessibility.go::type::AccessibilityGetPartialAXTreeResult	missing	TODO	baseline
lib/proto/accessibility.go::type::AccessibilityGetRootAXNode	missing	TODO	baseline
lib/proto/accessibility.go::type::AccessibilityGetRootAXNodeResult	missing	TODO	baseline
lib/proto/accessibility.go::type::AccessibilityLoadComplete	missing	TODO	baseline
lib/proto/accessibility.go::type::AccessibilityNodesUpdated	missing	TODO	baseline
lib/proto/accessibility.go::type::AccessibilityQueryAXTree	missing	TODO	baseline
lib/proto/accessibility.go::type::AccessibilityQueryAXTreeResult	missing	TODO	baseline
lib/proto/animation.go::method::Call	missing	TODO	baseline
lib/proto/animation.go::method::ProtoEvent	missing	TODO	baseline
lib/proto/animation.go::method::ProtoReq	missing	TODO	baseline
lib/proto/animation.go::type::AnimationAnimation	missing	TODO	baseline
lib/proto/animation.go::type::AnimationAnimationCanceled	missing	TODO	baseline
lib/proto/animation.go::type::AnimationAnimationCreated	missing	TODO	baseline
lib/proto/animation.go::type::AnimationAnimationEffect	missing	TODO	baseline
lib/proto/animation.go::type::AnimationAnimationStarted	missing	TODO	baseline
lib/proto/animation.go::type::AnimationAnimationType	missing	TODO	baseline
lib/proto/animation.go::type::AnimationAnimationUpdated	missing	TODO	baseline
lib/proto/animation.go::type::AnimationDisable	missing	TODO	baseline
lib/proto/animation.go::type::AnimationEnable	missing	TODO	baseline
lib/proto/animation.go::type::AnimationGetCurrentTime	missing	TODO	baseline
lib/proto/animation.go::type::AnimationGetCurrentTimeResult	missing	TODO	baseline
lib/proto/animation.go::type::AnimationGetPlaybackRate	missing	TODO	baseline
lib/proto/animation.go::type::AnimationGetPlaybackRateResult	missing	TODO	baseline
lib/proto/animation.go::type::AnimationKeyframeStyle	missing	TODO	baseline
lib/proto/animation.go::type::AnimationKeyframesRule	missing	TODO	baseline
lib/proto/animation.go::type::AnimationReleaseAnimations	missing	TODO	baseline
lib/proto/animation.go::type::AnimationResolveAnimation	missing	TODO	baseline
lib/proto/animation.go::type::AnimationResolveAnimationResult	missing	TODO	baseline
lib/proto/animation.go::type::AnimationSeekAnimations	missing	TODO	baseline
lib/proto/animation.go::type::AnimationSetPaused	missing	TODO	baseline
lib/proto/animation.go::type::AnimationSetPlaybackRate	missing	TODO	baseline
lib/proto/animation.go::type::AnimationSetTiming	missing	TODO	baseline
lib/proto/animation.go::type::AnimationViewOrScrollTimeline	missing	TODO	baseline
lib/proto/audits.go::method::Call	missing	TODO	baseline
lib/proto/audits.go::method::ProtoEvent	missing	TODO	baseline
lib/proto/audits.go::method::ProtoReq	missing	TODO	baseline
lib/proto/audits.go::type::AuditsAffectedCookie	missing	TODO	baseline
lib/proto/audits.go::type::AuditsAffectedFrame	missing	TODO	baseline
lib/proto/audits.go::type::AuditsAffectedRequest	missing	TODO	baseline
lib/proto/audits.go::type::AuditsAttributionReportingIssueDetails	missing	TODO	baseline
lib/proto/audits.go::type::AuditsAttributionReportingIssueType	missing	TODO	baseline
lib/proto/audits.go::type::AuditsBlockedByResponseIssueDetails	missing	TODO	baseline
lib/proto/audits.go::type::AuditsBlockedByResponseReason	missing	TODO	baseline
lib/proto/audits.go::type::AuditsBounceTrackingIssueDetails	missing	TODO	baseline
lib/proto/audits.go::type::AuditsCheckContrast	missing	TODO	baseline
lib/proto/audits.go::type::AuditsCheckFormsIssues	missing	TODO	baseline
lib/proto/audits.go::type::AuditsCheckFormsIssuesResult	missing	TODO	baseline
lib/proto/audits.go::type::AuditsClientHintIssueDetails	missing	TODO	baseline
lib/proto/audits.go::type::AuditsClientHintIssueReason	missing	TODO	baseline
lib/proto/audits.go::type::AuditsContentSecurityPolicyIssueDetails	missing	TODO	baseline
lib/proto/audits.go::type::AuditsContentSecurityPolicyViolationType	missing	TODO	baseline
lib/proto/audits.go::type::AuditsCookieDeprecationMetadataIssueDetails	missing	TODO	baseline
lib/proto/audits.go::type::AuditsCookieExclusionReason	missing	TODO	baseline
lib/proto/audits.go::type::AuditsCookieIssueDetails	missing	TODO	baseline
lib/proto/audits.go::type::AuditsCookieOperation	missing	TODO	baseline
lib/proto/audits.go::type::AuditsCookieWarningReason	missing	TODO	baseline
lib/proto/audits.go::type::AuditsCorsIssueDetails	missing	TODO	baseline
lib/proto/audits.go::type::AuditsDeprecationIssueDetails	missing	TODO	baseline
lib/proto/audits.go::type::AuditsDisable	missing	TODO	baseline
lib/proto/audits.go::type::AuditsEnable	missing	TODO	baseline
lib/proto/audits.go::type::AuditsFailedRequestInfo	missing	TODO	baseline
lib/proto/audits.go::type::AuditsFederatedAuthRequestIssueDetails	missing	TODO	baseline
lib/proto/audits.go::type::AuditsFederatedAuthRequestIssueReason	missing	TODO	baseline
lib/proto/audits.go::type::AuditsFederatedAuthUserInfoRequestIssueDetails	missing	TODO	baseline
lib/proto/audits.go::type::AuditsFederatedAuthUserInfoRequestIssueReason	missing	TODO	baseline
lib/proto/audits.go::type::AuditsGenericIssueDetails	missing	TODO	baseline
lib/proto/audits.go::type::AuditsGenericIssueErrorType	missing	TODO	baseline
lib/proto/audits.go::type::AuditsGetEncodedResponse	missing	TODO	baseline
lib/proto/audits.go::type::AuditsGetEncodedResponseEncoding	missing	TODO	baseline
lib/proto/audits.go::type::AuditsGetEncodedResponseResult	missing	TODO	baseline
lib/proto/audits.go::type::AuditsHeavyAdIssueDetails	missing	TODO	baseline
lib/proto/audits.go::type::AuditsHeavyAdReason	missing	TODO	baseline
lib/proto/audits.go::type::AuditsHeavyAdResolutionStatus	missing	TODO	baseline
lib/proto/audits.go::type::AuditsInspectorIssue	missing	TODO	baseline
lib/proto/audits.go::type::AuditsInspectorIssueCode	missing	TODO	baseline
lib/proto/audits.go::type::AuditsInspectorIssueDetails	missing	TODO	baseline
lib/proto/audits.go::type::AuditsIssueAdded	missing	TODO	baseline
lib/proto/audits.go::type::AuditsIssueID	missing	TODO	baseline
lib/proto/audits.go::type::AuditsLowTextContrastIssueDetails	missing	TODO	baseline
lib/proto/audits.go::type::AuditsMixedContentIssueDetails	missing	TODO	baseline
lib/proto/audits.go::type::AuditsMixedContentResolutionStatus	missing	TODO	baseline
lib/proto/audits.go::type::AuditsMixedContentResourceType	missing	TODO	baseline
lib/proto/audits.go::type::AuditsNavigatorUserAgentIssueDetails	missing	TODO	baseline
lib/proto/audits.go::type::AuditsPropertyRuleIssueDetails	missing	TODO	baseline
lib/proto/audits.go::type::AuditsPropertyRuleIssueReason	missing	TODO	baseline
lib/proto/audits.go::type::AuditsQuirksModeIssueDetails	missing	TODO	baseline
lib/proto/audits.go::type::AuditsSharedArrayBufferIssueDetails	missing	TODO	baseline
lib/proto/audits.go::type::AuditsSharedArrayBufferIssueType	missing	TODO	baseline
lib/proto/audits.go::type::AuditsSharedDictionaryError	missing	TODO	baseline
lib/proto/audits.go::type::AuditsSharedDictionaryIssueDetails	missing	TODO	baseline
lib/proto/audits.go::type::AuditsSourceCodeLocation	missing	TODO	baseline
lib/proto/audits.go::type::AuditsStyleSheetLoadingIssueReason	missing	TODO	baseline
lib/proto/audits.go::type::AuditsStylesheetLoadingIssueDetails	missing	TODO	baseline
lib/proto/autofill.go::method::Call	missing	TODO	baseline
lib/proto/autofill.go::method::ProtoEvent	missing	TODO	baseline
lib/proto/autofill.go::method::ProtoReq	missing	TODO	baseline
lib/proto/autofill.go::type::AutofillAddress	missing	TODO	baseline
lib/proto/autofill.go::type::AutofillAddressField	missing	TODO	baseline
lib/proto/autofill.go::type::AutofillAddressFields	missing	TODO	baseline
lib/proto/autofill.go::type::AutofillAddressFormFilled	missing	TODO	baseline
lib/proto/autofill.go::type::AutofillAddressUI	missing	TODO	baseline
lib/proto/autofill.go::type::AutofillCreditCard	missing	TODO	baseline
lib/proto/autofill.go::type::AutofillDisable	missing	TODO	baseline
lib/proto/autofill.go::type::AutofillEnable	missing	TODO	baseline
lib/proto/autofill.go::type::AutofillFilledField	missing	TODO	baseline
lib/proto/autofill.go::type::AutofillFillingStrategy	missing	TODO	baseline
lib/proto/autofill.go::type::AutofillSetAddresses	missing	TODO	baseline
lib/proto/autofill.go::type::AutofillTrigger	missing	TODO	baseline
lib/proto/background_service.go::method::Call	missing	TODO	baseline
lib/proto/background_service.go::method::ProtoEvent	missing	TODO	baseline
lib/proto/background_service.go::method::ProtoReq	missing	TODO	baseline
lib/proto/background_service.go::type::BackgroundServiceBackgroundServiceEvent	missing	TODO	baseline
lib/proto/background_service.go::type::BackgroundServiceBackgroundServiceEventReceived	missing	TODO	baseline
lib/proto/background_service.go::type::BackgroundServiceClearEvents	missing	TODO	baseline
lib/proto/background_service.go::type::BackgroundServiceEventMetadata	missing	TODO	baseline
lib/proto/background_service.go::type::BackgroundServiceRecordingStateChanged	missing	TODO	baseline
lib/proto/background_service.go::type::BackgroundServiceServiceName	missing	TODO	baseline
lib/proto/background_service.go::type::BackgroundServiceSetRecording	missing	TODO	baseline
lib/proto/background_service.go::type::BackgroundServiceStartObserving	missing	TODO	baseline
lib/proto/background_service.go::type::BackgroundServiceStopObserving	missing	TODO	baseline
lib/proto/browser.go::method::Call	missing	TODO	baseline
lib/proto/browser.go::method::ProtoEvent	missing	TODO	baseline
lib/proto/browser.go::method::ProtoReq	missing	TODO	baseline
lib/proto/browser.go::type::BrowserAddPrivacySandboxEnrollmentOverride	missing	TODO	baseline
lib/proto/browser.go::type::BrowserBounds	missing	TODO	baseline
lib/proto/browser.go::type::BrowserBrowserCommandID	missing	TODO	baseline
lib/proto/browser.go::type::BrowserBrowserContextID	missing	TODO	baseline
lib/proto/browser.go::type::BrowserBucket	missing	TODO	baseline
lib/proto/browser.go::type::BrowserCancelDownload	missing	TODO	baseline
lib/proto/browser.go::type::BrowserClose	missing	TODO	baseline
lib/proto/browser.go::type::BrowserCrash	missing	TODO	baseline
lib/proto/browser.go::type::BrowserCrashGpuProcess	missing	TODO	baseline
lib/proto/browser.go::type::BrowserDownloadProgress	missing	TODO	baseline
lib/proto/browser.go::type::BrowserDownloadProgressState	missing	TODO	baseline
lib/proto/browser.go::type::BrowserDownloadWillBegin	missing	TODO	baseline
lib/proto/browser.go::type::BrowserExecuteBrowserCommand	missing	TODO	baseline
lib/proto/browser.go::type::BrowserGetBrowserCommandLine	missing	TODO	baseline
lib/proto/browser.go::type::BrowserGetBrowserCommandLineResult	missing	TODO	baseline
lib/proto/browser.go::type::BrowserGetHistogram	missing	TODO	baseline
lib/proto/browser.go::type::BrowserGetHistogramResult	missing	TODO	baseline
lib/proto/browser.go::type::BrowserGetHistograms	missing	TODO	baseline
lib/proto/browser.go::type::BrowserGetHistogramsResult	missing	TODO	baseline
lib/proto/browser.go::type::BrowserGetVersion	missing	TODO	baseline
lib/proto/browser.go::type::BrowserGetVersionResult	missing	TODO	baseline
lib/proto/browser.go::type::BrowserGetWindowBounds	missing	TODO	baseline
lib/proto/browser.go::type::BrowserGetWindowBoundsResult	missing	TODO	baseline
lib/proto/browser.go::type::BrowserGetWindowForTarget	missing	TODO	baseline
lib/proto/browser.go::type::BrowserGetWindowForTargetResult	missing	TODO	baseline
lib/proto/browser.go::type::BrowserGrantPermissions	missing	TODO	baseline
lib/proto/browser.go::type::BrowserHistogram	missing	TODO	baseline
lib/proto/browser.go::type::BrowserPermissionDescriptor	missing	TODO	baseline
lib/proto/browser.go::type::BrowserPermissionSetting	missing	TODO	baseline
lib/proto/browser.go::type::BrowserPermissionType	missing	TODO	baseline
lib/proto/browser.go::type::BrowserResetPermissions	missing	TODO	baseline
lib/proto/browser.go::type::BrowserSetDockTile	missing	TODO	baseline
lib/proto/browser.go::type::BrowserSetDownloadBehavior	missing	TODO	baseline
lib/proto/browser.go::type::BrowserSetDownloadBehaviorBehavior	missing	TODO	baseline
lib/proto/browser.go::type::BrowserSetPermission	missing	TODO	baseline
lib/proto/browser.go::type::BrowserSetWindowBounds	missing	TODO	baseline
lib/proto/browser.go::type::BrowserWindowID	missing	TODO	baseline
lib/proto/browser.go::type::BrowserWindowState	missing	TODO	baseline
lib/proto/cache_storage.go::method::Call	missing	TODO	baseline
lib/proto/cache_storage.go::method::ProtoReq	missing	TODO	baseline
lib/proto/cache_storage.go::type::CacheStorageCache	missing	TODO	baseline
lib/proto/cache_storage.go::type::CacheStorageCacheID	missing	TODO	baseline
lib/proto/cache_storage.go::type::CacheStorageCachedResponse	missing	TODO	baseline
lib/proto/cache_storage.go::type::CacheStorageCachedResponseType	missing	TODO	baseline
lib/proto/cache_storage.go::type::CacheStorageDataEntry	missing	TODO	baseline
lib/proto/cache_storage.go::type::CacheStorageDeleteCache	missing	TODO	baseline
lib/proto/cache_storage.go::type::CacheStorageDeleteEntry	missing	TODO	baseline
lib/proto/cache_storage.go::type::CacheStorageHeader	missing	TODO	baseline
lib/proto/cache_storage.go::type::CacheStorageRequestCacheNames	missing	TODO	baseline
lib/proto/cache_storage.go::type::CacheStorageRequestCacheNamesResult	missing	TODO	baseline
lib/proto/cache_storage.go::type::CacheStorageRequestCachedResponse	missing	TODO	baseline
lib/proto/cache_storage.go::type::CacheStorageRequestCachedResponseResult	missing	TODO	baseline
lib/proto/cache_storage.go::type::CacheStorageRequestEntries	missing	TODO	baseline
lib/proto/cache_storage.go::type::CacheStorageRequestEntriesResult	missing	TODO	baseline
lib/proto/cast.go::method::Call	missing	TODO	baseline
lib/proto/cast.go::method::ProtoEvent	missing	TODO	baseline
lib/proto/cast.go::method::ProtoReq	missing	TODO	baseline
lib/proto/cast.go::type::CastDisable	missing	TODO	baseline
lib/proto/cast.go::type::CastEnable	missing	TODO	baseline
lib/proto/cast.go::type::CastIssueUpdated	missing	TODO	baseline
lib/proto/cast.go::type::CastSetSinkToUse	missing	TODO	baseline
lib/proto/cast.go::type::CastSink	missing	TODO	baseline
lib/proto/cast.go::type::CastSinksUpdated	missing	TODO	baseline
lib/proto/cast.go::type::CastStartDesktopMirroring	missing	TODO	baseline
lib/proto/cast.go::type::CastStartTabMirroring	missing	TODO	baseline
lib/proto/cast.go::type::CastStopCasting	missing	TODO	baseline
lib/proto/console.go::method::Call	missing	TODO	baseline
lib/proto/console.go::method::ProtoEvent	missing	TODO	baseline
lib/proto/console.go::method::ProtoReq	missing	TODO	baseline
lib/proto/console.go::type::ConsoleClearMessages	missing	TODO	baseline
lib/proto/console.go::type::ConsoleConsoleMessage	missing	TODO	baseline
lib/proto/console.go::type::ConsoleConsoleMessageLevel	missing	TODO	baseline
lib/proto/console.go::type::ConsoleConsoleMessageSource	missing	TODO	baseline
lib/proto/console.go::type::ConsoleDisable	missing	TODO	baseline
lib/proto/console.go::type::ConsoleEnable	missing	TODO	baseline
lib/proto/console.go::type::ConsoleMessageAdded	missing	TODO	baseline
lib/proto/css.go::method::Call	missing	TODO	baseline
lib/proto/css.go::method::ProtoEvent	missing	TODO	baseline
lib/proto/css.go::method::ProtoReq	missing	TODO	baseline
lib/proto/css.go::type::CSSAddRule	missing	TODO	baseline
lib/proto/css.go::type::CSSAddRuleResult	missing	TODO	baseline
lib/proto/css.go::type::CSSCSSComputedStyleProperty	missing	TODO	baseline
lib/proto/css.go::type::CSSCSSContainerQuery	missing	TODO	baseline
lib/proto/css.go::type::CSSCSSFontPaletteValuesRule	missing	TODO	baseline
lib/proto/css.go::type::CSSCSSKeyframeRule	missing	TODO	baseline
lib/proto/css.go::type::CSSCSSKeyframesRule	missing	TODO	baseline
lib/proto/css.go::type::CSSCSSLayer	missing	TODO	baseline
lib/proto/css.go::type::CSSCSSLayerData	missing	TODO	baseline
lib/proto/css.go::type::CSSCSSMedia	missing	TODO	baseline
lib/proto/css.go::type::CSSCSSMediaSource	missing	TODO	baseline
lib/proto/css.go::type::CSSCSSPositionFallbackRule	missing	TODO	baseline
lib/proto/css.go::type::CSSCSSPositionTryRule	missing	TODO	baseline
lib/proto/css.go::type::CSSCSSProperty	missing	TODO	baseline
lib/proto/css.go::type::CSSCSSPropertyRegistration	missing	TODO	baseline
lib/proto/css.go::type::CSSCSSPropertyRule	missing	TODO	baseline
lib/proto/css.go::type::CSSCSSRule	missing	TODO	baseline
lib/proto/css.go::type::CSSCSSRuleType	missing	TODO	baseline
lib/proto/css.go::type::CSSCSSScope	missing	TODO	baseline
lib/proto/css.go::type::CSSCSSStyle	missing	TODO	baseline
lib/proto/css.go::type::CSSCSSStyleSheetHeader	missing	TODO	baseline
lib/proto/css.go::type::CSSCSSSupports	missing	TODO	baseline
lib/proto/css.go::type::CSSCSSTryRule	missing	TODO	baseline
lib/proto/css.go::type::CSSCollectClassNames	missing	TODO	baseline
lib/proto/css.go::type::CSSCollectClassNamesResult	missing	TODO	baseline
lib/proto/css.go::type::CSSCreateStyleSheet	missing	TODO	baseline
lib/proto/css.go::type::CSSCreateStyleSheetResult	missing	TODO	baseline
lib/proto/css.go::type::CSSDisable	missing	TODO	baseline
lib/proto/css.go::type::CSSEnable	missing	TODO	baseline
lib/proto/css.go::type::CSSFontFace	missing	TODO	baseline
lib/proto/css.go::type::CSSFontVariationAxis	missing	TODO	baseline
lib/proto/css.go::type::CSSFontsUpdated	missing	TODO	baseline
lib/proto/css.go::type::CSSForcePseudoState	missing	TODO	baseline
lib/proto/css.go::type::CSSGetBackgroundColors	missing	TODO	baseline
lib/proto/css.go::type::CSSGetBackgroundColorsResult	missing	TODO	baseline
lib/proto/css.go::type::CSSGetComputedStyleForNode	missing	TODO	baseline
lib/proto/css.go::type::CSSGetComputedStyleForNodeResult	missing	TODO	baseline
lib/proto/css.go::type::CSSGetInlineStylesForNode	missing	TODO	baseline
lib/proto/css.go::type::CSSGetInlineStylesForNodeResult	missing	TODO	baseline
lib/proto/css.go::type::CSSGetLayersForNode	missing	TODO	baseline
lib/proto/css.go::type::CSSGetLayersForNodeResult	missing	TODO	baseline
lib/proto/css.go::type::CSSGetLocationForSelector	missing	TODO	baseline
lib/proto/css.go::type::CSSGetLocationForSelectorResult	missing	TODO	baseline
lib/proto/css.go::type::CSSGetMatchedStylesForNode	missing	TODO	baseline
lib/proto/css.go::type::CSSGetMatchedStylesForNodeResult	missing	TODO	baseline
lib/proto/css.go::type::CSSGetMediaQueries	missing	TODO	baseline
lib/proto/css.go::type::CSSGetMediaQueriesResult	missing	TODO	baseline
lib/proto/css.go::type::CSSGetPlatformFontsForNode	missing	TODO	baseline
lib/proto/css.go::type::CSSGetPlatformFontsForNodeResult	missing	TODO	baseline
lib/proto/css.go::type::CSSGetStyleSheetText	missing	TODO	baseline
lib/proto/css.go::type::CSSGetStyleSheetTextResult	missing	TODO	baseline
lib/proto/css.go::type::CSSInheritedPseudoElementMatches	missing	TODO	baseline
lib/proto/css.go::type::CSSInheritedStyleEntry	missing	TODO	baseline
lib/proto/css.go::type::CSSMediaQuery	missing	TODO	baseline
lib/proto/css.go::type::CSSMediaQueryExpression	missing	TODO	baseline
lib/proto/css.go::type::CSSMediaQueryResultChanged	missing	TODO	baseline
lib/proto/css.go::type::CSSPlatformFontUsage	missing	TODO	baseline
lib/proto/css.go::type::CSSPseudoElementMatches	missing	TODO	baseline
lib/proto/css.go::type::CSSRuleMatch	missing	TODO	baseline
lib/proto/css.go::type::CSSRuleUsage	missing	TODO	baseline
lib/proto/css.go::type::CSSSelectorList	missing	TODO	baseline
lib/proto/css.go::type::CSSSetContainerQueryText	missing	TODO	baseline
lib/proto/css.go::type::CSSSetContainerQueryTextResult	missing	TODO	baseline
lib/proto/css.go::type::CSSSetEffectivePropertyValueForNode	missing	TODO	baseline
lib/proto/css.go::type::CSSSetKeyframeKey	missing	TODO	baseline
lib/proto/css.go::type::CSSSetKeyframeKeyResult	missing	TODO	baseline
lib/proto/css.go::type::CSSSetLocalFontsEnabled	missing	TODO	baseline
lib/proto/css.go::type::CSSSetMediaText	missing	TODO	baseline
lib/proto/css.go::type::CSSSetMediaTextResult	missing	TODO	baseline
lib/proto/css.go::type::CSSSetPropertyRulePropertyName	missing	TODO	baseline
lib/proto/css.go::type::CSSSetPropertyRulePropertyNameResult	missing	TODO	baseline
lib/proto/css.go::type::CSSSetRuleSelector	missing	TODO	baseline
lib/proto/css.go::type::CSSSetRuleSelectorResult	missing	TODO	baseline
lib/proto/css.go::type::CSSSetScopeText	missing	TODO	baseline
lib/proto/css.go::type::CSSSetScopeTextResult	missing	TODO	baseline
lib/proto/css.go::type::CSSSetStyleSheetText	missing	TODO	baseline
lib/proto/css.go::type::CSSSetStyleSheetTextResult	missing	TODO	baseline
lib/proto/css.go::type::CSSSetStyleTexts	missing	TODO	baseline
lib/proto/css.go::type::CSSSetStyleTextsResult	missing	TODO	baseline
lib/proto/css.go::type::CSSSetSupportsText	missing	TODO	baseline
lib/proto/css.go::type::CSSSetSupportsTextResult	missing	TODO	baseline
lib/proto/css.go::type::CSSShorthandEntry	missing	TODO	baseline
lib/proto/css.go::type::CSSSourceRange	missing	TODO	baseline
lib/proto/css.go::type::CSSSpecificity	missing	TODO	baseline
lib/proto/css.go::type::CSSStartRuleUsageTracking	missing	TODO	baseline
lib/proto/css.go::type::CSSStopRuleUsageTracking	missing	TODO	baseline
lib/proto/css.go::type::CSSStopRuleUsageTrackingResult	missing	TODO	baseline
lib/proto/css.go::type::CSSStyleDeclarationEdit	missing	TODO	baseline
lib/proto/css.go::type::CSSStyleSheetAdded	missing	TODO	baseline
lib/proto/css.go::type::CSSStyleSheetChanged	missing	TODO	baseline
lib/proto/css.go::type::CSSStyleSheetID	missing	TODO	baseline
lib/proto/css.go::type::CSSStyleSheetOrigin	missing	TODO	baseline
lib/proto/css.go::type::CSSStyleSheetRemoved	missing	TODO	baseline
lib/proto/css.go::type::CSSTakeComputedStyleUpdates	missing	TODO	baseline
lib/proto/css.go::type::CSSTakeComputedStyleUpdatesResult	missing	TODO	baseline
lib/proto/css.go::type::CSSTakeCoverageDelta	missing	TODO	baseline
lib/proto/css.go::type::CSSTakeCoverageDeltaResult	missing	TODO	baseline
lib/proto/css.go::type::CSSTrackComputedStyleUpdates	missing	TODO	baseline
lib/proto/css.go::type::CSSValue	missing	TODO	baseline
lib/proto/database.go::method::Call	missing	TODO	baseline
lib/proto/database.go::method::ProtoEvent	missing	TODO	baseline
lib/proto/database.go::method::ProtoReq	missing	TODO	baseline
lib/proto/database.go::type::DatabaseAddDatabase	missing	TODO	baseline
lib/proto/database.go::type::DatabaseDatabase	missing	TODO	baseline
lib/proto/database.go::type::DatabaseDatabaseID	missing	TODO	baseline
lib/proto/database.go::type::DatabaseDisable	missing	TODO	baseline
lib/proto/database.go::type::DatabaseEnable	missing	TODO	baseline
lib/proto/database.go::type::DatabaseError	missing	TODO	baseline
lib/proto/database.go::type::DatabaseExecuteSQL	missing	TODO	baseline
lib/proto/database.go::type::DatabaseExecuteSQLResult	missing	TODO	baseline
lib/proto/database.go::type::DatabaseGetDatabaseTableNames	missing	TODO	baseline
lib/proto/database.go::type::DatabaseGetDatabaseTableNamesResult	missing	TODO	baseline
lib/proto/debugger.go::method::Call	missing	TODO	baseline
lib/proto/debugger.go::method::ProtoEvent	missing	TODO	baseline
lib/proto/debugger.go::method::ProtoReq	missing	TODO	baseline
lib/proto/debugger.go::type::DebuggerBreakLocation	missing	TODO	baseline
lib/proto/debugger.go::type::DebuggerBreakLocationType	missing	TODO	baseline
lib/proto/debugger.go::type::DebuggerBreakpointID	missing	TODO	baseline
lib/proto/debugger.go::type::DebuggerBreakpointResolved	missing	TODO	baseline
lib/proto/debugger.go::type::DebuggerCallFrame	missing	TODO	baseline
lib/proto/debugger.go::type::DebuggerCallFrameID	missing	TODO	baseline
lib/proto/debugger.go::type::DebuggerContinueToLocation	missing	TODO	baseline
lib/proto/debugger.go::type::DebuggerContinueToLocationTargetCallFrames	missing	TODO	baseline
lib/proto/debugger.go::type::DebuggerDebugSymbols	missing	TODO	baseline
lib/proto/debugger.go::type::DebuggerDebugSymbolsType	missing	TODO	baseline
lib/proto/debugger.go::type::DebuggerDisable	missing	TODO	baseline
lib/proto/debugger.go::type::DebuggerDisassembleWasmModule	missing	TODO	baseline
lib/proto/debugger.go::type::DebuggerDisassembleWasmModuleResult	missing	TODO	baseline
lib/proto/debugger.go::type::DebuggerEnable	missing	TODO	baseline
lib/proto/debugger.go::type::DebuggerEnableResult	missing	TODO	baseline
lib/proto/debugger.go::type::DebuggerEvaluateOnCallFrame	missing	TODO	baseline
lib/proto/debugger.go::type::DebuggerEvaluateOnCallFrameResult	missing	TODO	baseline
lib/proto/debugger.go::type::DebuggerGetPossibleBreakpoints	missing	TODO	baseline
lib/proto/debugger.go::type::DebuggerGetPossibleBreakpointsResult	missing	TODO	baseline
lib/proto/debugger.go::type::DebuggerGetScriptSource	missing	TODO	baseline
lib/proto/debugger.go::type::DebuggerGetScriptSourceResult	missing	TODO	baseline
lib/proto/debugger.go::type::DebuggerGetStackTrace	missing	TODO	baseline
lib/proto/debugger.go::type::DebuggerGetStackTraceResult	missing	TODO	baseline
lib/proto/debugger.go::type::DebuggerGetWasmBytecode	missing	TODO	baseline
lib/proto/debugger.go::type::DebuggerGetWasmBytecodeResult	missing	TODO	baseline
lib/proto/debugger.go::type::DebuggerLocation	missing	TODO	baseline
lib/proto/debugger.go::type::DebuggerLocationRange	missing	TODO	baseline
lib/proto/debugger.go::type::DebuggerNextWasmDisassemblyChunk	missing	TODO	baseline
lib/proto/debugger.go::type::DebuggerNextWasmDisassemblyChunkResult	missing	TODO	baseline
lib/proto/debugger.go::type::DebuggerPause	missing	TODO	baseline
lib/proto/debugger.go::type::DebuggerPauseOnAsyncCall	missing	TODO	baseline
lib/proto/debugger.go::type::DebuggerPaused	missing	TODO	baseline
lib/proto/debugger.go::type::DebuggerPausedReason	missing	TODO	baseline
lib/proto/debugger.go::type::DebuggerRemoveBreakpoint	missing	TODO	baseline
lib/proto/debugger.go::type::DebuggerRestartFrame	missing	TODO	baseline
lib/proto/debugger.go::type::DebuggerRestartFrameMode	missing	TODO	baseline
lib/proto/debugger.go::type::DebuggerRestartFrameResult	missing	TODO	baseline
lib/proto/debugger.go::type::DebuggerResume	missing	TODO	baseline
lib/proto/debugger.go::type::DebuggerResumed	missing	TODO	baseline
lib/proto/debugger.go::type::DebuggerScope	missing	TODO	baseline
lib/proto/debugger.go::type::DebuggerScopeType	missing	TODO	baseline
lib/proto/debugger.go::type::DebuggerScriptFailedToParse	missing	TODO	baseline
lib/proto/debugger.go::type::DebuggerScriptLanguage	missing	TODO	baseline
lib/proto/debugger.go::type::DebuggerScriptParsed	missing	TODO	baseline
lib/proto/debugger.go::type::DebuggerScriptPosition	missing	TODO	baseline
lib/proto/debugger.go::type::DebuggerSearchInContent	missing	TODO	baseline
lib/proto/debugger.go::type::DebuggerSearchInContentResult	missing	TODO	baseline
lib/proto/debugger.go::type::DebuggerSearchMatch	missing	TODO	baseline
lib/proto/debugger.go::type::DebuggerSetAsyncCallStackDepth	missing	TODO	baseline
lib/proto/debugger.go::type::DebuggerSetBlackboxPatterns	missing	TODO	baseline
lib/proto/debugger.go::type::DebuggerSetBlackboxedRanges	missing	TODO	baseline
lib/proto/debugger.go::type::DebuggerSetBreakpoint	missing	TODO	baseline
lib/proto/debugger.go::type::DebuggerSetBreakpointByURL	missing	TODO	baseline
lib/proto/debugger.go::type::DebuggerSetBreakpointByURLResult	missing	TODO	baseline
lib/proto/debugger.go::type::DebuggerSetBreakpointOnFunctionCall	missing	TODO	baseline
lib/proto/debugger.go::type::DebuggerSetBreakpointOnFunctionCallResult	missing	TODO	baseline
lib/proto/debugger.go::type::DebuggerSetBreakpointResult	missing	TODO	baseline
lib/proto/debugger.go::type::DebuggerSetBreakpointsActive	missing	TODO	baseline
lib/proto/debugger.go::type::DebuggerSetInstrumentationBreakpoint	missing	TODO	baseline
lib/proto/debugger.go::type::DebuggerSetInstrumentationBreakpointInstrumentation	missing	TODO	baseline
lib/proto/debugger.go::type::DebuggerSetInstrumentationBreakpointResult	missing	TODO	baseline
lib/proto/debugger.go::type::DebuggerSetPauseOnExceptions	missing	TODO	baseline
lib/proto/debugger.go::type::DebuggerSetPauseOnExceptionsState	missing	TODO	baseline
lib/proto/debugger.go::type::DebuggerSetReturnValue	missing	TODO	baseline
lib/proto/debugger.go::type::DebuggerSetScriptSource	missing	TODO	baseline
lib/proto/debugger.go::type::DebuggerSetScriptSourceResult	missing	TODO	baseline
lib/proto/debugger.go::type::DebuggerSetScriptSourceResultStatus	missing	TODO	baseline
lib/proto/debugger.go::type::DebuggerSetSkipAllPauses	missing	TODO	baseline
lib/proto/debugger.go::type::DebuggerSetVariableValue	missing	TODO	baseline
lib/proto/debugger.go::type::DebuggerStepInto	missing	TODO	baseline
lib/proto/debugger.go::type::DebuggerStepOut	missing	TODO	baseline
lib/proto/debugger.go::type::DebuggerStepOver	missing	TODO	baseline
lib/proto/debugger.go::type::DebuggerWasmDisassemblyChunk	missing	TODO	baseline
lib/proto/device_access.go::method::Call	missing	TODO	baseline
lib/proto/device_access.go::method::ProtoEvent	missing	TODO	baseline
lib/proto/device_access.go::method::ProtoReq	missing	TODO	baseline
lib/proto/device_access.go::type::DeviceAccessCancelPrompt	missing	TODO	baseline
lib/proto/device_access.go::type::DeviceAccessDeviceID	missing	TODO	baseline
lib/proto/device_access.go::type::DeviceAccessDeviceRequestPrompted	missing	TODO	baseline
lib/proto/device_access.go::type::DeviceAccessDisable	missing	TODO	baseline
lib/proto/device_access.go::type::DeviceAccessEnable	missing	TODO	baseline
lib/proto/device_access.go::type::DeviceAccessPromptDevice	missing	TODO	baseline
lib/proto/device_access.go::type::DeviceAccessRequestID	missing	TODO	baseline
lib/proto/device_access.go::type::DeviceAccessSelectPrompt	missing	TODO	baseline
lib/proto/device_orientation.go::method::Call	missing	TODO	baseline
lib/proto/device_orientation.go::method::ProtoReq	missing	TODO	baseline
lib/proto/device_orientation.go::type::DeviceOrientationClearDeviceOrientationOverride	missing	TODO	baseline
lib/proto/device_orientation.go::type::DeviceOrientationSetDeviceOrientationOverride	missing	TODO	baseline
lib/proto/dom.go::method::Call	missing	TODO	baseline
lib/proto/dom.go::method::ProtoEvent	missing	TODO	baseline
lib/proto/dom.go::method::ProtoReq	missing	TODO	baseline
lib/proto/dom.go::type::DOMAttributeModified	missing	TODO	baseline
lib/proto/dom.go::type::DOMAttributeRemoved	missing	TODO	baseline
lib/proto/dom.go::type::DOMBackendNode	missing	TODO	baseline
lib/proto/dom.go::type::DOMBackendNodeID	missing	TODO	baseline
lib/proto/dom.go::type::DOMBoxModel	missing	TODO	baseline
lib/proto/dom.go::type::DOMCSSComputedStyleProperty	missing	TODO	baseline
lib/proto/dom.go::type::DOMCharacterDataModified	missing	TODO	baseline
lib/proto/dom.go::type::DOMChildNodeCountUpdated	missing	TODO	baseline
lib/proto/dom.go::type::DOMChildNodeInserted	missing	TODO	baseline
lib/proto/dom.go::type::DOMChildNodeRemoved	missing	TODO	baseline
lib/proto/dom.go::type::DOMCollectClassNamesFromSubtree	missing	TODO	baseline
lib/proto/dom.go::type::DOMCollectClassNamesFromSubtreeResult	missing	TODO	baseline
lib/proto/dom.go::type::DOMCompatibilityMode	missing	TODO	baseline
lib/proto/dom.go::type::DOMCopyTo	missing	TODO	baseline
lib/proto/dom.go::type::DOMCopyToResult	missing	TODO	baseline
lib/proto/dom.go::type::DOMDescribeNode	missing	TODO	baseline
lib/proto/dom.go::type::DOMDescribeNodeResult	missing	TODO	baseline
lib/proto/dom.go::type::DOMDisable	missing	TODO	baseline
lib/proto/dom.go::type::DOMDiscardSearchResults	missing	TODO	baseline
lib/proto/dom.go::type::DOMDistributedNodesUpdated	missing	TODO	baseline
lib/proto/dom.go::type::DOMDocumentUpdated	missing	TODO	baseline
lib/proto/dom.go::type::DOMEnable	missing	TODO	baseline
lib/proto/dom.go::type::DOMEnableIncludeWhitespace	missing	TODO	baseline
lib/proto/dom.go::type::DOMFocus	missing	TODO	baseline
lib/proto/dom.go::type::DOMGetAnchorElement	missing	TODO	baseline
lib/proto/dom.go::type::DOMGetAnchorElementResult	missing	TODO	baseline
lib/proto/dom.go::type::DOMGetAttributes	missing	TODO	baseline
lib/proto/dom.go::type::DOMGetAttributesResult	missing	TODO	baseline
lib/proto/dom.go::type::DOMGetBoxModel	missing	TODO	baseline
lib/proto/dom.go::type::DOMGetBoxModelResult	missing	TODO	baseline
lib/proto/dom.go::type::DOMGetContainerForNode	missing	TODO	baseline
lib/proto/dom.go::type::DOMGetContainerForNodeResult	missing	TODO	baseline
lib/proto/dom.go::type::DOMGetContentQuads	missing	TODO	baseline
lib/proto/dom.go::type::DOMGetContentQuadsResult	missing	TODO	baseline
lib/proto/dom.go::type::DOMGetDocument	missing	TODO	baseline
lib/proto/dom.go::type::DOMGetDocumentResult	missing	TODO	baseline
lib/proto/dom.go::type::DOMGetElementByRelation	missing	TODO	baseline
lib/proto/dom.go::type::DOMGetElementByRelationRelation	missing	TODO	baseline
lib/proto/dom.go::type::DOMGetElementByRelationResult	missing	TODO	baseline
lib/proto/dom.go::type::DOMGetFileInfo	missing	TODO	baseline
lib/proto/dom.go::type::DOMGetFileInfoResult	missing	TODO	baseline
lib/proto/dom.go::type::DOMGetFlattenedDocument	missing	TODO	baseline
lib/proto/dom.go::type::DOMGetFlattenedDocumentResult	missing	TODO	baseline
lib/proto/dom.go::type::DOMGetFrameOwner	missing	TODO	baseline
lib/proto/dom.go::type::DOMGetFrameOwnerResult	missing	TODO	baseline
lib/proto/dom.go::type::DOMGetNodeForLocation	missing	TODO	baseline
lib/proto/dom.go::type::DOMGetNodeForLocationResult	missing	TODO	baseline
lib/proto/dom.go::type::DOMGetNodeStackTraces	missing	TODO	baseline
lib/proto/dom.go::type::DOMGetNodeStackTracesResult	missing	TODO	baseline
lib/proto/dom.go::type::DOMGetNodesForSubtreeByStyle	missing	TODO	baseline
lib/proto/dom.go::type::DOMGetNodesForSubtreeByStyleResult	missing	TODO	baseline
lib/proto/dom.go::type::DOMGetOuterHTML	missing	TODO	baseline
lib/proto/dom.go::type::DOMGetOuterHTMLResult	missing	TODO	baseline
lib/proto/dom.go::type::DOMGetQueryingDescendantsForContainer	missing	TODO	baseline
lib/proto/dom.go::type::DOMGetQueryingDescendantsForContainerResult	missing	TODO	baseline
lib/proto/dom.go::type::DOMGetRelayoutBoundary	missing	TODO	baseline
lib/proto/dom.go::type::DOMGetRelayoutBoundaryResult	missing	TODO	baseline
lib/proto/dom.go::type::DOMGetSearchResults	missing	TODO	baseline
lib/proto/dom.go::type::DOMGetSearchResultsResult	missing	TODO	baseline
lib/proto/dom.go::type::DOMGetTopLayerElements	missing	TODO	baseline
lib/proto/dom.go::type::DOMGetTopLayerElementsResult	missing	TODO	baseline
lib/proto/dom.go::type::DOMHideHighlight	missing	TODO	baseline
lib/proto/dom.go::type::DOMHighlightNode	missing	TODO	baseline
lib/proto/dom.go::type::DOMHighlightRect	missing	TODO	baseline
lib/proto/dom.go::type::DOMInlineStyleInvalidated	missing	TODO	baseline
lib/proto/dom.go::type::DOMLogicalAxes	missing	TODO	baseline
lib/proto/dom.go::type::DOMMarkUndoableState	missing	TODO	baseline
lib/proto/dom.go::type::DOMMoveTo	missing	TODO	baseline
lib/proto/dom.go::type::DOMMoveToResult	missing	TODO	baseline
lib/proto/dom.go::type::DOMNode	missing	TODO	baseline
lib/proto/dom.go::type::DOMNodeID	missing	TODO	baseline
lib/proto/dom.go::type::DOMPerformSearch	missing	TODO	baseline
lib/proto/dom.go::type::DOMPerformSearchResult	missing	TODO	baseline
lib/proto/dom.go::type::DOMPhysicalAxes	missing	TODO	baseline
lib/proto/dom.go::type::DOMPseudoElementAdded	missing	TODO	baseline
lib/proto/dom.go::type::DOMPseudoElementRemoved	missing	TODO	baseline
lib/proto/dom.go::type::DOMPseudoType	missing	TODO	baseline
lib/proto/dom.go::type::DOMPushNodeByPathToFrontend	missing	TODO	baseline
lib/proto/dom.go::type::DOMPushNodeByPathToFrontendResult	missing	TODO	baseline
lib/proto/dom.go::type::DOMPushNodesByBackendIDsToFrontend	missing	TODO	baseline
lib/proto/dom.go::type::DOMPushNodesByBackendIDsToFrontendResult	missing	TODO	baseline
lib/proto/dom.go::type::DOMQuad	missing	TODO	baseline
lib/proto/dom.go::type::DOMQuerySelector	missing	TODO	baseline
lib/proto/dom.go::type::DOMQuerySelectorAll	missing	TODO	baseline
lib/proto/dom.go::type::DOMQuerySelectorAllResult	missing	TODO	baseline
lib/proto/dom.go::type::DOMQuerySelectorResult	missing	TODO	baseline
lib/proto/dom.go::type::DOMRGBA	missing	TODO	baseline
lib/proto/dom.go::type::DOMRect	missing	TODO	baseline
lib/proto/dom.go::type::DOMRedo	missing	TODO	baseline
lib/proto/dom.go::type::DOMRemoveAttribute	missing	TODO	baseline
lib/proto/dom.go::type::DOMRemoveNode	missing	TODO	baseline
lib/proto/dom.go::type::DOMRequestChildNodes	missing	TODO	baseline
lib/proto/dom.go::type::DOMRequestNode	missing	TODO	baseline
lib/proto/dom.go::type::DOMRequestNodeResult	missing	TODO	baseline
lib/proto/dom.go::type::DOMResolveNode	missing	TODO	baseline
lib/proto/dom.go::type::DOMResolveNodeResult	missing	TODO	baseline
lib/proto/dom.go::type::DOMScrollIntoViewIfNeeded	missing	TODO	baseline
lib/proto/dom.go::type::DOMScrollOrientation	missing	TODO	baseline
lib/proto/dom.go::type::DOMSetAttributeValue	missing	TODO	baseline
lib/proto/dom.go::type::DOMSetAttributesAsText	missing	TODO	baseline
lib/proto/dom.go::type::DOMSetChildNodes	missing	TODO	baseline
lib/proto/dom.go::type::DOMSetFileInputFiles	missing	TODO	baseline
lib/proto/dom.go::type::DOMSetInspectedNode	missing	TODO	baseline
lib/proto/dom.go::type::DOMSetNodeName	missing	TODO	baseline
lib/proto/dom.go::type::DOMSetNodeNameResult	missing	TODO	baseline
lib/proto/dom.go::type::DOMSetNodeStackTracesEnabled	missing	TODO	baseline
lib/proto/dom.go::type::DOMSetNodeValue	missing	TODO	baseline
lib/proto/dom.go::type::DOMSetOuterHTML	missing	TODO	baseline
lib/proto/dom.go::type::DOMShadowRootPopped	missing	TODO	baseline
lib/proto/dom.go::type::DOMShadowRootPushed	missing	TODO	baseline
lib/proto/dom.go::type::DOMShadowRootType	missing	TODO	baseline
lib/proto/dom.go::type::DOMShapeOutsideInfo	missing	TODO	baseline
lib/proto/dom.go::type::DOMTopLayerElementsUpdated	missing	TODO	baseline
lib/proto/dom.go::type::DOMUndo	missing	TODO	baseline
lib/proto/dom_debugger.go::method::Call	missing	TODO	baseline
lib/proto/dom_debugger.go::method::ProtoReq	missing	TODO	baseline
lib/proto/dom_debugger.go::type::DOMDebuggerCSPViolationType	missing	TODO	baseline
lib/proto/dom_debugger.go::type::DOMDebuggerDOMBreakpointType	missing	TODO	baseline
lib/proto/dom_debugger.go::type::DOMDebuggerEventListener	missing	TODO	baseline
lib/proto/dom_debugger.go::type::DOMDebuggerGetEventListeners	missing	TODO	baseline
lib/proto/dom_debugger.go::type::DOMDebuggerGetEventListenersResult	missing	TODO	baseline
lib/proto/dom_debugger.go::type::DOMDebuggerRemoveDOMBreakpoint	missing	TODO	baseline
lib/proto/dom_debugger.go::type::DOMDebuggerRemoveEventListenerBreakpoint	missing	TODO	baseline
lib/proto/dom_debugger.go::type::DOMDebuggerRemoveInstrumentationBreakpoint	missing	TODO	baseline
lib/proto/dom_debugger.go::type::DOMDebuggerRemoveXHRBreakpoint	missing	TODO	baseline
lib/proto/dom_debugger.go::type::DOMDebuggerSetBreakOnCSPViolation	missing	TODO	baseline
lib/proto/dom_debugger.go::type::DOMDebuggerSetDOMBreakpoint	missing	TODO	baseline
lib/proto/dom_debugger.go::type::DOMDebuggerSetEventListenerBreakpoint	missing	TODO	baseline
lib/proto/dom_debugger.go::type::DOMDebuggerSetInstrumentationBreakpoint	missing	TODO	baseline
lib/proto/dom_debugger.go::type::DOMDebuggerSetXHRBreakpoint	missing	TODO	baseline
lib/proto/dom_snapshot.go::method::Call	missing	TODO	baseline
lib/proto/dom_snapshot.go::method::ProtoReq	missing	TODO	baseline
lib/proto/dom_snapshot.go::type::DOMSnapshotArrayOfStrings	missing	TODO	baseline
lib/proto/dom_snapshot.go::type::DOMSnapshotCaptureSnapshot	missing	TODO	baseline
lib/proto/dom_snapshot.go::type::DOMSnapshotCaptureSnapshotResult	missing	TODO	baseline
lib/proto/dom_snapshot.go::type::DOMSnapshotComputedStyle	missing	TODO	baseline
lib/proto/dom_snapshot.go::type::DOMSnapshotDOMNode	missing	TODO	baseline
lib/proto/dom_snapshot.go::type::DOMSnapshotDisable	missing	TODO	baseline
lib/proto/dom_snapshot.go::type::DOMSnapshotDocumentSnapshot	missing	TODO	baseline
lib/proto/dom_snapshot.go::type::DOMSnapshotEnable	missing	TODO	baseline
lib/proto/dom_snapshot.go::type::DOMSnapshotGetSnapshot	missing	TODO	baseline
lib/proto/dom_snapshot.go::type::DOMSnapshotGetSnapshotResult	missing	TODO	baseline
lib/proto/dom_snapshot.go::type::DOMSnapshotInlineTextBox	missing	TODO	baseline
lib/proto/dom_snapshot.go::type::DOMSnapshotLayoutTreeNode	missing	TODO	baseline
lib/proto/dom_snapshot.go::type::DOMSnapshotLayoutTreeSnapshot	missing	TODO	baseline
lib/proto/dom_snapshot.go::type::DOMSnapshotNameValue	missing	TODO	baseline
lib/proto/dom_snapshot.go::type::DOMSnapshotNodeTreeSnapshot	missing	TODO	baseline
lib/proto/dom_snapshot.go::type::DOMSnapshotRareBooleanData	missing	TODO	baseline
lib/proto/dom_snapshot.go::type::DOMSnapshotRareIntegerData	missing	TODO	baseline
lib/proto/dom_snapshot.go::type::DOMSnapshotRareStringData	missing	TODO	baseline
lib/proto/dom_snapshot.go::type::DOMSnapshotRectangle	missing	TODO	baseline
lib/proto/dom_snapshot.go::type::DOMSnapshotStringIndex	missing	TODO	baseline
lib/proto/dom_snapshot.go::type::DOMSnapshotTextBoxSnapshot	missing	TODO	baseline
lib/proto/dom_storage.go::method::Call	missing	TODO	baseline
lib/proto/dom_storage.go::method::ProtoEvent	missing	TODO	baseline
lib/proto/dom_storage.go::method::ProtoReq	missing	TODO	baseline
lib/proto/dom_storage.go::type::DOMStorageClear	missing	TODO	baseline
lib/proto/dom_storage.go::type::DOMStorageDisable	missing	TODO	baseline
lib/proto/dom_storage.go::type::DOMStorageDomStorageItemAdded	missing	TODO	baseline
lib/proto/dom_storage.go::type::DOMStorageDomStorageItemRemoved	missing	TODO	baseline
lib/proto/dom_storage.go::type::DOMStorageDomStorageItemUpdated	missing	TODO	baseline
lib/proto/dom_storage.go::type::DOMStorageDomStorageItemsCleared	missing	TODO	baseline
lib/proto/dom_storage.go::type::DOMStorageEnable	missing	TODO	baseline
lib/proto/dom_storage.go::type::DOMStorageGetDOMStorageItems	missing	TODO	baseline
lib/proto/dom_storage.go::type::DOMStorageGetDOMStorageItemsResult	missing	TODO	baseline
lib/proto/dom_storage.go::type::DOMStorageItem	missing	TODO	baseline
lib/proto/dom_storage.go::type::DOMStorageRemoveDOMStorageItem	missing	TODO	baseline
lib/proto/dom_storage.go::type::DOMStorageSerializedStorageKey	missing	TODO	baseline
lib/proto/dom_storage.go::type::DOMStorageSetDOMStorageItem	missing	TODO	baseline
lib/proto/dom_storage.go::type::DOMStorageStorageID	missing	TODO	baseline
lib/proto/emulation.go::method::Call	missing	TODO	baseline
lib/proto/emulation.go::method::ProtoEvent	missing	TODO	baseline
lib/proto/emulation.go::method::ProtoReq	missing	TODO	baseline
lib/proto/emulation.go::type::EmulationCanEmulate	missing	TODO	baseline
lib/proto/emulation.go::type::EmulationCanEmulateResult	missing	TODO	baseline
lib/proto/emulation.go::type::EmulationClearDeviceMetricsOverride	missing	TODO	baseline
lib/proto/emulation.go::type::EmulationClearDevicePostureOverride	missing	TODO	baseline
lib/proto/emulation.go::type::EmulationClearGeolocationOverride	missing	TODO	baseline
lib/proto/emulation.go::type::EmulationClearIdleOverride	missing	TODO	baseline
lib/proto/emulation.go::type::EmulationDevicePosture	missing	TODO	baseline
lib/proto/emulation.go::type::EmulationDevicePostureType	missing	TODO	baseline
lib/proto/emulation.go::type::EmulationDisabledImageType	missing	TODO	baseline
lib/proto/emulation.go::type::EmulationDisplayFeature	missing	TODO	baseline
lib/proto/emulation.go::type::EmulationDisplayFeatureOrientation	missing	TODO	baseline
lib/proto/emulation.go::type::EmulationGetOverriddenSensorInformation	missing	TODO	baseline
lib/proto/emulation.go::type::EmulationGetOverriddenSensorInformationResult	missing	TODO	baseline
lib/proto/emulation.go::type::EmulationMediaFeature	missing	TODO	baseline
lib/proto/emulation.go::type::EmulationResetPageScaleFactor	missing	TODO	baseline
lib/proto/emulation.go::type::EmulationScreenOrientation	missing	TODO	baseline
lib/proto/emulation.go::type::EmulationScreenOrientationType	missing	TODO	baseline
lib/proto/emulation.go::type::EmulationSensorMetadata	missing	TODO	baseline
lib/proto/emulation.go::type::EmulationSensorReading	missing	TODO	baseline
lib/proto/emulation.go::type::EmulationSensorReadingQuaternion	missing	TODO	baseline
lib/proto/emulation.go::type::EmulationSensorReadingSingle	missing	TODO	baseline
lib/proto/emulation.go::type::EmulationSensorReadingXYZ	missing	TODO	baseline
lib/proto/emulation.go::type::EmulationSensorType	missing	TODO	baseline
lib/proto/emulation.go::type::EmulationSetAutoDarkModeOverride	missing	TODO	baseline
lib/proto/emulation.go::type::EmulationSetAutomationOverride	missing	TODO	baseline
lib/proto/emulation.go::type::EmulationSetCPUThrottlingRate	missing	TODO	baseline
lib/proto/emulation.go::type::EmulationSetDefaultBackgroundColorOverride	missing	TODO	baseline
lib/proto/emulation.go::type::EmulationSetDeviceMetricsOverride	missing	TODO	baseline
lib/proto/emulation.go::type::EmulationSetDevicePostureOverride	missing	TODO	baseline
lib/proto/emulation.go::type::EmulationSetDisabledImageTypes	missing	TODO	baseline
lib/proto/emulation.go::type::EmulationSetDocumentCookieDisabled	missing	TODO	baseline
lib/proto/emulation.go::type::EmulationSetEmitTouchEventsForMouse	missing	TODO	baseline
lib/proto/emulation.go::type::EmulationSetEmitTouchEventsForMouseConfiguration	missing	TODO	baseline
lib/proto/emulation.go::type::EmulationSetEmulatedMedia	missing	TODO	baseline
lib/proto/emulation.go::type::EmulationSetEmulatedVisionDeficiency	missing	TODO	baseline
lib/proto/emulation.go::type::EmulationSetEmulatedVisionDeficiencyType	missing	TODO	baseline
lib/proto/emulation.go::type::EmulationSetFocusEmulationEnabled	missing	TODO	baseline
lib/proto/emulation.go::type::EmulationSetGeolocationOverride	missing	TODO	baseline
lib/proto/emulation.go::type::EmulationSetHardwareConcurrencyOverride	missing	TODO	baseline
lib/proto/emulation.go::type::EmulationSetIdleOverride	missing	TODO	baseline
lib/proto/emulation.go::type::EmulationSetLocaleOverride	missing	TODO	baseline
lib/proto/emulation.go::type::EmulationSetNavigatorOverrides	missing	TODO	baseline
lib/proto/emulation.go::type::EmulationSetPageScaleFactor	missing	TODO	baseline
lib/proto/emulation.go::type::EmulationSetScriptExecutionDisabled	missing	TODO	baseline
lib/proto/emulation.go::type::EmulationSetScrollbarsHidden	missing	TODO	baseline
lib/proto/emulation.go::type::EmulationSetSensorOverrideEnabled	missing	TODO	baseline
lib/proto/emulation.go::type::EmulationSetSensorOverrideReadings	missing	TODO	baseline
lib/proto/emulation.go::type::EmulationSetTimezoneOverride	missing	TODO	baseline
lib/proto/emulation.go::type::EmulationSetTouchEmulationEnabled	missing	TODO	baseline
lib/proto/emulation.go::type::EmulationSetUserAgentOverride	missing	TODO	baseline
lib/proto/emulation.go::type::EmulationSetVirtualTimePolicy	missing	TODO	baseline
lib/proto/emulation.go::type::EmulationSetVirtualTimePolicyResult	missing	TODO	baseline
lib/proto/emulation.go::type::EmulationSetVisibleSize	missing	TODO	baseline
lib/proto/emulation.go::type::EmulationUserAgentBrandVersion	missing	TODO	baseline
lib/proto/emulation.go::type::EmulationUserAgentMetadata	missing	TODO	baseline
lib/proto/emulation.go::type::EmulationVirtualTimeBudgetExpired	missing	TODO	baseline
lib/proto/emulation.go::type::EmulationVirtualTimePolicy	missing	TODO	baseline
lib/proto/event_breakpoints.go::method::Call	missing	TODO	baseline
lib/proto/event_breakpoints.go::method::ProtoReq	missing	TODO	baseline
lib/proto/event_breakpoints.go::type::EventBreakpointsDisable	missing	TODO	baseline
lib/proto/event_breakpoints.go::type::EventBreakpointsRemoveInstrumentationBreakpoint	missing	TODO	baseline
lib/proto/event_breakpoints.go::type::EventBreakpointsSetInstrumentationBreakpoint	missing	TODO	baseline
lib/proto/extensions.go::method::Call	missing	TODO	baseline
lib/proto/extensions.go::method::ProtoReq	missing	TODO	baseline
lib/proto/extensions.go::type::ExtensionsLoadUnpacked	missing	TODO	baseline
lib/proto/extensions.go::type::ExtensionsLoadUnpackedResult	missing	TODO	baseline
lib/proto/fed_cm.go::method::Call	missing	TODO	baseline
lib/proto/fed_cm.go::method::ProtoEvent	missing	TODO	baseline
lib/proto/fed_cm.go::method::ProtoReq	missing	TODO	baseline
lib/proto/fed_cm.go::type::FedCmAccount	missing	TODO	baseline
lib/proto/fed_cm.go::type::FedCmAccountURLType	missing	TODO	baseline
lib/proto/fed_cm.go::type::FedCmClickDialogButton	missing	TODO	baseline
lib/proto/fed_cm.go::type::FedCmDialogButton	missing	TODO	baseline
lib/proto/fed_cm.go::type::FedCmDialogClosed	missing	TODO	baseline
lib/proto/fed_cm.go::type::FedCmDialogShown	missing	TODO	baseline
lib/proto/fed_cm.go::type::FedCmDialogType	missing	TODO	baseline
lib/proto/fed_cm.go::type::FedCmDisable	missing	TODO	baseline
lib/proto/fed_cm.go::type::FedCmDismissDialog	missing	TODO	baseline
lib/proto/fed_cm.go::type::FedCmEnable	missing	TODO	baseline
lib/proto/fed_cm.go::type::FedCmLoginState	missing	TODO	baseline
lib/proto/fed_cm.go::type::FedCmOpenURL	missing	TODO	baseline
lib/proto/fed_cm.go::type::FedCmResetCooldown	missing	TODO	baseline
lib/proto/fed_cm.go::type::FedCmSelectAccount	missing	TODO	baseline
lib/proto/fetch.go::method::Call	missing	TODO	baseline
lib/proto/fetch.go::method::ProtoEvent	missing	TODO	baseline
lib/proto/fetch.go::method::ProtoReq	missing	TODO	baseline
lib/proto/fetch.go::type::FetchAuthChallenge	missing	TODO	baseline
lib/proto/fetch.go::type::FetchAuthChallengeResponse	missing	TODO	baseline
lib/proto/fetch.go::type::FetchAuthChallengeResponseResponse	missing	TODO	baseline
lib/proto/fetch.go::type::FetchAuthChallengeSource	missing	TODO	baseline
lib/proto/fetch.go::type::FetchAuthRequired	missing	TODO	baseline
lib/proto/fetch.go::type::FetchContinueRequest	missing	TODO	baseline
lib/proto/fetch.go::type::FetchContinueResponse	missing	TODO	baseline
lib/proto/fetch.go::type::FetchContinueWithAuth	missing	TODO	baseline
lib/proto/fetch.go::type::FetchDisable	missing	TODO	baseline
lib/proto/fetch.go::type::FetchEnable	missing	TODO	baseline
lib/proto/fetch.go::type::FetchFailRequest	missing	TODO	baseline
lib/proto/fetch.go::type::FetchFulfillRequest	missing	TODO	baseline
lib/proto/fetch.go::type::FetchGetResponseBody	missing	TODO	baseline
lib/proto/fetch.go::type::FetchGetResponseBodyResult	missing	TODO	baseline
lib/proto/fetch.go::type::FetchHeaderEntry	missing	TODO	baseline
lib/proto/fetch.go::type::FetchRequestID	missing	TODO	baseline
lib/proto/fetch.go::type::FetchRequestPattern	missing	TODO	baseline
lib/proto/fetch.go::type::FetchRequestPaused	missing	TODO	baseline
lib/proto/fetch.go::type::FetchRequestStage	missing	TODO	baseline
lib/proto/fetch.go::type::FetchTakeResponseBodyAsStream	missing	TODO	baseline
lib/proto/fetch.go::type::FetchTakeResponseBodyAsStreamResult	missing	TODO	baseline
lib/proto/headless_experimental.go::method::Call	missing	TODO	baseline
lib/proto/headless_experimental.go::method::ProtoReq	missing	TODO	baseline
lib/proto/headless_experimental.go::type::HeadlessExperimentalBeginFrame	missing	TODO	baseline
lib/proto/headless_experimental.go::type::HeadlessExperimentalBeginFrameResult	missing	TODO	baseline
lib/proto/headless_experimental.go::type::HeadlessExperimentalDisable	missing	TODO	baseline
lib/proto/headless_experimental.go::type::HeadlessExperimentalEnable	missing	TODO	baseline
lib/proto/headless_experimental.go::type::HeadlessExperimentalScreenshotParams	missing	TODO	baseline
lib/proto/headless_experimental.go::type::HeadlessExperimentalScreenshotParamsFormat	missing	TODO	baseline
lib/proto/heap_profiler.go::method::Call	missing	TODO	baseline
lib/proto/heap_profiler.go::method::ProtoEvent	missing	TODO	baseline
lib/proto/heap_profiler.go::method::ProtoReq	missing	TODO	baseline
lib/proto/heap_profiler.go::type::HeapProfilerAddHeapSnapshotChunk	missing	TODO	baseline
lib/proto/heap_profiler.go::type::HeapProfilerAddInspectedHeapObject	missing	TODO	baseline
lib/proto/heap_profiler.go::type::HeapProfilerCollectGarbage	missing	TODO	baseline
lib/proto/heap_profiler.go::type::HeapProfilerDisable	missing	TODO	baseline
lib/proto/heap_profiler.go::type::HeapProfilerEnable	missing	TODO	baseline
lib/proto/heap_profiler.go::type::HeapProfilerGetHeapObjectID	missing	TODO	baseline
lib/proto/heap_profiler.go::type::HeapProfilerGetHeapObjectIDResult	missing	TODO	baseline
lib/proto/heap_profiler.go::type::HeapProfilerGetObjectByHeapObjectID	missing	TODO	baseline
lib/proto/heap_profiler.go::type::HeapProfilerGetObjectByHeapObjectIDResult	missing	TODO	baseline
lib/proto/heap_profiler.go::type::HeapProfilerGetSamplingProfile	missing	TODO	baseline
lib/proto/heap_profiler.go::type::HeapProfilerGetSamplingProfileResult	missing	TODO	baseline
lib/proto/heap_profiler.go::type::HeapProfilerHeapSnapshotObjectID	missing	TODO	baseline
lib/proto/heap_profiler.go::type::HeapProfilerHeapStatsUpdate	missing	TODO	baseline
lib/proto/heap_profiler.go::type::HeapProfilerLastSeenObjectID	missing	TODO	baseline
lib/proto/heap_profiler.go::type::HeapProfilerReportHeapSnapshotProgress	missing	TODO	baseline
lib/proto/heap_profiler.go::type::HeapProfilerResetProfiles	missing	TODO	baseline
lib/proto/heap_profiler.go::type::HeapProfilerSamplingHeapProfile	missing	TODO	baseline
lib/proto/heap_profiler.go::type::HeapProfilerSamplingHeapProfileNode	missing	TODO	baseline
lib/proto/heap_profiler.go::type::HeapProfilerSamplingHeapProfileSample	missing	TODO	baseline
lib/proto/heap_profiler.go::type::HeapProfilerStartSampling	missing	TODO	baseline
lib/proto/heap_profiler.go::type::HeapProfilerStartTrackingHeapObjects	missing	TODO	baseline
lib/proto/heap_profiler.go::type::HeapProfilerStopSampling	missing	TODO	baseline
lib/proto/heap_profiler.go::type::HeapProfilerStopSamplingResult	missing	TODO	baseline
lib/proto/heap_profiler.go::type::HeapProfilerStopTrackingHeapObjects	missing	TODO	baseline
lib/proto/heap_profiler.go::type::HeapProfilerTakeHeapSnapshot	missing	TODO	baseline
lib/proto/indexed_db.go::method::Call	missing	TODO	baseline
lib/proto/indexed_db.go::method::ProtoReq	missing	TODO	baseline
lib/proto/indexed_db.go::type::IndexedDBClearObjectStore	missing	TODO	baseline
lib/proto/indexed_db.go::type::IndexedDBDataEntry	missing	TODO	baseline
lib/proto/indexed_db.go::type::IndexedDBDatabaseWithObjectStores	missing	TODO	baseline
lib/proto/indexed_db.go::type::IndexedDBDeleteDatabase	missing	TODO	baseline
lib/proto/indexed_db.go::type::IndexedDBDeleteObjectStoreEntries	missing	TODO	baseline
lib/proto/indexed_db.go::type::IndexedDBDisable	missing	TODO	baseline
lib/proto/indexed_db.go::type::IndexedDBEnable	missing	TODO	baseline
lib/proto/indexed_db.go::type::IndexedDBGetMetadata	missing	TODO	baseline
lib/proto/indexed_db.go::type::IndexedDBGetMetadataResult	missing	TODO	baseline
lib/proto/indexed_db.go::type::IndexedDBKey	missing	TODO	baseline
lib/proto/indexed_db.go::type::IndexedDBKeyPath	missing	TODO	baseline
lib/proto/indexed_db.go::type::IndexedDBKeyPathType	missing	TODO	baseline
lib/proto/indexed_db.go::type::IndexedDBKeyRange	missing	TODO	baseline
lib/proto/indexed_db.go::type::IndexedDBKeyType	missing	TODO	baseline
lib/proto/indexed_db.go::type::IndexedDBObjectStore	missing	TODO	baseline
lib/proto/indexed_db.go::type::IndexedDBObjectStoreIndex	missing	TODO	baseline
lib/proto/indexed_db.go::type::IndexedDBRequestData	missing	TODO	baseline
lib/proto/indexed_db.go::type::IndexedDBRequestDataResult	missing	TODO	baseline
lib/proto/indexed_db.go::type::IndexedDBRequestDatabase	missing	TODO	baseline
lib/proto/indexed_db.go::type::IndexedDBRequestDatabaseNames	missing	TODO	baseline
lib/proto/indexed_db.go::type::IndexedDBRequestDatabaseNamesResult	missing	TODO	baseline
lib/proto/indexed_db.go::type::IndexedDBRequestDatabaseResult	missing	TODO	baseline
lib/proto/input.go::method::Call	missing	TODO	baseline
lib/proto/input.go::method::ProtoEvent	missing	TODO	baseline
lib/proto/input.go::method::ProtoReq	missing	TODO	baseline
lib/proto/input.go::type::InputCancelDragging	missing	TODO	baseline
lib/proto/input.go::type::InputDispatchDragEvent	missing	TODO	baseline
lib/proto/input.go::type::InputDispatchDragEventType	missing	TODO	baseline
lib/proto/input.go::type::InputDispatchKeyEvent	missing	TODO	baseline
lib/proto/input.go::type::InputDispatchKeyEventType	missing	TODO	baseline
lib/proto/input.go::type::InputDispatchMouseEvent	missing	TODO	baseline
lib/proto/input.go::type::InputDispatchMouseEventPointerType	missing	TODO	baseline
lib/proto/input.go::type::InputDispatchMouseEventType	missing	TODO	baseline
lib/proto/input.go::type::InputDispatchTouchEvent	missing	TODO	baseline
lib/proto/input.go::type::InputDispatchTouchEventType	missing	TODO	baseline
lib/proto/input.go::type::InputDragData	missing	TODO	baseline
lib/proto/input.go::type::InputDragDataItem	missing	TODO	baseline
lib/proto/input.go::type::InputDragIntercepted	missing	TODO	baseline
lib/proto/input.go::type::InputEmulateTouchFromMouseEvent	missing	TODO	baseline
lib/proto/input.go::type::InputEmulateTouchFromMouseEventType	missing	TODO	baseline
lib/proto/input.go::type::InputGestureSourceType	missing	TODO	baseline
lib/proto/input.go::type::InputImeSetComposition	missing	TODO	baseline
lib/proto/input.go::type::InputInsertText	missing	TODO	baseline
lib/proto/input.go::type::InputMouseButton	missing	TODO	baseline
lib/proto/input.go::type::InputSetIgnoreInputEvents	missing	TODO	baseline
lib/proto/input.go::type::InputSetInterceptDrags	missing	TODO	baseline
lib/proto/input.go::type::InputSynthesizePinchGesture	missing	TODO	baseline
lib/proto/input.go::type::InputSynthesizeScrollGesture	missing	TODO	baseline
lib/proto/input.go::type::InputSynthesizeTapGesture	missing	TODO	baseline
lib/proto/input.go::type::InputTouchPoint	missing	TODO	baseline
lib/proto/inspector.go::method::Call	missing	TODO	baseline
lib/proto/inspector.go::method::ProtoEvent	missing	TODO	baseline
lib/proto/inspector.go::method::ProtoReq	missing	TODO	baseline
lib/proto/inspector.go::type::InspectorDetached	missing	TODO	baseline
lib/proto/inspector.go::type::InspectorDisable	missing	TODO	baseline
lib/proto/inspector.go::type::InspectorEnable	missing	TODO	baseline
lib/proto/inspector.go::type::InspectorTargetCrashed	missing	TODO	baseline
lib/proto/inspector.go::type::InspectorTargetReloadedAfterCrash	missing	TODO	baseline
lib/proto/io.go::method::Call	missing	TODO	baseline
lib/proto/io.go::method::ProtoReq	missing	TODO	baseline
lib/proto/io.go::type::IOClose	missing	TODO	baseline
lib/proto/io.go::type::IORead	missing	TODO	baseline
lib/proto/io.go::type::IOReadResult	missing	TODO	baseline
lib/proto/io.go::type::IOResolveBlob	missing	TODO	baseline
lib/proto/io.go::type::IOResolveBlobResult	missing	TODO	baseline
lib/proto/io.go::type::IOStreamHandle	missing	TODO	baseline
lib/proto/layer_tree.go::method::Call	missing	TODO	baseline
lib/proto/layer_tree.go::method::ProtoEvent	missing	TODO	baseline
lib/proto/layer_tree.go::method::ProtoReq	missing	TODO	baseline
lib/proto/layer_tree.go::type::LayerTreeCompositingReasons	missing	TODO	baseline
lib/proto/layer_tree.go::type::LayerTreeCompositingReasonsResult	missing	TODO	baseline
lib/proto/layer_tree.go::type::LayerTreeDisable	missing	TODO	baseline
lib/proto/layer_tree.go::type::LayerTreeEnable	missing	TODO	baseline
lib/proto/layer_tree.go::type::LayerTreeLayer	missing	TODO	baseline
lib/proto/layer_tree.go::type::LayerTreeLayerID	missing	TODO	baseline
lib/proto/layer_tree.go::type::LayerTreeLayerPainted	missing	TODO	baseline
lib/proto/layer_tree.go::type::LayerTreeLayerTreeDidChange	missing	TODO	baseline
lib/proto/layer_tree.go::type::LayerTreeLoadSnapshot	missing	TODO	baseline
lib/proto/layer_tree.go::type::LayerTreeLoadSnapshotResult	missing	TODO	baseline
lib/proto/layer_tree.go::type::LayerTreeMakeSnapshot	missing	TODO	baseline
lib/proto/layer_tree.go::type::LayerTreeMakeSnapshotResult	missing	TODO	baseline
lib/proto/layer_tree.go::type::LayerTreePaintProfile	missing	TODO	baseline
lib/proto/layer_tree.go::type::LayerTreePictureTile	missing	TODO	baseline
lib/proto/layer_tree.go::type::LayerTreeProfileSnapshot	missing	TODO	baseline
lib/proto/layer_tree.go::type::LayerTreeProfileSnapshotResult	missing	TODO	baseline
lib/proto/layer_tree.go::type::LayerTreeReleaseSnapshot	missing	TODO	baseline
lib/proto/layer_tree.go::type::LayerTreeReplaySnapshot	missing	TODO	baseline
lib/proto/layer_tree.go::type::LayerTreeReplaySnapshotResult	missing	TODO	baseline
lib/proto/layer_tree.go::type::LayerTreeScrollRect	missing	TODO	baseline
lib/proto/layer_tree.go::type::LayerTreeScrollRectType	missing	TODO	baseline
lib/proto/layer_tree.go::type::LayerTreeSnapshotCommandLog	missing	TODO	baseline
lib/proto/layer_tree.go::type::LayerTreeSnapshotCommandLogResult	missing	TODO	baseline
lib/proto/layer_tree.go::type::LayerTreeSnapshotID	missing	TODO	baseline
lib/proto/layer_tree.go::type::LayerTreeStickyPositionConstraint	missing	TODO	baseline
lib/proto/log.go::method::Call	missing	TODO	baseline
lib/proto/log.go::method::ProtoEvent	missing	TODO	baseline
lib/proto/log.go::method::ProtoReq	missing	TODO	baseline
lib/proto/log.go::type::LogClear	missing	TODO	baseline
lib/proto/log.go::type::LogDisable	missing	TODO	baseline
lib/proto/log.go::type::LogEnable	missing	TODO	baseline
lib/proto/log.go::type::LogEntryAdded	missing	TODO	baseline
lib/proto/log.go::type::LogLogEntry	missing	TODO	baseline
lib/proto/log.go::type::LogLogEntryCategory	missing	TODO	baseline
lib/proto/log.go::type::LogLogEntryLevel	missing	TODO	baseline
lib/proto/log.go::type::LogLogEntrySource	missing	TODO	baseline
lib/proto/log.go::type::LogStartViolationsReport	missing	TODO	baseline
lib/proto/log.go::type::LogStopViolationsReport	missing	TODO	baseline
lib/proto/log.go::type::LogViolationSetting	missing	TODO	baseline
lib/proto/log.go::type::LogViolationSettingName	missing	TODO	baseline
lib/proto/media.go::method::Call	missing	TODO	baseline
lib/proto/media.go::method::ProtoEvent	missing	TODO	baseline
lib/proto/media.go::method::ProtoReq	missing	TODO	baseline
lib/proto/media.go::type::MediaDisable	missing	TODO	baseline
lib/proto/media.go::type::MediaEnable	missing	TODO	baseline
lib/proto/media.go::type::MediaPlayerError	missing	TODO	baseline
lib/proto/media.go::type::MediaPlayerErrorSourceLocation	missing	TODO	baseline
lib/proto/media.go::type::MediaPlayerErrorsRaised	missing	TODO	baseline
lib/proto/media.go::type::MediaPlayerEvent	missing	TODO	baseline
lib/proto/media.go::type::MediaPlayerEventsAdded	missing	TODO	baseline
lib/proto/media.go::type::MediaPlayerID	missing	TODO	baseline
lib/proto/media.go::type::MediaPlayerMessage	missing	TODO	baseline
lib/proto/media.go::type::MediaPlayerMessageLevel	missing	TODO	baseline
lib/proto/media.go::type::MediaPlayerMessagesLogged	missing	TODO	baseline
lib/proto/media.go::type::MediaPlayerPropertiesChanged	missing	TODO	baseline
lib/proto/media.go::type::MediaPlayerProperty	missing	TODO	baseline
lib/proto/media.go::type::MediaPlayersCreated	missing	TODO	baseline
lib/proto/media.go::type::MediaTimestamp	missing	TODO	baseline
lib/proto/memory.go::method::Call	missing	TODO	baseline
lib/proto/memory.go::method::ProtoReq	missing	TODO	baseline
lib/proto/memory.go::type::MemoryForciblyPurgeJavaScriptMemory	missing	TODO	baseline
lib/proto/memory.go::type::MemoryGetAllTimeSamplingProfile	missing	TODO	baseline
lib/proto/memory.go::type::MemoryGetAllTimeSamplingProfileResult	missing	TODO	baseline
lib/proto/memory.go::type::MemoryGetBrowserSamplingProfile	missing	TODO	baseline
lib/proto/memory.go::type::MemoryGetBrowserSamplingProfileResult	missing	TODO	baseline
lib/proto/memory.go::type::MemoryGetDOMCounters	missing	TODO	baseline
lib/proto/memory.go::type::MemoryGetDOMCountersResult	missing	TODO	baseline
lib/proto/memory.go::type::MemoryGetSamplingProfile	missing	TODO	baseline
lib/proto/memory.go::type::MemoryGetSamplingProfileResult	missing	TODO	baseline
lib/proto/memory.go::type::MemoryModule	missing	TODO	baseline
lib/proto/memory.go::type::MemoryPrepareForLeakDetection	missing	TODO	baseline
lib/proto/memory.go::type::MemoryPressureLevel	missing	TODO	baseline
lib/proto/memory.go::type::MemorySamplingProfile	missing	TODO	baseline
lib/proto/memory.go::type::MemorySamplingProfileNode	missing	TODO	baseline
lib/proto/memory.go::type::MemorySetPressureNotificationsSuppressed	missing	TODO	baseline
lib/proto/memory.go::type::MemorySimulatePressureNotification	missing	TODO	baseline
lib/proto/memory.go::type::MemoryStartSampling	missing	TODO	baseline
lib/proto/memory.go::type::MemoryStopSampling	missing	TODO	baseline
lib/proto/network.go::method::Call	missing	TODO	baseline
lib/proto/network.go::method::ProtoEvent	missing	TODO	baseline
lib/proto/network.go::method::ProtoReq	missing	TODO	baseline
lib/proto/network.go::type::NetworkAlternateProtocolUsage	missing	TODO	baseline
lib/proto/network.go::type::NetworkAssociatedCookie	missing	TODO	baseline
lib/proto/network.go::type::NetworkAuthChallenge	missing	TODO	baseline
lib/proto/network.go::type::NetworkAuthChallengeResponse	missing	TODO	baseline
lib/proto/network.go::type::NetworkAuthChallengeResponseResponse	missing	TODO	baseline
lib/proto/network.go::type::NetworkAuthChallengeSource	missing	TODO	baseline
lib/proto/network.go::type::NetworkBlockedReason	missing	TODO	baseline
lib/proto/network.go::type::NetworkBlockedSetCookieWithReason	missing	TODO	baseline
lib/proto/network.go::type::NetworkCachedResource	missing	TODO	baseline
lib/proto/network.go::type::NetworkCanClearBrowserCache	missing	TODO	baseline
lib/proto/network.go::type::NetworkCanClearBrowserCacheResult	missing	TODO	baseline
lib/proto/network.go::type::NetworkCanClearBrowserCookies	missing	TODO	baseline
lib/proto/network.go::type::NetworkCanClearBrowserCookiesResult	missing	TODO	baseline
lib/proto/network.go::type::NetworkCanEmulateNetworkConditions	missing	TODO	baseline
lib/proto/network.go::type::NetworkCanEmulateNetworkConditionsResult	missing	TODO	baseline
lib/proto/network.go::type::NetworkCertificateTransparencyCompliance	missing	TODO	baseline
lib/proto/network.go::type::NetworkClearAcceptedEncodingsOverride	missing	TODO	baseline
lib/proto/network.go::type::NetworkClearBrowserCache	missing	TODO	baseline
lib/proto/network.go::type::NetworkClearBrowserCookies	missing	TODO	baseline
lib/proto/network.go::type::NetworkClientSecurityState	missing	TODO	baseline
lib/proto/network.go::type::NetworkConnectTiming	missing	TODO	baseline
lib/proto/network.go::type::NetworkConnectionType	missing	TODO	baseline
lib/proto/network.go::type::NetworkContentEncoding	missing	TODO	baseline
lib/proto/network.go::type::NetworkContentSecurityPolicySource	missing	TODO	baseline
lib/proto/network.go::type::NetworkContentSecurityPolicyStatus	missing	TODO	baseline
lib/proto/network.go::type::NetworkContinueInterceptedRequest	missing	TODO	baseline
lib/proto/network.go::type::NetworkCookie	missing	TODO	baseline
lib/proto/network.go::type::NetworkCookieBlockedReason	missing	TODO	baseline
lib/proto/network.go::type::NetworkCookieExemptionReason	missing	TODO	baseline
lib/proto/network.go::type::NetworkCookieParam	missing	TODO	baseline
lib/proto/network.go::type::NetworkCookiePartitionKey	missing	TODO	baseline
lib/proto/network.go::type::NetworkCookiePriority	missing	TODO	baseline
lib/proto/network.go::type::NetworkCookieSameSite	missing	TODO	baseline
lib/proto/network.go::type::NetworkCookieSourceScheme	missing	TODO	baseline
lib/proto/network.go::type::NetworkCorsError	missing	TODO	baseline
lib/proto/network.go::type::NetworkCorsErrorStatus	missing	TODO	baseline
lib/proto/network.go::type::NetworkCrossOriginEmbedderPolicyStatus	missing	TODO	baseline
lib/proto/network.go::type::NetworkCrossOriginEmbedderPolicyValue	missing	TODO	baseline
lib/proto/network.go::type::NetworkCrossOriginOpenerPolicyStatus	missing	TODO	baseline
lib/proto/network.go::type::NetworkCrossOriginOpenerPolicyValue	missing	TODO	baseline
lib/proto/network.go::type::NetworkDataReceived	missing	TODO	baseline
lib/proto/network.go::type::NetworkDeleteCookies	missing	TODO	baseline
lib/proto/network.go::type::NetworkDisable	missing	TODO	baseline
lib/proto/network.go::type::NetworkEmulateNetworkConditions	missing	TODO	baseline
lib/proto/network.go::type::NetworkEnable	missing	TODO	baseline
lib/proto/network.go::type::NetworkEnableReportingAPI	missing	TODO	baseline
lib/proto/network.go::type::NetworkErrorReason	missing	TODO	baseline
lib/proto/network.go::type::NetworkEventSourceMessageReceived	missing	TODO	baseline
lib/proto/network.go::type::NetworkExemptedSetCookieWithReason	missing	TODO	baseline
lib/proto/network.go::type::NetworkGetAllCookies	missing	TODO	baseline
lib/proto/network.go::type::NetworkGetAllCookiesResult	missing	TODO	baseline
lib/proto/network.go::type::NetworkGetCertificate	missing	TODO	baseline
lib/proto/network.go::type::NetworkGetCertificateResult	missing	TODO	baseline
lib/proto/network.go::type::NetworkGetCookies	missing	TODO	baseline
lib/proto/network.go::type::NetworkGetCookiesResult	missing	TODO	baseline
lib/proto/network.go::type::NetworkGetRequestPostData	missing	TODO	baseline
lib/proto/network.go::type::NetworkGetRequestPostDataResult	missing	TODO	baseline
lib/proto/network.go::type::NetworkGetResponseBody	missing	TODO	baseline
lib/proto/network.go::type::NetworkGetResponseBodyForInterception	missing	TODO	baseline
lib/proto/network.go::type::NetworkGetResponseBodyForInterceptionResult	missing	TODO	baseline
lib/proto/network.go::type::NetworkGetResponseBodyResult	missing	TODO	baseline
lib/proto/network.go::type::NetworkGetSecurityIsolationStatus	missing	TODO	baseline
lib/proto/network.go::type::NetworkGetSecurityIsolationStatusResult	missing	TODO	baseline
lib/proto/network.go::type::NetworkHeaders	missing	TODO	baseline
lib/proto/network.go::type::NetworkIPAddressSpace	missing	TODO	baseline
lib/proto/network.go::type::NetworkInitiator	missing	TODO	baseline
lib/proto/network.go::type::NetworkInitiatorType	missing	TODO	baseline
lib/proto/network.go::type::NetworkInterceptionID	missing	TODO	baseline
lib/proto/network.go::type::NetworkInterceptionStage	missing	TODO	baseline
lib/proto/network.go::type::NetworkLoadNetworkResource	missing	TODO	baseline
lib/proto/network.go::type::NetworkLoadNetworkResourceOptions	missing	TODO	baseline
lib/proto/network.go::type::NetworkLoadNetworkResourcePageResult	missing	TODO	baseline
lib/proto/network.go::type::NetworkLoadNetworkResourceResult	missing	TODO	baseline
lib/proto/network.go::type::NetworkLoaderID	missing	TODO	baseline
lib/proto/network.go::type::NetworkLoadingFailed	missing	TODO	baseline
lib/proto/network.go::type::NetworkLoadingFinished	missing	TODO	baseline
lib/proto/network.go::type::NetworkPolicyUpdated	missing	TODO	baseline
lib/proto/network.go::type::NetworkPostDataEntry	missing	TODO	baseline
lib/proto/network.go::type::NetworkPrivateNetworkRequestPolicy	missing	TODO	baseline
lib/proto/network.go::type::NetworkReplayXHR	missing	TODO	baseline
lib/proto/network.go::type::NetworkReportID	missing	TODO	baseline
lib/proto/network.go::type::NetworkReportStatus	missing	TODO	baseline
lib/proto/network.go::type::NetworkReportingAPIEndpoint	missing	TODO	baseline
lib/proto/network.go::type::NetworkReportingAPIEndpointsChangedForOrigin	missing	TODO	baseline
lib/proto/network.go::type::NetworkReportingAPIReport	missing	TODO	baseline
lib/proto/network.go::type::NetworkReportingAPIReportAdded	missing	TODO	baseline
lib/proto/network.go::type::NetworkReportingAPIReportUpdated	missing	TODO	baseline
lib/proto/network.go::type::NetworkRequest	missing	TODO	baseline
lib/proto/network.go::type::NetworkRequestID	missing	TODO	baseline
lib/proto/network.go::type::NetworkRequestIntercepted	missing	TODO	baseline
lib/proto/network.go::type::NetworkRequestPattern	missing	TODO	baseline
lib/proto/network.go::type::NetworkRequestReferrerPolicy	missing	TODO	baseline
lib/proto/network.go::type::NetworkRequestServedFromCache	missing	TODO	baseline
lib/proto/network.go::type::NetworkRequestWillBeSent	missing	TODO	baseline
lib/proto/network.go::type::NetworkRequestWillBeSentExtraInfo	missing	TODO	baseline
lib/proto/network.go::type::NetworkResourceChangedPriority	missing	TODO	baseline
lib/proto/network.go::type::NetworkResourcePriority	missing	TODO	baseline
lib/proto/network.go::type::NetworkResourceTiming	missing	TODO	baseline
lib/proto/network.go::type::NetworkResourceType	missing	TODO	baseline
lib/proto/network.go::type::NetworkResponse	missing	TODO	baseline
lib/proto/network.go::type::NetworkResponseReceived	missing	TODO	baseline
lib/proto/network.go::type::NetworkResponseReceivedEarlyHints	missing	TODO	baseline
lib/proto/network.go::type::NetworkResponseReceivedExtraInfo	missing	TODO	baseline
lib/proto/network.go::type::NetworkSearchInResponseBody	missing	TODO	baseline
lib/proto/network.go::type::NetworkSearchInResponseBodyResult	missing	TODO	baseline
lib/proto/network.go::type::NetworkSecurityDetails	missing	TODO	baseline
lib/proto/network.go::type::NetworkSecurityIsolationStatus	missing	TODO	baseline
lib/proto/network.go::type::NetworkServiceWorkerResponseSource	missing	TODO	baseline
lib/proto/network.go::type::NetworkServiceWorkerRouterInfo	missing	TODO	baseline
lib/proto/network.go::type::NetworkServiceWorkerRouterSource	missing	TODO	baseline
lib/proto/network.go::type::NetworkSetAcceptedEncodings	missing	TODO	baseline
lib/proto/network.go::type::NetworkSetAttachDebugStack	missing	TODO	baseline
lib/proto/network.go::type::NetworkSetBlockedURLs	missing	TODO	baseline
lib/proto/network.go::type::NetworkSetBypassServiceWorker	missing	TODO	baseline
lib/proto/network.go::type::NetworkSetCacheDisabled	missing	TODO	baseline
lib/proto/network.go::type::NetworkSetCookie	missing	TODO	baseline
lib/proto/network.go::type::NetworkSetCookieBlockedReason	missing	TODO	baseline
lib/proto/network.go::type::NetworkSetCookieResult	missing	TODO	baseline
lib/proto/network.go::type::NetworkSetCookies	missing	TODO	baseline
lib/proto/network.go::type::NetworkSetExtraHTTPHeaders	missing	TODO	baseline
lib/proto/network.go::type::NetworkSetRequestInterception	missing	TODO	baseline
lib/proto/network.go::type::NetworkSetUserAgentOverride	missing	TODO	baseline
lib/proto/network.go::type::NetworkSignedCertificateTimestamp	missing	TODO	baseline
lib/proto/network.go::type::NetworkSignedExchangeError	missing	TODO	baseline
lib/proto/network.go::type::NetworkSignedExchangeErrorField	missing	TODO	baseline
lib/proto/network.go::type::NetworkSignedExchangeHeader	missing	TODO	baseline
lib/proto/network.go::type::NetworkSignedExchangeInfo	missing	TODO	baseline
lib/proto/network.go::type::NetworkSignedExchangeReceived	missing	TODO	baseline
lib/proto/network.go::type::NetworkSignedExchangeSignature	missing	TODO	baseline
lib/proto/network.go::type::NetworkStreamResourceContent	missing	TODO	baseline
lib/proto/network.go::type::NetworkStreamResourceContentResult	missing	TODO	baseline
lib/proto/network.go::type::NetworkSubresourceWebBundleInnerResponseError	missing	TODO	baseline
lib/proto/network.go::type::NetworkSubresourceWebBundleInnerResponseParsed	missing	TODO	baseline
lib/proto/network.go::type::NetworkSubresourceWebBundleMetadataError	missing	TODO	baseline
lib/proto/network.go::type::NetworkSubresourceWebBundleMetadataReceived	missing	TODO	baseline
lib/proto/network.go::type::NetworkTakeResponseBodyForInterceptionAsStream	missing	TODO	baseline
lib/proto/network.go::type::NetworkTakeResponseBodyForInterceptionAsStreamResult	missing	TODO	baseline
lib/proto/network.go::type::NetworkTrustTokenOperationDone	missing	TODO	baseline
lib/proto/network.go::type::NetworkTrustTokenOperationDoneStatus	missing	TODO	baseline
lib/proto/network.go::type::NetworkTrustTokenOperationType	missing	TODO	baseline
lib/proto/network.go::type::NetworkTrustTokenParams	missing	TODO	baseline
lib/proto/network.go::type::NetworkTrustTokenParamsRefreshPolicy	missing	TODO	baseline
lib/proto/network.go::type::NetworkWebSocketClosed	missing	TODO	baseline
lib/proto/network.go::type::NetworkWebSocketCreated	missing	TODO	baseline
lib/proto/network.go::type::NetworkWebSocketFrame	missing	TODO	baseline
lib/proto/network.go::type::NetworkWebSocketFrameError	missing	TODO	baseline
lib/proto/network.go::type::NetworkWebSocketFrameReceived	missing	TODO	baseline
lib/proto/network.go::type::NetworkWebSocketFrameSent	missing	TODO	baseline
lib/proto/network.go::type::NetworkWebSocketHandshakeResponseReceived	missing	TODO	baseline
lib/proto/network.go::type::NetworkWebSocketRequest	missing	TODO	baseline
lib/proto/network.go::type::NetworkWebSocketResponse	missing	TODO	baseline
lib/proto/network.go::type::NetworkWebSocketWillSendHandshakeRequest	missing	TODO	baseline
lib/proto/network.go::type::NetworkWebTransportClosed	missing	TODO	baseline
lib/proto/network.go::type::NetworkWebTransportConnectionEstablished	missing	TODO	baseline
lib/proto/network.go::type::NetworkWebTransportCreated	missing	TODO	baseline
lib/proto/overlay.go::method::Call	missing	TODO	baseline
lib/proto/overlay.go::method::ProtoEvent	missing	TODO	baseline
lib/proto/overlay.go::method::ProtoReq	missing	TODO	baseline
lib/proto/overlay.go::type::OverlayBoxStyle	missing	TODO	baseline
lib/proto/overlay.go::type::OverlayColorFormat	missing	TODO	baseline
lib/proto/overlay.go::type::OverlayContainerQueryContainerHighlightConfig	missing	TODO	baseline
lib/proto/overlay.go::type::OverlayContainerQueryHighlightConfig	missing	TODO	baseline
lib/proto/overlay.go::type::OverlayContrastAlgorithm	missing	TODO	baseline
lib/proto/overlay.go::type::OverlayDisable	missing	TODO	baseline
lib/proto/overlay.go::type::OverlayEnable	missing	TODO	baseline
lib/proto/overlay.go::type::OverlayFlexContainerHighlightConfig	missing	TODO	baseline
lib/proto/overlay.go::type::OverlayFlexItemHighlightConfig	missing	TODO	baseline
lib/proto/overlay.go::type::OverlayFlexNodeHighlightConfig	missing	TODO	baseline
lib/proto/overlay.go::type::OverlayGetGridHighlightObjectsForTest	missing	TODO	baseline
lib/proto/overlay.go::type::OverlayGetGridHighlightObjectsForTestResult	missing	TODO	baseline
lib/proto/overlay.go::type::OverlayGetHighlightObjectForTest	missing	TODO	baseline
lib/proto/overlay.go::type::OverlayGetHighlightObjectForTestResult	missing	TODO	baseline
lib/proto/overlay.go::type::OverlayGetSourceOrderHighlightObjectForTest	missing	TODO	baseline
lib/proto/overlay.go::type::OverlayGetSourceOrderHighlightObjectForTestResult	missing	TODO	baseline
lib/proto/overlay.go::type::OverlayGridHighlightConfig	missing	TODO	baseline
lib/proto/overlay.go::type::OverlayGridNodeHighlightConfig	missing	TODO	baseline
lib/proto/overlay.go::type::OverlayHideHighlight	missing	TODO	baseline
lib/proto/overlay.go::type::OverlayHighlightConfig	missing	TODO	baseline
lib/proto/overlay.go::type::OverlayHighlightFrame	missing	TODO	baseline
lib/proto/overlay.go::type::OverlayHighlightNode	missing	TODO	baseline
lib/proto/overlay.go::type::OverlayHighlightQuad	missing	TODO	baseline
lib/proto/overlay.go::type::OverlayHighlightRect	missing	TODO	baseline
lib/proto/overlay.go::type::OverlayHighlightSourceOrder	missing	TODO	baseline
lib/proto/overlay.go::type::OverlayHingeConfig	missing	TODO	baseline
lib/proto/overlay.go::type::OverlayInspectMode	missing	TODO	baseline
lib/proto/overlay.go::type::OverlayInspectModeCanceled	missing	TODO	baseline
lib/proto/overlay.go::type::OverlayInspectNodeRequested	missing	TODO	baseline
lib/proto/overlay.go::type::OverlayIsolatedElementHighlightConfig	missing	TODO	baseline
lib/proto/overlay.go::type::OverlayIsolationModeHighlightConfig	missing	TODO	baseline
lib/proto/overlay.go::type::OverlayLineStyle	missing	TODO	baseline
lib/proto/overlay.go::type::OverlayLineStylePattern	missing	TODO	baseline
lib/proto/overlay.go::type::OverlayNodeHighlightRequested	missing	TODO	baseline
lib/proto/overlay.go::type::OverlayScreenshotRequested	missing	TODO	baseline
lib/proto/overlay.go::type::OverlayScrollSnapContainerHighlightConfig	missing	TODO	baseline
lib/proto/overlay.go::type::OverlayScrollSnapHighlightConfig	missing	TODO	baseline
lib/proto/overlay.go::type::OverlaySetInspectMode	missing	TODO	baseline
lib/proto/overlay.go::type::OverlaySetPausedInDebuggerMessage	missing	TODO	baseline
lib/proto/overlay.go::type::OverlaySetShowAdHighlights	missing	TODO	baseline
lib/proto/overlay.go::type::OverlaySetShowContainerQueryOverlays	missing	TODO	baseline
lib/proto/overlay.go::type::OverlaySetShowDebugBorders	missing	TODO	baseline
lib/proto/overlay.go::type::OverlaySetShowFPSCounter	missing	TODO	baseline
lib/proto/overlay.go::type::OverlaySetShowFlexOverlays	missing	TODO	baseline
lib/proto/overlay.go::type::OverlaySetShowGridOverlays	missing	TODO	baseline
lib/proto/overlay.go::type::OverlaySetShowHinge	missing	TODO	baseline
lib/proto/overlay.go::type::OverlaySetShowHitTestBorders	missing	TODO	baseline
lib/proto/overlay.go::type::OverlaySetShowIsolatedElements	missing	TODO	baseline
lib/proto/overlay.go::type::OverlaySetShowLayoutShiftRegions	missing	TODO	baseline
lib/proto/overlay.go::type::OverlaySetShowPaintRects	missing	TODO	baseline
lib/proto/overlay.go::type::OverlaySetShowScrollBottleneckRects	missing	TODO	baseline
lib/proto/overlay.go::type::OverlaySetShowScrollSnapOverlays	missing	TODO	baseline
lib/proto/overlay.go::type::OverlaySetShowViewportSizeOnResize	missing	TODO	baseline
lib/proto/overlay.go::type::OverlaySetShowWebVitals	missing	TODO	baseline
lib/proto/overlay.go::type::OverlaySetShowWindowControlsOverlay	missing	TODO	baseline
lib/proto/overlay.go::type::OverlaySourceOrderConfig	missing	TODO	baseline
lib/proto/overlay.go::type::OverlayWindowControlsOverlayConfig	missing	TODO	baseline
lib/proto/page.go::method::Call	missing	TODO	baseline
lib/proto/page.go::method::ProtoEvent	missing	TODO	baseline
lib/proto/page.go::method::ProtoReq	missing	TODO	baseline
lib/proto/page.go::type::PageAdFrameExplanation	missing	TODO	baseline
lib/proto/page.go::type::PageAdFrameStatus	missing	TODO	baseline
lib/proto/page.go::type::PageAdFrameType	missing	TODO	baseline
lib/proto/page.go::type::PageAdScriptID	missing	TODO	baseline
lib/proto/page.go::type::PageAddCompilationCache	missing	TODO	baseline
lib/proto/page.go::type::PageAddScriptToEvaluateOnLoad	missing	TODO	baseline
lib/proto/page.go::type::PageAddScriptToEvaluateOnLoadResult	missing	TODO	baseline
lib/proto/page.go::type::PageAddScriptToEvaluateOnNewDocument	missing	TODO	baseline
lib/proto/page.go::type::PageAddScriptToEvaluateOnNewDocumentResult	missing	TODO	baseline
lib/proto/page.go::type::PageAppManifestError	missing	TODO	baseline
lib/proto/page.go::type::PageAppManifestParsedProperties	missing	TODO	baseline
lib/proto/page.go::type::PageAutoResponseMode	missing	TODO	baseline
lib/proto/page.go::type::PageBackForwardCacheBlockingDetails	missing	TODO	baseline
lib/proto/page.go::type::PageBackForwardCacheNotRestoredExplanation	missing	TODO	baseline
lib/proto/page.go::type::PageBackForwardCacheNotRestoredExplanationTree	missing	TODO	baseline
lib/proto/page.go::type::PageBackForwardCacheNotRestoredReason	missing	TODO	baseline
lib/proto/page.go::type::PageBackForwardCacheNotRestoredReasonType	missing	TODO	baseline
lib/proto/page.go::type::PageBackForwardCacheNotUsed	missing	TODO	baseline
lib/proto/page.go::type::PageBringToFront	missing	TODO	baseline
lib/proto/page.go::type::PageCaptureScreenshot	missing	TODO	baseline
lib/proto/page.go::type::PageCaptureScreenshotFormat	missing	TODO	baseline
lib/proto/page.go::type::PageCaptureScreenshotResult	missing	TODO	baseline
lib/proto/page.go::type::PageCaptureSnapshot	missing	TODO	baseline
lib/proto/page.go::type::PageCaptureSnapshotFormat	missing	TODO	baseline
lib/proto/page.go::type::PageCaptureSnapshotResult	missing	TODO	baseline
lib/proto/page.go::type::PageClearCompilationCache	missing	TODO	baseline
lib/proto/page.go::type::PageClearDeviceMetricsOverride	missing	TODO	baseline
lib/proto/page.go::type::PageClearDeviceOrientationOverride	missing	TODO	baseline
lib/proto/page.go::type::PageClearGeolocationOverride	missing	TODO	baseline
lib/proto/page.go::type::PageClientNavigationDisposition	missing	TODO	baseline
lib/proto/page.go::type::PageClientNavigationReason	missing	TODO	baseline
lib/proto/page.go::type::PageClose	missing	TODO	baseline
lib/proto/page.go::type::PageCompilationCacheParams	missing	TODO	baseline
lib/proto/page.go::type::PageCompilationCacheProduced	missing	TODO	baseline
lib/proto/page.go::type::PageCrash	missing	TODO	baseline
lib/proto/page.go::type::PageCreateIsolatedWorld	missing	TODO	baseline
lib/proto/page.go::type::PageCreateIsolatedWorldResult	missing	TODO	baseline
lib/proto/page.go::type::PageCrossOriginIsolatedContextType	missing	TODO	baseline
lib/proto/page.go::type::PageDeleteCookie	missing	TODO	baseline
lib/proto/page.go::type::PageDialogType	missing	TODO	baseline
lib/proto/page.go::type::PageDisable	missing	TODO	baseline
lib/proto/page.go::type::PageDocumentOpened	missing	TODO	baseline
lib/proto/page.go::type::PageDomContentEventFired	missing	TODO	baseline
lib/proto/page.go::type::PageDownloadProgress	missing	TODO	baseline
lib/proto/page.go::type::PageDownloadProgressState	missing	TODO	baseline
lib/proto/page.go::type::PageDownloadWillBegin	missing	TODO	baseline
lib/proto/page.go::type::PageEnable	missing	TODO	baseline
lib/proto/page.go::type::PageFileChooserOpened	missing	TODO	baseline
lib/proto/page.go::type::PageFileChooserOpenedMode	missing	TODO	baseline
lib/proto/page.go::type::PageFileFilter	missing	TODO	baseline
lib/proto/page.go::type::PageFileHandler	missing	TODO	baseline
lib/proto/page.go::type::PageFontFamilies	missing	TODO	baseline
lib/proto/page.go::type::PageFontSizes	missing	TODO	baseline
lib/proto/page.go::type::PageFrame	missing	TODO	baseline
lib/proto/page.go::type::PageFrameAttached	missing	TODO	baseline
lib/proto/page.go::type::PageFrameClearedScheduledNavigation	missing	TODO	baseline
lib/proto/page.go::type::PageFrameDetached	missing	TODO	baseline
lib/proto/page.go::type::PageFrameDetachedReason	missing	TODO	baseline
lib/proto/page.go::type::PageFrameID	missing	TODO	baseline
lib/proto/page.go::type::PageFrameNavigated	missing	TODO	baseline
lib/proto/page.go::type::PageFrameRequestedNavigation	missing	TODO	baseline
lib/proto/page.go::type::PageFrameResized	missing	TODO	baseline
lib/proto/page.go::type::PageFrameResource	missing	TODO	baseline
lib/proto/page.go::type::PageFrameResourceTree	missing	TODO	baseline
lib/proto/page.go::type::PageFrameScheduledNavigation	missing	TODO	baseline
lib/proto/page.go::type::PageFrameStartedLoading	missing	TODO	baseline
lib/proto/page.go::type::PageFrameStoppedLoading	missing	TODO	baseline
lib/proto/page.go::type::PageFrameTree	missing	TODO	baseline
lib/proto/page.go::type::PageGatedAPIFeatures	missing	TODO	baseline
lib/proto/page.go::type::PageGenerateTestReport	missing	TODO	baseline
lib/proto/page.go::type::PageGetAdScriptID	missing	TODO	baseline
lib/proto/page.go::type::PageGetAdScriptIDResult	missing	TODO	baseline
lib/proto/page.go::type::PageGetAppID	missing	TODO	baseline
lib/proto/page.go::type::PageGetAppIDResult	missing	TODO	baseline
lib/proto/page.go::type::PageGetAppManifest	missing	TODO	baseline
lib/proto/page.go::type::PageGetAppManifestResult	missing	TODO	baseline
lib/proto/page.go::type::PageGetFrameTree	missing	TODO	baseline
lib/proto/page.go::type::PageGetFrameTreeResult	missing	TODO	baseline
lib/proto/page.go::type::PageGetInstallabilityErrors	missing	TODO	baseline
lib/proto/page.go::type::PageGetInstallabilityErrorsResult	missing	TODO	baseline
lib/proto/page.go::type::PageGetLayoutMetrics	missing	TODO	baseline
lib/proto/page.go::type::PageGetLayoutMetricsResult	missing	TODO	baseline
lib/proto/page.go::type::PageGetManifestIcons	missing	TODO	baseline
lib/proto/page.go::type::PageGetManifestIconsResult	missing	TODO	baseline
lib/proto/page.go::type::PageGetNavigationHistory	missing	TODO	baseline
lib/proto/page.go::type::PageGetNavigationHistoryResult	missing	TODO	baseline
lib/proto/page.go::type::PageGetOriginTrials	missing	TODO	baseline
lib/proto/page.go::type::PageGetOriginTrialsResult	missing	TODO	baseline
lib/proto/page.go::type::PageGetPermissionsPolicyState	missing	TODO	baseline
lib/proto/page.go::type::PageGetPermissionsPolicyStateResult	missing	TODO	baseline
lib/proto/page.go::type::PageGetResourceContent	missing	TODO	baseline
lib/proto/page.go::type::PageGetResourceContentResult	missing	TODO	baseline
lib/proto/page.go::type::PageGetResourceTree	missing	TODO	baseline
lib/proto/page.go::type::PageGetResourceTreeResult	missing	TODO	baseline
lib/proto/page.go::type::PageHandleJavaScriptDialog	missing	TODO	baseline
lib/proto/page.go::type::PageImageResource	missing	TODO	baseline
lib/proto/page.go::type::PageInstallabilityError	missing	TODO	baseline
lib/proto/page.go::type::PageInstallabilityErrorArgument	missing	TODO	baseline
lib/proto/page.go::type::PageInterstitialHidden	missing	TODO	baseline
lib/proto/page.go::type::PageInterstitialShown	missing	TODO	baseline
lib/proto/page.go::type::PageJavascriptDialogClosed	missing	TODO	baseline
lib/proto/page.go::type::PageJavascriptDialogOpening	missing	TODO	baseline
lib/proto/page.go::type::PageLaunchHandler	missing	TODO	baseline
lib/proto/page.go::type::PageLayoutViewport	missing	TODO	baseline
lib/proto/page.go::type::PageLifecycleEvent	missing	TODO	baseline
lib/proto/page.go::type::PageLifecycleEventName	missing	TODO	baseline
lib/proto/page.go::type::PageLoadEventFired	missing	TODO	baseline
lib/proto/page.go::type::PageNavigate	missing	TODO	baseline
lib/proto/page.go::type::PageNavigateResult	missing	TODO	baseline
lib/proto/page.go::type::PageNavigateToHistoryEntry	missing	TODO	baseline
lib/proto/page.go::type::PageNavigatedWithinDocument	missing	TODO	baseline
lib/proto/page.go::type::PageNavigationEntry	missing	TODO	baseline
lib/proto/page.go::type::PageNavigationType	missing	TODO	baseline
lib/proto/page.go::type::PageOriginTrial	missing	TODO	baseline
lib/proto/page.go::type::PageOriginTrialStatus	missing	TODO	baseline
lib/proto/page.go::type::PageOriginTrialToken	missing	TODO	baseline
lib/proto/page.go::type::PageOriginTrialTokenStatus	missing	TODO	baseline
lib/proto/page.go::type::PageOriginTrialTokenWithStatus	missing	TODO	baseline
lib/proto/page.go::type::PageOriginTrialUsageRestriction	missing	TODO	baseline
lib/proto/page.go::type::PagePermissionsPolicyBlockLocator	missing	TODO	baseline
lib/proto/page.go::type::PagePermissionsPolicyBlockReason	missing	TODO	baseline
lib/proto/page.go::type::PagePermissionsPolicyFeature	missing	TODO	baseline
lib/proto/page.go::type::PagePermissionsPolicyFeatureState	missing	TODO	baseline
lib/proto/page.go::type::PagePrintToPDF	missing	TODO	baseline
lib/proto/page.go::type::PagePrintToPDFResult	missing	TODO	baseline
lib/proto/page.go::type::PagePrintToPDFTransferMode	missing	TODO	baseline
lib/proto/page.go::type::PageProduceCompilationCache	missing	TODO	baseline
lib/proto/page.go::type::PageProtocolHandler	missing	TODO	baseline
lib/proto/page.go::type::PageReferrerPolicy	missing	TODO	baseline
lib/proto/page.go::type::PageRelatedApplication	missing	TODO	baseline
lib/proto/page.go::type::PageReload	missing	TODO	baseline
lib/proto/page.go::type::PageRemoveScriptToEvaluateOnLoad	missing	TODO	baseline
lib/proto/page.go::type::PageRemoveScriptToEvaluateOnNewDocument	missing	TODO	baseline
lib/proto/page.go::type::PageResetNavigationHistory	missing	TODO	baseline
lib/proto/page.go::type::PageScopeExtension	missing	TODO	baseline
lib/proto/page.go::type::PageScreencastFrame	missing	TODO	baseline
lib/proto/page.go::type::PageScreencastFrameAck	missing	TODO	baseline
lib/proto/page.go::type::PageScreencastFrameMetadata	missing	TODO	baseline
lib/proto/page.go::type::PageScreencastVisibilityChanged	missing	TODO	baseline
lib/proto/page.go::type::PageScreenshot	missing	TODO	baseline
lib/proto/page.go::type::PageScriptFontFamilies	missing	TODO	baseline
lib/proto/page.go::type::PageScriptIdentifier	missing	TODO	baseline
lib/proto/page.go::type::PageSearchInResource	missing	TODO	baseline
lib/proto/page.go::type::PageSearchInResourceResult	missing	TODO	baseline
lib/proto/page.go::type::PageSecureContextType	missing	TODO	baseline
lib/proto/page.go::type::PageSetAdBlockingEnabled	missing	TODO	baseline
lib/proto/page.go::type::PageSetBypassCSP	missing	TODO	baseline
lib/proto/page.go::type::PageSetDeviceMetricsOverride	missing	TODO	baseline
lib/proto/page.go::type::PageSetDeviceOrientationOverride	missing	TODO	baseline
lib/proto/page.go::type::PageSetDocumentContent	missing	TODO	baseline
lib/proto/page.go::type::PageSetDownloadBehavior	missing	TODO	baseline
lib/proto/page.go::type::PageSetDownloadBehaviorBehavior	missing	TODO	baseline
lib/proto/page.go::type::PageSetFontFamilies	missing	TODO	baseline
lib/proto/page.go::type::PageSetFontSizes	missing	TODO	baseline
lib/proto/page.go::type::PageSetGeolocationOverride	missing	TODO	baseline
lib/proto/page.go::type::PageSetInterceptFileChooserDialog	missing	TODO	baseline
lib/proto/page.go::type::PageSetLifecycleEventsEnabled	missing	TODO	baseline
lib/proto/page.go::type::PageSetPrerenderingAllowed	missing	TODO	baseline
lib/proto/page.go::type::PageSetRPHRegistrationMode	missing	TODO	baseline
lib/proto/page.go::type::PageSetSPCTransactionMode	missing	TODO	baseline
lib/proto/page.go::type::PageSetTouchEmulationEnabled	missing	TODO	baseline
lib/proto/page.go::type::PageSetTouchEmulationEnabledConfiguration	missing	TODO	baseline
lib/proto/page.go::type::PageSetWebLifecycleState	missing	TODO	baseline
lib/proto/page.go::type::PageSetWebLifecycleStateState	missing	TODO	baseline
lib/proto/page.go::type::PageShareTarget	missing	TODO	baseline
lib/proto/page.go::type::PageShortcut	missing	TODO	baseline
lib/proto/page.go::type::PageStartScreencast	missing	TODO	baseline
lib/proto/page.go::type::PageStartScreencastFormat	missing	TODO	baseline
lib/proto/page.go::type::PageStopLoading	missing	TODO	baseline
lib/proto/page.go::type::PageStopScreencast	missing	TODO	baseline
lib/proto/page.go::type::PageTransitionType	missing	TODO	baseline
lib/proto/page.go::type::PageViewport	missing	TODO	baseline
lib/proto/page.go::type::PageVisualViewport	missing	TODO	baseline
lib/proto/page.go::type::PageWaitForDebugger	missing	TODO	baseline
lib/proto/page.go::type::PageWebAppManifest	missing	TODO	baseline
lib/proto/page.go::type::PageWindowOpen	missing	TODO	baseline
lib/proto/performance.go::method::Call	missing	TODO	baseline
lib/proto/performance.go::method::ProtoEvent	missing	TODO	baseline
lib/proto/performance.go::method::ProtoReq	missing	TODO	baseline
lib/proto/performance.go::type::PerformanceDisable	missing	TODO	baseline
lib/proto/performance.go::type::PerformanceEnable	missing	TODO	baseline
lib/proto/performance.go::type::PerformanceEnableTimeDomain	missing	TODO	baseline
lib/proto/performance.go::type::PerformanceGetMetrics	missing	TODO	baseline
lib/proto/performance.go::type::PerformanceGetMetricsResult	missing	TODO	baseline
lib/proto/performance.go::type::PerformanceMetric	missing	TODO	baseline
lib/proto/performance.go::type::PerformanceMetrics	missing	TODO	baseline
lib/proto/performance.go::type::PerformanceSetTimeDomain	missing	TODO	baseline
lib/proto/performance.go::type::PerformanceSetTimeDomainTimeDomain	missing	TODO	baseline
lib/proto/performance_timeline.go::method::Call	missing	TODO	baseline
lib/proto/performance_timeline.go::method::ProtoEvent	missing	TODO	baseline
lib/proto/performance_timeline.go::method::ProtoReq	missing	TODO	baseline
lib/proto/performance_timeline.go::type::PerformanceTimelineEnable	missing	TODO	baseline
lib/proto/performance_timeline.go::type::PerformanceTimelineLargestContentfulPaint	missing	TODO	baseline
lib/proto/performance_timeline.go::type::PerformanceTimelineLayoutShift	missing	TODO	baseline
lib/proto/performance_timeline.go::type::PerformanceTimelineLayoutShiftAttribution	missing	TODO	baseline
lib/proto/performance_timeline.go::type::PerformanceTimelineTimelineEvent	missing	TODO	baseline
lib/proto/performance_timeline.go::type::PerformanceTimelineTimelineEventAdded	missing	TODO	baseline
lib/proto/preload.go::method::Call	missing	TODO	baseline
lib/proto/preload.go::method::ProtoEvent	missing	TODO	baseline
lib/proto/preload.go::method::ProtoReq	missing	TODO	baseline
lib/proto/preload.go::type::PreloadDisable	missing	TODO	baseline
lib/proto/preload.go::type::PreloadEnable	missing	TODO	baseline
lib/proto/preload.go::type::PreloadPrefetchStatus	missing	TODO	baseline
lib/proto/preload.go::type::PreloadPrefetchStatusUpdated	missing	TODO	baseline
lib/proto/preload.go::type::PreloadPreloadEnabledStateUpdated	missing	TODO	baseline
lib/proto/preload.go::type::PreloadPreloadingAttemptKey	missing	TODO	baseline
lib/proto/preload.go::type::PreloadPreloadingAttemptSource	missing	TODO	baseline
lib/proto/preload.go::type::PreloadPreloadingAttemptSourcesUpdated	missing	TODO	baseline
lib/proto/preload.go::type::PreloadPreloadingStatus	missing	TODO	baseline
lib/proto/preload.go::type::PreloadPrerenderFinalStatus	missing	TODO	baseline
lib/proto/preload.go::type::PreloadPrerenderMismatchedHeaders	missing	TODO	baseline
lib/proto/preload.go::type::PreloadPrerenderStatusUpdated	missing	TODO	baseline
lib/proto/preload.go::type::PreloadRuleSet	missing	TODO	baseline
lib/proto/preload.go::type::PreloadRuleSetErrorType	missing	TODO	baseline
lib/proto/preload.go::type::PreloadRuleSetID	missing	TODO	baseline
lib/proto/preload.go::type::PreloadRuleSetRemoved	missing	TODO	baseline
lib/proto/preload.go::type::PreloadRuleSetUpdated	missing	TODO	baseline
lib/proto/preload.go::type::PreloadSpeculationAction	missing	TODO	baseline
lib/proto/preload.go::type::PreloadSpeculationTargetHint	missing	TODO	baseline
lib/proto/profiler.go::method::Call	missing	TODO	baseline
lib/proto/profiler.go::method::ProtoEvent	missing	TODO	baseline
lib/proto/profiler.go::method::ProtoReq	missing	TODO	baseline
lib/proto/profiler.go::type::ProfilerConsoleProfileFinished	missing	TODO	baseline
lib/proto/profiler.go::type::ProfilerConsoleProfileStarted	missing	TODO	baseline
lib/proto/profiler.go::type::ProfilerCoverageRange	missing	TODO	baseline
lib/proto/profiler.go::type::ProfilerDisable	missing	TODO	baseline
lib/proto/profiler.go::type::ProfilerEnable	missing	TODO	baseline
lib/proto/profiler.go::type::ProfilerFunctionCoverage	missing	TODO	baseline
lib/proto/profiler.go::type::ProfilerGetBestEffortCoverage	missing	TODO	baseline
lib/proto/profiler.go::type::ProfilerGetBestEffortCoverageResult	missing	TODO	baseline
lib/proto/profiler.go::type::ProfilerPositionTickInfo	missing	TODO	baseline
lib/proto/profiler.go::type::ProfilerPreciseCoverageDeltaUpdate	missing	TODO	baseline
lib/proto/profiler.go::type::ProfilerProfile	missing	TODO	baseline
lib/proto/profiler.go::type::ProfilerProfileNode	missing	TODO	baseline
lib/proto/profiler.go::type::ProfilerScriptCoverage	missing	TODO	baseline
lib/proto/profiler.go::type::ProfilerSetSamplingInterval	missing	TODO	baseline
lib/proto/profiler.go::type::ProfilerStart	missing	TODO	baseline
lib/proto/profiler.go::type::ProfilerStartPreciseCoverage	missing	TODO	baseline
lib/proto/profiler.go::type::ProfilerStartPreciseCoverageResult	missing	TODO	baseline
lib/proto/profiler.go::type::ProfilerStop	missing	TODO	baseline
lib/proto/profiler.go::type::ProfilerStopPreciseCoverage	missing	TODO	baseline
lib/proto/profiler.go::type::ProfilerStopResult	missing	TODO	baseline
lib/proto/profiler.go::type::ProfilerTakePreciseCoverage	missing	TODO	baseline
lib/proto/profiler.go::type::ProfilerTakePreciseCoverageResult	missing	TODO	baseline
lib/proto/pwa.go::method::Call	missing	TODO	baseline
lib/proto/pwa.go::method::ProtoReq	missing	TODO	baseline
lib/proto/pwa.go::type::PWAChangeAppUserSettings	missing	TODO	baseline
lib/proto/pwa.go::type::PWADisplayMode	missing	TODO	baseline
lib/proto/pwa.go::type::PWAFileHandler	missing	TODO	baseline
lib/proto/pwa.go::type::PWAFileHandlerAccept	missing	TODO	baseline
lib/proto/pwa.go::type::PWAGetOsAppState	missing	TODO	baseline
lib/proto/pwa.go::type::PWAGetOsAppStateResult	missing	TODO	baseline
lib/proto/pwa.go::type::PWAInstall	missing	TODO	baseline
lib/proto/pwa.go::type::PWALaunch	missing	TODO	baseline
lib/proto/pwa.go::type::PWALaunchFilesInApp	missing	TODO	baseline
lib/proto/pwa.go::type::PWALaunchFilesInAppResult	missing	TODO	baseline
lib/proto/pwa.go::type::PWALaunchResult	missing	TODO	baseline
lib/proto/pwa.go::type::PWAOpenCurrentPageInApp	missing	TODO	baseline
lib/proto/pwa.go::type::PWAUninstall	missing	TODO	baseline
lib/proto/runtime.go::method::Call	missing	TODO	baseline
lib/proto/runtime.go::method::ProtoEvent	missing	TODO	baseline
lib/proto/runtime.go::method::ProtoReq	missing	TODO	baseline
lib/proto/runtime.go::type::RuntimeAddBinding	missing	TODO	baseline
lib/proto/runtime.go::type::RuntimeAwaitPromise	missing	TODO	baseline
lib/proto/runtime.go::type::RuntimeAwaitPromiseResult	missing	TODO	baseline
lib/proto/runtime.go::type::RuntimeBindingCalled	missing	TODO	baseline
lib/proto/runtime.go::type::RuntimeCallArgument	missing	TODO	baseline
lib/proto/runtime.go::type::RuntimeCallFrame	missing	TODO	baseline
lib/proto/runtime.go::type::RuntimeCallFunctionOn	missing	TODO	baseline
lib/proto/runtime.go::type::RuntimeCallFunctionOnResult	missing	TODO	baseline
lib/proto/runtime.go::type::RuntimeCompileScript	missing	TODO	baseline
lib/proto/runtime.go::type::RuntimeCompileScriptResult	missing	TODO	baseline
lib/proto/runtime.go::type::RuntimeConsoleAPICalled	missing	TODO	baseline
lib/proto/runtime.go::type::RuntimeConsoleAPICalledType	missing	TODO	baseline
lib/proto/runtime.go::type::RuntimeCustomPreview	missing	TODO	baseline
lib/proto/runtime.go::type::RuntimeDeepSerializedValue	missing	TODO	baseline
lib/proto/runtime.go::type::RuntimeDeepSerializedValueType	missing	TODO	baseline
lib/proto/runtime.go::type::RuntimeDisable	missing	TODO	baseline
lib/proto/runtime.go::type::RuntimeDiscardConsoleEntries	missing	TODO	baseline
lib/proto/runtime.go::type::RuntimeEnable	missing	TODO	baseline
lib/proto/runtime.go::type::RuntimeEntryPreview	missing	TODO	baseline
lib/proto/runtime.go::type::RuntimeEvaluate	missing	TODO	baseline
lib/proto/runtime.go::type::RuntimeEvaluateResult	missing	TODO	baseline
lib/proto/runtime.go::type::RuntimeExceptionDetails	missing	TODO	baseline
lib/proto/runtime.go::type::RuntimeExceptionRevoked	missing	TODO	baseline
lib/proto/runtime.go::type::RuntimeExceptionThrown	missing	TODO	baseline
lib/proto/runtime.go::type::RuntimeExecutionContextCreated	missing	TODO	baseline
lib/proto/runtime.go::type::RuntimeExecutionContextDescription	missing	TODO	baseline
lib/proto/runtime.go::type::RuntimeExecutionContextDestroyed	missing	TODO	baseline
lib/proto/runtime.go::type::RuntimeExecutionContextID	missing	TODO	baseline
lib/proto/runtime.go::type::RuntimeExecutionContextsCleared	missing	TODO	baseline
lib/proto/runtime.go::type::RuntimeGetExceptionDetails	missing	TODO	baseline
lib/proto/runtime.go::type::RuntimeGetExceptionDetailsResult	missing	TODO	baseline
lib/proto/runtime.go::type::RuntimeGetHeapUsage	missing	TODO	baseline
lib/proto/runtime.go::type::RuntimeGetHeapUsageResult	missing	TODO	baseline
lib/proto/runtime.go::type::RuntimeGetIsolateID	missing	TODO	baseline
lib/proto/runtime.go::type::RuntimeGetIsolateIDResult	missing	TODO	baseline
lib/proto/runtime.go::type::RuntimeGetProperties	missing	TODO	baseline
lib/proto/runtime.go::type::RuntimeGetPropertiesResult	missing	TODO	baseline
lib/proto/runtime.go::type::RuntimeGlobalLexicalScopeNames	missing	TODO	baseline
lib/proto/runtime.go::type::RuntimeGlobalLexicalScopeNamesResult	missing	TODO	baseline
lib/proto/runtime.go::type::RuntimeInspectRequested	missing	TODO	baseline
lib/proto/runtime.go::type::RuntimeInternalPropertyDescriptor	missing	TODO	baseline
lib/proto/runtime.go::type::RuntimeObjectPreview	missing	TODO	baseline
lib/proto/runtime.go::type::RuntimeObjectPreviewSubtype	missing	TODO	baseline
lib/proto/runtime.go::type::RuntimeObjectPreviewType	missing	TODO	baseline
lib/proto/runtime.go::type::RuntimePrivatePropertyDescriptor	missing	TODO	baseline
lib/proto/runtime.go::type::RuntimePropertyDescriptor	missing	TODO	baseline
lib/proto/runtime.go::type::RuntimePropertyPreview	missing	TODO	baseline
lib/proto/runtime.go::type::RuntimePropertyPreviewSubtype	missing	TODO	baseline
lib/proto/runtime.go::type::RuntimePropertyPreviewType	missing	TODO	baseline
lib/proto/runtime.go::type::RuntimeQueryObjects	missing	TODO	baseline
lib/proto/runtime.go::type::RuntimeQueryObjectsResult	missing	TODO	baseline
lib/proto/runtime.go::type::RuntimeReleaseObject	missing	TODO	baseline
lib/proto/runtime.go::type::RuntimeReleaseObjectGroup	missing	TODO	baseline
lib/proto/runtime.go::type::RuntimeRemoteObject	missing	TODO	baseline
lib/proto/runtime.go::type::RuntimeRemoteObjectID	missing	TODO	baseline
lib/proto/runtime.go::type::RuntimeRemoteObjectSubtype	missing	TODO	baseline
lib/proto/runtime.go::type::RuntimeRemoteObjectType	missing	TODO	baseline
lib/proto/runtime.go::type::RuntimeRemoveBinding	missing	TODO	baseline
lib/proto/runtime.go::type::RuntimeRunIfWaitingForDebugger	missing	TODO	baseline
lib/proto/runtime.go::type::RuntimeRunScript	missing	TODO	baseline
lib/proto/runtime.go::type::RuntimeRunScriptResult	missing	TODO	baseline
lib/proto/runtime.go::type::RuntimeScriptID	missing	TODO	baseline
lib/proto/runtime.go::type::RuntimeSerializationOptions	missing	TODO	baseline
lib/proto/runtime.go::type::RuntimeSerializationOptionsSerialization	missing	TODO	baseline
lib/proto/runtime.go::type::RuntimeSetAsyncCallStackDepth	missing	TODO	baseline
lib/proto/runtime.go::type::RuntimeSetCustomObjectFormatterEnabled	missing	TODO	baseline
lib/proto/runtime.go::type::RuntimeSetMaxCallStackSizeToCapture	missing	TODO	baseline
lib/proto/runtime.go::type::RuntimeStackTrace	missing	TODO	baseline
lib/proto/runtime.go::type::RuntimeStackTraceID	missing	TODO	baseline
lib/proto/runtime.go::type::RuntimeTerminateExecution	missing	TODO	baseline
lib/proto/runtime.go::type::RuntimeTimeDelta	missing	TODO	baseline
lib/proto/runtime.go::type::RuntimeTimestamp	missing	TODO	baseline
lib/proto/runtime.go::type::RuntimeUniqueDebuggerID	missing	TODO	baseline
lib/proto/runtime.go::type::RuntimeUnserializableValue	missing	TODO	baseline
lib/proto/schema.go::method::Call	missing	TODO	baseline
lib/proto/schema.go::method::ProtoReq	missing	TODO	baseline
lib/proto/schema.go::type::SchemaDomain	missing	TODO	baseline
lib/proto/schema.go::type::SchemaGetDomains	missing	TODO	baseline
lib/proto/schema.go::type::SchemaGetDomainsResult	missing	TODO	baseline
lib/proto/security.go::method::Call	missing	TODO	baseline
lib/proto/security.go::method::ProtoEvent	missing	TODO	baseline
lib/proto/security.go::method::ProtoReq	missing	TODO	baseline
lib/proto/security.go::type::SecurityCertificateError	missing	TODO	baseline
lib/proto/security.go::type::SecurityCertificateErrorAction	missing	TODO	baseline
lib/proto/security.go::type::SecurityCertificateID	missing	TODO	baseline
lib/proto/security.go::type::SecurityCertificateSecurityState	missing	TODO	baseline
lib/proto/security.go::type::SecurityDisable	missing	TODO	baseline
lib/proto/security.go::type::SecurityEnable	missing	TODO	baseline
lib/proto/security.go::type::SecurityHandleCertificateError	missing	TODO	baseline
lib/proto/security.go::type::SecurityInsecureContentStatus	missing	TODO	baseline
lib/proto/security.go::type::SecurityMixedContentType	missing	TODO	baseline
lib/proto/security.go::type::SecuritySafetyTipInfo	missing	TODO	baseline
lib/proto/security.go::type::SecuritySafetyTipStatus	missing	TODO	baseline
lib/proto/security.go::type::SecuritySecurityState	missing	TODO	baseline
lib/proto/security.go::type::SecuritySecurityStateChanged	missing	TODO	baseline
lib/proto/security.go::type::SecuritySecurityStateExplanation	missing	TODO	baseline
lib/proto/security.go::type::SecuritySetIgnoreCertificateErrors	missing	TODO	baseline
lib/proto/security.go::type::SecuritySetOverrideCertificateErrors	missing	TODO	baseline
lib/proto/security.go::type::SecurityVisibleSecurityState	missing	TODO	baseline
lib/proto/security.go::type::SecurityVisibleSecurityStateChanged	missing	TODO	baseline
lib/proto/service_worker.go::method::Call	missing	TODO	baseline
lib/proto/service_worker.go::method::ProtoEvent	missing	TODO	baseline
lib/proto/service_worker.go::method::ProtoReq	missing	TODO	baseline
lib/proto/service_worker.go::type::ServiceWorkerDeliverPushMessage	missing	TODO	baseline
lib/proto/service_worker.go::type::ServiceWorkerDisable	missing	TODO	baseline
lib/proto/service_worker.go::type::ServiceWorkerDispatchPeriodicSyncEvent	missing	TODO	baseline
lib/proto/service_worker.go::type::ServiceWorkerDispatchSyncEvent	missing	TODO	baseline
lib/proto/service_worker.go::type::ServiceWorkerEnable	missing	TODO	baseline
lib/proto/service_worker.go::type::ServiceWorkerInspectWorker	missing	TODO	baseline
lib/proto/service_worker.go::type::ServiceWorkerRegistrationID	missing	TODO	baseline
lib/proto/service_worker.go::type::ServiceWorkerServiceWorkerErrorMessage	missing	TODO	baseline
lib/proto/service_worker.go::type::ServiceWorkerServiceWorkerRegistration	missing	TODO	baseline
lib/proto/service_worker.go::type::ServiceWorkerServiceWorkerVersion	missing	TODO	baseline
lib/proto/service_worker.go::type::ServiceWorkerServiceWorkerVersionRunningStatus	missing	TODO	baseline
lib/proto/service_worker.go::type::ServiceWorkerServiceWorkerVersionStatus	missing	TODO	baseline
lib/proto/service_worker.go::type::ServiceWorkerSetForceUpdateOnPageLoad	missing	TODO	baseline
lib/proto/service_worker.go::type::ServiceWorkerSkipWaiting	missing	TODO	baseline
lib/proto/service_worker.go::type::ServiceWorkerStartWorker	missing	TODO	baseline
lib/proto/service_worker.go::type::ServiceWorkerStopAllWorkers	missing	TODO	baseline
lib/proto/service_worker.go::type::ServiceWorkerStopWorker	missing	TODO	baseline
lib/proto/service_worker.go::type::ServiceWorkerUnregister	missing	TODO	baseline
lib/proto/service_worker.go::type::ServiceWorkerUpdateRegistration	missing	TODO	baseline
lib/proto/service_worker.go::type::ServiceWorkerWorkerErrorReported	missing	TODO	baseline
lib/proto/service_worker.go::type::ServiceWorkerWorkerRegistrationUpdated	missing	TODO	baseline
lib/proto/service_worker.go::type::ServiceWorkerWorkerVersionUpdated	missing	TODO	baseline
lib/proto/storage.go::method::Call	missing	TODO	baseline
lib/proto/storage.go::method::ProtoEvent	missing	TODO	baseline
lib/proto/storage.go::method::ProtoReq	missing	TODO	baseline
lib/proto/storage.go::type::StorageAttributionReportingAggregatableDedupKey	missing	TODO	baseline
lib/proto/storage.go::type::StorageAttributionReportingAggregatableResult	missing	TODO	baseline
lib/proto/storage.go::type::StorageAttributionReportingAggregatableTriggerData	missing	TODO	baseline
lib/proto/storage.go::type::StorageAttributionReportingAggregatableValueDictEntry	missing	TODO	baseline
lib/proto/storage.go::type::StorageAttributionReportingAggregatableValueEntry	missing	TODO	baseline
lib/proto/storage.go::type::StorageAttributionReportingAggregationKeysEntry	missing	TODO	baseline
lib/proto/storage.go::type::StorageAttributionReportingEventLevelResult	missing	TODO	baseline
lib/proto/storage.go::type::StorageAttributionReportingEventReportWindows	missing	TODO	baseline
lib/proto/storage.go::type::StorageAttributionReportingEventTriggerData	missing	TODO	baseline
lib/proto/storage.go::type::StorageAttributionReportingFilterConfig	missing	TODO	baseline
lib/proto/storage.go::type::StorageAttributionReportingFilterDataEntry	missing	TODO	baseline
lib/proto/storage.go::type::StorageAttributionReportingFilterPair	missing	TODO	baseline
lib/proto/storage.go::type::StorageAttributionReportingSourceRegistered	missing	TODO	baseline
lib/proto/storage.go::type::StorageAttributionReportingSourceRegistration	missing	TODO	baseline
lib/proto/storage.go::type::StorageAttributionReportingSourceRegistrationResult	missing	TODO	baseline
lib/proto/storage.go::type::StorageAttributionReportingSourceRegistrationTimeConfig	missing	TODO	baseline
lib/proto/storage.go::type::StorageAttributionReportingSourceType	missing	TODO	baseline
lib/proto/storage.go::type::StorageAttributionReportingTriggerDataMatching	missing	TODO	baseline
lib/proto/storage.go::type::StorageAttributionReportingTriggerRegistered	missing	TODO	baseline
lib/proto/storage.go::type::StorageAttributionReportingTriggerRegistration	missing	TODO	baseline
lib/proto/storage.go::type::StorageAttributionReportingTriggerSpec	missing	TODO	baseline
lib/proto/storage.go::type::StorageCacheStorageContentUpdated	missing	TODO	baseline
lib/proto/storage.go::type::StorageCacheStorageListUpdated	missing	TODO	baseline
lib/proto/storage.go::type::StorageClearCookies	missing	TODO	baseline
lib/proto/storage.go::type::StorageClearDataForOrigin	missing	TODO	baseline
lib/proto/storage.go::type::StorageClearDataForStorageKey	missing	TODO	baseline
lib/proto/storage.go::type::StorageClearSharedStorageEntries	missing	TODO	baseline
lib/proto/storage.go::type::StorageClearTrustTokens	missing	TODO	baseline
lib/proto/storage.go::type::StorageClearTrustTokensResult	missing	TODO	baseline
lib/proto/storage.go::type::StorageDeleteSharedStorageEntry	missing	TODO	baseline
lib/proto/storage.go::type::StorageDeleteStorageBucket	missing	TODO	baseline
lib/proto/storage.go::type::StorageGetCookies	missing	TODO	baseline
lib/proto/storage.go::type::StorageGetCookiesResult	missing	TODO	baseline
lib/proto/storage.go::type::StorageGetInterestGroupDetails	missing	TODO	baseline
lib/proto/storage.go::type::StorageGetInterestGroupDetailsResult	missing	TODO	baseline
lib/proto/storage.go::type::StorageGetRelatedWebsiteSets	missing	TODO	baseline
lib/proto/storage.go::type::StorageGetRelatedWebsiteSetsResult	missing	TODO	baseline
lib/proto/storage.go::type::StorageGetSharedStorageEntries	missing	TODO	baseline
lib/proto/storage.go::type::StorageGetSharedStorageEntriesResult	missing	TODO	baseline
lib/proto/storage.go::type::StorageGetSharedStorageMetadata	missing	TODO	baseline
lib/proto/storage.go::type::StorageGetSharedStorageMetadataResult	missing	TODO	baseline
lib/proto/storage.go::type::StorageGetStorageKeyForFrame	missing	TODO	baseline
lib/proto/storage.go::type::StorageGetStorageKeyForFrameResult	missing	TODO	baseline
lib/proto/storage.go::type::StorageGetTrustTokens	missing	TODO	baseline
lib/proto/storage.go::type::StorageGetTrustTokensResult	missing	TODO	baseline
lib/proto/storage.go::type::StorageGetUsageAndQuota	missing	TODO	baseline
lib/proto/storage.go::type::StorageGetUsageAndQuotaResult	missing	TODO	baseline
lib/proto/storage.go::type::StorageIndexedDBContentUpdated	missing	TODO	baseline
lib/proto/storage.go::type::StorageIndexedDBListUpdated	missing	TODO	baseline
lib/proto/storage.go::type::StorageInterestGroupAccessType	missing	TODO	baseline
lib/proto/storage.go::type::StorageInterestGroupAccessed	missing	TODO	baseline
lib/proto/storage.go::type::StorageInterestGroupAuctionEventOccurred	missing	TODO	baseline
lib/proto/storage.go::type::StorageInterestGroupAuctionEventType	missing	TODO	baseline
lib/proto/storage.go::type::StorageInterestGroupAuctionFetchType	missing	TODO	baseline
lib/proto/storage.go::type::StorageInterestGroupAuctionID	missing	TODO	baseline
lib/proto/storage.go::type::StorageInterestGroupAuctionNetworkRequestCreated	missing	TODO	baseline
lib/proto/storage.go::type::StorageOverrideQuotaForOrigin	missing	TODO	baseline
lib/proto/storage.go::type::StorageRelatedWebsiteSet	missing	TODO	baseline
lib/proto/storage.go::type::StorageResetSharedStorageBudget	missing	TODO	baseline
lib/proto/storage.go::type::StorageRunBounceTrackingMitigations	missing	TODO	baseline
lib/proto/storage.go::type::StorageRunBounceTrackingMitigationsResult	missing	TODO	baseline
lib/proto/storage.go::type::StorageSendPendingAttributionReports	missing	TODO	baseline
lib/proto/storage.go::type::StorageSendPendingAttributionReportsResult	missing	TODO	baseline
lib/proto/storage.go::type::StorageSerializedStorageKey	missing	TODO	baseline
lib/proto/storage.go::type::StorageSetAttributionReportingLocalTestingMode	missing	TODO	baseline
lib/proto/storage.go::type::StorageSetAttributionReportingTracking	missing	TODO	baseline
lib/proto/storage.go::type::StorageSetCookies	missing	TODO	baseline
lib/proto/storage.go::type::StorageSetInterestGroupAuctionTracking	missing	TODO	baseline
lib/proto/storage.go::type::StorageSetInterestGroupTracking	missing	TODO	baseline
lib/proto/storage.go::type::StorageSetSharedStorageEntry	missing	TODO	baseline
lib/proto/storage.go::type::StorageSetSharedStorageTracking	missing	TODO	baseline
lib/proto/storage.go::type::StorageSetStorageBucketTracking	missing	TODO	baseline
lib/proto/storage.go::type::StorageSharedStorageAccessParams	missing	TODO	baseline
lib/proto/storage.go::type::StorageSharedStorageAccessType	missing	TODO	baseline
lib/proto/storage.go::type::StorageSharedStorageAccessed	missing	TODO	baseline
lib/proto/storage.go::type::StorageSharedStorageEntry	missing	TODO	baseline
lib/proto/storage.go::type::StorageSharedStorageMetadata	missing	TODO	baseline
lib/proto/storage.go::type::StorageSharedStorageReportingMetadata	missing	TODO	baseline
lib/proto/storage.go::type::StorageSharedStorageURLWithMetadata	missing	TODO	baseline
lib/proto/storage.go::type::StorageSignedInt64AsBase10	missing	TODO	baseline
lib/proto/storage.go::type::StorageStorageBucket	missing	TODO	baseline
lib/proto/storage.go::type::StorageStorageBucketCreatedOrUpdated	missing	TODO	baseline
lib/proto/storage.go::type::StorageStorageBucketDeleted	missing	TODO	baseline
lib/proto/storage.go::type::StorageStorageBucketInfo	missing	TODO	baseline
lib/proto/storage.go::type::StorageStorageBucketsDurability	missing	TODO	baseline
lib/proto/storage.go::type::StorageStorageType	missing	TODO	baseline
lib/proto/storage.go::type::StorageTrackCacheStorageForOrigin	missing	TODO	baseline
lib/proto/storage.go::type::StorageTrackCacheStorageForStorageKey	missing	TODO	baseline
lib/proto/storage.go::type::StorageTrackIndexedDBForOrigin	missing	TODO	baseline
lib/proto/storage.go::type::StorageTrackIndexedDBForStorageKey	missing	TODO	baseline
lib/proto/storage.go::type::StorageTrustTokens	missing	TODO	baseline
lib/proto/storage.go::type::StorageUnsignedInt128AsBase16	missing	TODO	baseline
lib/proto/storage.go::type::StorageUnsignedInt64AsBase10	missing	TODO	baseline
lib/proto/storage.go::type::StorageUntrackCacheStorageForOrigin	missing	TODO	baseline
lib/proto/storage.go::type::StorageUntrackCacheStorageForStorageKey	missing	TODO	baseline
lib/proto/storage.go::type::StorageUntrackIndexedDBForOrigin	missing	TODO	baseline
lib/proto/storage.go::type::StorageUntrackIndexedDBForStorageKey	missing	TODO	baseline
lib/proto/storage.go::type::StorageUsageForType	missing	TODO	baseline
lib/proto/system_info.go::method::Call	missing	TODO	baseline
lib/proto/system_info.go::method::ProtoReq	missing	TODO	baseline
lib/proto/system_info.go::type::SystemInfoGPUDevice	missing	TODO	baseline
lib/proto/system_info.go::type::SystemInfoGPUInfo	missing	TODO	baseline
lib/proto/system_info.go::type::SystemInfoGetFeatureState	missing	TODO	baseline
lib/proto/system_info.go::type::SystemInfoGetFeatureStateResult	missing	TODO	baseline
lib/proto/system_info.go::type::SystemInfoGetInfo	missing	TODO	baseline
lib/proto/system_info.go::type::SystemInfoGetInfoResult	missing	TODO	baseline
lib/proto/system_info.go::type::SystemInfoGetProcessInfo	missing	TODO	baseline
lib/proto/system_info.go::type::SystemInfoGetProcessInfoResult	missing	TODO	baseline
lib/proto/system_info.go::type::SystemInfoImageDecodeAcceleratorCapability	missing	TODO	baseline
lib/proto/system_info.go::type::SystemInfoImageType	missing	TODO	baseline
lib/proto/system_info.go::type::SystemInfoProcessInfo	missing	TODO	baseline
lib/proto/system_info.go::type::SystemInfoSize	missing	TODO	baseline
lib/proto/system_info.go::type::SystemInfoSubsamplingFormat	missing	TODO	baseline
lib/proto/system_info.go::type::SystemInfoVideoDecodeAcceleratorCapability	missing	TODO	baseline
lib/proto/system_info.go::type::SystemInfoVideoEncodeAcceleratorCapability	missing	TODO	baseline
lib/proto/target.go::method::Call	missing	TODO	baseline
lib/proto/target.go::method::ProtoEvent	missing	TODO	baseline
lib/proto/target.go::method::ProtoReq	missing	TODO	baseline
lib/proto/target.go::type::TargetActivateTarget	missing	TODO	baseline
lib/proto/target.go::type::TargetAttachToBrowserTarget	missing	TODO	baseline
lib/proto/target.go::type::TargetAttachToBrowserTargetResult	missing	TODO	baseline
lib/proto/target.go::type::TargetAttachToTarget	missing	TODO	baseline
lib/proto/target.go::type::TargetAttachToTargetResult	missing	TODO	baseline
lib/proto/target.go::type::TargetAttachedToTarget	missing	TODO	baseline
lib/proto/target.go::type::TargetAutoAttachRelated	missing	TODO	baseline
lib/proto/target.go::type::TargetCloseTarget	missing	TODO	baseline
lib/proto/target.go::type::TargetCloseTargetResult	missing	TODO	baseline
lib/proto/target.go::type::TargetCreateBrowserContext	missing	TODO	baseline
lib/proto/target.go::type::TargetCreateBrowserContextResult	missing	TODO	baseline
lib/proto/target.go::type::TargetCreateTarget	missing	TODO	baseline
lib/proto/target.go::type::TargetCreateTargetResult	missing	TODO	baseline
lib/proto/target.go::type::TargetDetachFromTarget	missing	TODO	baseline
lib/proto/target.go::type::TargetDetachedFromTarget	missing	TODO	baseline
lib/proto/target.go::type::TargetDisposeBrowserContext	missing	TODO	baseline
lib/proto/target.go::type::TargetExposeDevToolsProtocol	missing	TODO	baseline
lib/proto/target.go::type::TargetFilterEntry	missing	TODO	baseline
lib/proto/target.go::type::TargetGetBrowserContexts	missing	TODO	baseline
lib/proto/target.go::type::TargetGetBrowserContextsResult	missing	TODO	baseline
lib/proto/target.go::type::TargetGetTargetInfo	missing	TODO	baseline
lib/proto/target.go::type::TargetGetTargetInfoResult	missing	TODO	baseline
lib/proto/target.go::type::TargetGetTargets	missing	TODO	baseline
lib/proto/target.go::type::TargetGetTargetsResult	missing	TODO	baseline
lib/proto/target.go::type::TargetReceivedMessageFromTarget	missing	TODO	baseline
lib/proto/target.go::type::TargetRemoteLocation	missing	TODO	baseline
lib/proto/target.go::type::TargetSendMessageToTarget	missing	TODO	baseline
lib/proto/target.go::type::TargetSessionID	missing	TODO	baseline
lib/proto/target.go::type::TargetSetAutoAttach	missing	TODO	baseline
lib/proto/target.go::type::TargetSetDiscoverTargets	missing	TODO	baseline
lib/proto/target.go::type::TargetSetRemoteLocations	missing	TODO	baseline
lib/proto/target.go::type::TargetTargetCrashed	missing	TODO	baseline
lib/proto/target.go::type::TargetTargetCreated	missing	TODO	baseline
lib/proto/target.go::type::TargetTargetDestroyed	missing	TODO	baseline
lib/proto/target.go::type::TargetTargetFilter	missing	TODO	baseline
lib/proto/target.go::type::TargetTargetID	missing	TODO	baseline
lib/proto/target.go::type::TargetTargetInfo	missing	TODO	baseline
lib/proto/target.go::type::TargetTargetInfoChanged	missing	TODO	baseline
lib/proto/target.go::type::TargetTargetInfoType	missing	TODO	baseline
lib/proto/tethering.go::method::Call	missing	TODO	baseline
lib/proto/tethering.go::method::ProtoEvent	missing	TODO	baseline
lib/proto/tethering.go::method::ProtoReq	missing	TODO	baseline
lib/proto/tethering.go::type::TetheringAccepted	missing	TODO	baseline
lib/proto/tethering.go::type::TetheringBind	missing	TODO	baseline
lib/proto/tethering.go::type::TetheringUnbind	missing	TODO	baseline
lib/proto/tracing.go::method::Call	missing	TODO	baseline
lib/proto/tracing.go::method::ProtoEvent	missing	TODO	baseline
lib/proto/tracing.go::method::ProtoReq	missing	TODO	baseline
lib/proto/tracing.go::type::TracingBufferUsage	missing	TODO	baseline
lib/proto/tracing.go::type::TracingDataCollected	missing	TODO	baseline
lib/proto/tracing.go::type::TracingEnd	missing	TODO	baseline
lib/proto/tracing.go::type::TracingGetCategories	missing	TODO	baseline
lib/proto/tracing.go::type::TracingGetCategoriesResult	missing	TODO	baseline
lib/proto/tracing.go::type::TracingMemoryDumpConfig	missing	TODO	baseline
lib/proto/tracing.go::type::TracingMemoryDumpLevelOfDetail	missing	TODO	baseline
lib/proto/tracing.go::type::TracingRecordClockSyncMarker	missing	TODO	baseline
lib/proto/tracing.go::type::TracingRequestMemoryDump	missing	TODO	baseline
lib/proto/tracing.go::type::TracingRequestMemoryDumpResult	missing	TODO	baseline
lib/proto/tracing.go::type::TracingStart	missing	TODO	baseline
lib/proto/tracing.go::type::TracingStartTransferMode	missing	TODO	baseline
lib/proto/tracing.go::type::TracingStreamCompression	missing	TODO	baseline
lib/proto/tracing.go::type::TracingStreamFormat	missing	TODO	baseline
lib/proto/tracing.go::type::TracingTraceConfig	missing	TODO	baseline
lib/proto/tracing.go::type::TracingTraceConfigRecordMode	missing	TODO	baseline
lib/proto/tracing.go::type::TracingTracingBackend	missing	TODO	baseline
lib/proto/tracing.go::type::TracingTracingComplete	missing	TODO	baseline
lib/proto/web_audio.go::method::Call	missing	TODO	baseline
lib/proto/web_audio.go::method::ProtoEvent	missing	TODO	baseline
lib/proto/web_audio.go::method::ProtoReq	missing	TODO	baseline
lib/proto/web_audio.go::type::WebAudioAudioListener	missing	TODO	baseline
lib/proto/web_audio.go::type::WebAudioAudioListenerCreated	missing	TODO	baseline
lib/proto/web_audio.go::type::WebAudioAudioListenerWillBeDestroyed	missing	TODO	baseline
lib/proto/web_audio.go::type::WebAudioAudioNode	missing	TODO	baseline
lib/proto/web_audio.go::type::WebAudioAudioNodeCreated	missing	TODO	baseline
lib/proto/web_audio.go::type::WebAudioAudioNodeWillBeDestroyed	missing	TODO	baseline
lib/proto/web_audio.go::type::WebAudioAudioParam	missing	TODO	baseline
lib/proto/web_audio.go::type::WebAudioAudioParamCreated	missing	TODO	baseline
lib/proto/web_audio.go::type::WebAudioAudioParamWillBeDestroyed	missing	TODO	baseline
lib/proto/web_audio.go::type::WebAudioAutomationRate	missing	TODO	baseline
lib/proto/web_audio.go::type::WebAudioBaseAudioContext	missing	TODO	baseline
lib/proto/web_audio.go::type::WebAudioChannelCountMode	missing	TODO	baseline
lib/proto/web_audio.go::type::WebAudioChannelInterpretation	missing	TODO	baseline
lib/proto/web_audio.go::type::WebAudioContextChanged	missing	TODO	baseline
lib/proto/web_audio.go::type::WebAudioContextCreated	missing	TODO	baseline
lib/proto/web_audio.go::type::WebAudioContextRealtimeData	missing	TODO	baseline
lib/proto/web_audio.go::type::WebAudioContextState	missing	TODO	baseline
lib/proto/web_audio.go::type::WebAudioContextType	missing	TODO	baseline
lib/proto/web_audio.go::type::WebAudioContextWillBeDestroyed	missing	TODO	baseline
lib/proto/web_audio.go::type::WebAudioDisable	missing	TODO	baseline
lib/proto/web_audio.go::type::WebAudioEnable	missing	TODO	baseline
lib/proto/web_audio.go::type::WebAudioGetRealtimeData	missing	TODO	baseline
lib/proto/web_audio.go::type::WebAudioGetRealtimeDataResult	missing	TODO	baseline
lib/proto/web_audio.go::type::WebAudioGraphObjectID	missing	TODO	baseline
lib/proto/web_audio.go::type::WebAudioNodeParamConnected	missing	TODO	baseline
lib/proto/web_audio.go::type::WebAudioNodeParamDisconnected	missing	TODO	baseline
lib/proto/web_audio.go::type::WebAudioNodeType	missing	TODO	baseline
lib/proto/web_audio.go::type::WebAudioNodesConnected	missing	TODO	baseline
lib/proto/web_audio.go::type::WebAudioNodesDisconnected	missing	TODO	baseline
lib/proto/web_audio.go::type::WebAudioParamType	missing	TODO	baseline
lib/proto/web_authn.go::method::Call	missing	TODO	baseline
lib/proto/web_authn.go::method::ProtoEvent	missing	TODO	baseline
lib/proto/web_authn.go::method::ProtoReq	missing	TODO	baseline
lib/proto/web_authn.go::type::WebAuthnAddCredential	missing	TODO	baseline
lib/proto/web_authn.go::type::WebAuthnAddVirtualAuthenticator	missing	TODO	baseline
lib/proto/web_authn.go::type::WebAuthnAddVirtualAuthenticatorResult	missing	TODO	baseline
lib/proto/web_authn.go::type::WebAuthnAuthenticatorID	missing	TODO	baseline
lib/proto/web_authn.go::type::WebAuthnAuthenticatorProtocol	missing	TODO	baseline
lib/proto/web_authn.go::type::WebAuthnAuthenticatorTransport	missing	TODO	baseline
lib/proto/web_authn.go::type::WebAuthnClearCredentials	missing	TODO	baseline
lib/proto/web_authn.go::type::WebAuthnCredential	missing	TODO	baseline
lib/proto/web_authn.go::type::WebAuthnCredentialAdded	missing	TODO	baseline
lib/proto/web_authn.go::type::WebAuthnCredentialAsserted	missing	TODO	baseline
lib/proto/web_authn.go::type::WebAuthnCtap2Version	missing	TODO	baseline
lib/proto/web_authn.go::type::WebAuthnDisable	missing	TODO	baseline
lib/proto/web_authn.go::type::WebAuthnEnable	missing	TODO	baseline
lib/proto/web_authn.go::type::WebAuthnGetCredential	missing	TODO	baseline
lib/proto/web_authn.go::type::WebAuthnGetCredentialResult	missing	TODO	baseline
lib/proto/web_authn.go::type::WebAuthnGetCredentials	missing	TODO	baseline
lib/proto/web_authn.go::type::WebAuthnGetCredentialsResult	missing	TODO	baseline
lib/proto/web_authn.go::type::WebAuthnRemoveCredential	missing	TODO	baseline
lib/proto/web_authn.go::type::WebAuthnRemoveVirtualAuthenticator	missing	TODO	baseline
lib/proto/web_authn.go::type::WebAuthnSetAutomaticPresenceSimulation	missing	TODO	baseline
lib/proto/web_authn.go::type::WebAuthnSetCredentialProperties	missing	TODO	baseline
lib/proto/web_authn.go::type::WebAuthnSetResponseOverrideBits	missing	TODO	baseline
lib/proto/web_authn.go::type::WebAuthnSetUserVerified	missing	TODO	baseline
lib/proto/web_authn.go::type::WebAuthnVirtualAuthenticatorOptions	missing	TODO	baseline
lib/utils/imageutil.go::func::NewImgProcessor	missing	TODO	baseline
lib/utils/imageutil.go::func::SplicePngVertical	missing	TODO	baseline
lib/utils/imageutil.go::method::Decode	missing	TODO	baseline
lib/utils/imageutil.go::method::Encode	missing	TODO	baseline
lib/utils/imageutil.go::type::ImgOption	missing	TODO	baseline
lib/utils/imageutil.go::type::ImgProcessor	missing	TODO	baseline
lib/utils/imageutil.go::type::ImgWithBox	missing	TODO	baseline
lib/utils/shell/shell.go::func::Shell	missing	TODO	baseline
lib/utils/sleeper.go::func::BackoffSleeper	missing	TODO	baseline
lib/utils/sleeper.go::func::CountSleeper	missing	TODO	baseline
lib/utils/sleeper.go::func::DefaultBackoff	missing	TODO	baseline
lib/utils/sleeper.go::func::EachSleepers	missing	TODO	baseline
lib/utils/sleeper.go::func::RaceSleepers	missing	TODO	baseline
lib/utils/sleeper.go::func::Retry	missing	TODO	baseline
lib/utils/sleeper.go::func::Sleep	missing	TODO	baseline
lib/utils/sleeper.go::method::Error	missing	TODO	baseline
lib/utils/sleeper.go::method::Is	missing	TODO	baseline
lib/utils/sleeper.go::type::MaxSleepCountError	missing	TODO	baseline
lib/utils/sleeper.go::type::Sleeper	missing	TODO	baseline
lib/utils/utils.go::func::AbsolutePaths	missing	TODO	baseline
lib/utils/utils.go::func::All	missing	TODO	baseline
lib/utils/utils.go::func::CropImage	missing	TODO	baseline
lib/utils/utils.go::func::Dump	missing	TODO	baseline
lib/utils/utils.go::func::E	missing	TODO	baseline
lib/utils/utils.go::func::EscapeGoString	missing	TODO	baseline
lib/utils/utils.go::func::Exec	missing	TODO	baseline
lib/utils/utils.go::func::ExecLine	missing	TODO	baseline
lib/utils/utils.go::func::FileExists	missing	TODO	baseline
lib/utils/utils.go::func::FormatCLIArgs	missing	TODO	baseline
lib/utils/utils.go::func::Mkdir	missing	TODO	baseline
lib/utils/utils.go::func::MultiLogger	missing	TODO	baseline
lib/utils/utils.go::func::MustToJSON	missing	TODO	baseline
lib/utils/utils.go::func::MustToJSONBytes	missing	TODO	baseline
lib/utils/utils.go::func::NewIdleCounter	missing	TODO	baseline
lib/utils/utils.go::func::Noop	missing	TODO	baseline
lib/utils/utils.go::func::OutputFile	missing	TODO	baseline
lib/utils/utils.go::func::Pause	missing	TODO	baseline
lib/utils/utils.go::func::RandString	missing	TODO	baseline
lib/utils/utils.go::func::ReadString	missing	TODO	baseline
lib/utils/utils.go::func::S	missing	TODO	baseline
lib/utils/utils.go::func::UseNode	missing	TODO	baseline
lib/utils/utils.go::method::Add	missing	TODO	baseline
lib/utils/utils.go::method::Done	missing	TODO	baseline
lib/utils/utils.go::method::Println	missing	TODO	baseline
lib/utils/utils.go::method::Wait	missing	TODO	baseline
lib/utils/utils.go::type::IdleCounter	missing	TODO	baseline
lib/utils/utils.go::type::Log	missing	TODO	baseline
lib/utils/utils.go::type::Logger	missing	TODO	baseline
must.go::method::MustActivate	missing	TODO	baseline
must.go::method::MustAdd	missing	TODO	baseline
must.go::method::MustAddScriptTag	missing	TODO	baseline
must.go::method::MustAddStyleTag	missing	TODO	baseline
must.go::method::MustAttribute	missing	TODO	baseline
must.go::method::MustBackgroundImage	missing	TODO	baseline
must.go::method::MustBlur	missing	TODO	baseline
must.go::method::MustCancel	missing	TODO	baseline
must.go::method::MustCanvasToImage	missing	TODO	baseline
must.go::method::MustCaptureDOMSnapshot	missing	TODO	baseline
must.go::method::MustClick	missing	TODO	baseline
must.go::method::MustClose	missing	TODO	baseline
must.go::method::MustConnect	missing	TODO	baseline
must.go::method::MustContainsElement	missing	TODO	baseline
must.go::method::MustCookies	missing	TODO	baseline
must.go::method::MustDescribe	missing	TODO	baseline
must.go::method::MustDisabled	missing	TODO	baseline
must.go::method::MustDo	missing	TODO	baseline
must.go::method::MustDoubleClick	missing	TODO	baseline
must.go::method::MustDown	missing	TODO	baseline
must.go::method::MustElement	missing	TODO	baseline
must.go::method::MustElementByJS	missing	TODO	baseline
must.go::method::MustElementFromNode	missing	TODO	baseline
must.go::method::MustElementFromPoint	missing	TODO	baseline
must.go::method::MustElementR	missing	TODO	baseline
must.go::method::MustElementX	missing	TODO	baseline
must.go::method::MustElements	missing	TODO	baseline
must.go::method::MustElementsByJS	missing	TODO	baseline
must.go::method::MustElementsX	missing	TODO	baseline
must.go::method::MustEmulate	missing	TODO	baseline
must.go::method::MustEnd	missing	TODO	baseline
must.go::method::MustEqual	missing	TODO	baseline
must.go::method::MustEval	missing	TODO	baseline
must.go::method::MustEvalOnNewDocument	missing	TODO	baseline
must.go::method::MustEvaluate	missing	TODO	baseline
must.go::method::MustExpose	missing	TODO	baseline
must.go::method::MustFind	missing	TODO	baseline
must.go::method::MustFindByURL	missing	TODO	baseline
must.go::method::MustFocus	missing	TODO	baseline
must.go::method::MustFrame	missing	TODO	baseline
must.go::method::MustGet	missing	TODO	baseline
must.go::method::MustGetCookies	missing	TODO	baseline
must.go::method::MustGetWindow	missing	TODO	baseline
must.go::method::MustGetXPath	missing	TODO	baseline
must.go::method::MustHTML	missing	TODO	baseline
must.go::method::MustHandle	missing	TODO	baseline
must.go::method::MustHandleAuth	missing	TODO	baseline
must.go::method::MustHandleDialog	missing	TODO	baseline
must.go::method::MustHandleFileDialog	missing	TODO	baseline
must.go::method::MustHas	missing	TODO	baseline
must.go::method::MustHasR	missing	TODO	baseline
must.go::method::MustHasX	missing	TODO	baseline
must.go::method::MustHover	missing	TODO	baseline
must.go::method::MustIgnoreCertErrors	missing	TODO	baseline
must.go::method::MustIncognito	missing	TODO	baseline
must.go::method::MustInfo	missing	TODO	baseline
must.go::method::MustInput	missing	TODO	baseline
must.go::method::MustInputColor	missing	TODO	baseline
must.go::method::MustInputTime	missing	TODO	baseline
must.go::method::MustInsertText	missing	TODO	baseline
must.go::method::MustInteractable	missing	TODO	baseline
must.go::method::MustKeyActions	missing	TODO	baseline
must.go::method::MustLoadResponse	missing	TODO	baseline
must.go::method::MustMatches	missing	TODO	baseline
must.go::method::MustMove	missing	TODO	baseline
must.go::method::MustMoveMouseOut	missing	TODO	baseline
must.go::method::MustMoveTo	missing	TODO	baseline
must.go::method::MustNavigate	missing	TODO	baseline
must.go::method::MustNavigateBack	missing	TODO	baseline
must.go::method::MustNavigateForward	missing	TODO	baseline
must.go::method::MustNext	missing	TODO	baseline
must.go::method::MustObjectToJSON	missing	TODO	baseline
must.go::method::MustObjectsToJSON	missing	TODO	baseline
must.go::method::MustPDF	missing	TODO	baseline
must.go::method::MustPage	missing	TODO	baseline
must.go::method::MustPageFromTargetID	missing	TODO	baseline
must.go::method::MustPages	missing	TODO	baseline
must.go::method::MustParent	missing	TODO	baseline
must.go::method::MustParents	missing	TODO	baseline
must.go::method::MustPrevious	missing	TODO	baseline
must.go::method::MustProperty	missing	TODO	baseline
must.go::method::MustRelease	missing	TODO	baseline
must.go::method::MustReload	missing	TODO	baseline
must.go::method::MustRemove	missing	TODO	baseline
must.go::method::MustResetNavigationHistory	missing	TODO	baseline
must.go::method::MustResource	missing	TODO	baseline
must.go::method::MustScreenshot	missing	TODO	baseline
must.go::method::MustScreenshotFullPage	missing	TODO	baseline
must.go::method::MustScroll	missing	TODO	baseline
must.go::method::MustScrollIntoView	missing	TODO	baseline
must.go::method::MustScrollScreenshot	missing	TODO	baseline
must.go::method::MustSearch	missing	TODO	baseline
must.go::method::MustSelect	missing	TODO	baseline
must.go::method::MustSelectAllText	missing	TODO	baseline
must.go::method::MustSelectText	missing	TODO	baseline
must.go::method::MustSetBlockedURLs	missing	TODO	baseline
must.go::method::MustSetCookies	missing	TODO	baseline
must.go::method::MustSetDocumentContent	missing	TODO	baseline
must.go::method::MustSetExtraHeaders	missing	TODO	baseline
must.go::method::MustSetFiles	missing	TODO	baseline
must.go::method::MustSetUserAgent	missing	TODO	baseline
must.go::method::MustSetViewport	missing	TODO	baseline
must.go::method::MustSetWindow	missing	TODO	baseline
must.go::method::MustShadowRoot	missing	TODO	baseline
must.go::method::MustShape	missing	TODO	baseline
must.go::method::MustStart	missing	TODO	baseline
must.go::method::MustStop	missing	TODO	baseline
must.go::method::MustStopLoading	missing	TODO	baseline
must.go::method::MustTap	missing	TODO	baseline
must.go::method::MustText	missing	TODO	baseline
must.go::method::MustTriggerFavicon	missing	TODO	baseline
must.go::method::MustType	missing	TODO	baseline
must.go::method::MustUp	missing	TODO	baseline
must.go::method::MustVersion	missing	TODO	baseline
must.go::method::MustVisible	missing	TODO	baseline
must.go::method::MustWait	missing	TODO	baseline
must.go::method::MustWaitDOMStable	missing	TODO	baseline
must.go::method::MustWaitDownload	missing	TODO	baseline
must.go::method::MustWaitElementsMoreThan	missing	TODO	baseline
must.go::method::MustWaitEnabled	missing	TODO	baseline
must.go::method::MustWaitIdle	missing	TODO	baseline
must.go::method::MustWaitInteractable	missing	TODO	baseline
must.go::method::MustWaitInvisible	missing	TODO	baseline
must.go::method::MustWaitLoad	missing	TODO	baseline
must.go::method::MustWaitNavigation	missing	TODO	baseline
must.go::method::MustWaitOpen	missing	TODO	baseline
must.go::method::MustWaitRequestIdle	missing	TODO	baseline
must.go::method::MustWaitStable	missing	TODO	baseline
must.go::method::MustWaitVisible	missing	TODO	baseline
must.go::method::MustWaitWritable	missing	TODO	baseline
must.go::method::MustWindowFullscreen	missing	TODO	baseline
must.go::method::MustWindowMaximize	missing	TODO	baseline
must.go::method::MustWindowMinimize	missing	TODO	baseline
must.go::method::MustWindowNormal	missing	TODO	baseline
must.go::method::WithPanic	missing	TODO	baseline
page.go::method::Activate	missing	TODO	baseline
page.go::method::AddScriptTag	missing	TODO	baseline
page.go::method::AddStyleTag	missing	TODO	baseline
page.go::method::Browser	missing	TODO	baseline
page.go::method::Call	missing	TODO	baseline
page.go::method::CaptureDOMSnapshot	missing	TODO	baseline
page.go::method::Close	missing	TODO	baseline
page.go::method::Cookies	missing	TODO	baseline
page.go::method::EachEvent	missing	TODO	baseline
page.go::method::ElementFromNode	missing	TODO	baseline
page.go::method::ElementFromObject	missing	TODO	baseline
page.go::method::ElementFromPoint	missing	TODO	baseline
page.go::method::Emulate	missing	TODO	baseline
page.go::method::EvalOnNewDocument	missing	TODO	baseline
page.go::method::Event	missing	TODO	baseline
page.go::method::GetNavigationHistory	missing	TODO	baseline
page.go::method::GetResource	missing	TODO	baseline
page.go::method::GetSessionID	missing	TODO	baseline
page.go::method::GetWindow	missing	TODO	baseline
page.go::method::HTML	missing	TODO	baseline
page.go::method::HandleDialog	missing	TODO	baseline
page.go::method::HandleFileDialog	missing	TODO	baseline
page.go::method::Info	missing	TODO	baseline
page.go::method::IsIframe	missing	TODO	baseline
page.go::method::Navigate	missing	TODO	baseline
page.go::method::NavigateBack	missing	TODO	baseline
page.go::method::NavigateForward	missing	TODO	baseline
page.go::method::ObjectToJSON	missing	TODO	baseline
page.go::method::PDF	missing	TODO	baseline
page.go::method::Release	missing	TODO	baseline
page.go::method::Reload	missing	TODO	baseline
page.go::method::ResetNavigationHistory	missing	TODO	baseline
page.go::method::Screenshot	missing	TODO	baseline
page.go::method::ScrollScreenshot	missing	TODO	baseline
page.go::method::SetBlockedURLs	missing	TODO	baseline
page.go::method::SetCookies	missing	TODO	baseline
page.go::method::SetDocumentContent	missing	TODO	baseline
page.go::method::SetExtraHeaders	missing	TODO	baseline
page.go::method::SetUserAgent	missing	TODO	baseline
page.go::method::SetViewport	missing	TODO	baseline
page.go::method::SetWindow	missing	TODO	baseline
page.go::method::StopLoading	missing	TODO	baseline
page.go::method::String	missing	TODO	baseline
page.go::method::TriggerFavicon	missing	TODO	baseline
page.go::method::Wait	missing	TODO	baseline
page.go::method::WaitDOMStable	missing	TODO	baseline
page.go::method::WaitElementsMoreThan	missing	TODO	baseline
page.go::method::WaitEvent	missing	TODO	baseline
page.go::method::WaitIdle	missing	TODO	baseline
page.go::method::WaitLoad	missing	TODO	baseline
page.go::method::WaitNavigation	missing	TODO	baseline
page.go::method::WaitOpen	missing	TODO	baseline
page.go::method::WaitRepaint	missing	TODO	baseline
page.go::method::WaitRequestIdle	missing	TODO	baseline
page.go::method::WaitStable	missing	TODO	baseline
page.go::type::Page	missing	TODO	baseline
page.go::type::ScrollScreenshotOptions	missing	TODO	baseline
page_eval.go::func::Eval	missing	TODO	baseline
page_eval.go::method::ByObject	missing	TODO	baseline
page_eval.go::method::ByPromise	missing	TODO	baseline
page_eval.go::method::ByUser	missing	TODO	baseline
page_eval.go::method::Eval	missing	TODO	baseline
page_eval.go::method::Evaluate	missing	TODO	baseline
page_eval.go::method::Expose	missing	TODO	baseline
page_eval.go::method::String	missing	TODO	baseline
page_eval.go::method::This	missing	TODO	baseline
page_eval.go::type::EvalOptions	missing	TODO	baseline
query.go::method::All	missing	TODO	baseline
query.go::method::Do	missing	TODO	baseline
query.go::method::Element	missing	TODO	baseline
query.go::method::ElementByJS	missing	TODO	baseline
query.go::method::ElementFunc	missing	TODO	baseline
query.go::method::ElementR	missing	TODO	baseline
query.go::method::ElementX	missing	TODO	baseline
query.go::method::Elements	missing	TODO	baseline
query.go::method::ElementsByJS	missing	TODO	baseline
query.go::method::ElementsX	missing	TODO	baseline
query.go::method::Empty	missing	TODO	baseline
query.go::method::Find	missing	TODO	baseline
query.go::method::FindByURL	missing	TODO	baseline
query.go::method::First	missing	TODO	baseline
query.go::method::Get	missing	TODO	baseline
query.go::method::Handle	missing	TODO	baseline
query.go::method::Has	missing	TODO	baseline
query.go::method::HasR	missing	TODO	baseline
query.go::method::HasX	missing	TODO	baseline
query.go::method::Last	missing	TODO	baseline
query.go::method::Next	missing	TODO	baseline
query.go::method::Parent	missing	TODO	baseline
query.go::method::Parents	missing	TODO	baseline
query.go::method::Previous	missing	TODO	baseline
query.go::method::Race	missing	TODO	baseline
query.go::method::Release	missing	TODO	baseline
query.go::method::Search	missing	TODO	baseline
query.go::type::Elements	missing	TODO	baseline
query.go::type::Pages	missing	TODO	baseline
query.go::type::RaceContext	missing	TODO	baseline
query.go::type::SearchResult	missing	TODO	baseline
query.go::type::SelectorType	missing	TODO	baseline
states.go::method::DisableDomain	missing	TODO	baseline
states.go::method::EnableDomain	missing	TODO	baseline
states.go::method::LoadState	missing	TODO	baseline
states.go::method::RemoveState	missing	TODO	baseline
utils.go::func::NewBrowserPool	missing	TODO	baseline
utils.go::func::NewPagePool	missing	TODO	baseline
utils.go::func::NewStreamReader	missing	TODO	baseline
utils.go::func::Try	missing	TODO	baseline
utils.go::method::Cleanup	missing	TODO	baseline
utils.go::method::Close	missing	TODO	baseline
utils.go::method::Get	missing	TODO	baseline
utils.go::method::Load	missing	TODO	baseline
utils.go::method::Put	missing	TODO	baseline
utils.go::method::Read	missing	TODO	baseline
utils.go::type::CDPClient	missing	TODO	baseline
utils.go::type::Message	missing	TODO	baseline
utils.go::type::Pool[T	missing	TODO	baseline
utils.go::type::StreamReader	missing	TODO	baseline
