time=2026-02-19T19:09:52.814-07:00 level=INFO msg="Daemon started (interval: %v, auto-commit: %v, auto-push: %v)" !BADKEY=5s !BADKEY=false !BADKEY=false
time=2026-02-19T19:09:52.814-07:00 level=INFO msg="using database" path=/Users/dominic/repos/github.com/dsisnero/webb/rod/.beads/beads.db
time=2026-02-19T19:09:52.839-07:00 level=INFO msg="database opened" path=/Users/dominic/repos/github.com/dsisnero/webb/rod/.beads/beads.db backend=sqlite freshness_checking=true
time=2026-02-19T19:09:52.839-07:00 level=INFO msg="upgrading .beads/.gitignore"
time=2026-02-19T19:09:52.839-07:00 level=WARN msg="failed to upgrade .gitignore" error="open .beads/.gitignore: no such file or directory"
time=2026-02-19T19:09:52.848-07:00 level=ERROR msg="repository fingerprint validation failed" error="\nDATABASE MISMATCH DETECTED!\n\nThis database belongs to a different repository:\n  Database repo ID:  0ccad82f\n  Current repo ID:   031c1ea1\n\nThis usually means:\n  1. You copied a .beads directory from another repo (don't do this!)\n  2. Git remote URL changed (run 'bd migrate --update-repo-id')\n  3. Database corruption\n  4. bd was upgraded and URL canonicalization changed\n\n⚠️  CRITICAL: This mismatch can cause beads to incorrectly delete issues during sync!\n   The git-history-backfill mechanism may treat your local issues as deleted\n   because they don't exist in the remote repository's history.\n\nSolutions:\n  - If remote URL changed: bd migrate --update-repo-id\n  - If bd was upgraded: bd migrate --update-repo-id\n  - If wrong database: rm -rf .beads && bd init\n  - If correct database: BEADS_IGNORE_REPO_MISMATCH=1 bd daemon\n    (Warning: This can cause data corruption and unwanted deletions across clones!)\n"
time=2026-02-19T19:10:09.542-07:00 level=INFO msg="Daemon started (interval: %v, auto-commit: %v, auto-push: %v)" !BADKEY=5s !BADKEY=false !BADKEY=false
time=2026-02-19T19:10:09.542-07:00 level=INFO msg="using database" path=/Users/dominic/repos/github.com/dsisnero/webb/rod/.beads/beads.db
time=2026-02-19T19:10:09.568-07:00 level=INFO msg="database opened" path=/Users/dominic/repos/github.com/dsisnero/webb/rod/.beads/beads.db backend=sqlite freshness_checking=true
time=2026-02-19T19:10:09.568-07:00 level=INFO msg="upgrading .beads/.gitignore"
time=2026-02-19T19:10:09.568-07:00 level=WARN msg="failed to upgrade .gitignore" error="open .beads/.gitignore: no such file or directory"
time=2026-02-19T19:10:09.576-07:00 level=ERROR msg="repository fingerprint validation failed" error="\nDATABASE MISMATCH DETECTED!\n\nThis database belongs to a different repository:\n  Database repo ID:  0ccad82f\n  Current repo ID:   aa760c76\n\nThis usually means:\n  1. You copied a .beads directory from another repo (don't do this!)\n  2. Git remote URL changed (run 'bd migrate --update-repo-id')\n  3. Database corruption\n  4. bd was upgraded and URL canonicalization changed\n\n⚠️  CRITICAL: This mismatch can cause beads to incorrectly delete issues during sync!\n   The git-history-backfill mechanism may treat your local issues as deleted\n   because they don't exist in the remote repository's history.\n\nSolutions:\n  - If remote URL changed: bd migrate --update-repo-id\n  - If bd was upgraded: bd migrate --update-repo-id\n  - If wrong database: rm -rf .beads && bd init\n  - If correct database: BEADS_IGNORE_REPO_MISMATCH=1 bd daemon\n    (Warning: This can cause data corruption and unwanted deletions across clones!)\n"
time=2026-02-19T19:10:15.879-07:00 level=INFO msg="Daemon started (interval: %v, auto-commit: %v, auto-push: %v)" !BADKEY=5s !BADKEY=false !BADKEY=false
time=2026-02-19T19:10:15.879-07:00 level=INFO msg="using database" path=/Users/dominic/repos/github.com/dsisnero/webb/rod/.beads/beads.db
time=2026-02-19T19:10:15.908-07:00 level=INFO msg="database opened" path=/Users/dominic/repos/github.com/dsisnero/webb/rod/.beads/beads.db backend=sqlite freshness_checking=true
time=2026-02-19T19:10:15.908-07:00 level=INFO msg="upgrading .beads/.gitignore"
time=2026-02-19T19:10:15.908-07:00 level=WARN msg="failed to upgrade .gitignore" error="open .beads/.gitignore: no such file or directory"
time=2026-02-19T19:10:15.917-07:00 level=ERROR msg="repository fingerprint validation failed" error="\nDATABASE MISMATCH DETECTED!\n\nThis database belongs to a different repository:\n  Database repo ID:  0ccad82f\n  Current repo ID:   1cb18f54\n\nThis usually means:\n  1. You copied a .beads directory from another repo (don't do this!)\n  2. Git remote URL changed (run 'bd migrate --update-repo-id')\n  3. Database corruption\n  4. bd was upgraded and URL canonicalization changed\n\n⚠️  CRITICAL: This mismatch can cause beads to incorrectly delete issues during sync!\n   The git-history-backfill mechanism may treat your local issues as deleted\n   because they don't exist in the remote repository's history.\n\nSolutions:\n  - If remote URL changed: bd migrate --update-repo-id\n  - If bd was upgraded: bd migrate --update-repo-id\n  - If wrong database: rm -rf .beads && bd init\n  - If correct database: BEADS_IGNORE_REPO_MISMATCH=1 bd daemon\n    (Warning: This can cause data corruption and unwanted deletions across clones!)\n"
time=2026-02-19T19:36:36.471-07:00 level=INFO msg="Daemon started (interval: %v, auto-commit: %v, auto-push: %v)" !BADKEY=5s !BADKEY=false !BADKEY=false
time=2026-02-19T19:36:36.472-07:00 level=INFO msg="using database" path=/Users/dominic/repos/github.com/dsisnero/rod/.beads/beads.db
time=2026-02-19T19:36:36.499-07:00 level=INFO msg="database opened" path=/Users/dominic/repos/github.com/dsisnero/rod/.beads/beads.db backend=sqlite freshness_checking=true
time=2026-02-19T19:36:36.499-07:00 level=INFO msg="upgrading .beads/.gitignore"
time=2026-02-19T19:36:36.499-07:00 level=WARN msg="failed to upgrade .gitignore" error="open .beads/.gitignore: no such file or directory"
time=2026-02-19T19:36:36.512-07:00 level=ERROR msg="repository fingerprint validation failed" error="\nDATABASE MISMATCH DETECTED!\n\nThis database belongs to a different repository:\n  Database repo ID:  0ccad82f\n  Current repo ID:   6531855f\n\nThis usually means:\n  1. You copied a .beads directory from another repo (don't do this!)\n  2. Git remote URL changed (run 'bd migrate --update-repo-id')\n  3. Database corruption\n  4. bd was upgraded and URL canonicalization changed\n\n⚠️  CRITICAL: This mismatch can cause beads to incorrectly delete issues during sync!\n   The git-history-backfill mechanism may treat your local issues as deleted\n   because they don't exist in the remote repository's history.\n\nSolutions:\n  - If remote URL changed: bd migrate --update-repo-id\n  - If bd was upgraded: bd migrate --update-repo-id\n  - If wrong database: rm -rf .beads && bd init\n  - If correct database: BEADS_IGNORE_REPO_MISMATCH=1 bd daemon\n    (Warning: This can cause data corruption and unwanted deletions across clones!)\n"
time=2026-02-19T19:40:12.614-07:00 level=INFO msg="Daemon started (interval: %v, auto-commit: %v, auto-push: %v)" !BADKEY=5s !BADKEY=false !BADKEY=false
time=2026-02-19T19:40:12.615-07:00 level=INFO msg="using database" path=/Users/dominic/repos/github.com/dsisnero/rod/.beads/beads.db
time=2026-02-19T19:40:12.641-07:00 level=INFO msg="database opened" path=/Users/dominic/repos/github.com/dsisnero/rod/.beads/beads.db backend=sqlite freshness_checking=true
time=2026-02-19T19:40:12.641-07:00 level=INFO msg="upgrading .beads/.gitignore"
time=2026-02-19T19:40:12.641-07:00 level=WARN msg="failed to upgrade .gitignore" error="open .beads/.gitignore: no such file or directory"
time=2026-02-19T19:40:12.648-07:00 level=ERROR msg="repository fingerprint validation failed" error="\nDATABASE MISMATCH DETECTED!\n\nThis database belongs to a different repository:\n  Database repo ID:  0ccad82f\n  Current repo ID:   031c1ea1\n\nThis usually means:\n  1. You copied a .beads directory from another repo (don't do this!)\n  2. Git remote URL changed (run 'bd migrate --update-repo-id')\n  3. Database corruption\n  4. bd was upgraded and URL canonicalization changed\n\n⚠️  CRITICAL: This mismatch can cause beads to incorrectly delete issues during sync!\n   The git-history-backfill mechanism may treat your local issues as deleted\n   because they don't exist in the remote repository's history.\n\nSolutions:\n  - If remote URL changed: bd migrate --update-repo-id\n  - If bd was upgraded: bd migrate --update-repo-id\n  - If wrong database: rm -rf .beads && bd init\n  - If correct database: BEADS_IGNORE_REPO_MISMATCH=1 bd daemon\n    (Warning: This can cause data corruption and unwanted deletions across clones!)\n"
time=2026-02-19T19:44:04.179-07:00 level=INFO msg="Daemon started (interval: %v, auto-commit: %v, auto-push: %v)" !BADKEY=5s !BADKEY=false !BADKEY=false
time=2026-02-19T19:44:04.179-07:00 level=INFO msg="using database" path=/Users/dominic/repos/github.com/dsisnero/rod/.beads/beads.db
time=2026-02-19T19:44:04.208-07:00 level=INFO msg="database opened" path=/Users/dominic/repos/github.com/dsisnero/rod/.beads/beads.db backend=sqlite freshness_checking=true
time=2026-02-19T19:44:04.208-07:00 level=INFO msg="upgrading .beads/.gitignore"
time=2026-02-19T19:44:04.208-07:00 level=WARN msg="failed to upgrade .gitignore" error="open .beads/.gitignore: no such file or directory"
time=2026-02-19T19:44:04.216-07:00 level=ERROR msg="repository fingerprint validation failed" error="\nDATABASE MISMATCH DETECTED!\n\nThis database belongs to a different repository:\n  Database repo ID:  0ccad82f\n  Current repo ID:   7711393c\n\nThis usually means:\n  1. You copied a .beads directory from another repo (don't do this!)\n  2. Git remote URL changed (run 'bd migrate --update-repo-id')\n  3. Database corruption\n  4. bd was upgraded and URL canonicalization changed\n\n⚠️  CRITICAL: This mismatch can cause beads to incorrectly delete issues during sync!\n   The git-history-backfill mechanism may treat your local issues as deleted\n   because they don't exist in the remote repository's history.\n\nSolutions:\n  - If remote URL changed: bd migrate --update-repo-id\n  - If bd was upgraded: bd migrate --update-repo-id\n  - If wrong database: rm -rf .beads && bd init\n  - If correct database: BEADS_IGNORE_REPO_MISMATCH=1 bd daemon\n    (Warning: This can cause data corruption and unwanted deletions across clones!)\n"
time=2026-02-19T23:46:29.886-07:00 level=INFO msg="Daemon started (interval: %v, auto-commit: %v, auto-push: %v)" !BADKEY=5s !BADKEY=false !BADKEY=false
time=2026-02-19T23:46:29.886-07:00 level=INFO msg="using database" path=/Users/dominic/repos/github.com/dsisnero/rod/.beads/beads.db
time=2026-02-19T23:46:29.914-07:00 level=INFO msg="database opened" path=/Users/dominic/repos/github.com/dsisnero/rod/.beads/beads.db backend=sqlite freshness_checking=true
time=2026-02-19T23:46:29.914-07:00 level=INFO msg="upgrading .beads/.gitignore"
time=2026-02-19T23:46:29.914-07:00 level=WARN msg="failed to upgrade .gitignore" error="open .beads/.gitignore: no such file or directory"
time=2026-02-19T23:46:29.927-07:00 level=ERROR msg="repository fingerprint validation failed" error="\nDATABASE MISMATCH DETECTED!\n\nThis database belongs to a different repository:\n  Database repo ID:  0ccad82f\n  Current repo ID:   6531855f\n\nThis usually means:\n  1. You copied a .beads directory from another repo (don't do this!)\n  2. Git remote URL changed (run 'bd migrate --update-repo-id')\n  3. Database corruption\n  4. bd was upgraded and URL canonicalization changed\n\n⚠️  CRITICAL: This mismatch can cause beads to incorrectly delete issues during sync!\n   The git-history-backfill mechanism may treat your local issues as deleted\n   because they don't exist in the remote repository's history.\n\nSolutions:\n  - If remote URL changed: bd migrate --update-repo-id\n  - If bd was upgraded: bd migrate --update-repo-id\n  - If wrong database: rm -rf .beads && bd init\n  - If correct database: BEADS_IGNORE_REPO_MISMATCH=1 bd daemon\n    (Warning: This can cause data corruption and unwanted deletions across clones!)\n"
time=2026-02-19T23:47:17.221-07:00 level=INFO msg="Daemon started (interval: %v, auto-commit: %v, auto-push: %v)" !BADKEY=5s !BADKEY=false !BADKEY=false
time=2026-02-19T23:47:17.222-07:00 level=INFO msg="using database" path=/Users/dominic/repos/github.com/dsisnero/rod/.beads/beads.db
time=2026-02-19T23:47:17.247-07:00 level=INFO msg="database opened" path=/Users/dominic/repos/github.com/dsisnero/rod/.beads/beads.db backend=sqlite freshness_checking=true
time=2026-02-19T23:47:17.247-07:00 level=INFO msg="upgrading .beads/.gitignore"
time=2026-02-19T23:47:17.247-07:00 level=WARN msg="failed to upgrade .gitignore" error="open .beads/.gitignore: no such file or directory"
time=2026-02-19T23:47:17.262-07:00 level=ERROR msg="repository fingerprint validation failed" error="\nDATABASE MISMATCH DETECTED!\n\nThis database belongs to a different repository:\n  Database repo ID:  0ccad82f\n  Current repo ID:   6531855f\n\nThis usually means:\n  1. You copied a .beads directory from another repo (don't do this!)\n  2. Git remote URL changed (run 'bd migrate --update-repo-id')\n  3. Database corruption\n  4. bd was upgraded and URL canonicalization changed\n\n⚠️  CRITICAL: This mismatch can cause beads to incorrectly delete issues during sync!\n   The git-history-backfill mechanism may treat your local issues as deleted\n   because they don't exist in the remote repository's history.\n\nSolutions:\n  - If remote URL changed: bd migrate --update-repo-id\n  - If bd was upgraded: bd migrate --update-repo-id\n  - If wrong database: rm -rf .beads && bd init\n  - If correct database: BEADS_IGNORE_REPO_MISMATCH=1 bd daemon\n    (Warning: This can cause data corruption and unwanted deletions across clones!)\n"
time=2026-02-20T11:16:27.153-07:00 level=INFO msg="Daemon started (interval: %v, auto-commit: %v, auto-push: %v)" !BADKEY=5s !BADKEY=false !BADKEY=false
time=2026-02-20T11:16:27.154-07:00 level=INFO msg="using database" path=/Users/dominic/repos/github.com/dsisnero/rod/.beads/beads.db
time=2026-02-20T11:16:27.186-07:00 level=INFO msg="database opened" path=/Users/dominic/repos/github.com/dsisnero/rod/.beads/beads.db backend=sqlite freshness_checking=true
time=2026-02-20T11:16:27.187-07:00 level=INFO msg="upgrading .beads/.gitignore"
time=2026-02-20T11:16:27.187-07:00 level=WARN msg="failed to upgrade .gitignore" error="open .beads/.gitignore: no such file or directory"
time=2026-02-20T11:16:27.199-07:00 level=ERROR msg="repository fingerprint validation failed" error="\nDATABASE MISMATCH DETECTED!\n\nThis database belongs to a different repository:\n  Database repo ID:  0ccad82f\n  Current repo ID:   6531855f\n\nThis usually means:\n  1. You copied a .beads directory from another repo (don't do this!)\n  2. Git remote URL changed (run 'bd migrate --update-repo-id')\n  3. Database corruption\n  4. bd was upgraded and URL canonicalization changed\n\n⚠️  CRITICAL: This mismatch can cause beads to incorrectly delete issues during sync!\n   The git-history-backfill mechanism may treat your local issues as deleted\n   because they don't exist in the remote repository's history.\n\nSolutions:\n  - If remote URL changed: bd migrate --update-repo-id\n  - If bd was upgraded: bd migrate --update-repo-id\n  - If wrong database: rm -rf .beads && bd init\n  - If correct database: BEADS_IGNORE_REPO_MISMATCH=1 bd daemon\n    (Warning: This can cause data corruption and unwanted deletions across clones!)\n"
time=2026-02-20T11:16:36.216-07:00 level=INFO msg="Daemon started (interval: %v, auto-commit: %v, auto-push: %v)" !BADKEY=5s !BADKEY=false !BADKEY=false
time=2026-02-20T11:16:36.216-07:00 level=INFO msg="using database" path=/Users/dominic/repos/github.com/dsisnero/rod/.beads/beads.db
time=2026-02-20T11:16:36.238-07:00 level=INFO msg="database opened" path=/Users/dominic/repos/github.com/dsisnero/rod/.beads/beads.db backend=sqlite freshness_checking=true
time=2026-02-20T11:16:36.238-07:00 level=INFO msg="upgrading .beads/.gitignore"
time=2026-02-20T11:16:36.238-07:00 level=WARN msg="failed to upgrade .gitignore" error="open .beads/.gitignore: no such file or directory"
time=2026-02-20T11:16:36.251-07:00 level=ERROR msg="repository fingerprint validation failed" error="\nDATABASE MISMATCH DETECTED!\n\nThis database belongs to a different repository:\n  Database repo ID:  0ccad82f\n  Current repo ID:   6531855f\n\nThis usually means:\n  1. You copied a .beads directory from another repo (don't do this!)\n  2. Git remote URL changed (run 'bd migrate --update-repo-id')\n  3. Database corruption\n  4. bd was upgraded and URL canonicalization changed\n\n⚠️  CRITICAL: This mismatch can cause beads to incorrectly delete issues during sync!\n   The git-history-backfill mechanism may treat your local issues as deleted\n   because they don't exist in the remote repository's history.\n\nSolutions:\n  - If remote URL changed: bd migrate --update-repo-id\n  - If bd was upgraded: bd migrate --update-repo-id\n  - If wrong database: rm -rf .beads && bd init\n  - If correct database: BEADS_IGNORE_REPO_MISMATCH=1 bd daemon\n    (Warning: This can cause data corruption and unwanted deletions across clones!)\n"
time=2026-02-20T11:16:44.962-07:00 level=INFO msg="Daemon started (interval: %v, auto-commit: %v, auto-push: %v)" !BADKEY=5s !BADKEY=false !BADKEY=false
time=2026-02-20T11:16:44.963-07:00 level=INFO msg="using database" path=/Users/dominic/repos/github.com/dsisnero/rod/.beads/beads.db
time=2026-02-20T11:16:44.986-07:00 level=INFO msg="database opened" path=/Users/dominic/repos/github.com/dsisnero/rod/.beads/beads.db backend=sqlite freshness_checking=true
time=2026-02-20T11:16:44.986-07:00 level=INFO msg="upgrading .beads/.gitignore"
time=2026-02-20T11:16:44.986-07:00 level=WARN msg="failed to upgrade .gitignore" error="open .beads/.gitignore: no such file or directory"
time=2026-02-20T11:16:44.997-07:00 level=ERROR msg="repository fingerprint validation failed" error="\nDATABASE MISMATCH DETECTED!\n\nThis database belongs to a different repository:\n  Database repo ID:  0ccad82f\n  Current repo ID:   6531855f\n\nThis usually means:\n  1. You copied a .beads directory from another repo (don't do this!)\n  2. Git remote URL changed (run 'bd migrate --update-repo-id')\n  3. Database corruption\n  4. bd was upgraded and URL canonicalization changed\n\n⚠️  CRITICAL: This mismatch can cause beads to incorrectly delete issues during sync!\n   The git-history-backfill mechanism may treat your local issues as deleted\n   because they don't exist in the remote repository's history.\n\nSolutions:\n  - If remote URL changed: bd migrate --update-repo-id\n  - If bd was upgraded: bd migrate --update-repo-id\n  - If wrong database: rm -rf .beads && bd init\n  - If correct database: BEADS_IGNORE_REPO_MISMATCH=1 bd daemon\n    (Warning: This can cause data corruption and unwanted deletions across clones!)\n"
time=2026-02-20T11:16:54.054-07:00 level=INFO msg="Daemon started (interval: %v, auto-commit: %v, auto-push: %v)" !BADKEY=5s !BADKEY=false !BADKEY=false
time=2026-02-20T11:16:54.054-07:00 level=INFO msg="using database" path=/Users/dominic/repos/github.com/dsisnero/rod/.beads/beads.db
time=2026-02-20T11:16:54.079-07:00 level=INFO msg="database opened" path=/Users/dominic/repos/github.com/dsisnero/rod/.beads/beads.db backend=sqlite freshness_checking=true
time=2026-02-20T11:16:54.079-07:00 level=INFO msg="upgrading .beads/.gitignore"
time=2026-02-20T11:16:54.079-07:00 level=WARN msg="failed to upgrade .gitignore" error="open .beads/.gitignore: no such file or directory"
time=2026-02-20T11:16:54.091-07:00 level=INFO msg="Repository fingerprint validated: %s" !BADKEY=6531855f
time=2026-02-20T11:16:54.091-07:00 level=INFO msg="starting RPC server" socket=/Users/dominic/repos/github.com/dsisnero/rod/.beads/bd.sock
time=2026-02-20T11:16:54.092-07:00 level=INFO msg="RPC server ready (socket listening)"
time=2026-02-20T11:16:54.098-07:00 level=INFO msg="registered in global registry"
time=2026-02-20T11:16:54.098-07:00 level=INFO msg="Starting %s..." !BADKEY="sync cycle"
time=2026-02-20T11:16:54.099-07:00 level=INFO msg="Exported to JSONL"
time=2026-02-20T11:16:54.132-07:00 level=INFO msg="Imported from JSONL"
time=2026-02-20T11:16:54.146-07:00 level=INFO msg="Sync cycle complete"
time=2026-02-20T11:16:54.146-07:00 level=INFO msg="monitoring parent process" pid=0
time=2026-02-20T11:16:54.146-07:00 level=INFO msg="using event-driven mode"
time=2026-02-20T11:16:54.147-07:00 level=INFO msg="Auto-pull disabled: use 'git pull' manually to sync remote changes"
time=2026-02-20T11:23:46.457-07:00 level=INFO msg="Mutation detected: %s %s" create=rod-upm
time=2026-02-20T11:23:46.959-07:00 level=INFO msg="Export triggered by mutation events"
time=2026-02-20T11:23:46.959-07:00 level=INFO msg="Starting %s..." !BADKEY=export
time=2026-02-20T11:23:46.962-07:00 level=INFO msg="Exported to JSONL"
time=2026-02-20T11:23:46.962-07:00 level=INFO msg="Export complete"
time=2026-02-20T11:23:46.962-07:00 level=INFO msg="JSONL removed/renamed, re-establishing watch"
time=2026-02-20T11:23:47.014-07:00 level=INFO msg="Successfully re-established JSONL watch after %v" !BADKEY=50ms
time=2026-02-20T11:23:47.014-07:00 level=INFO msg="JSONL file created: %s" !BADKEY=/Users/dominic/repos/github.com/dsisnero/rod/.beads/issues.jsonl
time=2026-02-20T11:23:48.017-07:00 level=INFO msg="Import triggered by file change"
time=2026-02-20T11:23:48.017-07:00 level=INFO msg="Starting %s..." !BADKEY=auto-import
time=2026-02-20T11:23:48.017-07:00 level=INFO msg="JSONL content changed, proceeding with %s..." !BADKEY=auto-import
time=2026-02-20T11:23:48.026-07:00 level=INFO msg="⚠️  WARNING: Uncommitted local changes detected in %s" !BADKEY=/Users/dominic/repos/github.com/dsisnero/rod/.beads/issues.jsonl
time=2026-02-20T11:23:48.026-07:00 level=INFO msg="   Pulling from remote may overwrite local unpushed changes."
time=2026-02-20T11:23:48.026-07:00 level=INFO msg="   Consider running 'bd sync' to commit and push your changes first."
time=2026-02-20T11:23:48.034-07:00 level=INFO msg="Imported from JSONL"
time=2026-02-20T11:23:48.034-07:00 level=INFO msg="Auto-import complete"
time=2026-02-20T11:23:50.442-07:00 level=INFO msg="Mutation detected: %s %s" status=rod-upm
time=2026-02-20T11:23:50.944-07:00 level=INFO msg="Export triggered by mutation events"
time=2026-02-20T11:23:50.944-07:00 level=INFO msg="Starting %s..." !BADKEY=export
time=2026-02-20T11:23:50.944-07:00 level=INFO msg="Pre-export validation failed: %v" !BADKEY="refusing to export: JSONL content has changed since last import (import first to avoid data loss)"
time=2026-02-20T11:25:26.168-07:00 level=INFO msg="JSONL removed/renamed, re-establishing watch"
time=2026-02-20T11:25:26.219-07:00 level=INFO msg="Successfully re-established JSONL watch after %v" !BADKEY=50ms
time=2026-02-20T11:25:26.219-07:00 level=INFO msg="JSONL file created: %s" !BADKEY=/Users/dominic/repos/github.com/dsisnero/rod/.beads/issues.jsonl
time=2026-02-20T11:25:26.268-07:00 level=INFO msg="Git ref change detected: %s" !BADKEY=/Users/dominic/repos/github.com/dsisnero/rod/.git/refs/heads/main.lock
time=2026-02-20T11:25:27.269-07:00 level=INFO msg="Import triggered by file change"
time=2026-02-20T11:25:27.269-07:00 level=INFO msg="Starting %s..." !BADKEY=auto-import
time=2026-02-20T11:25:27.274-07:00 level=INFO msg="Skipping %s: JSONL content unchanged" !BADKEY=auto-import
time=2026-02-20T11:25:42.021-07:00 level=INFO msg="JSONL removed/renamed, re-establishing watch"
time=2026-02-20T11:25:42.073-07:00 level=INFO msg="Successfully re-established JSONL watch after %v" !BADKEY=50ms
time=2026-02-20T11:25:42.073-07:00 level=INFO msg="JSONL file created: %s" !BADKEY=/Users/dominic/repos/github.com/dsisnero/rod/.beads/issues.jsonl
time=2026-02-20T11:25:42.115-07:00 level=INFO msg="Git ref change detected: %s" !BADKEY=/Users/dominic/repos/github.com/dsisnero/rod/.git/refs/heads/main.lock
time=2026-02-20T11:25:43.118-07:00 level=INFO msg="Import triggered by file change"
time=2026-02-20T11:25:43.119-07:00 level=INFO msg="Starting %s..." !BADKEY=auto-import
time=2026-02-20T11:25:43.122-07:00 level=INFO msg="Skipping %s: JSONL content unchanged" !BADKEY=auto-import
time=2026-02-20T11:26:06.179-07:00 level=INFO msg="JSONL removed/renamed, re-establishing watch"
time=2026-02-20T11:26:06.231-07:00 level=INFO msg="Successfully re-established JSONL watch after %v" !BADKEY=50ms
time=2026-02-20T11:26:06.231-07:00 level=INFO msg="JSONL file created: %s" !BADKEY=/Users/dominic/repos/github.com/dsisnero/rod/.beads/issues.jsonl
time=2026-02-20T11:26:07.235-07:00 level=INFO msg="Import triggered by file change"
time=2026-02-20T11:26:07.235-07:00 level=INFO msg="Starting %s..." !BADKEY=auto-import
time=2026-02-20T11:26:07.235-07:00 level=INFO msg="Skipping %s: JSONL content unchanged" !BADKEY=auto-import
time=2026-02-20T16:06:07.221-07:00 level=INFO msg="JSONL removed/renamed, re-establishing watch"
time=2026-02-20T16:06:07.273-07:00 level=INFO msg="Successfully re-established JSONL watch after %v" !BADKEY=50ms
time=2026-02-20T16:06:07.273-07:00 level=INFO msg="JSONL file created: %s" !BADKEY=/Users/dominic/repos/github.com/dsisnero/rod/.beads/issues.jsonl
time=2026-02-20T16:06:08.274-07:00 level=INFO msg="Import triggered by file change"
time=2026-02-20T16:06:08.274-07:00 level=INFO msg="Starting %s..." !BADKEY=auto-import
time=2026-02-20T16:06:08.278-07:00 level=INFO msg="Skipping %s: JSONL content unchanged" !BADKEY=auto-import
time=2026-02-21T15:34:33.532-07:00 level=INFO msg="Mutation detected: %s %s" create=rod-6o3
time=2026-02-21T15:34:34.034-07:00 level=INFO msg="Export triggered by mutation events"
time=2026-02-21T15:34:34.034-07:00 level=INFO msg="Starting %s..." !BADKEY=export
time=2026-02-21T15:34:34.037-07:00 level=INFO msg="Exported to JSONL"
time=2026-02-21T15:34:34.037-07:00 level=INFO msg="Export complete"
time=2026-02-21T15:34:34.038-07:00 level=INFO msg="JSONL removed/renamed, re-establishing watch"
time=2026-02-21T15:34:34.089-07:00 level=INFO msg="Successfully re-established JSONL watch after %v" !BADKEY=50ms
time=2026-02-21T15:34:34.090-07:00 level=INFO msg="JSONL file created: %s" !BADKEY=/Users/dominic/repos/github.com/dsisnero/rod/.beads/issues.jsonl
time=2026-02-21T15:34:34.324-07:00 level=INFO msg="Mutation detected: %s %s" create=rod-42c
time=2026-02-21T15:34:34.829-07:00 level=INFO msg="Export triggered by mutation events"
time=2026-02-21T15:34:34.829-07:00 level=INFO msg="Starting %s..." !BADKEY=export
time=2026-02-21T15:34:34.830-07:00 level=INFO msg="Pre-export validation failed: %v" !BADKEY="refusing to export: JSONL content has changed since last import (import first to avoid data loss)"
time=2026-02-21T15:34:35.094-07:00 level=INFO msg="Import triggered by file change"
time=2026-02-21T15:34:35.095-07:00 level=INFO msg="Starting %s..." !BADKEY=auto-import
time=2026-02-21T15:34:35.096-07:00 level=INFO msg="JSONL content changed, proceeding with %s..." !BADKEY=auto-import
time=2026-02-21T15:34:35.130-07:00 level=INFO msg="⚠️  WARNING: Uncommitted local changes detected in %s" !BADKEY=/Users/dominic/repos/github.com/dsisnero/rod/.beads/issues.jsonl
time=2026-02-21T15:34:35.130-07:00 level=INFO msg="   Pulling from remote may overwrite local unpushed changes."
time=2026-02-21T15:34:35.130-07:00 level=INFO msg="   Consider running 'bd sync' to commit and push your changes first."
time=2026-02-21T15:34:35.151-07:00 level=INFO msg="Imported from JSONL"
time=2026-02-21T15:34:35.151-07:00 level=INFO msg="Auto-import complete"
time=2026-02-21T15:34:35.319-07:00 level=INFO msg="Mutation detected: %s %s" create=rod-e1s
time=2026-02-21T15:34:35.831-07:00 level=INFO msg="Export triggered by mutation events"
time=2026-02-21T15:34:35.831-07:00 level=INFO msg="Starting %s..." !BADKEY=export
time=2026-02-21T15:34:35.832-07:00 level=INFO msg="Pre-export validation failed: %v" !BADKEY="refusing to export: JSONL content has changed since last import (import first to avoid data loss)"
time=2026-02-21T15:34:36.053-07:00 level=INFO msg="Mutation detected: %s %s" create=rod-4nr
time=2026-02-21T15:34:36.554-07:00 level=INFO msg="Export triggered by mutation events"
time=2026-02-21T15:34:36.554-07:00 level=INFO msg="Starting %s..." !BADKEY=export
time=2026-02-21T15:34:36.555-07:00 level=INFO msg="Pre-export validation failed: %v" !BADKEY="refusing to export: JSONL content has changed since last import (import first to avoid data loss)"
time=2026-02-21T15:34:36.640-07:00 level=INFO msg="Mutation detected: %s %s" create=rod-cqx
time=2026-02-21T15:34:37.141-07:00 level=INFO msg="Export triggered by mutation events"
time=2026-02-21T15:34:37.141-07:00 level=INFO msg="Starting %s..." !BADKEY=export
time=2026-02-21T15:34:37.142-07:00 level=INFO msg="Pre-export validation failed: %v" !BADKEY="refusing to export: JSONL content has changed since last import (import first to avoid data loss)"
time=2026-02-21T15:34:41.192-07:00 level=INFO msg="Mutation detected: %s %s" create=rod-r6m
time=2026-02-21T15:34:41.694-07:00 level=INFO msg="Export triggered by mutation events"
time=2026-02-21T15:34:41.694-07:00 level=INFO msg="Starting %s..." !BADKEY=export
time=2026-02-21T15:34:41.695-07:00 level=INFO msg="Pre-export validation failed: %v" !BADKEY="refusing to export: JSONL content has changed since last import (import first to avoid data loss)"
time=2026-02-21T15:34:42.086-07:00 level=INFO msg="Mutation detected: %s %s" create=rod-kz1
time=2026-02-21T15:34:42.587-07:00 level=INFO msg="Export triggered by mutation events"
time=2026-02-21T15:34:42.587-07:00 level=INFO msg="Starting %s..." !BADKEY=export
time=2026-02-21T15:34:42.593-07:00 level=INFO msg="Pre-export validation failed: %v" !BADKEY="refusing to export: JSONL content has changed since last import (import first to avoid data loss)"
time=2026-02-21T15:34:42.969-07:00 level=INFO msg="Mutation detected: %s %s" create=rod-edo
time=2026-02-21T15:34:43.470-07:00 level=INFO msg="Export triggered by mutation events"
time=2026-02-21T15:34:43.470-07:00 level=INFO msg="Starting %s..." !BADKEY=export
time=2026-02-21T15:34:43.471-07:00 level=INFO msg="Pre-export validation failed: %v" !BADKEY="refusing to export: JSONL content has changed since last import (import first to avoid data loss)"
time=2026-02-21T15:34:43.851-07:00 level=INFO msg="Mutation detected: %s %s" create=rod-2sl
time=2026-02-21T15:34:44.282-07:00 level=INFO msg="Mutation detected: %s %s" create=rod-d50
time=2026-02-21T15:34:44.783-07:00 level=INFO msg="Export triggered by mutation events"
time=2026-02-21T15:34:44.783-07:00 level=INFO msg="Starting %s..." !BADKEY=export
time=2026-02-21T15:34:44.783-07:00 level=INFO msg="Pre-export validation failed: %v" !BADKEY="refusing to export: JSONL content has changed since last import (import first to avoid data loss)"
time=2026-02-21T15:34:48.819-07:00 level=INFO msg="Mutation detected: %s %s" create=rod-1p6
time=2026-02-21T15:34:49.329-07:00 level=INFO msg="Export triggered by mutation events"
time=2026-02-21T15:34:49.329-07:00 level=INFO msg="Starting %s..." !BADKEY=export
time=2026-02-21T15:34:49.329-07:00 level=INFO msg="Pre-export validation failed: %v" !BADKEY="refusing to export: JSONL content has changed since last import (import first to avoid data loss)"
time=2026-02-21T15:34:49.762-07:00 level=INFO msg="Mutation detected: %s %s" create=rod-pit
time=2026-02-21T15:34:50.264-07:00 level=INFO msg="Export triggered by mutation events"
time=2026-02-21T15:34:50.264-07:00 level=INFO msg="Starting %s..." !BADKEY=export
time=2026-02-21T15:34:50.264-07:00 level=INFO msg="Pre-export validation failed: %v" !BADKEY="refusing to export: JSONL content has changed since last import (import first to avoid data loss)"
time=2026-02-21T15:34:50.570-07:00 level=INFO msg="Mutation detected: %s %s" create=rod-v79
time=2026-02-21T15:34:51.075-07:00 level=INFO msg="Export triggered by mutation events"
time=2026-02-21T15:34:51.075-07:00 level=INFO msg="Starting %s..." !BADKEY=export
time=2026-02-21T15:34:51.075-07:00 level=INFO msg="Pre-export validation failed: %v" !BADKEY="refusing to export: JSONL content has changed since last import (import first to avoid data loss)"
time=2026-02-21T15:34:51.614-07:00 level=INFO msg="Mutation detected: %s %s" create=rod-94o
time=2026-02-21T15:34:52.020-07:00 level=INFO msg="Mutation detected: %s %s" create=rod-9sa
time=2026-02-21T15:34:52.521-07:00 level=INFO msg="Export triggered by mutation events"
time=2026-02-21T15:34:52.521-07:00 level=INFO msg="Starting %s..." !BADKEY=export
time=2026-02-21T15:34:52.522-07:00 level=INFO msg="Pre-export validation failed: %v" !BADKEY="refusing to export: JSONL content has changed since last import (import first to avoid data loss)"
time=2026-02-21T15:34:56.463-07:00 level=INFO msg="Mutation detected: %s %s" create=rod-bot
time=2026-02-21T15:34:56.963-07:00 level=INFO msg="Export triggered by mutation events"
time=2026-02-21T15:34:56.963-07:00 level=INFO msg="Starting %s..." !BADKEY=export
time=2026-02-21T15:34:56.963-07:00 level=INFO msg="Pre-export validation failed: %v" !BADKEY="refusing to export: JSONL content has changed since last import (import first to avoid data loss)"
time=2026-02-21T15:34:57.531-07:00 level=INFO msg="Mutation detected: %s %s" create=rod-c6w
time=2026-02-21T15:34:58.033-07:00 level=INFO msg="Export triggered by mutation events"
time=2026-02-21T15:34:58.033-07:00 level=INFO msg="Starting %s..." !BADKEY=export
time=2026-02-21T15:34:58.033-07:00 level=INFO msg="Pre-export validation failed: %v" !BADKEY="refusing to export: JSONL content has changed since last import (import first to avoid data loss)"
time=2026-02-21T15:34:58.255-07:00 level=INFO msg="Mutation detected: %s %s" create=rod-q20
time=2026-02-21T15:34:58.757-07:00 level=INFO msg="Export triggered by mutation events"
time=2026-02-21T15:34:58.757-07:00 level=INFO msg="Starting %s..." !BADKEY=export
time=2026-02-21T15:34:58.758-07:00 level=INFO msg="Pre-export validation failed: %v" !BADKEY="refusing to export: JSONL content has changed since last import (import first to avoid data loss)"
time=2026-02-21T15:34:58.918-07:00 level=INFO msg="Mutation detected: %s %s" create=rod-dz0
time=2026-02-21T15:34:59.399-07:00 level=INFO msg="Mutation detected: %s %s" create=rod-5wc
time=2026-02-21T15:34:59.900-07:00 level=INFO msg="Export triggered by mutation events"
time=2026-02-21T15:34:59.901-07:00 level=INFO msg="Starting %s..." !BADKEY=export
time=2026-02-21T15:34:59.901-07:00 level=INFO msg="Pre-export validation failed: %v" !BADKEY="refusing to export: JSONL content has changed since last import (import first to avoid data loss)"
time=2026-02-21T15:45:46.374-07:00 level=INFO msg="Mutation detected: %s %s" status=rod-6o3
time=2026-02-21T15:45:46.875-07:00 level=INFO msg="Export triggered by mutation events"
time=2026-02-21T15:45:46.875-07:00 level=INFO msg="Starting %s..." !BADKEY=export
time=2026-02-21T15:45:46.875-07:00 level=INFO msg="Pre-export validation failed: %v" !BADKEY="refusing to export: JSONL content has changed since last import (import first to avoid data loss)"
time=2026-02-21T15:47:55.212-07:00 level=INFO msg="Mutation detected: %s %s" create=rod-731
time=2026-02-21T15:47:55.712-07:00 level=INFO msg="Export triggered by mutation events"
time=2026-02-21T15:47:55.712-07:00 level=INFO msg="Starting %s..." !BADKEY=export
time=2026-02-21T15:47:55.713-07:00 level=INFO msg="Pre-export validation failed: %v" !BADKEY="refusing to export: JSONL content has changed since last import (import first to avoid data loss)"
time=2026-02-21T15:48:04.985-07:00 level=INFO msg="Mutation detected: %s %s" create=rod-8o5
time=2026-02-21T15:48:05.486-07:00 level=INFO msg="Export triggered by mutation events"
time=2026-02-21T15:48:05.486-07:00 level=INFO msg="Starting %s..." !BADKEY=export
time=2026-02-21T15:48:05.486-07:00 level=INFO msg="Pre-export validation failed: %v" !BADKEY="refusing to export: JSONL content has changed since last import (import first to avoid data loss)"
time=2026-02-21T15:48:15.318-07:00 level=INFO msg="Mutation detected: %s %s" create=rod-4z0
time=2026-02-21T15:48:15.819-07:00 level=INFO msg="Export triggered by mutation events"
time=2026-02-21T15:48:15.819-07:00 level=INFO msg="Starting %s..." !BADKEY=export
time=2026-02-21T15:48:15.819-07:00 level=INFO msg="Pre-export validation failed: %v" !BADKEY="refusing to export: JSONL content has changed since last import (import first to avoid data loss)"
time=2026-02-21T15:48:26.844-07:00 level=INFO msg="Mutation detected: %s %s" create=rod-bpt
time=2026-02-21T15:48:27.344-07:00 level=INFO msg="Export triggered by mutation events"
time=2026-02-21T15:48:27.344-07:00 level=INFO msg="Starting %s..." !BADKEY=export
time=2026-02-21T15:48:27.345-07:00 level=INFO msg="Pre-export validation failed: %v" !BADKEY="refusing to export: JSONL content has changed since last import (import first to avoid data loss)"
time=2026-02-21T15:49:19.343-07:00 level=INFO msg="Mutation detected: %s %s" status=rod-6o3
time=2026-02-21T15:49:19.845-07:00 level=INFO msg="Export triggered by mutation events"
time=2026-02-21T15:49:19.845-07:00 level=INFO msg="Starting %s..." !BADKEY=export
time=2026-02-21T15:49:19.845-07:00 level=INFO msg="Pre-export validation failed: %v" !BADKEY="refusing to export: JSONL content has changed since last import (import first to avoid data loss)"
time=2026-02-21T15:49:27.098-07:00 level=INFO msg="Mutation detected: %s %s" status=rod-42c
time=2026-02-21T15:49:27.599-07:00 level=INFO msg="Export triggered by mutation events"
time=2026-02-21T15:49:27.599-07:00 level=INFO msg="Starting %s..." !BADKEY=export
time=2026-02-21T15:49:27.599-07:00 level=INFO msg="Pre-export validation failed: %v" !BADKEY="refusing to export: JSONL content has changed since last import (import first to avoid data loss)"
time=2026-02-21T15:53:53.969-07:00 level=INFO msg="Mutation detected: %s %s" create=rod-6jx
time=2026-02-21T15:53:54.470-07:00 level=INFO msg="Export triggered by mutation events"
time=2026-02-21T15:53:54.470-07:00 level=INFO msg="Starting %s..." !BADKEY=export
time=2026-02-21T15:53:54.470-07:00 level=INFO msg="Pre-export validation failed: %v" !BADKEY="refusing to export: JSONL content has changed since last import (import first to avoid data loss)"
time=2026-02-21T15:54:05.300-07:00 level=INFO msg="Mutation detected: %s %s" create=rod-xkz
time=2026-02-21T15:54:05.801-07:00 level=INFO msg="Export triggered by mutation events"
time=2026-02-21T15:54:05.801-07:00 level=INFO msg="Starting %s..." !BADKEY=export
time=2026-02-21T15:54:05.801-07:00 level=INFO msg="Pre-export validation failed: %v" !BADKEY="refusing to export: JSONL content has changed since last import (import first to avoid data loss)"
time=2026-02-21T15:54:17.080-07:00 level=INFO msg="Mutation detected: %s %s" create=rod-18n
time=2026-02-21T15:54:17.581-07:00 level=INFO msg="Export triggered by mutation events"
time=2026-02-21T15:54:17.581-07:00 level=INFO msg="Starting %s..." !BADKEY=export
time=2026-02-21T15:54:17.581-07:00 level=INFO msg="Pre-export validation failed: %v" !BADKEY="refusing to export: JSONL content has changed since last import (import first to avoid data loss)"
time=2026-02-21T15:54:28.807-07:00 level=INFO msg="Mutation detected: %s %s" create=rod-9eb
time=2026-02-21T15:54:29.309-07:00 level=INFO msg="Export triggered by mutation events"
time=2026-02-21T15:54:29.309-07:00 level=INFO msg="Starting %s..." !BADKEY=export
time=2026-02-21T15:54:29.309-07:00 level=INFO msg="Pre-export validation failed: %v" !BADKEY="refusing to export: JSONL content has changed since last import (import first to avoid data loss)"
time=2026-02-21T15:54:40.015-07:00 level=INFO msg="Mutation detected: %s %s" create=rod-sbl
time=2026-02-21T15:54:40.516-07:00 level=INFO msg="Export triggered by mutation events"
time=2026-02-21T15:54:40.516-07:00 level=INFO msg="Starting %s..." !BADKEY=export
time=2026-02-21T15:54:40.517-07:00 level=INFO msg="Pre-export validation failed: %v" !BADKEY="refusing to export: JSONL content has changed since last import (import first to avoid data loss)"
time=2026-02-21T15:57:21.378-07:00 level=INFO msg="Mutation detected: %s %s" status=rod-6jx
time=2026-02-21T15:57:21.879-07:00 level=INFO msg="Export triggered by mutation events"
time=2026-02-21T15:57:21.879-07:00 level=INFO msg="Starting %s..." !BADKEY=export
time=2026-02-21T15:57:21.880-07:00 level=INFO msg="Pre-export validation failed: %v" !BADKEY="refusing to export: JSONL content has changed since last import (import first to avoid data loss)"
time=2026-02-22T10:16:54.391-07:00 level=INFO msg="Mutation detected: %s %s" status=rod-6jx
time=2026-02-22T10:16:54.892-07:00 level=INFO msg="Export triggered by mutation events"
time=2026-02-22T10:16:54.892-07:00 level=INFO msg="Starting %s..." !BADKEY=export
time=2026-02-22T10:16:54.894-07:00 level=INFO msg="Pre-export validation failed: %v" !BADKEY="refusing to export: JSONL content has changed since last import (import first to avoid data loss)"
time=2026-02-22T10:19:34.969-07:00 level=INFO msg="Mutation detected: %s %s" status=rod-xkz
time=2026-02-22T10:19:35.470-07:00 level=INFO msg="Export triggered by mutation events"
time=2026-02-22T10:19:35.470-07:00 level=INFO msg="Starting %s..." !BADKEY=export
time=2026-02-22T10:19:35.471-07:00 level=INFO msg="Pre-export validation failed: %v" !BADKEY="refusing to export: JSONL content has changed since last import (import first to avoid data loss)"
time=2026-02-22T10:21:54.547-07:00 level=INFO msg="Mutation detected: %s %s" create=rod-ane
time=2026-02-22T10:21:55.048-07:00 level=INFO msg="Export triggered by mutation events"
time=2026-02-22T10:21:55.048-07:00 level=INFO msg="Starting %s..." !BADKEY=export
time=2026-02-22T10:21:55.049-07:00 level=INFO msg="Pre-export validation failed: %v" !BADKEY="refusing to export: JSONL content has changed since last import (import first to avoid data loss)"
time=2026-02-22T10:25:15.260-07:00 level=INFO msg="Mutation detected: %s %s" status=rod-xkz
time=2026-02-22T10:25:15.762-07:00 level=INFO msg="Export triggered by mutation events"
time=2026-02-22T10:25:15.762-07:00 level=INFO msg="Starting %s..." !BADKEY=export
time=2026-02-22T10:25:15.762-07:00 level=INFO msg="Pre-export validation failed: %v" !BADKEY="refusing to export: JSONL content has changed since last import (import first to avoid data loss)"
time=2026-02-22T10:47:24.469-07:00 level=INFO msg="Mutation detected: %s %s" status=rod-4nr
time=2026-02-22T10:47:24.970-07:00 level=INFO msg="Export triggered by mutation events"
time=2026-02-22T10:47:24.970-07:00 level=INFO msg="Starting %s..." !BADKEY=export
time=2026-02-22T10:47:24.971-07:00 level=INFO msg="Pre-export validation failed: %v" !BADKEY="refusing to export: JSONL content has changed since last import (import first to avoid data loss)"
time=2026-02-22T11:09:17.981-07:00 level=INFO msg="File change detected: %s" !BADKEY=/Users/dominic/repos/github.com/dsisnero/rod/.beads/issues.jsonl
time=2026-02-22T11:09:18.983-07:00 level=INFO msg="Import triggered by file change"
time=2026-02-22T11:09:18.984-07:00 level=INFO msg="Starting %s..." !BADKEY=auto-import
time=2026-02-22T11:09:18.984-07:00 level=INFO msg="JSONL content changed, proceeding with %s..." !BADKEY=auto-import
time=2026-02-22T11:09:18.993-07:00 level=INFO msg="⚠️  WARNING: Uncommitted local changes detected in %s" !BADKEY=/Users/dominic/repos/github.com/dsisnero/rod/.beads/issues.jsonl
time=2026-02-22T11:09:18.993-07:00 level=INFO msg="   Pulling from remote may overwrite local unpushed changes."
time=2026-02-22T11:09:18.993-07:00 level=INFO msg="   Consider running 'bd sync' to commit and push your changes first."
time=2026-02-22T11:09:19.007-07:00 level=INFO msg="Imported from JSONL"
time=2026-02-22T11:09:19.008-07:00 level=INFO msg="Auto-import complete"
time=2026-02-22T11:09:46.282-07:00 level=INFO msg="File change detected: %s" !BADKEY=/Users/dominic/repos/github.com/dsisnero/rod/.beads/issues.jsonl
time=2026-02-22T11:09:47.284-07:00 level=INFO msg="Import triggered by file change"
time=2026-02-22T11:09:47.284-07:00 level=INFO msg="Starting %s..." !BADKEY=auto-import
time=2026-02-22T11:09:47.285-07:00 level=INFO msg="JSONL content changed, proceeding with %s..." !BADKEY=auto-import
time=2026-02-22T11:09:47.294-07:00 level=INFO msg="⚠️  WARNING: Uncommitted local changes detected in %s" !BADKEY=/Users/dominic/repos/github.com/dsisnero/rod/.beads/issues.jsonl
time=2026-02-22T11:09:47.294-07:00 level=INFO msg="   Pulling from remote may overwrite local unpushed changes."
time=2026-02-22T11:09:47.294-07:00 level=INFO msg="   Consider running 'bd sync' to commit and push your changes first."
time=2026-02-22T11:09:47.302-07:00 level=INFO msg="Imported from JSONL"
time=2026-02-22T11:09:47.303-07:00 level=INFO msg="Auto-import complete"
time=2026-02-22T11:11:51.453-07:00 level=INFO msg="Mutation detected: %s %s" status=rod-4nr
time=2026-02-22T11:11:51.954-07:00 level=INFO msg="Export triggered by mutation events"
time=2026-02-22T11:11:51.954-07:00 level=INFO msg="Starting %s..." !BADKEY=export
time=2026-02-22T11:11:51.954-07:00 level=INFO msg="Pre-export validation failed: %v" !BADKEY="refusing to export: JSONL content has changed since last import (import first to avoid data loss)"
time=2026-02-22T11:12:03.085-07:00 level=INFO msg="JSONL removed/renamed, re-establishing watch"
time=2026-02-22T11:12:03.136-07:00 level=INFO msg="Successfully re-established JSONL watch after %v" !BADKEY=50ms
time=2026-02-22T11:12:03.136-07:00 level=INFO msg="JSONL file created: %s" !BADKEY=/Users/dominic/repos/github.com/dsisnero/rod/.beads/issues.jsonl
time=2026-02-22T11:12:04.138-07:00 level=INFO msg="Import triggered by file change"
time=2026-02-22T11:12:04.138-07:00 level=INFO msg="Starting %s..." !BADKEY=auto-import
time=2026-02-22T11:12:04.138-07:00 level=INFO msg="Skipping %s: JSONL content unchanged" !BADKEY=auto-import
time=2026-02-22T12:52:27.418-07:00 level=INFO msg="Mutation detected: %s %s" status=rod-2sl
time=2026-02-22T12:52:27.919-07:00 level=INFO msg="Export triggered by mutation events"
time=2026-02-22T12:52:27.919-07:00 level=INFO msg="Starting %s..." !BADKEY=export
time=2026-02-22T12:52:27.925-07:00 level=INFO msg="Exported to JSONL"
time=2026-02-22T12:52:27.925-07:00 level=INFO msg="Export complete"
time=2026-02-22T12:52:27.925-07:00 level=INFO msg="JSONL removed/renamed, re-establishing watch"
time=2026-02-22T12:52:27.976-07:00 level=INFO msg="Successfully re-established JSONL watch after %v" !BADKEY=50ms
time=2026-02-22T12:52:27.976-07:00 level=INFO msg="JSONL file created: %s" !BADKEY=/Users/dominic/repos/github.com/dsisnero/rod/.beads/issues.jsonl
time=2026-02-22T12:52:28.979-07:00 level=INFO msg="Import triggered by file change"
time=2026-02-22T12:52:28.980-07:00 level=INFO msg="Starting %s..." !BADKEY=auto-import
time=2026-02-22T12:52:28.981-07:00 level=INFO msg="JSONL content changed, proceeding with %s..." !BADKEY=auto-import
time=2026-02-22T12:52:28.994-07:00 level=INFO msg="⚠️  WARNING: Uncommitted local changes detected in %s" !BADKEY=/Users/dominic/repos/github.com/dsisnero/rod/.beads/issues.jsonl
time=2026-02-22T12:52:28.994-07:00 level=INFO msg="   Pulling from remote may overwrite local unpushed changes."
time=2026-02-22T12:52:28.994-07:00 level=INFO msg="   Consider running 'bd sync' to commit and push your changes first."
time=2026-02-22T12:52:29.012-07:00 level=INFO msg="Imported from JSONL"
time=2026-02-22T12:52:29.013-07:00 level=INFO msg="Auto-import complete"
time=2026-02-22T13:28:36.055-07:00 level=INFO msg="Mutation detected: %s %s" status=rod-42c
time=2026-02-22T13:28:36.558-07:00 level=INFO msg="Export triggered by mutation events"
time=2026-02-22T13:28:36.558-07:00 level=INFO msg="Starting %s..." !BADKEY=export
time=2026-02-22T13:28:36.559-07:00 level=INFO msg="Pre-export validation failed: %v" !BADKEY="refusing to export: JSONL content has changed since last import (import first to avoid data loss)"
time=2026-02-22T13:28:57.244-07:00 level=INFO msg="Git ref change detected: %s" !BADKEY=/Users/dominic/repos/github.com/dsisnero/rod/.git/refs/heads/main.lock
time=2026-02-22T13:28:58.248-07:00 level=INFO msg="Import triggered by file change"
time=2026-02-22T13:28:58.248-07:00 level=INFO msg="Starting %s..." !BADKEY=auto-import
time=2026-02-22T13:28:58.248-07:00 level=INFO msg="JSONL content changed, proceeding with %s..." !BADKEY=auto-import
time=2026-02-22T13:28:58.280-07:00 level=INFO msg="Imported from JSONL"
time=2026-02-22T13:28:58.280-07:00 level=INFO msg="Auto-import complete"
time=2026-02-22T13:29:27.613-07:00 level=INFO msg="JSONL removed/renamed, re-establishing watch"
time=2026-02-22T13:29:27.664-07:00 level=INFO msg="Successfully re-established JSONL watch after %v" !BADKEY=50ms
time=2026-02-22T13:29:27.664-07:00 level=INFO msg="JSONL file created: %s" !BADKEY=/Users/dominic/repos/github.com/dsisnero/rod/.beads/issues.jsonl
time=2026-02-22T13:29:28.667-07:00 level=INFO msg="Import triggered by file change"
time=2026-02-22T13:29:28.668-07:00 level=INFO msg="Starting %s..." !BADKEY=auto-import
time=2026-02-22T13:29:28.668-07:00 level=INFO msg="JSONL content changed, proceeding with %s..." !BADKEY=auto-import
time=2026-02-22T13:29:28.683-07:00 level=INFO msg="⚠️  WARNING: Uncommitted local changes detected in %s" !BADKEY=/Users/dominic/repos/github.com/dsisnero/rod/.beads/issues.jsonl
time=2026-02-22T13:29:28.683-07:00 level=INFO msg="   Pulling from remote may overwrite local unpushed changes."
time=2026-02-22T13:29:28.683-07:00 level=INFO msg="   Consider running 'bd sync' to commit and push your changes first."
time=2026-02-22T13:29:28.697-07:00 level=INFO msg="Imported from JSONL"
time=2026-02-22T13:29:28.697-07:00 level=INFO msg="Auto-import complete"
time=2026-02-22T18:44:48.388-07:00 level=INFO msg="Mutation detected: %s %s" status=rod-18n
time=2026-02-22T18:44:48.891-07:00 level=INFO msg="Export triggered by mutation events"
time=2026-02-22T18:44:48.891-07:00 level=INFO msg="Starting %s..." !BADKEY=export
time=2026-02-22T18:44:48.891-07:00 level=INFO msg="Pre-export validation failed: %v" !BADKEY="refusing to export: JSONL content has changed since last import (import first to avoid data loss)"
time=2026-02-22T18:44:52.592-07:00 level=INFO msg="Mutation detected: %s %s" status=rod-sbl
time=2026-02-22T18:44:53.093-07:00 level=INFO msg="Export triggered by mutation events"
time=2026-02-22T18:44:53.093-07:00 level=INFO msg="Starting %s..." !BADKEY=export
time=2026-02-22T18:44:53.093-07:00 level=INFO msg="Pre-export validation failed: %v" !BADKEY="refusing to export: JSONL content has changed since last import (import first to avoid data loss)"
time=2026-02-22T18:45:06.209-07:00 level=INFO msg="Mutation detected: %s %s" status=rod-2sl
time=2026-02-22T18:45:06.711-07:00 level=INFO msg="Export triggered by mutation events"
time=2026-02-22T18:45:06.711-07:00 level=INFO msg="Starting %s..." !BADKEY=export
time=2026-02-22T18:45:06.712-07:00 level=INFO msg="Pre-export validation failed: %v" !BADKEY="refusing to export: JSONL content has changed since last import (import first to avoid data loss)"
time=2026-02-22T18:45:16.104-07:00 level=INFO msg="Mutation detected: %s %s" create=rod-k1m
time=2026-02-22T18:45:16.606-07:00 level=INFO msg="Export triggered by mutation events"
time=2026-02-22T18:45:16.606-07:00 level=INFO msg="Starting %s..." !BADKEY=export
time=2026-02-22T18:45:16.606-07:00 level=INFO msg="Pre-export validation failed: %v" !BADKEY="refusing to export: JSONL content has changed since last import (import first to avoid data loss)"
time=2026-02-22T18:45:20.635-07:00 level=INFO msg="Mutation detected: %s %s" create=rod-4bs
time=2026-02-22T18:45:21.136-07:00 level=INFO msg="Export triggered by mutation events"
time=2026-02-22T18:45:21.136-07:00 level=INFO msg="Starting %s..." !BADKEY=export
time=2026-02-22T18:45:21.136-07:00 level=INFO msg="Pre-export validation failed: %v" !BADKEY="refusing to export: JSONL content has changed since last import (import first to avoid data loss)"
time=2026-02-22T18:52:06.712-07:00 level=INFO msg="File change detected: %s" !BADKEY=/Users/dominic/repos/github.com/dsisnero/rod/.beads/issues.jsonl
time=2026-02-22T18:52:07.503-07:00 level=INFO msg="File change detected: %s" !BADKEY=/Users/dominic/repos/github.com/dsisnero/rod/.beads/issues.jsonl
time=2026-02-22T18:52:07.714-07:00 level=INFO msg="Import triggered by file change"
time=2026-02-22T18:52:07.715-07:00 level=INFO msg="Starting %s..." !BADKEY=auto-import
time=2026-02-22T18:52:07.715-07:00 level=INFO msg="JSONL content changed, proceeding with %s..." !BADKEY=auto-import
time=2026-02-22T18:52:07.727-07:00 level=INFO msg="⚠️  WARNING: Uncommitted local changes detected in %s" !BADKEY=/Users/dominic/repos/github.com/dsisnero/rod/.beads/issues.jsonl
time=2026-02-22T18:52:07.727-07:00 level=INFO msg="   Pulling from remote may overwrite local unpushed changes."
time=2026-02-22T18:52:07.727-07:00 level=INFO msg="   Consider running 'bd sync' to commit and push your changes first."
time=2026-02-22T18:52:07.780-07:00 level=INFO msg="Pull failed: %v (backoff: %v)" !BADKEY="git pull failed: exit status 128\nerror: cannot pull with rebase: You have unstaged changes.\nerror: Please commit or stash them.\n" !BADKEY=30s
time=2026-02-22T18:52:08.505-07:00 level=INFO msg="Import triggered by file change"
time=2026-02-22T18:52:08.506-07:00 level=INFO msg="Skipping %s: in backoff period" !BADKEY=auto-import
time=2026-02-22T19:05:28.549-07:00 level=INFO msg="JSONL removed/renamed, re-establishing watch"
time=2026-02-22T19:05:28.600-07:00 level=INFO msg="Successfully re-established JSONL watch after %v" !BADKEY=50ms
time=2026-02-22T19:05:28.600-07:00 level=INFO msg="JSONL file created: %s" !BADKEY=/Users/dominic/repos/github.com/dsisnero/rod/.beads/issues.jsonl
time=2026-02-22T19:05:29.603-07:00 level=INFO msg="Import triggered by file change"
time=2026-02-22T19:05:29.606-07:00 level=INFO msg="Starting %s..." !BADKEY=auto-import
time=2026-02-22T19:05:29.619-07:00 level=INFO msg="Skipping %s: JSONL content unchanged" !BADKEY=auto-import
time=2026-02-22T19:05:36.752-07:00 level=INFO msg="JSONL removed/renamed, re-establishing watch"
time=2026-02-22T19:05:36.803-07:00 level=INFO msg="Successfully re-established JSONL watch after %v" !BADKEY=50ms
time=2026-02-22T19:05:36.803-07:00 level=INFO msg="JSONL file created: %s" !BADKEY=/Users/dominic/repos/github.com/dsisnero/rod/.beads/issues.jsonl
time=2026-02-22T19:05:37.805-07:00 level=INFO msg="Import triggered by file change"
time=2026-02-22T19:05:37.806-07:00 level=INFO msg="Starting %s..." !BADKEY=auto-import
time=2026-02-22T19:05:37.807-07:00 level=INFO msg="Skipping %s: JSONL content unchanged" !BADKEY=auto-import
time=2026-02-22T19:05:52.071-07:00 level=INFO msg="JSONL removed/renamed, re-establishing watch"
time=2026-02-22T19:05:52.123-07:00 level=INFO msg="Successfully re-established JSONL watch after %v" !BADKEY=50ms
time=2026-02-22T19:05:52.123-07:00 level=INFO msg="JSONL file created: %s" !BADKEY=/Users/dominic/repos/github.com/dsisnero/rod/.beads/issues.jsonl
time=2026-02-22T19:05:53.125-07:00 level=INFO msg="Import triggered by file change"
time=2026-02-22T19:05:53.125-07:00 level=INFO msg="Starting %s..." !BADKEY=auto-import
time=2026-02-22T19:05:53.130-07:00 level=INFO msg="Skipping %s: JSONL content unchanged" !BADKEY=auto-import
time=2026-02-22T19:35:44.586-07:00 level=INFO msg="Mutation detected: %s %s" status=rod-e1s
time=2026-02-22T19:35:45.088-07:00 level=INFO msg="Export triggered by mutation events"
time=2026-02-22T19:35:45.088-07:00 level=INFO msg="Starting %s..." !BADKEY=export
time=2026-02-22T19:35:45.103-07:00 level=INFO msg="Exported to JSONL"
time=2026-02-22T19:35:45.103-07:00 level=INFO msg="Export complete"
time=2026-02-22T19:35:45.105-07:00 level=INFO msg="JSONL removed/renamed, re-establishing watch"
time=2026-02-22T19:35:45.157-07:00 level=INFO msg="Successfully re-established JSONL watch after %v" !BADKEY=50ms
time=2026-02-22T19:35:45.157-07:00 level=INFO msg="JSONL file created: %s" !BADKEY=/Users/dominic/repos/github.com/dsisnero/rod/.beads/issues.jsonl
time=2026-02-22T19:35:46.160-07:00 level=INFO msg="Import triggered by file change"
time=2026-02-22T19:35:46.162-07:00 level=INFO msg="Starting %s..." !BADKEY=auto-import
time=2026-02-22T19:35:46.162-07:00 level=INFO msg="JSONL content changed, proceeding with %s..." !BADKEY=auto-import
time=2026-02-22T19:35:46.178-07:00 level=INFO msg="⚠️  WARNING: Uncommitted local changes detected in %s" !BADKEY=/Users/dominic/repos/github.com/dsisnero/rod/.beads/issues.jsonl
time=2026-02-22T19:35:46.178-07:00 level=INFO msg="   Pulling from remote may overwrite local unpushed changes."
time=2026-02-22T19:35:46.178-07:00 level=INFO msg="   Consider running 'bd sync' to commit and push your changes first."
time=2026-02-22T19:35:46.238-07:00 level=INFO msg="Pull failed: %v (backoff: %v)" !BADKEY="git pull failed: exit status 128\nerror: cannot pull with rebase: You have unstaged changes.\nerror: Please commit or stash them.\n" !BADKEY=1m0s
time=2026-02-22T19:35:56.249-07:00 level=INFO msg="Mutation detected: %s %s" create=rod-79w
time=2026-02-22T19:35:56.750-07:00 level=INFO msg="Export triggered by mutation events"
time=2026-02-22T19:35:56.750-07:00 level=INFO msg="Starting %s..." !BADKEY=export
time=2026-02-22T19:35:56.751-07:00 level=INFO msg="Pre-export validation failed: %v" !BADKEY="refusing to export: JSONL content has changed since last import (import first to avoid data loss)"
time=2026-02-22T19:36:03.549-07:00 level=INFO msg="Mutation detected: %s %s" create=rod-ctc
time=2026-02-22T19:36:04.051-07:00 level=INFO msg="Export triggered by mutation events"
time=2026-02-22T19:36:04.051-07:00 level=INFO msg="Starting %s..." !BADKEY=export
time=2026-02-22T19:36:04.052-07:00 level=INFO msg="Pre-export validation failed: %v" !BADKEY="refusing to export: JSONL content has changed since last import (import first to avoid data loss)"
time=2026-02-22T19:36:35.627-07:00 level=INFO msg="JSONL removed/renamed, re-establishing watch"
time=2026-02-22T19:36:35.679-07:00 level=INFO msg="Successfully re-established JSONL watch after %v" !BADKEY=50ms
time=2026-02-22T19:36:35.679-07:00 level=INFO msg="JSONL file created: %s" !BADKEY=/Users/dominic/repos/github.com/dsisnero/rod/.beads/issues.jsonl
time=2026-02-22T19:36:36.681-07:00 level=INFO msg="Import triggered by file change"
time=2026-02-22T19:36:36.681-07:00 level=INFO msg="Skipping %s: in backoff period" !BADKEY=auto-import
time=2026-02-22T19:36:40.937-07:00 level=INFO msg="JSONL removed/renamed, re-establishing watch"
time=2026-02-22T19:36:40.988-07:00 level=INFO msg="Successfully re-established JSONL watch after %v" !BADKEY=50ms
time=2026-02-22T19:36:40.988-07:00 level=INFO msg="JSONL file created: %s" !BADKEY=/Users/dominic/repos/github.com/dsisnero/rod/.beads/issues.jsonl
time=2026-02-22T19:36:41.991-07:00 level=INFO msg="Import triggered by file change"
time=2026-02-22T19:36:41.991-07:00 level=INFO msg="Skipping %s: in backoff period" !BADKEY=auto-import
time=2026-02-22T19:36:58.474-07:00 level=INFO msg="JSONL removed/renamed, re-establishing watch"
time=2026-02-22T19:36:58.525-07:00 level=INFO msg="Successfully re-established JSONL watch after %v" !BADKEY=50ms
time=2026-02-22T19:36:58.526-07:00 level=INFO msg="JSONL file created: %s" !BADKEY=/Users/dominic/repos/github.com/dsisnero/rod/.beads/issues.jsonl
time=2026-02-22T19:36:59.529-07:00 level=INFO msg="Import triggered by file change"
time=2026-02-22T19:36:59.532-07:00 level=INFO msg="Starting %s..." !BADKEY=auto-import
time=2026-02-22T19:36:59.564-07:00 level=INFO msg="Skipping %s: JSONL content unchanged" !BADKEY=auto-import
time=2026-02-22T19:43:45.787-07:00 level=INFO msg="Mutation detected: %s %s" status=rod-cqx
time=2026-02-22T19:43:46.289-07:00 level=INFO msg="Export triggered by mutation events"
time=2026-02-22T19:43:46.289-07:00 level=INFO msg="Starting %s..." !BADKEY=export
time=2026-02-22T19:43:46.299-07:00 level=INFO msg="Exported to JSONL"
time=2026-02-22T19:43:46.299-07:00 level=INFO msg="Export complete"
time=2026-02-22T19:43:46.299-07:00 level=INFO msg="JSONL removed/renamed, re-establishing watch"
time=2026-02-22T19:43:46.350-07:00 level=INFO msg="Successfully re-established JSONL watch after %v" !BADKEY=50ms
time=2026-02-22T19:43:46.350-07:00 level=INFO msg="JSONL file created: %s" !BADKEY=/Users/dominic/repos/github.com/dsisnero/rod/.beads/issues.jsonl
time=2026-02-22T19:43:47.355-07:00 level=INFO msg="Import triggered by file change"
time=2026-02-22T19:43:47.357-07:00 level=INFO msg="Starting %s..." !BADKEY=auto-import
time=2026-02-22T19:43:47.358-07:00 level=INFO msg="JSONL content changed, proceeding with %s..." !BADKEY=auto-import
time=2026-02-22T19:43:47.375-07:00 level=INFO msg="⚠️  WARNING: Uncommitted local changes detected in %s" !BADKEY=/Users/dominic/repos/github.com/dsisnero/rod/.beads/issues.jsonl
time=2026-02-22T19:43:47.375-07:00 level=INFO msg="   Pulling from remote may overwrite local unpushed changes."
time=2026-02-22T19:43:47.375-07:00 level=INFO msg="   Consider running 'bd sync' to commit and push your changes first."
time=2026-02-22T19:43:47.462-07:00 level=INFO msg="Pull failed: %v (backoff: %v)" !BADKEY="git pull failed: exit status 128\nerror: cannot pull with rebase: You have unstaged changes.\nerror: Please commit or stash them.\n" !BADKEY=2m0s
time=2026-02-22T20:05:45.188-07:00 level=INFO msg="Mutation detected: %s %s" status=rod-cqx
time=2026-02-22T20:05:45.690-07:00 level=INFO msg="Export triggered by mutation events"
time=2026-02-22T20:05:45.690-07:00 level=INFO msg="Starting %s..." !BADKEY=export
time=2026-02-22T20:05:45.692-07:00 level=INFO msg="Pre-export validation failed: %v" !BADKEY="refusing to export: JSONL content has changed since last import (import first to avoid data loss)"
time=2026-02-22T20:06:29.200-07:00 level=INFO msg="JSONL removed/renamed, re-establishing watch"
time=2026-02-22T20:06:29.252-07:00 level=INFO msg="Successfully re-established JSONL watch after %v" !BADKEY=50ms
time=2026-02-22T20:06:29.252-07:00 level=INFO msg="JSONL file created: %s" !BADKEY=/Users/dominic/repos/github.com/dsisnero/rod/.beads/issues.jsonl
time=2026-02-22T20:06:30.254-07:00 level=INFO msg="Import triggered by file change"
time=2026-02-22T20:06:30.256-07:00 level=INFO msg="Starting %s..." !BADKEY=auto-import
time=2026-02-22T20:06:30.256-07:00 level=INFO msg="JSONL content changed, proceeding with %s..." !BADKEY=auto-import
time=2026-02-22T20:06:30.279-07:00 level=INFO msg="⚠️  WARNING: Uncommitted local changes detected in %s" !BADKEY=/Users/dominic/repos/github.com/dsisnero/rod/.beads/issues.jsonl
time=2026-02-22T20:06:30.279-07:00 level=INFO msg="   Pulling from remote may overwrite local unpushed changes."
time=2026-02-22T20:06:30.279-07:00 level=INFO msg="   Consider running 'bd sync' to commit and push your changes first."
time=2026-02-22T20:06:30.403-07:00 level=INFO msg="Pull failed: %v (backoff: %v)" !BADKEY="git pull failed: exit status 128\nerror: cannot pull with rebase: You have unstaged changes.\nerror: Please commit or stash them.\n" !BADKEY=5m0s
time=2026-02-22T20:06:34.616-07:00 level=INFO msg="JSONL removed/renamed, re-establishing watch"
time=2026-02-22T20:06:34.667-07:00 level=INFO msg="Successfully re-established JSONL watch after %v" !BADKEY=50ms
time=2026-02-22T20:06:34.667-07:00 level=INFO msg="JSONL file created: %s" !BADKEY=/Users/dominic/repos/github.com/dsisnero/rod/.beads/issues.jsonl
time=2026-02-22T20:06:35.670-07:00 level=INFO msg="Import triggered by file change"
time=2026-02-22T20:06:35.671-07:00 level=INFO msg="Skipping %s: in backoff period" !BADKEY=auto-import
time=2026-02-22T20:06:47.830-07:00 level=INFO msg="JSONL removed/renamed, re-establishing watch"
time=2026-02-22T20:06:47.881-07:00 level=INFO msg="Successfully re-established JSONL watch after %v" !BADKEY=50ms
time=2026-02-22T20:06:47.881-07:00 level=INFO msg="JSONL file created: %s" !BADKEY=/Users/dominic/repos/github.com/dsisnero/rod/.beads/issues.jsonl
time=2026-02-22T20:06:48.883-07:00 level=INFO msg="Import triggered by file change"
time=2026-02-22T20:06:48.890-07:00 level=INFO msg="Skipping %s: in backoff period" !BADKEY=auto-import
time=2026-02-22T20:13:26.776-07:00 level=INFO msg="Mutation detected: %s %s" status=rod-4z0
time=2026-02-22T20:13:27.280-07:00 level=INFO msg="Export triggered by mutation events"
time=2026-02-22T20:13:27.280-07:00 level=INFO msg="Starting %s..." !BADKEY=export
time=2026-02-22T20:13:27.314-07:00 level=INFO msg="Exported to JSONL"
time=2026-02-22T20:13:27.314-07:00 level=INFO msg="Export complete"
time=2026-02-22T20:13:27.324-07:00 level=INFO msg="JSONL removed/renamed, re-establishing watch"
time=2026-02-22T20:13:27.376-07:00 level=INFO msg="Successfully re-established JSONL watch after %v" !BADKEY=50ms
time=2026-02-22T20:13:27.376-07:00 level=INFO msg="JSONL file created: %s" !BADKEY=/Users/dominic/repos/github.com/dsisnero/rod/.beads/issues.jsonl
time=2026-02-22T20:13:28.378-07:00 level=INFO msg="Import triggered by file change"
time=2026-02-22T20:13:28.380-07:00 level=INFO msg="Starting %s..." !BADKEY=auto-import
time=2026-02-22T20:13:28.385-07:00 level=INFO msg="JSONL content changed, proceeding with %s..." !BADKEY=auto-import
time=2026-02-22T20:13:28.418-07:00 level=INFO msg="⚠️  WARNING: Uncommitted local changes detected in %s" !BADKEY=/Users/dominic/repos/github.com/dsisnero/rod/.beads/issues.jsonl
time=2026-02-22T20:13:28.419-07:00 level=INFO msg="   Pulling from remote may overwrite local unpushed changes."
time=2026-02-22T20:13:28.419-07:00 level=INFO msg="   Consider running 'bd sync' to commit and push your changes first."
time=2026-02-22T20:13:28.546-07:00 level=INFO msg="Pull failed: %v (backoff: %v)" !BADKEY="git pull failed: exit status 128\nerror: cannot pull with rebase: You have unstaged changes.\nerror: Please commit or stash them.\n" !BADKEY=10m0s
time=2026-02-22T20:29:38.354-07:00 level=INFO msg="Mutation detected: %s %s" status=rod-4z0
time=2026-02-22T20:29:38.862-07:00 level=INFO msg="Export triggered by mutation events"
time=2026-02-22T20:29:38.862-07:00 level=INFO msg="Starting %s..." !BADKEY=export
time=2026-02-22T20:29:38.865-07:00 level=INFO msg="Pre-export validation failed: %v" !BADKEY="refusing to export: JSONL content has changed since last import (import first to avoid data loss)"
time=2026-02-22T20:30:32.227-07:00 level=INFO msg="JSONL removed/renamed, re-establishing watch"
time=2026-02-22T20:30:32.279-07:00 level=INFO msg="Successfully re-established JSONL watch after %v" !BADKEY=50ms
time=2026-02-22T20:30:32.281-07:00 level=INFO msg="JSONL file created: %s" !BADKEY=/Users/dominic/repos/github.com/dsisnero/rod/.beads/issues.jsonl
time=2026-02-22T20:30:33.284-07:00 level=INFO msg="Import triggered by file change"
time=2026-02-22T20:30:33.296-07:00 level=INFO msg="Starting %s..." !BADKEY=auto-import
time=2026-02-22T20:30:33.306-07:00 level=INFO msg="JSONL content changed, proceeding with %s..." !BADKEY=auto-import
time=2026-02-22T20:30:33.341-07:00 level=INFO msg="⚠️  WARNING: Uncommitted local changes detected in %s" !BADKEY=/Users/dominic/repos/github.com/dsisnero/rod/.beads/issues.jsonl
time=2026-02-22T20:30:33.351-07:00 level=INFO msg="   Pulling from remote may overwrite local unpushed changes."
time=2026-02-22T20:30:33.351-07:00 level=INFO msg="   Consider running 'bd sync' to commit and push your changes first."
time=2026-02-22T20:30:33.439-07:00 level=INFO msg="Pull failed: %v (backoff: %v)" !BADKEY="git pull failed: exit status 128\nerror: cannot pull with rebase: You have unstaged changes.\nerror: Please commit or stash them.\n" !BADKEY=30m0s
time=2026-02-22T20:30:38.521-07:00 level=INFO msg="JSONL removed/renamed, re-establishing watch"
time=2026-02-22T20:30:38.573-07:00 level=INFO msg="Successfully re-established JSONL watch after %v" !BADKEY=50ms
time=2026-02-22T20:30:38.573-07:00 level=INFO msg="JSONL file created: %s" !BADKEY=/Users/dominic/repos/github.com/dsisnero/rod/.beads/issues.jsonl
time=2026-02-22T20:30:39.576-07:00 level=INFO msg="Import triggered by file change"
time=2026-02-22T20:30:39.579-07:00 level=INFO msg="Skipping %s: in backoff period" !BADKEY=auto-import
time=2026-02-22T20:30:50.873-07:00 level=INFO msg="Git ref change detected: %s" !BADKEY=/Users/dominic/repos/github.com/dsisnero/rod/.git/refs/heads/main.lock
time=2026-02-22T20:30:51.876-07:00 level=INFO msg="Import triggered by file change"
time=2026-02-22T20:30:51.877-07:00 level=INFO msg="Skipping %s: in backoff period" !BADKEY=auto-import
time=2026-02-22T20:30:57.781-07:00 level=INFO msg="JSONL removed/renamed, re-establishing watch"
time=2026-02-22T20:30:57.832-07:00 level=INFO msg="Successfully re-established JSONL watch after %v" !BADKEY=50ms
time=2026-02-22T20:30:57.832-07:00 level=INFO msg="JSONL file created: %s" !BADKEY=/Users/dominic/repos/github.com/dsisnero/rod/.beads/issues.jsonl
time=2026-02-22T20:30:58.835-07:00 level=INFO msg="Import triggered by file change"
time=2026-02-22T20:30:58.836-07:00 level=INFO msg="Skipping %s: in backoff period" !BADKEY=auto-import
time=2026-02-22T20:37:10.817-07:00 level=INFO msg="Mutation detected: %s %s" status=rod-8o5
time=2026-02-22T20:37:11.330-07:00 level=INFO msg="Export triggered by mutation events"
time=2026-02-22T20:37:11.331-07:00 level=INFO msg="Starting %s..." !BADKEY=export
time=2026-02-22T20:37:11.435-07:00 level=INFO msg="Exported to JSONL"
time=2026-02-22T20:37:11.436-07:00 level=INFO msg="Export complete"
time=2026-02-22T20:37:11.441-07:00 level=INFO msg="JSONL removed/renamed, re-establishing watch"
time=2026-02-22T20:37:11.492-07:00 level=INFO msg="Successfully re-established JSONL watch after %v" !BADKEY=50ms
time=2026-02-22T20:37:11.492-07:00 level=INFO msg="JSONL file created: %s" !BADKEY=/Users/dominic/repos/github.com/dsisnero/rod/.beads/issues.jsonl
time=2026-02-22T20:37:12.495-07:00 level=INFO msg="Import triggered by file change"
time=2026-02-22T20:37:12.506-07:00 level=INFO msg="Skipping %s: in backoff period" !BADKEY=auto-import
time=2026-02-22T21:13:06.632-07:00 level=INFO msg="File change detected: %s" !BADKEY=/Users/dominic/repos/github.com/dsisnero/rod/.beads/issues.jsonl
time=2026-02-22T21:13:07.644-07:00 level=INFO msg="Import triggered by file change"
time=2026-02-22T21:13:07.719-07:00 level=INFO msg="Starting %s..." !BADKEY=auto-import
time=2026-02-22T21:13:07.736-07:00 level=INFO msg="JSONL content changed, proceeding with %s..." !BADKEY=auto-import
time=2026-02-22T21:13:07.849-07:00 level=INFO msg="⚠️  WARNING: Uncommitted local changes detected in %s" !BADKEY=/Users/dominic/repos/github.com/dsisnero/rod/.beads/issues.jsonl
time=2026-02-22T21:13:07.855-07:00 level=INFO msg="   Pulling from remote may overwrite local unpushed changes."
time=2026-02-22T21:13:07.855-07:00 level=INFO msg="   Consider running 'bd sync' to commit and push your changes first."
time=2026-02-22T21:13:07.981-07:00 level=INFO msg="Pull failed: %v (backoff: %v)" !BADKEY="git pull failed: exit status 128\nerror: cannot pull with rebase: You have unstaged changes.\nerror: Please commit or stash them.\n" !BADKEY=30m0s
time=2026-02-22T21:19:15.247-07:00 level=INFO msg="Mutation detected: %s %s" status=rod-r6m
time=2026-02-22T21:19:15.750-07:00 level=INFO msg="Export triggered by mutation events"
time=2026-02-22T21:19:15.751-07:00 level=INFO msg="Starting %s..." !BADKEY=export
time=2026-02-22T21:19:15.754-07:00 level=INFO msg="Pre-export validation failed: %v" !BADKEY="refusing to export: JSONL content has changed since last import (import first to avoid data loss)"
time=2026-02-22T21:26:28.753-07:00 level=INFO msg="Mutation detected: %s %s" status=rod-r6m
time=2026-02-22T21:26:29.258-07:00 level=INFO msg="Export triggered by mutation events"
time=2026-02-22T21:26:29.261-07:00 level=INFO msg="Starting %s..." !BADKEY=export
time=2026-02-22T21:26:29.266-07:00 level=INFO msg="Pre-export validation failed: %v" !BADKEY="refusing to export: JSONL content has changed since last import (import first to avoid data loss)"
time=2026-02-22T21:28:06.865-07:00 level=INFO msg="JSONL removed/renamed, re-establishing watch"
time=2026-02-22T21:28:06.922-07:00 level=INFO msg="Successfully re-established JSONL watch after %v" !BADKEY=50ms
time=2026-02-22T21:28:06.929-07:00 level=INFO msg="JSONL file created: %s" !BADKEY=/Users/dominic/repos/github.com/dsisnero/rod/.beads/issues.jsonl
time=2026-02-22T21:28:07.935-07:00 level=INFO msg="Import triggered by file change"
time=2026-02-22T21:28:07.967-07:00 level=INFO msg="Skipping %s: in backoff period" !BADKEY=auto-import
time=2026-02-22T21:28:19.253-07:00 level=INFO msg="JSONL removed/renamed, re-establishing watch"
time=2026-02-22T21:28:19.305-07:00 level=INFO msg="Successfully re-established JSONL watch after %v" !BADKEY=50ms
time=2026-02-22T21:28:19.305-07:00 level=INFO msg="JSONL file created: %s" !BADKEY=/Users/dominic/repos/github.com/dsisnero/rod/.beads/issues.jsonl
time=2026-02-22T21:28:20.310-07:00 level=INFO msg="Import triggered by file change"
time=2026-02-22T21:28:20.311-07:00 level=INFO msg="Skipping %s: in backoff period" !BADKEY=auto-import
time=2026-02-22T21:28:47.425-07:00 level=INFO msg="JSONL removed/renamed, re-establishing watch"
time=2026-02-22T21:28:47.480-07:00 level=INFO msg="Successfully re-established JSONL watch after %v" !BADKEY=50ms
time=2026-02-22T21:28:47.480-07:00 level=INFO msg="JSONL file created: %s" !BADKEY=/Users/dominic/repos/github.com/dsisnero/rod/.beads/issues.jsonl
time=2026-02-22T21:28:48.482-07:00 level=INFO msg="Import triggered by file change"
time=2026-02-22T21:28:48.488-07:00 level=INFO msg="Skipping %s: in backoff period" !BADKEY=auto-import
time=2026-02-22T21:33:37.518-07:00 level=INFO msg="Mutation detected: %s %s" status=rod-kz1
time=2026-02-22T21:33:38.020-07:00 level=INFO msg="Export triggered by mutation events"
time=2026-02-22T21:33:38.021-07:00 level=INFO msg="Starting %s..." !BADKEY=export
time=2026-02-22T21:33:38.045-07:00 level=INFO msg="Exported to JSONL"
time=2026-02-22T21:33:38.045-07:00 level=INFO msg="Export complete"
time=2026-02-22T21:33:38.045-07:00 level=INFO msg="JSONL removed/renamed, re-establishing watch"
time=2026-02-22T21:33:38.096-07:00 level=INFO msg="Successfully re-established JSONL watch after %v" !BADKEY=50ms
time=2026-02-22T21:33:38.096-07:00 level=INFO msg="JSONL file created: %s" !BADKEY=/Users/dominic/repos/github.com/dsisnero/rod/.beads/issues.jsonl
time=2026-02-22T21:33:39.098-07:00 level=INFO msg="Import triggered by file change"
time=2026-02-22T21:33:39.109-07:00 level=INFO msg="Skipping %s: in backoff period" !BADKEY=auto-import
time=2026-02-22T22:06:29.510-07:00 level=INFO msg="Mutation detected: %s %s" status=rod-kz1
time=2026-02-22T22:06:30.013-07:00 level=INFO msg="Export triggered by mutation events"
time=2026-02-22T22:06:30.014-07:00 level=INFO msg="Starting %s..." !BADKEY=export
time=2026-02-22T22:06:30.021-07:00 level=INFO msg="Pre-export validation failed: %v" !BADKEY="refusing to export: JSONL content has changed since last import (import first to avoid data loss)"
time=2026-02-22T22:06:36.745-07:00 level=INFO msg="Mutation detected: %s %s" create=rod-6dy
time=2026-02-22T22:06:37.248-07:00 level=INFO msg="Export triggered by mutation events"
time=2026-02-22T22:06:37.248-07:00 level=INFO msg="Starting %s..." !BADKEY=export
time=2026-02-22T22:06:37.252-07:00 level=INFO msg="Pre-export validation failed: %v" !BADKEY="refusing to export: JSONL content has changed since last import (import first to avoid data loss)"
time=2026-02-22T22:06:43.683-07:00 level=INFO msg="Mutation detected: %s %s" create=rod-j2p
time=2026-02-22T22:06:44.188-07:00 level=INFO msg="Export triggered by mutation events"
time=2026-02-22T22:06:44.188-07:00 level=INFO msg="Starting %s..." !BADKEY=export
time=2026-02-22T22:06:44.190-07:00 level=INFO msg="Pre-export validation failed: %v" !BADKEY="refusing to export: JSONL content has changed since last import (import first to avoid data loss)"
time=2026-02-22T22:06:49.615-07:00 level=INFO msg="JSONL removed/renamed, re-establishing watch"
time=2026-02-22T22:06:49.668-07:00 level=INFO msg="Successfully re-established JSONL watch after %v" !BADKEY=50ms
time=2026-02-22T22:06:49.668-07:00 level=INFO msg="JSONL file created: %s" !BADKEY=/Users/dominic/repos/github.com/dsisnero/rod/.beads/issues.jsonl
time=2026-02-22T22:06:50.670-07:00 level=INFO msg="Import triggered by file change"
time=2026-02-22T22:06:50.675-07:00 level=INFO msg="Starting %s..." !BADKEY=auto-import
time=2026-02-22T22:06:50.679-07:00 level=INFO msg="JSONL content changed, proceeding with %s..." !BADKEY=auto-import
time=2026-02-22T22:06:50.694-07:00 level=INFO msg="⚠️  WARNING: Uncommitted local changes detected in %s" !BADKEY=/Users/dominic/repos/github.com/dsisnero/rod/.beads/issues.jsonl
time=2026-02-22T22:06:50.699-07:00 level=INFO msg="   Pulling from remote may overwrite local unpushed changes."
time=2026-02-22T22:06:50.699-07:00 level=INFO msg="   Consider running 'bd sync' to commit and push your changes first."
time=2026-02-22T22:06:50.782-07:00 level=INFO msg="Pull failed: %v (backoff: %v)" !BADKEY="git pull failed: exit status 128\nerror: cannot pull with rebase: You have unstaged changes.\nerror: Please commit or stash them.\n" !BADKEY=30m0s
time=2026-02-22T22:07:18.291-07:00 level=INFO msg="JSONL removed/renamed, re-establishing watch"
time=2026-02-22T22:07:18.344-07:00 level=INFO msg="Successfully re-established JSONL watch after %v" !BADKEY=50ms
time=2026-02-22T22:07:18.344-07:00 level=INFO msg="JSONL file created: %s" !BADKEY=/Users/dominic/repos/github.com/dsisnero/rod/.beads/issues.jsonl
time=2026-02-22T22:07:19.348-07:00 level=INFO msg="Import triggered by file change"
time=2026-02-22T22:07:19.349-07:00 level=INFO msg="Skipping %s: in backoff period" !BADKEY=auto-import
time=2026-02-22T22:44:36.291-07:00 level=INFO msg="JSONL removed/renamed, re-establishing watch"
time=2026-02-22T22:44:36.345-07:00 level=INFO msg="Successfully re-established JSONL watch after %v" !BADKEY=50ms
time=2026-02-22T22:44:36.346-07:00 level=INFO msg="JSONL file created: %s" !BADKEY=/Users/dominic/repos/github.com/dsisnero/rod/.beads/issues.jsonl
time=2026-02-22T22:44:37.349-07:00 level=INFO msg="Import triggered by file change"
time=2026-02-22T22:44:37.355-07:00 level=INFO msg="Starting %s..." !BADKEY=auto-import
time=2026-02-22T22:44:37.489-07:00 level=INFO msg="Skipping %s: JSONL content unchanged" !BADKEY=auto-import
time=2026-02-22T22:45:11.738-07:00 level=INFO msg="Mutation detected: %s %s" status=rod-6dy
time=2026-02-22T22:45:12.241-07:00 level=INFO msg="Export triggered by mutation events"
time=2026-02-22T22:45:12.309-07:00 level=INFO msg="Starting %s..." !BADKEY=export
time=2026-02-22T22:45:12.378-07:00 level=INFO msg="Exported to JSONL"
time=2026-02-22T22:45:12.378-07:00 level=INFO msg="Export complete"
time=2026-02-22T22:45:12.386-07:00 level=INFO msg="JSONL removed/renamed, re-establishing watch"
time=2026-02-22T22:45:12.439-07:00 level=INFO msg="Successfully re-established JSONL watch after %v" !BADKEY=50ms
time=2026-02-22T22:45:12.439-07:00 level=INFO msg="JSONL file created: %s" !BADKEY=/Users/dominic/repos/github.com/dsisnero/rod/.beads/issues.jsonl
time=2026-02-22T22:45:13.442-07:00 level=INFO msg="Import triggered by file change"
time=2026-02-22T22:45:13.446-07:00 level=INFO msg="Starting %s..." !BADKEY=auto-import
time=2026-02-22T22:45:13.449-07:00 level=INFO msg="JSONL content changed, proceeding with %s..." !BADKEY=auto-import
time=2026-02-22T22:45:13.489-07:00 level=INFO msg="⚠️  WARNING: Uncommitted local changes detected in %s" !BADKEY=/Users/dominic/repos/github.com/dsisnero/rod/.beads/issues.jsonl
time=2026-02-22T22:45:13.495-07:00 level=INFO msg="   Pulling from remote may overwrite local unpushed changes."
time=2026-02-22T22:45:13.495-07:00 level=INFO msg="   Consider running 'bd sync' to commit and push your changes first."
time=2026-02-22T22:45:13.574-07:00 level=INFO msg="Pull failed: %v (backoff: %v)" !BADKEY="git pull failed: exit status 128\nerror: cannot pull with rebase: You have unstaged changes.\nerror: Please commit or stash them.\n" !BADKEY=30m0s
time=2026-02-22T22:45:25.719-07:00 level=INFO msg="Mutation detected: %s %s" create=rod-5ur
time=2026-02-22T22:45:26.221-07:00 level=INFO msg="Export triggered by mutation events"
time=2026-02-22T22:45:26.221-07:00 level=INFO msg="Starting %s..." !BADKEY=export
time=2026-02-22T22:45:26.225-07:00 level=INFO msg="Pre-export validation failed: %v" !BADKEY="refusing to export: JSONL content has changed since last import (import first to avoid data loss)"
time=2026-02-22T22:45:42.320-07:00 level=INFO msg="Mutation detected: %s %s" update=rod-j2p
time=2026-02-22T22:45:42.822-07:00 level=INFO msg="Export triggered by mutation events"
time=2026-02-22T22:45:42.822-07:00 level=INFO msg="Starting %s..." !BADKEY=export
time=2026-02-22T22:45:42.825-07:00 level=INFO msg="Pre-export validation failed: %v" !BADKEY="refusing to export: JSONL content has changed since last import (import first to avoid data loss)"
time=2026-02-22T22:45:54.204-07:00 level=INFO msg="JSONL removed/renamed, re-establishing watch"
time=2026-02-22T22:45:54.259-07:00 level=INFO msg="Successfully re-established JSONL watch after %v" !BADKEY=50ms
time=2026-02-22T22:45:54.259-07:00 level=INFO msg="JSONL file created: %s" !BADKEY=/Users/dominic/repos/github.com/dsisnero/rod/.beads/issues.jsonl
time=2026-02-22T22:45:55.261-07:00 level=INFO msg="Import triggered by file change"
time=2026-02-22T22:45:55.266-07:00 level=INFO msg="Skipping %s: in backoff period" !BADKEY=auto-import
time=2026-02-23T01:28:34.164-07:00 level=INFO msg="JSONL removed/renamed, re-establishing watch"
time=2026-02-23T01:28:34.216-07:00 level=INFO msg="Successfully re-established JSONL watch after %v" !BADKEY=50ms
time=2026-02-23T01:28:34.216-07:00 level=INFO msg="JSONL file created: %s" !BADKEY=/Users/dominic/repos/github.com/dsisnero/rod/.beads/issues.jsonl
time=2026-02-23T01:28:35.218-07:00 level=INFO msg="Import triggered by file change"
time=2026-02-23T01:28:35.219-07:00 level=INFO msg="Starting %s..." !BADKEY=auto-import
time=2026-02-23T01:28:35.225-07:00 level=INFO msg="Skipping %s: JSONL content unchanged" !BADKEY=auto-import
time=2026-02-23T01:36:06.060-07:00 level=INFO msg="Mutation detected: %s %s" create=rod-y7i
time=2026-02-23T01:36:06.562-07:00 level=INFO msg="Export triggered by mutation events"
time=2026-02-23T01:36:06.562-07:00 level=INFO msg="Starting %s..." !BADKEY=export
time=2026-02-23T01:36:06.566-07:00 level=INFO msg="Exported to JSONL"
time=2026-02-23T01:36:06.566-07:00 level=INFO msg="Export complete"
time=2026-02-23T01:36:06.567-07:00 level=INFO msg="JSONL removed/renamed, re-establishing watch"
time=2026-02-23T01:36:06.618-07:00 level=INFO msg="Successfully re-established JSONL watch after %v" !BADKEY=50ms
time=2026-02-23T01:36:06.618-07:00 level=INFO msg="JSONL file created: %s" !BADKEY=/Users/dominic/repos/github.com/dsisnero/rod/.beads/issues.jsonl
time=2026-02-23T01:36:07.619-07:00 level=INFO msg="Import triggered by file change"
time=2026-02-23T01:36:07.620-07:00 level=INFO msg="Starting %s..." !BADKEY=auto-import
time=2026-02-23T01:36:07.621-07:00 level=INFO msg="JSONL content changed, proceeding with %s..." !BADKEY=auto-import
time=2026-02-23T01:36:07.632-07:00 level=INFO msg="⚠️  WARNING: Uncommitted local changes detected in %s" !BADKEY=/Users/dominic/repos/github.com/dsisnero/rod/.beads/issues.jsonl
time=2026-02-23T01:36:07.633-07:00 level=INFO msg="   Pulling from remote may overwrite local unpushed changes."
time=2026-02-23T01:36:07.633-07:00 level=INFO msg="   Consider running 'bd sync' to commit and push your changes first."
time=2026-02-23T01:36:07.703-07:00 level=INFO msg="Pull failed: %v (backoff: %v)" !BADKEY="git pull failed: exit status 128\nerror: cannot pull with rebase: You have unstaged changes.\nerror: Please commit or stash them.\n" !BADKEY=30m0s
time=2026-02-23T01:36:18.076-07:00 level=INFO msg="Mutation detected: %s %s" create=rod-fhe
time=2026-02-23T01:36:18.576-07:00 level=INFO msg="Export triggered by mutation events"
time=2026-02-23T01:36:18.576-07:00 level=INFO msg="Starting %s..." !BADKEY=export
time=2026-02-23T01:36:18.576-07:00 level=INFO msg="Pre-export validation failed: %v" !BADKEY="refusing to export: JSONL content has changed since last import (import first to avoid data loss)"
time=2026-02-23T01:36:24.067-07:00 level=INFO msg="Mutation detected: %s %s" update=rod-y7i
time=2026-02-23T01:36:24.568-07:00 level=INFO msg="Export triggered by mutation events"
time=2026-02-23T01:36:24.568-07:00 level=INFO msg="Starting %s..." !BADKEY=export
time=2026-02-23T01:36:24.568-07:00 level=INFO msg="Pre-export validation failed: %v" !BADKEY="refusing to export: JSONL content has changed since last import (import first to avoid data loss)"
time=2026-02-23T01:36:30.871-07:00 level=INFO msg="Mutation detected: %s %s" create=rod-jkd
time=2026-02-23T01:36:31.372-07:00 level=INFO msg="Export triggered by mutation events"
time=2026-02-23T01:36:31.372-07:00 level=INFO msg="Starting %s..." !BADKEY=export
time=2026-02-23T01:36:31.372-07:00 level=INFO msg="Pre-export validation failed: %v" !BADKEY="refusing to export: JSONL content has changed since last import (import first to avoid data loss)"
time=2026-02-23T01:46:11.579-07:00 level=INFO msg="Mutation detected: %s %s" status=rod-y7i
time=2026-02-23T01:46:12.080-07:00 level=INFO msg="Export triggered by mutation events"
time=2026-02-23T01:46:12.080-07:00 level=INFO msg="Starting %s..." !BADKEY=export
time=2026-02-23T01:46:12.081-07:00 level=INFO msg="Pre-export validation failed: %v" !BADKEY="refusing to export: JSONL content has changed since last import (import first to avoid data loss)"
time=2026-02-23T01:46:36.225-07:00 level=INFO msg="Mutation detected: %s %s" status=rod-y7i
time=2026-02-23T01:46:36.726-07:00 level=INFO msg="Export triggered by mutation events"
time=2026-02-23T01:46:36.726-07:00 level=INFO msg="Starting %s..." !BADKEY=export
time=2026-02-23T01:46:36.726-07:00 level=INFO msg="Pre-export validation failed: %v" !BADKEY="refusing to export: JSONL content has changed since last import (import first to avoid data loss)"
time=2026-02-23T01:49:05.316-07:00 level=INFO msg="Mutation detected: %s %s" status=rod-fhe
time=2026-02-23T01:49:05.817-07:00 level=INFO msg="Export triggered by mutation events"
time=2026-02-23T01:49:05.817-07:00 level=INFO msg="Starting %s..." !BADKEY=export
time=2026-02-23T01:49:05.818-07:00 level=INFO msg="Pre-export validation failed: %v" !BADKEY="refusing to export: JSONL content has changed since last import (import first to avoid data loss)"
time=2026-02-23T01:54:58.723-07:00 level=INFO msg="Mutation detected: %s %s" status=rod-fhe
time=2026-02-23T01:54:59.225-07:00 level=INFO msg="Export triggered by mutation events"
time=2026-02-23T01:54:59.225-07:00 level=INFO msg="Starting %s..." !BADKEY=export
time=2026-02-23T01:54:59.226-07:00 level=INFO msg="Pre-export validation failed: %v" !BADKEY="refusing to export: JSONL content has changed since last import (import first to avoid data loss)"
time=2026-02-23T10:12:00.573-07:00 level=INFO msg="JSONL removed/renamed, re-establishing watch"
time=2026-02-23T10:12:00.625-07:00 level=INFO msg="Successfully re-established JSONL watch after %v" !BADKEY=50ms
time=2026-02-23T10:12:00.625-07:00 level=INFO msg="JSONL file created: %s" !BADKEY=/Users/dominic/repos/github.com/dsisnero/rod/.beads/issues.jsonl
time=2026-02-23T10:12:01.627-07:00 level=INFO msg="Import triggered by file change"
time=2026-02-23T10:12:01.627-07:00 level=INFO msg="Starting %s..." !BADKEY=auto-import
time=2026-02-23T10:12:01.631-07:00 level=INFO msg="Skipping %s: JSONL content unchanged" !BADKEY=auto-import
time=2026-02-23T10:12:04.837-07:00 level=INFO msg="JSONL removed/renamed, re-establishing watch"
time=2026-02-23T10:12:04.888-07:00 level=INFO msg="Successfully re-established JSONL watch after %v" !BADKEY=50ms
time=2026-02-23T10:12:04.888-07:00 level=INFO msg="JSONL file created: %s" !BADKEY=/Users/dominic/repos/github.com/dsisnero/rod/.beads/issues.jsonl
time=2026-02-23T10:12:05.889-07:00 level=INFO msg="Import triggered by file change"
time=2026-02-23T10:12:05.890-07:00 level=INFO msg="Starting %s..." !BADKEY=auto-import
time=2026-02-23T10:12:05.890-07:00 level=INFO msg="Skipping %s: JSONL content unchanged" !BADKEY=auto-import
time=2026-02-23T10:12:15.377-07:00 level=INFO msg="JSONL removed/renamed, re-establishing watch"
time=2026-02-23T10:12:15.428-07:00 level=INFO msg="Successfully re-established JSONL watch after %v" !BADKEY=50ms
time=2026-02-23T10:12:15.428-07:00 level=INFO msg="JSONL file created: %s" !BADKEY=/Users/dominic/repos/github.com/dsisnero/rod/.beads/issues.jsonl
time=2026-02-23T10:12:16.429-07:00 level=INFO msg="Import triggered by file change"
time=2026-02-23T10:12:16.430-07:00 level=INFO msg="Starting %s..." !BADKEY=auto-import
time=2026-02-23T10:12:16.433-07:00 level=INFO msg="Skipping %s: JSONL content unchanged" !BADKEY=auto-import
time=2026-02-23T11:47:47.865-07:00 level=INFO msg="Mutation detected: %s %s" status=rod-5ur
time=2026-02-23T11:47:48.366-07:00 level=INFO msg="Export triggered by mutation events"
time=2026-02-23T11:47:48.366-07:00 level=INFO msg="Starting %s..." !BADKEY=export
time=2026-02-23T11:47:48.372-07:00 level=INFO msg="Exported to JSONL"
time=2026-02-23T11:47:48.372-07:00 level=INFO msg="Export complete"
time=2026-02-23T11:47:48.372-07:00 level=INFO msg="JSONL removed/renamed, re-establishing watch"
time=2026-02-23T11:47:48.423-07:00 level=INFO msg="Successfully re-established JSONL watch after %v" !BADKEY=50ms
time=2026-02-23T11:47:48.423-07:00 level=INFO msg="JSONL file created: %s" !BADKEY=/Users/dominic/repos/github.com/dsisnero/rod/.beads/issues.jsonl
time=2026-02-23T11:47:49.425-07:00 level=INFO msg="Import triggered by file change"
time=2026-02-23T11:47:49.426-07:00 level=INFO msg="Starting %s..." !BADKEY=auto-import
time=2026-02-23T11:47:49.426-07:00 level=INFO msg="JSONL content changed, proceeding with %s..." !BADKEY=auto-import
time=2026-02-23T11:47:49.438-07:00 level=INFO msg="⚠️  WARNING: Uncommitted local changes detected in %s" !BADKEY=/Users/dominic/repos/github.com/dsisnero/rod/.beads/issues.jsonl
time=2026-02-23T11:47:49.438-07:00 level=INFO msg="   Pulling from remote may overwrite local unpushed changes."
time=2026-02-23T11:47:49.438-07:00 level=INFO msg="   Consider running 'bd sync' to commit and push your changes first."
time=2026-02-23T11:47:49.518-07:00 level=INFO msg="Pull failed: %v (backoff: %v)" !BADKEY="git pull failed: exit status 128\nerror: cannot pull with rebase: You have unstaged changes.\nerror: Please commit or stash them.\n" !BADKEY=30m0s
time=2026-02-23T11:51:48.480-07:00 level=INFO msg="Mutation detected: %s %s" status=rod-5ur
time=2026-02-23T11:51:48.510-07:00 level=INFO msg="Mutation detected: %s %s" status=rod-jkd
time=2026-02-23T11:51:49.012-07:00 level=INFO msg="Export triggered by mutation events"
time=2026-02-23T11:51:49.012-07:00 level=INFO msg="Starting %s..." !BADKEY=export
time=2026-02-23T11:51:49.013-07:00 level=INFO msg="Pre-export validation failed: %v" !BADKEY="refusing to export: JSONL content has changed since last import (import first to avoid data loss)"
time=2026-02-23T13:29:46.471-07:00 level=INFO msg="Mutation detected: %s %s" status=rod-edo
time=2026-02-23T13:29:46.971-07:00 level=INFO msg="Export triggered by mutation events"
time=2026-02-23T13:29:46.971-07:00 level=INFO msg="Starting %s..." !BADKEY=export
time=2026-02-23T13:29:46.972-07:00 level=INFO msg="Pre-export validation failed: %v" !BADKEY="refusing to export: JSONL content has changed since last import (import first to avoid data loss)"
time=2026-02-23T13:29:51.042-07:00 level=INFO msg="Mutation detected: %s %s" status=rod-d50
time=2026-02-23T13:29:51.543-07:00 level=INFO msg="Export triggered by mutation events"
time=2026-02-23T13:29:51.543-07:00 level=INFO msg="Starting %s..." !BADKEY=export
time=2026-02-23T13:29:51.544-07:00 level=INFO msg="Pre-export validation failed: %v" !BADKEY="refusing to export: JSONL content has changed since last import (import first to avoid data loss)"
time=2026-02-23T13:32:59.297-07:00 level=INFO msg="JSONL removed/renamed, re-establishing watch"
time=2026-02-23T13:32:59.349-07:00 level=INFO msg="Successfully re-established JSONL watch after %v" !BADKEY=50ms
time=2026-02-23T13:32:59.349-07:00 level=INFO msg="JSONL file created: %s" !BADKEY=/Users/dominic/repos/github.com/dsisnero/rod/.beads/issues.jsonl
time=2026-02-23T13:33:00.351-07:00 level=INFO msg="Import triggered by file change"
time=2026-02-23T13:33:00.352-07:00 level=INFO msg="Starting %s..." !BADKEY=auto-import
time=2026-02-23T13:33:00.358-07:00 level=INFO msg="Skipping %s: JSONL content unchanged" !BADKEY=auto-import
time=2026-02-23T13:33:03.717-07:00 level=INFO msg="JSONL removed/renamed, re-establishing watch"
time=2026-02-23T13:33:03.769-07:00 level=INFO msg="Successfully re-established JSONL watch after %v" !BADKEY=50ms
time=2026-02-23T13:33:03.769-07:00 level=INFO msg="JSONL file created: %s" !BADKEY=/Users/dominic/repos/github.com/dsisnero/rod/.beads/issues.jsonl
time=2026-02-23T13:33:04.771-07:00 level=INFO msg="Import triggered by file change"
time=2026-02-23T13:33:04.771-07:00 level=INFO msg="Starting %s..." !BADKEY=auto-import
time=2026-02-23T13:33:04.772-07:00 level=INFO msg="Skipping %s: JSONL content unchanged" !BADKEY=auto-import
time=2026-02-23T13:33:08.401-07:00 level=INFO msg="Git ref change detected: %s" !BADKEY=/Users/dominic/repos/github.com/dsisnero/rod/.git/refs/heads/main.lock
time=2026-02-23T13:33:09.403-07:00 level=INFO msg="Import triggered by file change"
time=2026-02-23T13:33:09.403-07:00 level=INFO msg="Starting %s..." !BADKEY=auto-import
time=2026-02-23T13:33:09.403-07:00 level=INFO msg="Skipping %s: JSONL content unchanged" !BADKEY=auto-import
time=2026-02-23T13:33:13.886-07:00 level=INFO msg="JSONL removed/renamed, re-establishing watch"
time=2026-02-23T13:33:13.937-07:00 level=INFO msg="Successfully re-established JSONL watch after %v" !BADKEY=50ms
time=2026-02-23T13:33:13.937-07:00 level=INFO msg="JSONL file created: %s" !BADKEY=/Users/dominic/repos/github.com/dsisnero/rod/.beads/issues.jsonl
time=2026-02-23T13:33:14.942-07:00 level=INFO msg="Import triggered by file change"
time=2026-02-23T13:33:14.942-07:00 level=INFO msg="Starting %s..." !BADKEY=auto-import
time=2026-02-23T13:33:14.945-07:00 level=INFO msg="Skipping %s: JSONL content unchanged" !BADKEY=auto-import
time=2026-02-23T13:38:23.173-07:00 level=INFO msg="Mutation detected: %s %s" status=rod-bpt
time=2026-02-23T13:38:23.674-07:00 level=INFO msg="Export triggered by mutation events"
time=2026-02-23T13:38:23.674-07:00 level=INFO msg="Starting %s..." !BADKEY=export
time=2026-02-23T13:38:23.682-07:00 level=INFO msg="Exported to JSONL"
time=2026-02-23T13:38:23.682-07:00 level=INFO msg="Export complete"
time=2026-02-23T13:38:23.682-07:00 level=INFO msg="JSONL removed/renamed, re-establishing watch"
time=2026-02-23T13:38:23.733-07:00 level=INFO msg="Successfully re-established JSONL watch after %v" !BADKEY=50ms
time=2026-02-23T13:38:23.733-07:00 level=INFO msg="JSONL file created: %s" !BADKEY=/Users/dominic/repos/github.com/dsisnero/rod/.beads/issues.jsonl
time=2026-02-23T13:38:24.735-07:00 level=INFO msg="Import triggered by file change"
time=2026-02-23T13:38:24.735-07:00 level=INFO msg="Starting %s..." !BADKEY=auto-import
time=2026-02-23T13:38:24.735-07:00 level=INFO msg="JSONL content changed, proceeding with %s..." !BADKEY=auto-import
time=2026-02-23T13:38:24.748-07:00 level=INFO msg="⚠️  WARNING: Uncommitted local changes detected in %s" !BADKEY=/Users/dominic/repos/github.com/dsisnero/rod/.beads/issues.jsonl
time=2026-02-23T13:38:24.748-07:00 level=INFO msg="   Pulling from remote may overwrite local unpushed changes."
time=2026-02-23T13:38:24.748-07:00 level=INFO msg="   Consider running 'bd sync' to commit and push your changes first."
time=2026-02-23T13:38:24.801-07:00 level=INFO msg="Pull failed: %v (backoff: %v)" !BADKEY="git pull failed: exit status 128\nerror: cannot pull with rebase: You have unstaged changes.\nerror: Please commit or stash them.\n" !BADKEY=30m0s
time=2026-02-23T13:53:26.705-07:00 level=INFO msg="Mutation detected: %s %s" status=rod-bpt
time=2026-02-23T13:53:27.207-07:00 level=INFO msg="Export triggered by mutation events"
time=2026-02-23T13:53:27.207-07:00 level=INFO msg="Starting %s..." !BADKEY=export
time=2026-02-23T13:53:27.207-07:00 level=INFO msg="Pre-export validation failed: %v" !BADKEY="refusing to export: JSONL content has changed since last import (import first to avoid data loss)"
time=2026-02-23T13:54:56.918-07:00 level=INFO msg="Git ref change detected: %s" !BADKEY=/Users/dominic/repos/github.com/dsisnero/rod/.git/refs/heads/main.lock
time=2026-02-23T13:54:57.920-07:00 level=INFO msg="Import triggered by file change"
time=2026-02-23T13:54:57.921-07:00 level=INFO msg="Skipping %s: in backoff period" !BADKEY=auto-import
time=2026-02-23T13:55:01.104-07:00 level=INFO msg="JSONL removed/renamed, re-establishing watch"
time=2026-02-23T13:55:01.155-07:00 level=INFO msg="Successfully re-established JSONL watch after %v" !BADKEY=50ms
time=2026-02-23T13:55:01.155-07:00 level=INFO msg="JSONL file created: %s" !BADKEY=/Users/dominic/repos/github.com/dsisnero/rod/.beads/issues.jsonl
time=2026-02-23T13:55:02.156-07:00 level=INFO msg="Import triggered by file change"
time=2026-02-23T13:55:02.157-07:00 level=INFO msg="Skipping %s: in backoff period" !BADKEY=auto-import
time=2026-02-23T13:55:23.997-07:00 level=INFO msg="Git ref change detected: %s" !BADKEY=/Users/dominic/repos/github.com/dsisnero/rod/.git/refs/heads/main.lock
time=2026-02-23T13:55:24.998-07:00 level=INFO msg="Import triggered by file change"
time=2026-02-23T13:55:24.998-07:00 level=INFO msg="Skipping %s: in backoff period" !BADKEY=auto-import
time=2026-02-23T13:55:33.530-07:00 level=INFO msg="JSONL removed/renamed, re-establishing watch"
time=2026-02-23T13:55:33.581-07:00 level=INFO msg="Successfully re-established JSONL watch after %v" !BADKEY=50ms
time=2026-02-23T13:55:33.581-07:00 level=INFO msg="JSONL file created: %s" !BADKEY=/Users/dominic/repos/github.com/dsisnero/rod/.beads/issues.jsonl
time=2026-02-23T13:55:34.585-07:00 level=INFO msg="Import triggered by file change"
time=2026-02-23T13:55:34.585-07:00 level=INFO msg="Skipping %s: in backoff period" !BADKEY=auto-import
time=2026-02-23T13:55:46.482-07:00 level=INFO msg="Mutation detected: %s %s" status=rod-edo
time=2026-02-23T13:55:46.485-07:00 level=INFO msg="Mutation detected: %s %s" status=rod-d50
time=2026-02-23T13:55:46.986-07:00 level=INFO msg="Export triggered by mutation events"
time=2026-02-23T13:55:46.986-07:00 level=INFO msg="Starting %s..." !BADKEY=export
time=2026-02-23T13:55:46.993-07:00 level=INFO msg="Exported to JSONL"
time=2026-02-23T13:55:46.993-07:00 level=INFO msg="Export complete"
time=2026-02-23T13:55:46.993-07:00 level=INFO msg="JSONL removed/renamed, re-establishing watch"
time=2026-02-23T13:55:47.044-07:00 level=INFO msg="Successfully re-established JSONL watch after %v" !BADKEY=50ms
time=2026-02-23T13:55:47.044-07:00 level=INFO msg="JSONL file created: %s" !BADKEY=/Users/dominic/repos/github.com/dsisnero/rod/.beads/issues.jsonl
time=2026-02-23T13:55:48.048-07:00 level=INFO msg="Import triggered by file change"
time=2026-02-23T13:55:48.048-07:00 level=INFO msg="Skipping %s: in backoff period" !BADKEY=auto-import
time=2026-02-23T13:56:00.898-07:00 level=INFO msg="Mutation detected: %s %s" status=rod-9eb
time=2026-02-23T13:56:01.400-07:00 level=INFO msg="Export triggered by mutation events"
time=2026-02-23T13:56:01.400-07:00 level=INFO msg="Starting %s..." !BADKEY=export
time=2026-02-23T13:56:01.400-07:00 level=INFO msg="Pre-export validation failed: %v" !BADKEY="refusing to export: JSONL content has changed since last import (import first to avoid data loss)"
time=2026-02-23T15:56:05.457-07:00 level=INFO msg="Git ref change detected: %s" !BADKEY=/Users/dominic/repos/github.com/dsisnero/rod/.git/refs/heads/main.lock
time=2026-02-23T15:56:06.459-07:00 level=INFO msg="Import triggered by file change"
time=2026-02-23T15:56:06.460-07:00 level=INFO msg="Starting %s..." !BADKEY=auto-import
time=2026-02-23T15:56:06.460-07:00 level=INFO msg="JSONL content changed, proceeding with %s..." !BADKEY=auto-import
time=2026-02-23T15:56:06.470-07:00 level=INFO msg="⚠️  WARNING: Uncommitted local changes detected in %s" !BADKEY=/Users/dominic/repos/github.com/dsisnero/rod/.beads/issues.jsonl
time=2026-02-23T15:56:06.470-07:00 level=INFO msg="   Pulling from remote may overwrite local unpushed changes."
time=2026-02-23T15:56:06.470-07:00 level=INFO msg="   Consider running 'bd sync' to commit and push your changes first."
time=2026-02-23T15:56:06.514-07:00 level=INFO msg="Pull failed: %v (backoff: %v)" !BADKEY="git pull failed: exit status 128\nerror: cannot pull with rebase: You have unstaged changes.\nerror: Please commit or stash them.\n" !BADKEY=30m0s
time=2026-02-23T15:56:09.835-07:00 level=INFO msg="Mutation detected: %s %s" status=rod-9eb
time=2026-02-23T15:56:10.336-07:00 level=INFO msg="Export triggered by mutation events"
time=2026-02-23T15:56:10.336-07:00 level=INFO msg="Starting %s..." !BADKEY=export
time=2026-02-23T15:56:10.337-07:00 level=INFO msg="Pre-export validation failed: %v" !BADKEY="refusing to export: JSONL content has changed since last import (import first to avoid data loss)"
time=2026-02-23T15:56:31.411-07:00 level=INFO msg="JSONL removed/renamed, re-establishing watch"
time=2026-02-23T15:56:31.462-07:00 level=INFO msg="Successfully re-established JSONL watch after %v" !BADKEY=50ms
time=2026-02-23T15:56:31.462-07:00 level=INFO msg="JSONL file created: %s" !BADKEY=/Users/dominic/repos/github.com/dsisnero/rod/.beads/issues.jsonl
time=2026-02-23T15:56:32.464-07:00 level=INFO msg="Import triggered by file change"
time=2026-02-23T15:56:32.465-07:00 level=INFO msg="Skipping %s: in backoff period" !BADKEY=auto-import
time=2026-02-23T15:56:35.329-07:00 level=INFO msg="JSONL removed/renamed, re-establishing watch"
time=2026-02-23T15:56:35.380-07:00 level=INFO msg="Successfully re-established JSONL watch after %v" !BADKEY=50ms
time=2026-02-23T15:56:35.380-07:00 level=INFO msg="JSONL file created: %s" !BADKEY=/Users/dominic/repos/github.com/dsisnero/rod/.beads/issues.jsonl
time=2026-02-23T15:56:36.382-07:00 level=INFO msg="Import triggered by file change"
time=2026-02-23T15:56:36.382-07:00 level=INFO msg="Skipping %s: in backoff period" !BADKEY=auto-import
time=2026-02-23T15:56:43.401-07:00 level=INFO msg="Git ref change detected: %s" !BADKEY=/Users/dominic/repos/github.com/dsisnero/rod/.git/refs/heads/main.lock
time=2026-02-23T15:56:44.402-07:00 level=INFO msg="Import triggered by file change"
time=2026-02-23T15:56:44.403-07:00 level=INFO msg="Skipping %s: in backoff period" !BADKEY=auto-import
time=2026-02-23T15:56:47.916-07:00 level=INFO msg="JSONL removed/renamed, re-establishing watch"
time=2026-02-23T15:56:47.968-07:00 level=INFO msg="Successfully re-established JSONL watch after %v" !BADKEY=50ms
time=2026-02-23T15:56:47.968-07:00 level=INFO msg="JSONL file created: %s" !BADKEY=/Users/dominic/repos/github.com/dsisnero/rod/.beads/issues.jsonl
time=2026-02-23T15:56:48.970-07:00 level=INFO msg="Import triggered by file change"
time=2026-02-23T15:56:48.970-07:00 level=INFO msg="Skipping %s: in backoff period" !BADKEY=auto-import
time=2026-02-23T15:56:58.731-07:00 level=INFO msg="Mutation detected: %s %s" create=rod-6o7
time=2026-02-23T15:56:59.233-07:00 level=INFO msg="Export triggered by mutation events"
time=2026-02-23T15:56:59.233-07:00 level=INFO msg="Starting %s..." !BADKEY=export
time=2026-02-23T15:56:59.240-07:00 level=INFO msg="Exported to JSONL"
time=2026-02-23T15:56:59.240-07:00 level=INFO msg="Export complete"
time=2026-02-23T15:56:59.240-07:00 level=INFO msg="JSONL removed/renamed, re-establishing watch"
time=2026-02-23T15:56:59.291-07:00 level=INFO msg="Successfully re-established JSONL watch after %v" !BADKEY=50ms
time=2026-02-23T15:56:59.291-07:00 level=INFO msg="JSONL file created: %s" !BADKEY=/Users/dominic/repos/github.com/dsisnero/rod/.beads/issues.jsonl
time=2026-02-23T15:57:00.293-07:00 level=INFO msg="Import triggered by file change"
time=2026-02-23T15:57:00.293-07:00 level=INFO msg="Skipping %s: in backoff period" !BADKEY=auto-import
time=2026-02-23T16:13:44.345-07:00 level=INFO msg="Mutation detected: %s %s" status=rod-6o7
time=2026-02-23T16:13:44.846-07:00 level=INFO msg="Export triggered by mutation events"
time=2026-02-23T16:13:44.846-07:00 level=INFO msg="Starting %s..." !BADKEY=export
time=2026-02-23T16:13:44.847-07:00 level=INFO msg="Pre-export validation failed: %v" !BADKEY="refusing to export: JSONL content has changed since last import (import first to avoid data loss)"
time=2026-02-23T16:16:59.926-07:00 level=INFO msg="Git ref change detected: %s" !BADKEY=/Users/dominic/repos/github.com/dsisnero/rod/.git/refs/heads/main.lock
time=2026-02-23T16:17:00.928-07:00 level=INFO msg="Import triggered by file change"
time=2026-02-23T16:17:00.928-07:00 level=INFO msg="Skipping %s: in backoff period" !BADKEY=auto-import
time=2026-02-23T16:17:10.384-07:00 level=INFO msg="Git ref change detected: %s" !BADKEY=/Users/dominic/repos/github.com/dsisnero/rod/.git/refs/heads/main.lock
time=2026-02-23T16:17:11.385-07:00 level=INFO msg="Import triggered by file change"
time=2026-02-23T16:17:11.385-07:00 level=INFO msg="Skipping %s: in backoff period" !BADKEY=auto-import
time=2026-02-23T16:17:20.062-07:00 level=INFO msg="JSONL removed/renamed, re-establishing watch"
time=2026-02-23T16:17:20.113-07:00 level=INFO msg="Successfully re-established JSONL watch after %v" !BADKEY=50ms
time=2026-02-23T16:17:20.113-07:00 level=INFO msg="JSONL file created: %s" !BADKEY=/Users/dominic/repos/github.com/dsisnero/rod/.beads/issues.jsonl
time=2026-02-23T16:17:21.115-07:00 level=INFO msg="Import triggered by file change"
time=2026-02-23T16:17:21.115-07:00 level=INFO msg="Skipping %s: in backoff period" !BADKEY=auto-import
time=2026-02-23T16:17:24.749-07:00 level=INFO msg="JSONL removed/renamed, re-establishing watch"
time=2026-02-23T16:17:24.799-07:00 level=INFO msg="Successfully re-established JSONL watch after %v" !BADKEY=50ms
time=2026-02-23T16:17:24.799-07:00 level=INFO msg="JSONL file created: %s" !BADKEY=/Users/dominic/repos/github.com/dsisnero/rod/.beads/issues.jsonl
time=2026-02-23T16:17:25.801-07:00 level=INFO msg="Import triggered by file change"
time=2026-02-23T16:17:25.801-07:00 level=INFO msg="Skipping %s: in backoff period" !BADKEY=auto-import
time=2026-02-23T16:17:34.500-07:00 level=INFO msg="JSONL removed/renamed, re-establishing watch"
time=2026-02-23T16:17:34.551-07:00 level=INFO msg="Successfully re-established JSONL watch after %v" !BADKEY=50ms
time=2026-02-23T16:17:34.551-07:00 level=INFO msg="JSONL file created: %s" !BADKEY=/Users/dominic/repos/github.com/dsisnero/rod/.beads/issues.jsonl
time=2026-02-23T16:17:35.553-07:00 level=INFO msg="Import triggered by file change"
time=2026-02-23T16:17:35.554-07:00 level=INFO msg="Skipping %s: in backoff period" !BADKEY=auto-import
time=2026-02-23T16:17:55.883-07:00 level=INFO msg="Mutation detected: %s %s" status=rod-6o7
time=2026-02-23T16:17:56.384-07:00 level=INFO msg="Export triggered by mutation events"
time=2026-02-23T16:17:56.384-07:00 level=INFO msg="Starting %s..." !BADKEY=export
time=2026-02-23T16:17:56.393-07:00 level=INFO msg="Exported to JSONL"
time=2026-02-23T16:17:56.393-07:00 level=INFO msg="Export complete"
time=2026-02-23T16:17:56.393-07:00 level=INFO msg="JSONL removed/renamed, re-establishing watch"
time=2026-02-23T16:17:56.444-07:00 level=INFO msg="Successfully re-established JSONL watch after %v" !BADKEY=50ms
time=2026-02-23T16:17:56.444-07:00 level=INFO msg="JSONL file created: %s" !BADKEY=/Users/dominic/repos/github.com/dsisnero/rod/.beads/issues.jsonl
time=2026-02-23T16:17:57.446-07:00 level=INFO msg="Import triggered by file change"
time=2026-02-23T16:17:57.447-07:00 level=INFO msg="Skipping %s: in backoff period" !BADKEY=auto-import
time=2026-02-23T16:18:02.136-07:00 level=INFO msg="Mutation detected: %s %s" create=rod-kot
time=2026-02-23T16:18:02.637-07:00 level=INFO msg="Export triggered by mutation events"
time=2026-02-23T16:18:02.637-07:00 level=INFO msg="Starting %s..." !BADKEY=export
time=2026-02-23T16:18:02.638-07:00 level=INFO msg="Pre-export validation failed: %v" !BADKEY="refusing to export: JSONL content has changed since last import (import first to avoid data loss)"
time=2026-02-23T19:50:36.413-07:00 level=INFO msg="Mutation detected: %s %s" status=rod-ane
time=2026-02-23T19:50:36.913-07:00 level=INFO msg="Export triggered by mutation events"
time=2026-02-23T19:50:36.914-07:00 level=INFO msg="Starting %s..." !BADKEY=export
time=2026-02-23T19:50:36.914-07:00 level=INFO msg="Pre-export validation failed: %v" !BADKEY="refusing to export: JSONL content has changed since last import (import first to avoid data loss)"
time=2026-02-23T20:41:08.867-07:00 level=INFO msg="Mutation detected: %s %s" update=rod-ane
time=2026-02-23T20:41:09.369-07:00 level=INFO msg="Export triggered by mutation events"
time=2026-02-23T20:41:09.369-07:00 level=INFO msg="Starting %s..." !BADKEY=export
time=2026-02-23T20:41:09.370-07:00 level=INFO msg="Pre-export validation failed: %v" !BADKEY="refusing to export: JSONL content has changed since last import (import first to avoid data loss)"
time=2026-02-23T20:58:11.637-07:00 level=INFO msg="Mutation detected: %s %s" status=rod-ane
time=2026-02-23T20:58:12.139-07:00 level=INFO msg="Export triggered by mutation events"
time=2026-02-23T20:58:12.139-07:00 level=INFO msg="Starting %s..." !BADKEY=export
time=2026-02-23T20:58:12.140-07:00 level=INFO msg="Pre-export validation failed: %v" !BADKEY="refusing to export: JSONL content has changed since last import (import first to avoid data loss)"
time=2026-02-23T20:58:18.825-07:00 level=INFO msg="JSONL removed/renamed, re-establishing watch"
time=2026-02-23T20:58:18.876-07:00 level=INFO msg="Successfully re-established JSONL watch after %v" !BADKEY=50ms
time=2026-02-23T20:58:18.876-07:00 level=INFO msg="JSONL file created: %s" !BADKEY=/Users/dominic/repos/github.com/dsisnero/rod/.beads/issues.jsonl
time=2026-02-23T20:58:19.878-07:00 level=INFO msg="Import triggered by file change"
time=2026-02-23T20:58:19.879-07:00 level=INFO msg="Starting %s..." !BADKEY=auto-import
time=2026-02-23T20:58:19.879-07:00 level=INFO msg="JSONL content changed, proceeding with %s..." !BADKEY=auto-import
time=2026-02-23T20:58:19.949-07:00 level=INFO msg="Pull failed: %v (backoff: %v)" !BADKEY="git pull failed: exit status 128\nerror: cannot pull with rebase: You have unstaged changes.\nerror: Please commit or stash them.\n" !BADKEY=30m0s
time=2026-02-23T20:58:24.140-07:00 level=INFO msg="JSONL removed/renamed, re-establishing watch"
time=2026-02-23T20:58:24.191-07:00 level=INFO msg="Successfully re-established JSONL watch after %v" !BADKEY=50ms
time=2026-02-23T20:58:24.191-07:00 level=INFO msg="JSONL file created: %s" !BADKEY=/Users/dominic/repos/github.com/dsisnero/rod/.beads/issues.jsonl
time=2026-02-23T20:58:25.194-07:00 level=INFO msg="Import triggered by file change"
time=2026-02-23T20:58:25.194-07:00 level=INFO msg="Skipping %s: in backoff period" !BADKEY=auto-import
time=2026-02-23T20:58:29.806-07:00 level=INFO msg="JSONL removed/renamed, re-establishing watch"
time=2026-02-23T20:58:29.857-07:00 level=INFO msg="Successfully re-established JSONL watch after %v" !BADKEY=50ms
time=2026-02-23T20:58:29.857-07:00 level=INFO msg="JSONL file created: %s" !BADKEY=/Users/dominic/repos/github.com/dsisnero/rod/.beads/issues.jsonl
time=2026-02-23T20:58:30.859-07:00 level=INFO msg="Import triggered by file change"
time=2026-02-23T20:58:30.860-07:00 level=INFO msg="Skipping %s: in backoff period" !BADKEY=auto-import
time=2026-02-23T21:26:56.165-07:00 level=INFO msg="Mutation detected: %s %s" status=rod-k1m
time=2026-02-23T21:26:56.666-07:00 level=INFO msg="Export triggered by mutation events"
time=2026-02-23T21:26:56.666-07:00 level=INFO msg="Starting %s..." !BADKEY=export
time=2026-02-23T21:26:56.671-07:00 level=INFO msg="Exported to JSONL"
time=2026-02-23T21:26:56.671-07:00 level=INFO msg="Export complete"
time=2026-02-23T21:26:56.672-07:00 level=INFO msg="JSONL removed/renamed, re-establishing watch"
time=2026-02-23T21:26:56.723-07:00 level=INFO msg="Successfully re-established JSONL watch after %v" !BADKEY=50ms
time=2026-02-23T21:26:56.723-07:00 level=INFO msg="JSONL file created: %s" !BADKEY=/Users/dominic/repos/github.com/dsisnero/rod/.beads/issues.jsonl
time=2026-02-23T21:26:57.724-07:00 level=INFO msg="Import triggered by file change"
time=2026-02-23T21:26:57.724-07:00 level=INFO msg="Skipping %s: in backoff period" !BADKEY=auto-import
time=2026-02-23T21:35:37.593-07:00 level=INFO msg="Mutation detected: %s %s" status=rod-k1m
time=2026-02-23T21:35:38.094-07:00 level=INFO msg="Export triggered by mutation events"
time=2026-02-23T21:35:38.094-07:00 level=INFO msg="Starting %s..." !BADKEY=export
time=2026-02-23T21:35:38.095-07:00 level=INFO msg="Pre-export validation failed: %v" !BADKEY="refusing to export: JSONL content has changed since last import (import first to avoid data loss)"
time=2026-02-23T21:36:01.233-07:00 level=INFO msg="JSONL removed/renamed, re-establishing watch"
time=2026-02-23T21:36:01.284-07:00 level=INFO msg="Successfully re-established JSONL watch after %v" !BADKEY=50ms
time=2026-02-23T21:36:01.284-07:00 level=INFO msg="JSONL file created: %s" !BADKEY=/Users/dominic/repos/github.com/dsisnero/rod/.beads/issues.jsonl
time=2026-02-23T21:36:01.328-07:00 level=INFO msg="Git ref change detected: %s" !BADKEY=/Users/dominic/repos/github.com/dsisnero/rod/.git/refs/heads/main.lock
time=2026-02-23T21:36:02.330-07:00 level=INFO msg="Import triggered by file change"
time=2026-02-23T21:36:02.330-07:00 level=INFO msg="Starting %s..." !BADKEY=auto-import
time=2026-02-23T21:36:02.330-07:00 level=INFO msg="JSONL content changed, proceeding with %s..." !BADKEY=auto-import
time=2026-02-23T21:36:02.808-07:00 level=INFO msg="Pulled from remote"
time=2026-02-23T21:36:02.813-07:00 level=INFO msg="Imported from JSONL"
time=2026-02-23T21:36:02.813-07:00 level=INFO msg="Auto-import complete"
time=2026-02-23T21:36:06.862-07:00 level=INFO msg="JSONL removed/renamed, re-establishing watch"
time=2026-02-23T21:36:06.913-07:00 level=INFO msg="Successfully re-established JSONL watch after %v" !BADKEY=50ms
time=2026-02-23T21:36:06.913-07:00 level=INFO msg="JSONL file created: %s" !BADKEY=/Users/dominic/repos/github.com/dsisnero/rod/.beads/issues.jsonl
time=2026-02-23T21:36:07.915-07:00 level=INFO msg="Import triggered by file change"
time=2026-02-23T21:36:07.915-07:00 level=INFO msg="Starting %s..." !BADKEY=auto-import
time=2026-02-23T21:36:07.918-07:00 level=INFO msg="Skipping %s: JSONL content unchanged" !BADKEY=auto-import
time=2026-02-23T21:36:11.527-07:00 level=INFO msg="JSONL removed/renamed, re-establishing watch"
time=2026-02-23T21:36:11.578-07:00 level=INFO msg="Successfully re-established JSONL watch after %v" !BADKEY=50ms
time=2026-02-23T21:36:11.578-07:00 level=INFO msg="JSONL file created: %s" !BADKEY=/Users/dominic/repos/github.com/dsisnero/rod/.beads/issues.jsonl
time=2026-02-23T21:36:12.580-07:00 level=INFO msg="Import triggered by file change"
time=2026-02-23T21:36:12.580-07:00 level=INFO msg="Starting %s..." !BADKEY=auto-import
time=2026-02-23T21:36:12.580-07:00 level=INFO msg="Skipping %s: JSONL content unchanged" !BADKEY=auto-import
time=2026-02-23T21:54:06.041-07:00 level=INFO msg="Mutation detected: %s %s" status=rod-4bs
time=2026-02-23T21:54:06.542-07:00 level=INFO msg="Export triggered by mutation events"
time=2026-02-23T21:54:06.542-07:00 level=INFO msg="Starting %s..." !BADKEY=export
time=2026-02-23T21:54:06.548-07:00 level=INFO msg="Exported to JSONL"
time=2026-02-23T21:54:06.548-07:00 level=INFO msg="Export complete"
time=2026-02-23T21:54:06.549-07:00 level=INFO msg="JSONL removed/renamed, re-establishing watch"
time=2026-02-23T21:54:06.602-07:00 level=INFO msg="Successfully re-established JSONL watch after %v" !BADKEY=50ms
time=2026-02-23T21:54:06.602-07:00 level=INFO msg="JSONL file created: %s" !BADKEY=/Users/dominic/repos/github.com/dsisnero/rod/.beads/issues.jsonl
time=2026-02-23T21:54:07.604-07:00 level=INFO msg="Import triggered by file change"
time=2026-02-23T21:54:07.605-07:00 level=INFO msg="Starting %s..." !BADKEY=auto-import
time=2026-02-23T21:54:07.605-07:00 level=INFO msg="JSONL content changed, proceeding with %s..." !BADKEY=auto-import
time=2026-02-23T21:54:07.616-07:00 level=INFO msg="⚠️  WARNING: Uncommitted local changes detected in %s" !BADKEY=/Users/dominic/repos/github.com/dsisnero/rod/.beads/issues.jsonl
time=2026-02-23T21:54:07.616-07:00 level=INFO msg="   Pulling from remote may overwrite local unpushed changes."
time=2026-02-23T21:54:07.616-07:00 level=INFO msg="   Consider running 'bd sync' to commit and push your changes first."
time=2026-02-23T21:54:07.666-07:00 level=INFO msg="Pull failed: %v (backoff: %v)" !BADKEY="git pull failed: exit status 128\nerror: cannot pull with rebase: You have unstaged changes.\nerror: Please commit or stash them.\n" !BADKEY=30s
time=2026-02-23T21:54:17.045-07:00 level=INFO msg="Mutation detected: %s %s" status=rod-4bs
time=2026-02-23T21:54:17.547-07:00 level=INFO msg="Export triggered by mutation events"
time=2026-02-23T21:54:17.547-07:00 level=INFO msg="Starting %s..." !BADKEY=export
time=2026-02-23T21:54:17.547-07:00 level=INFO msg="Pre-export validation failed: %v" !BADKEY="refusing to export: JSONL content has changed since last import (import first to avoid data loss)"
time=2026-02-23T22:24:29.096-07:00 level=INFO msg="JSONL removed/renamed, re-establishing watch"
time=2026-02-23T22:24:29.147-07:00 level=INFO msg="Successfully re-established JSONL watch after %v" !BADKEY=50ms
time=2026-02-23T22:24:29.147-07:00 level=INFO msg="JSONL file created: %s" !BADKEY=/Users/dominic/repos/github.com/dsisnero/rod/.beads/issues.jsonl
time=2026-02-23T22:24:29.204-07:00 level=INFO msg="Git ref change detected: %s" !BADKEY=/Users/dominic/repos/github.com/dsisnero/rod/.git/refs/heads/main.lock
time=2026-02-23T22:24:30.206-07:00 level=INFO msg="Import triggered by file change"
time=2026-02-23T22:24:30.206-07:00 level=INFO msg="Starting %s..." !BADKEY=auto-import
time=2026-02-23T22:24:30.206-07:00 level=INFO msg="JSONL content changed, proceeding with %s..." !BADKEY=auto-import
time=2026-02-23T22:24:30.255-07:00 level=INFO msg="Pull failed: %v (backoff: %v)" !BADKEY="git pull failed: exit status 128\nerror: cannot pull with rebase: You have unstaged changes.\nerror: Please commit or stash them.\n" !BADKEY=1m0s
time=2026-02-23T22:24:34.316-07:00 level=INFO msg="JSONL removed/renamed, re-establishing watch"
time=2026-02-23T22:24:34.366-07:00 level=INFO msg="Successfully re-established JSONL watch after %v" !BADKEY=50ms
time=2026-02-23T22:24:34.366-07:00 level=INFO msg="JSONL file created: %s" !BADKEY=/Users/dominic/repos/github.com/dsisnero/rod/.beads/issues.jsonl
time=2026-02-23T22:24:35.371-07:00 level=INFO msg="Import triggered by file change"
time=2026-02-23T22:24:35.372-07:00 level=INFO msg="Skipping %s: in backoff period" !BADKEY=auto-import
time=2026-02-23T22:28:44.950-07:00 level=INFO msg="Mutation detected: %s %s" status=rod-79w
time=2026-02-23T22:28:45.452-07:00 level=INFO msg="Export triggered by mutation events"
time=2026-02-23T22:28:45.452-07:00 level=INFO msg="Starting %s..." !BADKEY=export
time=2026-02-23T22:28:45.459-07:00 level=INFO msg="Exported to JSONL"
time=2026-02-23T22:28:45.459-07:00 level=INFO msg="Export complete"
time=2026-02-23T22:28:45.460-07:00 level=INFO msg="JSONL removed/renamed, re-establishing watch"
time=2026-02-23T22:28:45.512-07:00 level=INFO msg="Successfully re-established JSONL watch after %v" !BADKEY=50ms
time=2026-02-23T22:28:45.512-07:00 level=INFO msg="JSONL file created: %s" !BADKEY=/Users/dominic/repos/github.com/dsisnero/rod/.beads/issues.jsonl
time=2026-02-23T22:28:46.513-07:00 level=INFO msg="Import triggered by file change"
time=2026-02-23T22:28:46.513-07:00 level=INFO msg="Starting %s..." !BADKEY=auto-import
time=2026-02-23T22:28:46.514-07:00 level=INFO msg="JSONL content changed, proceeding with %s..." !BADKEY=auto-import
time=2026-02-23T22:28:46.527-07:00 level=INFO msg="⚠️  WARNING: Uncommitted local changes detected in %s" !BADKEY=/Users/dominic/repos/github.com/dsisnero/rod/.beads/issues.jsonl
time=2026-02-23T22:28:46.527-07:00 level=INFO msg="   Pulling from remote may overwrite local unpushed changes."
time=2026-02-23T22:28:46.527-07:00 level=INFO msg="   Consider running 'bd sync' to commit and push your changes first."
time=2026-02-23T22:28:46.573-07:00 level=INFO msg="Pull failed: %v (backoff: %v)" !BADKEY="git pull failed: exit status 128\nerror: cannot pull with rebase: You have unstaged changes.\nerror: Please commit or stash them.\n" !BADKEY=2m0s
time=2026-02-23T22:38:55.410-07:00 level=INFO msg="JSONL removed/renamed, re-establishing watch"
time=2026-02-23T22:38:55.461-07:00 level=INFO msg="Successfully re-established JSONL watch after %v" !BADKEY=50ms
time=2026-02-23T22:38:55.461-07:00 level=INFO msg="JSONL file created: %s" !BADKEY=/Users/dominic/repos/github.com/dsisnero/rod/.beads/issues.jsonl
time=2026-02-23T22:38:56.466-07:00 level=INFO msg="Import triggered by file change"
time=2026-02-23T22:38:56.467-07:00 level=INFO msg="Starting %s..." !BADKEY=auto-import
time=2026-02-23T22:38:56.468-07:00 level=INFO msg="Skipping %s: JSONL content unchanged" !BADKEY=auto-import
time=2026-02-23T22:39:00.412-07:00 level=INFO msg="Mutation detected: %s %s" status=rod-79w
time=2026-02-23T22:39:00.912-07:00 level=INFO msg="Export triggered by mutation events"
time=2026-02-23T22:39:00.912-07:00 level=INFO msg="Starting %s..." !BADKEY=export
time=2026-02-23T22:39:00.919-07:00 level=INFO msg="Exported to JSONL"
time=2026-02-23T22:39:00.919-07:00 level=INFO msg="Export complete"
time=2026-02-23T22:39:00.919-07:00 level=INFO msg="JSONL removed/renamed, re-establishing watch"
time=2026-02-23T22:39:00.970-07:00 level=INFO msg="Successfully re-established JSONL watch after %v" !BADKEY=50ms
time=2026-02-23T22:39:00.970-07:00 level=INFO msg="JSONL file created: %s" !BADKEY=/Users/dominic/repos/github.com/dsisnero/rod/.beads/issues.jsonl
time=2026-02-23T22:39:01.973-07:00 level=INFO msg="Import triggered by file change"
time=2026-02-23T22:39:01.973-07:00 level=INFO msg="Starting %s..." !BADKEY=auto-import
time=2026-02-23T22:39:01.973-07:00 level=INFO msg="JSONL content changed, proceeding with %s..." !BADKEY=auto-import
time=2026-02-23T22:39:01.984-07:00 level=INFO msg="⚠️  WARNING: Uncommitted local changes detected in %s" !BADKEY=/Users/dominic/repos/github.com/dsisnero/rod/.beads/issues.jsonl
time=2026-02-23T22:39:01.984-07:00 level=INFO msg="   Pulling from remote may overwrite local unpushed changes."
time=2026-02-23T22:39:01.984-07:00 level=INFO msg="   Consider running 'bd sync' to commit and push your changes first."
time=2026-02-23T22:39:02.042-07:00 level=INFO msg="Pull failed: %v (backoff: %v)" !BADKEY="git pull failed: exit status 128\nerror: cannot pull with rebase: You have unstaged changes.\nerror: Please commit or stash them.\n" !BADKEY=5m0s
time=2026-02-23T22:39:05.036-07:00 level=INFO msg="JSONL removed/renamed, re-establishing watch"
time=2026-02-23T22:39:05.087-07:00 level=INFO msg="Successfully re-established JSONL watch after %v" !BADKEY=50ms
time=2026-02-23T22:39:05.087-07:00 level=INFO msg="JSONL file created: %s" !BADKEY=/Users/dominic/repos/github.com/dsisnero/rod/.beads/issues.jsonl
time=2026-02-23T22:39:06.089-07:00 level=INFO msg="Import triggered by file change"
time=2026-02-23T22:39:06.089-07:00 level=INFO msg="Skipping %s: in backoff period" !BADKEY=auto-import
time=2026-02-23T22:39:09.621-07:00 level=INFO msg="JSONL removed/renamed, re-establishing watch"
time=2026-02-23T22:39:09.671-07:00 level=INFO msg="Successfully re-established JSONL watch after %v" !BADKEY=50ms
time=2026-02-23T22:39:09.671-07:00 level=INFO msg="JSONL file created: %s" !BADKEY=/Users/dominic/repos/github.com/dsisnero/rod/.beads/issues.jsonl
time=2026-02-23T22:39:10.673-07:00 level=INFO msg="Import triggered by file change"
time=2026-02-23T22:39:10.673-07:00 level=INFO msg="Skipping %s: in backoff period" !BADKEY=auto-import
time=2026-02-23T22:39:19.192-07:00 level=INFO msg="JSONL removed/renamed, re-establishing watch"
time=2026-02-23T22:39:19.244-07:00 level=INFO msg="Successfully re-established JSONL watch after %v" !BADKEY=50ms
time=2026-02-23T22:39:19.244-07:00 level=INFO msg="JSONL file created: %s" !BADKEY=/Users/dominic/repos/github.com/dsisnero/rod/.beads/issues.jsonl
time=2026-02-23T22:39:20.245-07:00 level=INFO msg="Import triggered by file change"
time=2026-02-23T22:39:20.245-07:00 level=INFO msg="Skipping %s: in backoff period" !BADKEY=auto-import
time=2026-02-23T22:39:24.139-07:00 level=INFO msg="JSONL removed/renamed, re-establishing watch"
time=2026-02-23T22:39:24.191-07:00 level=INFO msg="Successfully re-established JSONL watch after %v" !BADKEY=50ms
time=2026-02-23T22:39:24.191-07:00 level=INFO msg="JSONL file created: %s" !BADKEY=/Users/dominic/repos/github.com/dsisnero/rod/.beads/issues.jsonl
time=2026-02-23T22:39:25.192-07:00 level=INFO msg="Import triggered by file change"
time=2026-02-23T22:39:25.193-07:00 level=INFO msg="Skipping %s: in backoff period" !BADKEY=auto-import
time=2026-02-23T22:41:37.555-07:00 level=INFO msg="Mutation detected: %s %s" status=rod-1p6
time=2026-02-23T22:41:38.056-07:00 level=INFO msg="Export triggered by mutation events"
time=2026-02-23T22:41:38.056-07:00 level=INFO msg="Starting %s..." !BADKEY=export
time=2026-02-23T22:41:38.061-07:00 level=INFO msg="Exported to JSONL"
time=2026-02-23T22:41:38.061-07:00 level=INFO msg="Export complete"
time=2026-02-23T22:41:38.061-07:00 level=INFO msg="JSONL removed/renamed, re-establishing watch"
time=2026-02-23T22:41:38.112-07:00 level=INFO msg="Successfully re-established JSONL watch after %v" !BADKEY=50ms
time=2026-02-23T22:41:38.112-07:00 level=INFO msg="JSONL file created: %s" !BADKEY=/Users/dominic/repos/github.com/dsisnero/rod/.beads/issues.jsonl
time=2026-02-23T22:41:39.114-07:00 level=INFO msg="Import triggered by file change"
time=2026-02-23T22:41:39.115-07:00 level=INFO msg="Skipping %s: in backoff period" !BADKEY=auto-import
time=2026-02-24T10:28:55.737-07:00 level=INFO msg="JSONL removed/renamed, re-establishing watch"
time=2026-02-24T10:28:55.788-07:00 level=INFO msg="Successfully re-established JSONL watch after %v" !BADKEY=50ms
time=2026-02-24T10:28:55.788-07:00 level=INFO msg="JSONL file created: %s" !BADKEY=/Users/dominic/repos/github.com/dsisnero/rod/.beads/issues.jsonl
time=2026-02-24T10:28:56.792-07:00 level=INFO msg="Import triggered by file change"
time=2026-02-24T10:28:56.793-07:00 level=INFO msg="Starting %s..." !BADKEY=auto-import
time=2026-02-24T10:28:56.806-07:00 level=INFO msg="Skipping %s: JSONL content unchanged" !BADKEY=auto-import
time=2026-02-24T10:38:07.929-07:00 level=INFO msg="Mutation detected: %s %s" status=rod-1p6
time=2026-02-24T10:38:08.430-07:00 level=INFO msg="Export triggered by mutation events"
time=2026-02-24T10:38:08.430-07:00 level=INFO msg="Starting %s..." !BADKEY=export
time=2026-02-24T10:38:08.438-07:00 level=INFO msg="Exported to JSONL"
time=2026-02-24T10:38:08.438-07:00 level=INFO msg="Export complete"
time=2026-02-24T10:38:08.438-07:00 level=INFO msg="JSONL removed/renamed, re-establishing watch"
time=2026-02-24T10:38:08.490-07:00 level=INFO msg="Successfully re-established JSONL watch after %v" !BADKEY=50ms
time=2026-02-24T10:38:08.490-07:00 level=INFO msg="JSONL file created: %s" !BADKEY=/Users/dominic/repos/github.com/dsisnero/rod/.beads/issues.jsonl
time=2026-02-24T10:38:09.492-07:00 level=INFO msg="Import triggered by file change"
time=2026-02-24T10:38:09.492-07:00 level=INFO msg="Starting %s..." !BADKEY=auto-import
time=2026-02-24T10:38:09.493-07:00 level=INFO msg="JSONL content changed, proceeding with %s..." !BADKEY=auto-import
time=2026-02-24T10:38:09.508-07:00 level=INFO msg="⚠️  WARNING: Uncommitted local changes detected in %s" !BADKEY=/Users/dominic/repos/github.com/dsisnero/rod/.beads/issues.jsonl
time=2026-02-24T10:38:09.508-07:00 level=INFO msg="   Pulling from remote may overwrite local unpushed changes."
time=2026-02-24T10:38:09.508-07:00 level=INFO msg="   Consider running 'bd sync' to commit and push your changes first."
time=2026-02-24T10:38:09.556-07:00 level=INFO msg="Pull failed: %v (backoff: %v)" !BADKEY="git pull failed: exit status 128\nerror: cannot pull with rebase: You have unstaged changes.\nerror: Please commit or stash them.\n" !BADKEY=10m0s
time=2026-02-24T10:39:46.462-07:00 level=INFO msg="Mutation detected: %s %s" status=rod-pit
time=2026-02-24T10:39:46.963-07:00 level=INFO msg="Export triggered by mutation events"
time=2026-02-24T10:39:46.963-07:00 level=INFO msg="Starting %s..." !BADKEY=export
time=2026-02-24T10:39:46.964-07:00 level=INFO msg="Pre-export validation failed: %v" !BADKEY="refusing to export: JSONL content has changed since last import (import first to avoid data loss)"
time=2026-02-24T10:55:20.887-07:00 level=INFO msg="File change detected: %s" !BADKEY=/Users/dominic/repos/github.com/dsisnero/rod/.beads/issues.jsonl
time=2026-02-24T10:55:21.888-07:00 level=INFO msg="Import triggered by file change"
time=2026-02-24T10:55:21.888-07:00 level=INFO msg="Starting %s..." !BADKEY=auto-import
time=2026-02-24T10:55:21.889-07:00 level=INFO msg="JSONL content changed, proceeding with %s..." !BADKEY=auto-import
time=2026-02-24T10:55:21.900-07:00 level=INFO msg="⚠️  WARNING: Uncommitted local changes detected in %s" !BADKEY=/Users/dominic/repos/github.com/dsisnero/rod/.beads/issues.jsonl
time=2026-02-24T10:55:21.900-07:00 level=INFO msg="   Pulling from remote may overwrite local unpushed changes."
time=2026-02-24T10:55:21.900-07:00 level=INFO msg="   Consider running 'bd sync' to commit and push your changes first."
time=2026-02-24T10:55:21.962-07:00 level=INFO msg="Pull failed: %v (backoff: %v)" !BADKEY="git pull failed: exit status 128\nerror: cannot pull with rebase: You have unstaged changes.\nerror: Please commit or stash them.\n" !BADKEY=30m0s
time=2026-02-24T10:55:29.580-07:00 level=INFO msg="File change detected: %s" !BADKEY=/Users/dominic/repos/github.com/dsisnero/rod/.beads/issues.jsonl
time=2026-02-24T10:55:30.582-07:00 level=INFO msg="Import triggered by file change"
time=2026-02-24T10:55:30.582-07:00 level=INFO msg="Skipping %s: in backoff period" !BADKEY=auto-import
time=2026-02-24T10:55:40.172-07:00 level=INFO msg="File change detected: %s" !BADKEY=/Users/dominic/repos/github.com/dsisnero/rod/.beads/issues.jsonl
time=2026-02-24T10:55:41.174-07:00 level=INFO msg="Import triggered by file change"
time=2026-02-24T10:55:41.175-07:00 level=INFO msg="Skipping %s: in backoff period" !BADKEY=auto-import
time=2026-02-24T10:55:45.294-07:00 level=INFO msg="File change detected: %s" !BADKEY=/Users/dominic/repos/github.com/dsisnero/rod/.beads/issues.jsonl
time=2026-02-24T10:55:46.297-07:00 level=INFO msg="Import triggered by file change"
time=2026-02-24T10:55:46.297-07:00 level=INFO msg="Skipping %s: in backoff period" !BADKEY=auto-import
time=2026-02-24T10:55:50.819-07:00 level=INFO msg="File change detected: %s" !BADKEY=/Users/dominic/repos/github.com/dsisnero/rod/.beads/issues.jsonl
time=2026-02-24T10:55:51.820-07:00 level=INFO msg="Import triggered by file change"
time=2026-02-24T10:55:51.820-07:00 level=INFO msg="Skipping %s: in backoff period" !BADKEY=auto-import
time=2026-02-24T10:55:56.163-07:00 level=INFO msg="File change detected: %s" !BADKEY=/Users/dominic/repos/github.com/dsisnero/rod/.beads/issues.jsonl
time=2026-02-24T10:55:57.164-07:00 level=INFO msg="Import triggered by file change"
time=2026-02-24T10:55:57.164-07:00 level=INFO msg="Skipping %s: in backoff period" !BADKEY=auto-import
time=2026-02-24T10:56:00.945-07:00 level=INFO msg="File change detected: %s" !BADKEY=/Users/dominic/repos/github.com/dsisnero/rod/.beads/issues.jsonl
time=2026-02-24T10:56:01.948-07:00 level=INFO msg="Import triggered by file change"
time=2026-02-24T10:56:01.948-07:00 level=INFO msg="Skipping %s: in backoff period" !BADKEY=auto-import
time=2026-02-24T10:56:07.740-07:00 level=INFO msg="File change detected: %s" !BADKEY=/Users/dominic/repos/github.com/dsisnero/rod/.beads/issues.jsonl
time=2026-02-24T10:56:08.742-07:00 level=INFO msg="Import triggered by file change"
time=2026-02-24T10:56:08.742-07:00 level=INFO msg="Skipping %s: in backoff period" !BADKEY=auto-import
time=2026-02-24T10:56:12.535-07:00 level=INFO msg="File change detected: %s" !BADKEY=/Users/dominic/repos/github.com/dsisnero/rod/.beads/issues.jsonl
time=2026-02-24T10:56:13.536-07:00 level=INFO msg="Import triggered by file change"
time=2026-02-24T10:56:13.537-07:00 level=INFO msg="Skipping %s: in backoff period" !BADKEY=auto-import
time=2026-02-24T10:56:17.150-07:00 level=INFO msg="File change detected: %s" !BADKEY=/Users/dominic/repos/github.com/dsisnero/rod/.beads/issues.jsonl
time=2026-02-24T10:56:18.153-07:00 level=INFO msg="Import triggered by file change"
time=2026-02-24T10:56:18.153-07:00 level=INFO msg="Skipping %s: in backoff period" !BADKEY=auto-import
time=2026-02-24T10:56:23.006-07:00 level=INFO msg="File change detected: %s" !BADKEY=/Users/dominic/repos/github.com/dsisnero/rod/.beads/issues.jsonl
time=2026-02-24T10:56:24.007-07:00 level=INFO msg="Import triggered by file change"
time=2026-02-24T10:56:24.008-07:00 level=INFO msg="Skipping %s: in backoff period" !BADKEY=auto-import
time=2026-02-24T10:56:27.909-07:00 level=INFO msg="File change detected: %s" !BADKEY=/Users/dominic/repos/github.com/dsisnero/rod/.beads/issues.jsonl
time=2026-02-24T10:56:28.912-07:00 level=INFO msg="Import triggered by file change"
time=2026-02-24T10:56:28.912-07:00 level=INFO msg="Skipping %s: in backoff period" !BADKEY=auto-import
time=2026-02-24T10:56:33.239-07:00 level=INFO msg="File change detected: %s" !BADKEY=/Users/dominic/repos/github.com/dsisnero/rod/.beads/issues.jsonl
time=2026-02-24T10:56:34.241-07:00 level=INFO msg="Import triggered by file change"
time=2026-02-24T10:56:34.241-07:00 level=INFO msg="Skipping %s: in backoff period" !BADKEY=auto-import
time=2026-02-24T10:56:39.119-07:00 level=INFO msg="File change detected: %s" !BADKEY=/Users/dominic/repos/github.com/dsisnero/rod/.beads/issues.jsonl
time=2026-02-24T10:56:40.121-07:00 level=INFO msg="Import triggered by file change"
time=2026-02-24T10:56:40.121-07:00 level=INFO msg="Skipping %s: in backoff period" !BADKEY=auto-import
time=2026-02-24T10:56:43.810-07:00 level=INFO msg="File change detected: %s" !BADKEY=/Users/dominic/repos/github.com/dsisnero/rod/.beads/issues.jsonl
time=2026-02-24T10:56:44.811-07:00 level=INFO msg="Import triggered by file change"
time=2026-02-24T10:56:44.811-07:00 level=INFO msg="Skipping %s: in backoff period" !BADKEY=auto-import
time=2026-02-24T10:56:49.424-07:00 level=INFO msg="File change detected: %s" !BADKEY=/Users/dominic/repos/github.com/dsisnero/rod/.beads/issues.jsonl
time=2026-02-24T10:56:50.426-07:00 level=INFO msg="Import triggered by file change"
time=2026-02-24T10:56:50.426-07:00 level=INFO msg="Skipping %s: in backoff period" !BADKEY=auto-import
time=2026-02-24T10:56:54.271-07:00 level=INFO msg="File change detected: %s" !BADKEY=/Users/dominic/repos/github.com/dsisnero/rod/.beads/issues.jsonl
time=2026-02-24T10:56:55.273-07:00 level=INFO msg="Import triggered by file change"
time=2026-02-24T10:56:55.273-07:00 level=INFO msg="Skipping %s: in backoff period" !BADKEY=auto-import
time=2026-02-24T10:57:00.423-07:00 level=INFO msg="File change detected: %s" !BADKEY=/Users/dominic/repos/github.com/dsisnero/rod/.beads/issues.jsonl
time=2026-02-24T10:57:01.426-07:00 level=INFO msg="Import triggered by file change"
time=2026-02-24T10:57:01.426-07:00 level=INFO msg="Skipping %s: in backoff period" !BADKEY=auto-import
time=2026-02-24T10:57:05.362-07:00 level=INFO msg="File change detected: %s" !BADKEY=/Users/dominic/repos/github.com/dsisnero/rod/.beads/issues.jsonl
time=2026-02-24T10:57:06.363-07:00 level=INFO msg="Import triggered by file change"
time=2026-02-24T10:57:06.363-07:00 level=INFO msg="Skipping %s: in backoff period" !BADKEY=auto-import
time=2026-02-24T10:57:14.428-07:00 level=INFO msg="File change detected: %s" !BADKEY=/Users/dominic/repos/github.com/dsisnero/rod/.beads/issues.jsonl
time=2026-02-24T10:57:15.429-07:00 level=INFO msg="Import triggered by file change"
time=2026-02-24T10:57:15.430-07:00 level=INFO msg="Skipping %s: in backoff period" !BADKEY=auto-import
time=2026-02-24T10:57:20.162-07:00 level=INFO msg="File change detected: %s" !BADKEY=/Users/dominic/repos/github.com/dsisnero/rod/.beads/issues.jsonl
time=2026-02-24T10:57:21.163-07:00 level=INFO msg="Import triggered by file change"
time=2026-02-24T10:57:21.164-07:00 level=INFO msg="Skipping %s: in backoff period" !BADKEY=auto-import
time=2026-02-24T10:57:25.419-07:00 level=INFO msg="File change detected: %s" !BADKEY=/Users/dominic/repos/github.com/dsisnero/rod/.beads/issues.jsonl
time=2026-02-24T10:57:26.421-07:00 level=INFO msg="Import triggered by file change"
time=2026-02-24T10:57:26.421-07:00 level=INFO msg="Skipping %s: in backoff period" !BADKEY=auto-import
time=2026-02-24T10:57:31.122-07:00 level=INFO msg="File change detected: %s" !BADKEY=/Users/dominic/repos/github.com/dsisnero/rod/.beads/issues.jsonl
time=2026-02-24T10:57:32.124-07:00 level=INFO msg="Import triggered by file change"
time=2026-02-24T10:57:32.124-07:00 level=INFO msg="Skipping %s: in backoff period" !BADKEY=auto-import
time=2026-02-24T10:57:36.353-07:00 level=INFO msg="File change detected: %s" !BADKEY=/Users/dominic/repos/github.com/dsisnero/rod/.beads/issues.jsonl
time=2026-02-24T10:57:37.355-07:00 level=INFO msg="Import triggered by file change"
time=2026-02-24T10:57:37.355-07:00 level=INFO msg="Skipping %s: in backoff period" !BADKEY=auto-import
time=2026-02-24T10:57:42.008-07:00 level=INFO msg="File change detected: %s" !BADKEY=/Users/dominic/repos/github.com/dsisnero/rod/.beads/issues.jsonl
time=2026-02-24T10:57:43.010-07:00 level=INFO msg="Import triggered by file change"
time=2026-02-24T10:57:43.010-07:00 level=INFO msg="Skipping %s: in backoff period" !BADKEY=auto-import
time=2026-02-24T10:57:47.891-07:00 level=INFO msg="File change detected: %s" !BADKEY=/Users/dominic/repos/github.com/dsisnero/rod/.beads/issues.jsonl
time=2026-02-24T10:57:48.897-07:00 level=INFO msg="Import triggered by file change"
time=2026-02-24T10:57:48.897-07:00 level=INFO msg="Skipping %s: in backoff period" !BADKEY=auto-import
time=2026-02-24T10:57:58.496-07:00 level=INFO msg="File change detected: %s" !BADKEY=/Users/dominic/repos/github.com/dsisnero/rod/.beads/issues.jsonl
time=2026-02-24T10:57:59.498-07:00 level=INFO msg="Import triggered by file change"
time=2026-02-24T10:57:59.498-07:00 level=INFO msg="Skipping %s: in backoff period" !BADKEY=auto-import
time=2026-02-24T10:58:05.998-07:00 level=INFO msg="File change detected: %s" !BADKEY=/Users/dominic/repos/github.com/dsisnero/rod/.beads/issues.jsonl
time=2026-02-24T10:58:07.000-07:00 level=INFO msg="Import triggered by file change"
time=2026-02-24T10:58:07.000-07:00 level=INFO msg="Skipping %s: in backoff period" !BADKEY=auto-import
time=2026-02-24T10:58:14.594-07:00 level=INFO msg="File change detected: %s" !BADKEY=/Users/dominic/repos/github.com/dsisnero/rod/.beads/issues.jsonl
time=2026-02-24T10:58:15.597-07:00 level=INFO msg="Import triggered by file change"
time=2026-02-24T10:58:15.597-07:00 level=INFO msg="Skipping %s: in backoff period" !BADKEY=auto-import
time=2026-02-24T10:58:19.949-07:00 level=INFO msg="File change detected: %s" !BADKEY=/Users/dominic/repos/github.com/dsisnero/rod/.beads/issues.jsonl
time=2026-02-24T10:58:20.951-07:00 level=INFO msg="Import triggered by file change"
time=2026-02-24T10:58:20.951-07:00 level=INFO msg="Skipping %s: in backoff period" !BADKEY=auto-import
time=2026-02-24T10:58:25.029-07:00 level=INFO msg="File change detected: %s" !BADKEY=/Users/dominic/repos/github.com/dsisnero/rod/.beads/issues.jsonl
time=2026-02-24T10:58:26.031-07:00 level=INFO msg="Import triggered by file change"
time=2026-02-24T10:58:26.031-07:00 level=INFO msg="Skipping %s: in backoff period" !BADKEY=auto-import
time=2026-02-24T10:58:30.163-07:00 level=INFO msg="File change detected: %s" !BADKEY=/Users/dominic/repos/github.com/dsisnero/rod/.beads/issues.jsonl
time=2026-02-24T10:58:31.165-07:00 level=INFO msg="Import triggered by file change"
time=2026-02-24T10:58:31.165-07:00 level=INFO msg="Skipping %s: in backoff period" !BADKEY=auto-import
time=2026-02-24T10:58:42.914-07:00 level=INFO msg="File change detected: %s" !BADKEY=/Users/dominic/repos/github.com/dsisnero/rod/.beads/issues.jsonl
time=2026-02-24T10:58:43.916-07:00 level=INFO msg="Import triggered by file change"
time=2026-02-24T10:58:43.917-07:00 level=INFO msg="Skipping %s: in backoff period" !BADKEY=auto-import
time=2026-02-24T10:58:50.893-07:00 level=INFO msg="File change detected: %s" !BADKEY=/Users/dominic/repos/github.com/dsisnero/rod/.beads/issues.jsonl
time=2026-02-24T10:58:51.895-07:00 level=INFO msg="Import triggered by file change"
time=2026-02-24T10:58:51.895-07:00 level=INFO msg="Skipping %s: in backoff period" !BADKEY=auto-import
time=2026-02-24T10:59:04.209-07:00 level=INFO msg="File change detected: %s" !BADKEY=/Users/dominic/repos/github.com/dsisnero/rod/.beads/issues.jsonl
time=2026-02-24T10:59:05.211-07:00 level=INFO msg="Import triggered by file change"
time=2026-02-24T10:59:05.212-07:00 level=INFO msg="Skipping %s: in backoff period" !BADKEY=auto-import
time=2026-02-24T10:59:11.492-07:00 level=INFO msg="File change detected: %s" !BADKEY=/Users/dominic/repos/github.com/dsisnero/rod/.beads/issues.jsonl
time=2026-02-24T10:59:12.496-07:00 level=INFO msg="Import triggered by file change"
time=2026-02-24T10:59:12.496-07:00 level=INFO msg="Skipping %s: in backoff period" !BADKEY=auto-import
time=2026-02-24T10:59:17.188-07:00 level=INFO msg="File change detected: %s" !BADKEY=/Users/dominic/repos/github.com/dsisnero/rod/.beads/issues.jsonl
time=2026-02-24T10:59:18.190-07:00 level=INFO msg="Import triggered by file change"
time=2026-02-24T10:59:18.190-07:00 level=INFO msg="Skipping %s: in backoff period" !BADKEY=auto-import
time=2026-02-24T10:59:22.241-07:00 level=INFO msg="File change detected: %s" !BADKEY=/Users/dominic/repos/github.com/dsisnero/rod/.beads/issues.jsonl
time=2026-02-24T10:59:23.244-07:00 level=INFO msg="Import triggered by file change"
time=2026-02-24T10:59:23.244-07:00 level=INFO msg="Skipping %s: in backoff period" !BADKEY=auto-import
time=2026-02-24T10:59:31.713-07:00 level=INFO msg="File change detected: %s" !BADKEY=/Users/dominic/repos/github.com/dsisnero/rod/.beads/issues.jsonl
time=2026-02-24T10:59:32.717-07:00 level=INFO msg="Import triggered by file change"
time=2026-02-24T10:59:32.717-07:00 level=INFO msg="Skipping %s: in backoff period" !BADKEY=auto-import
time=2026-02-24T10:59:42.829-07:00 level=INFO msg="File change detected: %s" !BADKEY=/Users/dominic/repos/github.com/dsisnero/rod/.beads/issues.jsonl
time=2026-02-24T10:59:43.830-07:00 level=INFO msg="Import triggered by file change"
time=2026-02-24T10:59:43.830-07:00 level=INFO msg="Skipping %s: in backoff period" !BADKEY=auto-import
time=2026-02-24T10:59:48.347-07:00 level=INFO msg="File change detected: %s" !BADKEY=/Users/dominic/repos/github.com/dsisnero/rod/.beads/issues.jsonl
time=2026-02-24T10:59:49.348-07:00 level=INFO msg="Import triggered by file change"
time=2026-02-24T10:59:49.348-07:00 level=INFO msg="Skipping %s: in backoff period" !BADKEY=auto-import
time=2026-02-24T10:59:50.100-07:00 level=INFO msg="File change detected: %s" !BADKEY=/Users/dominic/repos/github.com/dsisnero/rod/.beads/issues.jsonl
time=2026-02-24T10:59:51.103-07:00 level=INFO msg="Import triggered by file change"
time=2026-02-24T10:59:51.103-07:00 level=INFO msg="Skipping %s: in backoff period" !BADKEY=auto-import
time=2026-02-24T10:59:51.722-07:00 level=INFO msg="JSONL removed/renamed, re-establishing watch"
time=2026-02-24T10:59:51.773-07:00 level=INFO msg="Successfully re-established JSONL watch after %v" !BADKEY=50ms
time=2026-02-24T10:59:51.773-07:00 level=INFO msg="JSONL file created: %s" !BADKEY=/Users/dominic/repos/github.com/dsisnero/rod/.beads/issues.jsonl
time=2026-02-24T10:59:52.775-07:00 level=INFO msg="Import triggered by file change"
time=2026-02-24T10:59:52.775-07:00 level=INFO msg="Skipping %s: in backoff period" !BADKEY=auto-import
time=2026-02-24T10:59:53.554-07:00 level=INFO msg="File change detected: %s" !BADKEY=/Users/dominic/repos/github.com/dsisnero/rod/.beads/issues.jsonl
time=2026-02-24T10:59:54.556-07:00 level=INFO msg="Import triggered by file change"
time=2026-02-24T10:59:54.556-07:00 level=INFO msg="Skipping %s: in backoff period" !BADKEY=auto-import
time=2026-02-24T11:00:07.100-07:00 level=INFO msg="File change detected: %s" !BADKEY=/Users/dominic/repos/github.com/dsisnero/rod/.beads/issues.jsonl
time=2026-02-24T11:00:08.102-07:00 level=INFO msg="Import triggered by file change"
time=2026-02-24T11:00:08.102-07:00 level=INFO msg="Skipping %s: in backoff period" !BADKEY=auto-import
time=2026-02-24T11:00:14.310-07:00 level=INFO msg="File change detected: %s" !BADKEY=/Users/dominic/repos/github.com/dsisnero/rod/.beads/issues.jsonl
time=2026-02-24T11:00:15.652-07:00 level=INFO msg="Import triggered by file change"
time=2026-02-24T11:00:15.653-07:00 level=INFO msg="Skipping %s: in backoff period" !BADKEY=auto-import
time=2026-02-24T11:00:24.247-07:00 level=INFO msg="File change detected: %s" !BADKEY=/Users/dominic/repos/github.com/dsisnero/rod/.beads/issues.jsonl
time=2026-02-24T11:00:25.249-07:00 level=INFO msg="Import triggered by file change"
time=2026-02-24T11:00:25.249-07:00 level=INFO msg="Skipping %s: in backoff period" !BADKEY=auto-import
time=2026-02-24T11:00:32.041-07:00 level=INFO msg="File change detected: %s" !BADKEY=/Users/dominic/repos/github.com/dsisnero/rod/.beads/issues.jsonl
time=2026-02-24T11:00:33.043-07:00 level=INFO msg="Import triggered by file change"
time=2026-02-24T11:00:33.043-07:00 level=INFO msg="Skipping %s: in backoff period" !BADKEY=auto-import
time=2026-02-24T11:00:43.757-07:00 level=INFO msg="File change detected: %s" !BADKEY=/Users/dominic/repos/github.com/dsisnero/rod/.beads/issues.jsonl
time=2026-02-24T11:00:44.759-07:00 level=INFO msg="Import triggered by file change"
time=2026-02-24T11:00:44.759-07:00 level=INFO msg="Skipping %s: in backoff period" !BADKEY=auto-import
time=2026-02-24T11:00:54.034-07:00 level=INFO msg="File change detected: %s" !BADKEY=/Users/dominic/repos/github.com/dsisnero/rod/.beads/issues.jsonl
time=2026-02-24T11:00:55.036-07:00 level=INFO msg="Import triggered by file change"
time=2026-02-24T11:00:55.036-07:00 level=INFO msg="Skipping %s: in backoff period" !BADKEY=auto-import
time=2026-02-24T11:01:02.929-07:00 level=INFO msg="File change detected: %s" !BADKEY=/Users/dominic/repos/github.com/dsisnero/rod/.beads/issues.jsonl
time=2026-02-24T11:01:03.930-07:00 level=INFO msg="Import triggered by file change"
time=2026-02-24T11:01:03.930-07:00 level=INFO msg="Skipping %s: in backoff period" !BADKEY=auto-import
time=2026-02-24T11:01:11.609-07:00 level=INFO msg="File change detected: %s" !BADKEY=/Users/dominic/repos/github.com/dsisnero/rod/.beads/issues.jsonl
time=2026-02-24T11:01:12.611-07:00 level=INFO msg="Import triggered by file change"
time=2026-02-24T11:01:12.611-07:00 level=INFO msg="Skipping %s: in backoff period" !BADKEY=auto-import
time=2026-02-24T11:01:21.789-07:00 level=INFO msg="File change detected: %s" !BADKEY=/Users/dominic/repos/github.com/dsisnero/rod/.beads/issues.jsonl
time=2026-02-24T11:01:23.229-07:00 level=INFO msg="Import triggered by file change"
time=2026-02-24T11:01:23.229-07:00 level=INFO msg="Skipping %s: in backoff period" !BADKEY=auto-import
time=2026-02-24T11:01:23.579-07:00 level=INFO msg="File change detected: %s" !BADKEY=/Users/dominic/repos/github.com/dsisnero/rod/.beads/issues.jsonl
time=2026-02-24T11:01:24.582-07:00 level=INFO msg="Import triggered by file change"
time=2026-02-24T11:01:24.582-07:00 level=INFO msg="Skipping %s: in backoff period" !BADKEY=auto-import
time=2026-02-24T11:01:31.947-07:00 level=INFO msg="File change detected: %s" !BADKEY=/Users/dominic/repos/github.com/dsisnero/rod/.beads/issues.jsonl
time=2026-02-24T11:01:32.949-07:00 level=INFO msg="Import triggered by file change"
time=2026-02-24T11:01:32.949-07:00 level=INFO msg="Skipping %s: in backoff period" !BADKEY=auto-import
time=2026-02-24T11:01:37.776-07:00 level=INFO msg="File change detected: %s" !BADKEY=/Users/dominic/repos/github.com/dsisnero/rod/.beads/issues.jsonl
time=2026-02-24T11:01:38.777-07:00 level=INFO msg="Import triggered by file change"
time=2026-02-24T11:01:38.777-07:00 level=INFO msg="Skipping %s: in backoff period" !BADKEY=auto-import
time=2026-02-24T11:01:48.219-07:00 level=INFO msg="File change detected: %s" !BADKEY=/Users/dominic/repos/github.com/dsisnero/rod/.beads/issues.jsonl
time=2026-02-24T11:01:49.221-07:00 level=INFO msg="Import triggered by file change"
time=2026-02-24T11:01:49.221-07:00 level=INFO msg="Skipping %s: in backoff period" !BADKEY=auto-import
time=2026-02-24T11:01:55.233-07:00 level=INFO msg="File change detected: %s" !BADKEY=/Users/dominic/repos/github.com/dsisnero/rod/.beads/issues.jsonl
time=2026-02-24T11:01:56.235-07:00 level=INFO msg="Import triggered by file change"
time=2026-02-24T11:01:56.236-07:00 level=INFO msg="Skipping %s: in backoff period" !BADKEY=auto-import
time=2026-02-24T11:02:06.794-07:00 level=INFO msg="File change detected: %s" !BADKEY=/Users/dominic/repos/github.com/dsisnero/rod/.beads/issues.jsonl
time=2026-02-24T11:02:07.796-07:00 level=INFO msg="Import triggered by file change"
time=2026-02-24T11:02:07.796-07:00 level=INFO msg="Skipping %s: in backoff period" !BADKEY=auto-import
time=2026-02-24T11:02:20.041-07:00 level=INFO msg="File change detected: %s" !BADKEY=/Users/dominic/repos/github.com/dsisnero/rod/.beads/issues.jsonl
time=2026-02-24T11:02:21.043-07:00 level=INFO msg="Import triggered by file change"
time=2026-02-24T11:02:21.043-07:00 level=INFO msg="Skipping %s: in backoff period" !BADKEY=auto-import
time=2026-02-24T11:02:29.481-07:00 level=INFO msg="File change detected: %s" !BADKEY=/Users/dominic/repos/github.com/dsisnero/rod/.beads/issues.jsonl
time=2026-02-24T11:02:30.482-07:00 level=INFO msg="Import triggered by file change"
time=2026-02-24T11:02:30.482-07:00 level=INFO msg="Skipping %s: in backoff period" !BADKEY=auto-import
time=2026-02-24T11:02:35.936-07:00 level=INFO msg="File change detected: %s" !BADKEY=/Users/dominic/repos/github.com/dsisnero/rod/.beads/issues.jsonl
time=2026-02-24T11:02:36.937-07:00 level=INFO msg="Import triggered by file change"
time=2026-02-24T11:02:36.938-07:00 level=INFO msg="Skipping %s: in backoff period" !BADKEY=auto-import
time=2026-02-24T11:02:53.163-07:00 level=INFO msg="File change detected: %s" !BADKEY=/Users/dominic/repos/github.com/dsisnero/rod/.beads/issues.jsonl
time=2026-02-24T11:02:54.165-07:00 level=INFO msg="Import triggered by file change"
time=2026-02-24T11:02:54.165-07:00 level=INFO msg="Skipping %s: in backoff period" !BADKEY=auto-import
time=2026-02-24T11:03:03.804-07:00 level=INFO msg="File change detected: %s" !BADKEY=/Users/dominic/repos/github.com/dsisnero/rod/.beads/issues.jsonl
time=2026-02-24T11:03:04.805-07:00 level=INFO msg="Import triggered by file change"
time=2026-02-24T11:03:04.806-07:00 level=INFO msg="Skipping %s: in backoff period" !BADKEY=auto-import
time=2026-02-24T11:03:11.054-07:00 level=INFO msg="File change detected: %s" !BADKEY=/Users/dominic/repos/github.com/dsisnero/rod/.beads/issues.jsonl
time=2026-02-24T11:03:12.056-07:00 level=INFO msg="Import triggered by file change"
time=2026-02-24T11:03:12.056-07:00 level=INFO msg="Skipping %s: in backoff period" !BADKEY=auto-import
time=2026-02-24T11:03:22.165-07:00 level=INFO msg="File change detected: %s" !BADKEY=/Users/dominic/repos/github.com/dsisnero/rod/.beads/issues.jsonl
time=2026-02-24T11:03:23.167-07:00 level=INFO msg="Import triggered by file change"
time=2026-02-24T11:03:23.167-07:00 level=INFO msg="Skipping %s: in backoff period" !BADKEY=auto-import
time=2026-02-24T11:03:34.229-07:00 level=INFO msg="File change detected: %s" !BADKEY=/Users/dominic/repos/github.com/dsisnero/rod/.beads/issues.jsonl
time=2026-02-24T11:03:35.231-07:00 level=INFO msg="Import triggered by file change"
time=2026-02-24T11:03:35.231-07:00 level=INFO msg="Skipping %s: in backoff period" !BADKEY=auto-import
time=2026-02-24T11:03:46.167-07:00 level=INFO msg="File change detected: %s" !BADKEY=/Users/dominic/repos/github.com/dsisnero/rod/.beads/issues.jsonl
time=2026-02-24T11:03:47.169-07:00 level=INFO msg="Import triggered by file change"
time=2026-02-24T11:03:47.169-07:00 level=INFO msg="Skipping %s: in backoff period" !BADKEY=auto-import
time=2026-02-24T11:04:07.555-07:00 level=INFO msg="File change detected: %s" !BADKEY=/Users/dominic/repos/github.com/dsisnero/rod/.beads/issues.jsonl
time=2026-02-24T11:04:08.557-07:00 level=INFO msg="Import triggered by file change"
time=2026-02-24T11:04:08.557-07:00 level=INFO msg="Skipping %s: in backoff period" !BADKEY=auto-import
time=2026-02-24T11:04:15.683-07:00 level=INFO msg="File change detected: %s" !BADKEY=/Users/dominic/repos/github.com/dsisnero/rod/.beads/issues.jsonl
time=2026-02-24T11:04:16.685-07:00 level=INFO msg="Import triggered by file change"
time=2026-02-24T11:04:16.685-07:00 level=INFO msg="Skipping %s: in backoff period" !BADKEY=auto-import
time=2026-02-24T11:04:28.360-07:00 level=INFO msg="File change detected: %s" !BADKEY=/Users/dominic/repos/github.com/dsisnero/rod/.beads/issues.jsonl
time=2026-02-24T11:04:29.361-07:00 level=INFO msg="Import triggered by file change"
time=2026-02-24T11:04:29.361-07:00 level=INFO msg="Skipping %s: in backoff period" !BADKEY=auto-import
time=2026-02-24T11:04:39.269-07:00 level=INFO msg="File change detected: %s" !BADKEY=/Users/dominic/repos/github.com/dsisnero/rod/.beads/issues.jsonl
time=2026-02-24T11:04:40.271-07:00 level=INFO msg="Import triggered by file change"
time=2026-02-24T11:04:40.272-07:00 level=INFO msg="Skipping %s: in backoff period" !BADKEY=auto-import
time=2026-02-24T11:04:53.449-07:00 level=INFO msg="File change detected: %s" !BADKEY=/Users/dominic/repos/github.com/dsisnero/rod/.beads/issues.jsonl
time=2026-02-24T11:04:54.450-07:00 level=INFO msg="Import triggered by file change"
time=2026-02-24T11:04:54.450-07:00 level=INFO msg="Skipping %s: in backoff period" !BADKEY=auto-import
time=2026-02-24T11:05:07.640-07:00 level=INFO msg="File change detected: %s" !BADKEY=/Users/dominic/repos/github.com/dsisnero/rod/.beads/issues.jsonl
time=2026-02-24T11:05:08.641-07:00 level=INFO msg="Import triggered by file change"
time=2026-02-24T11:05:08.641-07:00 level=INFO msg="Skipping %s: in backoff period" !BADKEY=auto-import
time=2026-02-24T11:05:15.970-07:00 level=INFO msg="File change detected: %s" !BADKEY=/Users/dominic/repos/github.com/dsisnero/rod/.beads/issues.jsonl
time=2026-02-24T11:05:16.972-07:00 level=INFO msg="Import triggered by file change"
time=2026-02-24T11:05:16.973-07:00 level=INFO msg="Skipping %s: in backoff period" !BADKEY=auto-import
time=2026-02-24T11:05:35.823-07:00 level=INFO msg="File change detected: %s" !BADKEY=/Users/dominic/repos/github.com/dsisnero/rod/.beads/issues.jsonl
time=2026-02-24T11:05:36.824-07:00 level=INFO msg="Import triggered by file change"
time=2026-02-24T11:05:36.824-07:00 level=INFO msg="Skipping %s: in backoff period" !BADKEY=auto-import
time=2026-02-24T11:05:53.311-07:00 level=INFO msg="File change detected: %s" !BADKEY=/Users/dominic/repos/github.com/dsisnero/rod/.beads/issues.jsonl
time=2026-02-24T11:05:54.313-07:00 level=INFO msg="Import triggered by file change"
time=2026-02-24T11:05:54.313-07:00 level=INFO msg="Skipping %s: in backoff period" !BADKEY=auto-import
time=2026-02-24T11:07:07.529-07:00 level=INFO msg="File change detected: %s" !BADKEY=/Users/dominic/repos/github.com/dsisnero/rod/.beads/issues.jsonl
time=2026-02-24T11:07:08.531-07:00 level=INFO msg="Import triggered by file change"
time=2026-02-24T11:07:08.532-07:00 level=INFO msg="Skipping %s: in backoff period" !BADKEY=auto-import
time=2026-02-24T11:11:47.004-07:00 level=INFO msg="File change detected: %s" !BADKEY=/Users/dominic/repos/github.com/dsisnero/rod/.beads/issues.jsonl
time=2026-02-24T11:11:48.006-07:00 level=INFO msg="Import triggered by file change"
time=2026-02-24T11:11:48.006-07:00 level=INFO msg="Skipping %s: in backoff period" !BADKEY=auto-import
time=2026-02-24T11:12:07.989-07:00 level=INFO msg="File change detected: %s" !BADKEY=/Users/dominic/repos/github.com/dsisnero/rod/.beads/issues.jsonl
time=2026-02-24T11:12:08.990-07:00 level=INFO msg="Import triggered by file change"
time=2026-02-24T11:12:08.990-07:00 level=INFO msg="Skipping %s: in backoff period" !BADKEY=auto-import
time=2026-02-24T11:12:38.841-07:00 level=INFO msg="File change detected: %s" !BADKEY=/Users/dominic/repos/github.com/dsisnero/rod/.beads/issues.jsonl
time=2026-02-24T11:12:39.843-07:00 level=INFO msg="Import triggered by file change"
time=2026-02-24T11:12:39.844-07:00 level=INFO msg="Skipping %s: in backoff period" !BADKEY=auto-import
time=2026-02-24T11:12:55.695-07:00 level=INFO msg="File change detected: %s" !BADKEY=/Users/dominic/repos/github.com/dsisnero/rod/.beads/issues.jsonl
time=2026-02-24T11:12:56.697-07:00 level=INFO msg="Import triggered by file change"
time=2026-02-24T11:12:56.697-07:00 level=INFO msg="Skipping %s: in backoff period" !BADKEY=auto-import
time=2026-02-24T11:13:14.642-07:00 level=INFO msg="File change detected: %s" !BADKEY=/Users/dominic/repos/github.com/dsisnero/rod/.beads/issues.jsonl
time=2026-02-24T11:13:15.643-07:00 level=INFO msg="Import triggered by file change"
time=2026-02-24T11:13:15.643-07:00 level=INFO msg="Skipping %s: in backoff period" !BADKEY=auto-import
time=2026-02-24T11:13:30.790-07:00 level=INFO msg="File change detected: %s" !BADKEY=/Users/dominic/repos/github.com/dsisnero/rod/.beads/issues.jsonl
time=2026-02-24T11:13:31.793-07:00 level=INFO msg="Import triggered by file change"
time=2026-02-24T11:13:31.793-07:00 level=INFO msg="Skipping %s: in backoff period" !BADKEY=auto-import
time=2026-02-24T11:14:44.533-07:00 level=INFO msg="File change detected: %s" !BADKEY=/Users/dominic/repos/github.com/dsisnero/rod/.beads/issues.jsonl
time=2026-02-24T11:14:45.534-07:00 level=INFO msg="Import triggered by file change"
time=2026-02-24T11:14:45.535-07:00 level=INFO msg="Skipping %s: in backoff period" !BADKEY=auto-import
time=2026-02-24T11:14:50.891-07:00 level=INFO msg="File change detected: %s" !BADKEY=/Users/dominic/repos/github.com/dsisnero/rod/.beads/issues.jsonl
time=2026-02-24T11:14:51.894-07:00 level=INFO msg="Import triggered by file change"
time=2026-02-24T11:14:51.894-07:00 level=INFO msg="Skipping %s: in backoff period" !BADKEY=auto-import
time=2026-02-24T11:14:56.902-07:00 level=INFO msg="File change detected: %s" !BADKEY=/Users/dominic/repos/github.com/dsisnero/rod/.beads/issues.jsonl
time=2026-02-24T11:14:57.903-07:00 level=INFO msg="Import triggered by file change"
time=2026-02-24T11:14:57.903-07:00 level=INFO msg="Skipping %s: in backoff period" !BADKEY=auto-import
time=2026-02-24T11:15:03.040-07:00 level=INFO msg="File change detected: %s" !BADKEY=/Users/dominic/repos/github.com/dsisnero/rod/.beads/issues.jsonl
time=2026-02-24T11:15:04.041-07:00 level=INFO msg="Import triggered by file change"
time=2026-02-24T11:15:04.041-07:00 level=INFO msg="Skipping %s: in backoff period" !BADKEY=auto-import
time=2026-02-24T11:15:12.134-07:00 level=INFO msg="File change detected: %s" !BADKEY=/Users/dominic/repos/github.com/dsisnero/rod/.beads/issues.jsonl
time=2026-02-24T11:15:13.136-07:00 level=INFO msg="Import triggered by file change"
time=2026-02-24T11:15:13.137-07:00 level=INFO msg="Skipping %s: in backoff period" !BADKEY=auto-import
time=2026-02-24T11:15:21.921-07:00 level=INFO msg="File change detected: %s" !BADKEY=/Users/dominic/repos/github.com/dsisnero/rod/.beads/issues.jsonl
time=2026-02-24T11:15:22.922-07:00 level=INFO msg="Import triggered by file change"
time=2026-02-24T11:15:22.922-07:00 level=INFO msg="Skipping %s: in backoff period" !BADKEY=auto-import
time=2026-02-24T11:15:26.880-07:00 level=INFO msg="File change detected: %s" !BADKEY=/Users/dominic/repos/github.com/dsisnero/rod/.beads/issues.jsonl
time=2026-02-24T11:15:27.883-07:00 level=INFO msg="Import triggered by file change"
time=2026-02-24T11:15:27.883-07:00 level=INFO msg="Skipping %s: in backoff period" !BADKEY=auto-import
time=2026-02-24T11:15:34.094-07:00 level=INFO msg="File change detected: %s" !BADKEY=/Users/dominic/repos/github.com/dsisnero/rod/.beads/issues.jsonl
time=2026-02-24T11:15:35.095-07:00 level=INFO msg="Import triggered by file change"
time=2026-02-24T11:15:35.096-07:00 level=INFO msg="Skipping %s: in backoff period" !BADKEY=auto-import
time=2026-02-24T11:15:39.909-07:00 level=INFO msg="File change detected: %s" !BADKEY=/Users/dominic/repos/github.com/dsisnero/rod/.beads/issues.jsonl
time=2026-02-24T11:15:40.911-07:00 level=INFO msg="Import triggered by file change"
time=2026-02-24T11:15:40.911-07:00 level=INFO msg="Skipping %s: in backoff period" !BADKEY=auto-import
time=2026-02-24T11:15:46.646-07:00 level=INFO msg="File change detected: %s" !BADKEY=/Users/dominic/repos/github.com/dsisnero/rod/.beads/issues.jsonl
time=2026-02-24T11:15:47.649-07:00 level=INFO msg="Import triggered by file change"
time=2026-02-24T11:15:47.649-07:00 level=INFO msg="Skipping %s: in backoff period" !BADKEY=auto-import
time=2026-02-24T11:15:54.872-07:00 level=INFO msg="File change detected: %s" !BADKEY=/Users/dominic/repos/github.com/dsisnero/rod/.beads/issues.jsonl
time=2026-02-24T11:15:55.873-07:00 level=INFO msg="Import triggered by file change"
time=2026-02-24T11:15:55.874-07:00 level=INFO msg="Skipping %s: in backoff period" !BADKEY=auto-import
time=2026-02-24T11:16:01.969-07:00 level=INFO msg="File change detected: %s" !BADKEY=/Users/dominic/repos/github.com/dsisnero/rod/.beads/issues.jsonl
time=2026-02-24T11:16:02.972-07:00 level=INFO msg="Import triggered by file change"
time=2026-02-24T11:16:02.972-07:00 level=INFO msg="Skipping %s: in backoff period" !BADKEY=auto-import
time=2026-02-24T11:16:07.749-07:00 level=INFO msg="File change detected: %s" !BADKEY=/Users/dominic/repos/github.com/dsisnero/rod/.beads/issues.jsonl
time=2026-02-24T11:16:08.750-07:00 level=INFO msg="Import triggered by file change"
time=2026-02-24T11:16:08.751-07:00 level=INFO msg="Skipping %s: in backoff period" !BADKEY=auto-import
time=2026-02-24T11:16:13.777-07:00 level=INFO msg="File change detected: %s" !BADKEY=/Users/dominic/repos/github.com/dsisnero/rod/.beads/issues.jsonl
time=2026-02-24T11:16:14.779-07:00 level=INFO msg="Import triggered by file change"
time=2026-02-24T11:16:14.780-07:00 level=INFO msg="Skipping %s: in backoff period" !BADKEY=auto-import
time=2026-02-24T11:16:22.837-07:00 level=INFO msg="File change detected: %s" !BADKEY=/Users/dominic/repos/github.com/dsisnero/rod/.beads/issues.jsonl
time=2026-02-24T11:16:23.838-07:00 level=INFO msg="Import triggered by file change"
time=2026-02-24T11:16:23.838-07:00 level=INFO msg="Skipping %s: in backoff period" !BADKEY=auto-import
time=2026-02-24T11:16:28.318-07:00 level=INFO msg="File change detected: %s" !BADKEY=/Users/dominic/repos/github.com/dsisnero/rod/.beads/issues.jsonl
time=2026-02-24T11:16:29.320-07:00 level=INFO msg="Import triggered by file change"
time=2026-02-24T11:16:29.321-07:00 level=INFO msg="Skipping %s: in backoff period" !BADKEY=auto-import
time=2026-02-24T11:16:34.005-07:00 level=INFO msg="File change detected: %s" !BADKEY=/Users/dominic/repos/github.com/dsisnero/rod/.beads/issues.jsonl
time=2026-02-24T11:16:35.006-07:00 level=INFO msg="Import triggered by file change"
time=2026-02-24T11:16:35.007-07:00 level=INFO msg="Skipping %s: in backoff period" !BADKEY=auto-import
time=2026-02-24T11:16:38.738-07:00 level=INFO msg="File change detected: %s" !BADKEY=/Users/dominic/repos/github.com/dsisnero/rod/.beads/issues.jsonl
time=2026-02-24T11:16:39.740-07:00 level=INFO msg="Import triggered by file change"
time=2026-02-24T11:16:39.741-07:00 level=INFO msg="Skipping %s: in backoff period" !BADKEY=auto-import
time=2026-02-24T11:16:48.398-07:00 level=INFO msg="File change detected: %s" !BADKEY=/Users/dominic/repos/github.com/dsisnero/rod/.beads/issues.jsonl
time=2026-02-24T11:16:49.399-07:00 level=INFO msg="Import triggered by file change"
time=2026-02-24T11:16:49.399-07:00 level=INFO msg="Skipping %s: in backoff period" !BADKEY=auto-import
time=2026-02-24T11:16:54.209-07:00 level=INFO msg="File change detected: %s" !BADKEY=/Users/dominic/repos/github.com/dsisnero/rod/.beads/issues.jsonl
time=2026-02-24T11:16:55.211-07:00 level=INFO msg="Import triggered by file change"
time=2026-02-24T11:16:55.211-07:00 level=INFO msg="Skipping %s: in backoff period" !BADKEY=auto-import
time=2026-02-24T11:17:00.002-07:00 level=INFO msg="File change detected: %s" !BADKEY=/Users/dominic/repos/github.com/dsisnero/rod/.beads/issues.jsonl
time=2026-02-24T11:17:01.004-07:00 level=INFO msg="Import triggered by file change"
time=2026-02-24T11:17:01.005-07:00 level=INFO msg="Skipping %s: in backoff period" !BADKEY=auto-import
time=2026-02-24T11:17:07.530-07:00 level=INFO msg="File change detected: %s" !BADKEY=/Users/dominic/repos/github.com/dsisnero/rod/.beads/issues.jsonl
time=2026-02-24T11:17:08.532-07:00 level=INFO msg="Import triggered by file change"
time=2026-02-24T11:17:08.532-07:00 level=INFO msg="Skipping %s: in backoff period" !BADKEY=auto-import
time=2026-02-24T11:17:14.368-07:00 level=INFO msg="File change detected: %s" !BADKEY=/Users/dominic/repos/github.com/dsisnero/rod/.beads/issues.jsonl
time=2026-02-24T11:17:15.370-07:00 level=INFO msg="Import triggered by file change"
time=2026-02-24T11:17:15.370-07:00 level=INFO msg="Skipping %s: in backoff period" !BADKEY=auto-import
time=2026-02-24T11:17:24.338-07:00 level=INFO msg="File change detected: %s" !BADKEY=/Users/dominic/repos/github.com/dsisnero/rod/.beads/issues.jsonl
time=2026-02-24T11:17:25.340-07:00 level=INFO msg="Import triggered by file change"
time=2026-02-24T11:17:25.341-07:00 level=INFO msg="Skipping %s: in backoff period" !BADKEY=auto-import
time=2026-02-24T11:17:30.485-07:00 level=INFO msg="File change detected: %s" !BADKEY=/Users/dominic/repos/github.com/dsisnero/rod/.beads/issues.jsonl
time=2026-02-24T11:17:31.487-07:00 level=INFO msg="Import triggered by file change"
time=2026-02-24T11:17:31.487-07:00 level=INFO msg="Skipping %s: in backoff period" !BADKEY=auto-import
time=2026-02-24T11:17:37.794-07:00 level=INFO msg="File change detected: %s" !BADKEY=/Users/dominic/repos/github.com/dsisnero/rod/.beads/issues.jsonl
time=2026-02-24T11:17:38.796-07:00 level=INFO msg="Import triggered by file change"
time=2026-02-24T11:17:38.796-07:00 level=INFO msg="Skipping %s: in backoff period" !BADKEY=auto-import
time=2026-02-24T11:17:44.036-07:00 level=INFO msg="File change detected: %s" !BADKEY=/Users/dominic/repos/github.com/dsisnero/rod/.beads/issues.jsonl
time=2026-02-24T11:17:45.038-07:00 level=INFO msg="Import triggered by file change"
time=2026-02-24T11:17:45.039-07:00 level=INFO msg="Skipping %s: in backoff period" !BADKEY=auto-import
time=2026-02-24T11:17:51.067-07:00 level=INFO msg="File change detected: %s" !BADKEY=/Users/dominic/repos/github.com/dsisnero/rod/.beads/issues.jsonl
time=2026-02-24T11:17:52.071-07:00 level=INFO msg="Import triggered by file change"
time=2026-02-24T11:17:52.071-07:00 level=INFO msg="Skipping %s: in backoff period" !BADKEY=auto-import
time=2026-02-24T11:18:04.168-07:00 level=INFO msg="File change detected: %s" !BADKEY=/Users/dominic/repos/github.com/dsisnero/rod/.beads/issues.jsonl
time=2026-02-24T11:18:05.170-07:00 level=INFO msg="Import triggered by file change"
time=2026-02-24T11:18:05.170-07:00 level=INFO msg="Skipping %s: in backoff period" !BADKEY=auto-import
time=2026-02-24T11:18:16.355-07:00 level=INFO msg="File change detected: %s" !BADKEY=/Users/dominic/repos/github.com/dsisnero/rod/.beads/issues.jsonl
time=2026-02-24T11:18:17.357-07:00 level=INFO msg="Import triggered by file change"
time=2026-02-24T11:18:17.358-07:00 level=INFO msg="Skipping %s: in backoff period" !BADKEY=auto-import
time=2026-02-24T11:18:48.699-07:00 level=INFO msg="File change detected: %s" !BADKEY=/Users/dominic/repos/github.com/dsisnero/rod/.beads/issues.jsonl
time=2026-02-24T11:18:49.700-07:00 level=INFO msg="Import triggered by file change"
time=2026-02-24T11:18:49.701-07:00 level=INFO msg="Skipping %s: in backoff period" !BADKEY=auto-import
time=2026-02-24T11:18:56.492-07:00 level=INFO msg="File change detected: %s" !BADKEY=/Users/dominic/repos/github.com/dsisnero/rod/.beads/issues.jsonl
time=2026-02-24T11:18:57.494-07:00 level=INFO msg="Import triggered by file change"
time=2026-02-24T11:18:57.494-07:00 level=INFO msg="Skipping %s: in backoff period" !BADKEY=auto-import
time=2026-02-24T11:19:02.542-07:00 level=INFO msg="File change detected: %s" !BADKEY=/Users/dominic/repos/github.com/dsisnero/rod/.beads/issues.jsonl
time=2026-02-24T11:19:03.543-07:00 level=INFO msg="Import triggered by file change"
time=2026-02-24T11:19:03.543-07:00 level=INFO msg="Skipping %s: in backoff period" !BADKEY=auto-import
time=2026-02-24T11:19:10.008-07:00 level=INFO msg="File change detected: %s" !BADKEY=/Users/dominic/repos/github.com/dsisnero/rod/.beads/issues.jsonl
time=2026-02-24T11:19:11.010-07:00 level=INFO msg="Import triggered by file change"
time=2026-02-24T11:19:11.010-07:00 level=INFO msg="Skipping %s: in backoff period" !BADKEY=auto-import
time=2026-02-24T11:19:23.116-07:00 level=INFO msg="File change detected: %s" !BADKEY=/Users/dominic/repos/github.com/dsisnero/rod/.beads/issues.jsonl
time=2026-02-24T11:19:24.116-07:00 level=INFO msg="Import triggered by file change"
time=2026-02-24T11:19:24.117-07:00 level=INFO msg="Skipping %s: in backoff period" !BADKEY=auto-import
time=2026-02-24T11:19:30.943-07:00 level=INFO msg="File change detected: %s" !BADKEY=/Users/dominic/repos/github.com/dsisnero/rod/.beads/issues.jsonl
time=2026-02-24T11:19:31.945-07:00 level=INFO msg="Import triggered by file change"
time=2026-02-24T11:19:31.945-07:00 level=INFO msg="Skipping %s: in backoff period" !BADKEY=auto-import
time=2026-02-24T11:19:38.372-07:00 level=INFO msg="File change detected: %s" !BADKEY=/Users/dominic/repos/github.com/dsisnero/rod/.beads/issues.jsonl
time=2026-02-24T11:19:39.374-07:00 level=INFO msg="Import triggered by file change"
time=2026-02-24T11:19:39.374-07:00 level=INFO msg="Skipping %s: in backoff period" !BADKEY=auto-import
time=2026-02-24T11:19:46.223-07:00 level=INFO msg="File change detected: %s" !BADKEY=/Users/dominic/repos/github.com/dsisnero/rod/.beads/issues.jsonl
time=2026-02-24T11:19:47.225-07:00 level=INFO msg="Import triggered by file change"
time=2026-02-24T11:19:47.225-07:00 level=INFO msg="Skipping %s: in backoff period" !BADKEY=auto-import
time=2026-02-24T11:19:51.508-07:00 level=INFO msg="File change detected: %s" !BADKEY=/Users/dominic/repos/github.com/dsisnero/rod/.beads/issues.jsonl
time=2026-02-24T11:19:52.511-07:00 level=INFO msg="Import triggered by file change"
time=2026-02-24T11:19:52.511-07:00 level=INFO msg="Skipping %s: in backoff period" !BADKEY=auto-import
time=2026-02-24T11:19:58.522-07:00 level=INFO msg="File change detected: %s" !BADKEY=/Users/dominic/repos/github.com/dsisnero/rod/.beads/issues.jsonl
time=2026-02-24T11:19:59.524-07:00 level=INFO msg="Import triggered by file change"
time=2026-02-24T11:19:59.525-07:00 level=INFO msg="Skipping %s: in backoff period" !BADKEY=auto-import
time=2026-02-24T11:20:03.777-07:00 level=INFO msg="File change detected: %s" !BADKEY=/Users/dominic/repos/github.com/dsisnero/rod/.beads/issues.jsonl
time=2026-02-24T11:20:04.780-07:00 level=INFO msg="Import triggered by file change"
time=2026-02-24T11:20:04.780-07:00 level=INFO msg="Skipping %s: in backoff period" !BADKEY=auto-import
time=2026-02-24T11:20:09.628-07:00 level=INFO msg="File change detected: %s" !BADKEY=/Users/dominic/repos/github.com/dsisnero/rod/.beads/issues.jsonl
time=2026-02-24T11:20:10.630-07:00 level=INFO msg="Import triggered by file change"
time=2026-02-24T11:20:10.630-07:00 level=INFO msg="Skipping %s: in backoff period" !BADKEY=auto-import
time=2026-02-24T11:20:20.278-07:00 level=INFO msg="File change detected: %s" !BADKEY=/Users/dominic/repos/github.com/dsisnero/rod/.beads/issues.jsonl
time=2026-02-24T11:20:21.280-07:00 level=INFO msg="Import triggered by file change"
time=2026-02-24T11:20:21.280-07:00 level=INFO msg="Skipping %s: in backoff period" !BADKEY=auto-import
time=2026-02-24T11:20:26.530-07:00 level=INFO msg="File change detected: %s" !BADKEY=/Users/dominic/repos/github.com/dsisnero/rod/.beads/issues.jsonl
time=2026-02-24T11:20:27.532-07:00 level=INFO msg="Import triggered by file change"
time=2026-02-24T11:20:27.532-07:00 level=INFO msg="Skipping %s: in backoff period" !BADKEY=auto-import
time=2026-02-24T11:20:33.453-07:00 level=INFO msg="File change detected: %s" !BADKEY=/Users/dominic/repos/github.com/dsisnero/rod/.beads/issues.jsonl
time=2026-02-24T11:20:34.455-07:00 level=INFO msg="Import triggered by file change"
time=2026-02-24T11:20:34.455-07:00 level=INFO msg="Skipping %s: in backoff period" !BADKEY=auto-import
time=2026-02-24T11:20:42.892-07:00 level=INFO msg="File change detected: %s" !BADKEY=/Users/dominic/repos/github.com/dsisnero/rod/.beads/issues.jsonl
time=2026-02-24T11:20:43.894-07:00 level=INFO msg="Import triggered by file change"
time=2026-02-24T11:20:43.895-07:00 level=INFO msg="Skipping %s: in backoff period" !BADKEY=auto-import
time=2026-02-24T11:20:53.114-07:00 level=INFO msg="File change detected: %s" !BADKEY=/Users/dominic/repos/github.com/dsisnero/rod/.beads/issues.jsonl
time=2026-02-24T11:20:54.116-07:00 level=INFO msg="Import triggered by file change"
time=2026-02-24T11:20:54.116-07:00 level=INFO msg="Skipping %s: in backoff period" !BADKEY=auto-import
time=2026-02-24T11:21:01.848-07:00 level=INFO msg="File change detected: %s" !BADKEY=/Users/dominic/repos/github.com/dsisnero/rod/.beads/issues.jsonl
time=2026-02-24T11:21:02.850-07:00 level=INFO msg="Import triggered by file change"
time=2026-02-24T11:21:02.850-07:00 level=INFO msg="Skipping %s: in backoff period" !BADKEY=auto-import
time=2026-02-24T11:21:08.882-07:00 level=INFO msg="File change detected: %s" !BADKEY=/Users/dominic/repos/github.com/dsisnero/rod/.beads/issues.jsonl
time=2026-02-24T11:21:09.883-07:00 level=INFO msg="Import triggered by file change"
time=2026-02-24T11:21:09.884-07:00 level=INFO msg="Skipping %s: in backoff period" !BADKEY=auto-import
time=2026-02-24T11:21:14.829-07:00 level=INFO msg="File change detected: %s" !BADKEY=/Users/dominic/repos/github.com/dsisnero/rod/.beads/issues.jsonl
time=2026-02-24T11:21:15.831-07:00 level=INFO msg="Import triggered by file change"
time=2026-02-24T11:21:15.831-07:00 level=INFO msg="Skipping %s: in backoff period" !BADKEY=auto-import
time=2026-02-24T11:21:23.115-07:00 level=INFO msg="File change detected: %s" !BADKEY=/Users/dominic/repos/github.com/dsisnero/rod/.beads/issues.jsonl
time=2026-02-24T11:21:24.117-07:00 level=INFO msg="Import triggered by file change"
time=2026-02-24T11:21:24.118-07:00 level=INFO msg="Skipping %s: in backoff period" !BADKEY=auto-import
time=2026-02-24T11:21:29.185-07:00 level=INFO msg="File change detected: %s" !BADKEY=/Users/dominic/repos/github.com/dsisnero/rod/.beads/issues.jsonl
time=2026-02-24T11:21:30.187-07:00 level=INFO msg="Import triggered by file change"
time=2026-02-24T11:21:30.188-07:00 level=INFO msg="Skipping %s: in backoff period" !BADKEY=auto-import
time=2026-02-24T11:21:37.022-07:00 level=INFO msg="File change detected: %s" !BADKEY=/Users/dominic/repos/github.com/dsisnero/rod/.beads/issues.jsonl
time=2026-02-24T11:21:38.024-07:00 level=INFO msg="Import triggered by file change"
time=2026-02-24T11:21:38.024-07:00 level=INFO msg="Skipping %s: in backoff period" !BADKEY=auto-import
time=2026-02-24T11:21:42.682-07:00 level=INFO msg="File change detected: %s" !BADKEY=/Users/dominic/repos/github.com/dsisnero/rod/.beads/issues.jsonl
time=2026-02-24T11:21:43.684-07:00 level=INFO msg="Import triggered by file change"
time=2026-02-24T11:21:43.684-07:00 level=INFO msg="Skipping %s: in backoff period" !BADKEY=auto-import
time=2026-02-24T11:21:49.142-07:00 level=INFO msg="File change detected: %s" !BADKEY=/Users/dominic/repos/github.com/dsisnero/rod/.beads/issues.jsonl
time=2026-02-24T11:21:50.143-07:00 level=INFO msg="Import triggered by file change"
time=2026-02-24T11:21:50.143-07:00 level=INFO msg="Skipping %s: in backoff period" !BADKEY=auto-import
time=2026-02-24T11:21:56.609-07:00 level=INFO msg="File change detected: %s" !BADKEY=/Users/dominic/repos/github.com/dsisnero/rod/.beads/issues.jsonl
time=2026-02-24T11:21:57.610-07:00 level=INFO msg="Import triggered by file change"
time=2026-02-24T11:21:57.610-07:00 level=INFO msg="Skipping %s: in backoff period" !BADKEY=auto-import
time=2026-02-24T11:22:03.912-07:00 level=INFO msg="File change detected: %s" !BADKEY=/Users/dominic/repos/github.com/dsisnero/rod/.beads/issues.jsonl
time=2026-02-24T11:22:04.914-07:00 level=INFO msg="Import triggered by file change"
time=2026-02-24T11:22:04.914-07:00 level=INFO msg="Skipping %s: in backoff period" !BADKEY=auto-import
time=2026-02-24T11:22:10.560-07:00 level=INFO msg="File change detected: %s" !BADKEY=/Users/dominic/repos/github.com/dsisnero/rod/.beads/issues.jsonl
time=2026-02-24T11:22:11.562-07:00 level=INFO msg="Import triggered by file change"
time=2026-02-24T11:22:11.562-07:00 level=INFO msg="Skipping %s: in backoff period" !BADKEY=auto-import
time=2026-02-24T11:22:17.541-07:00 level=INFO msg="File change detected: %s" !BADKEY=/Users/dominic/repos/github.com/dsisnero/rod/.beads/issues.jsonl
time=2026-02-24T11:22:18.544-07:00 level=INFO msg="Import triggered by file change"
time=2026-02-24T11:22:18.544-07:00 level=INFO msg="Skipping %s: in backoff period" !BADKEY=auto-import
time=2026-02-24T11:22:25.078-07:00 level=INFO msg="File change detected: %s" !BADKEY=/Users/dominic/repos/github.com/dsisnero/rod/.beads/issues.jsonl
time=2026-02-24T11:22:26.080-07:00 level=INFO msg="Import triggered by file change"
time=2026-02-24T11:22:26.081-07:00 level=INFO msg="Skipping %s: in backoff period" !BADKEY=auto-import
time=2026-02-24T11:22:31.209-07:00 level=INFO msg="File change detected: %s" !BADKEY=/Users/dominic/repos/github.com/dsisnero/rod/.beads/issues.jsonl
time=2026-02-24T11:22:32.211-07:00 level=INFO msg="Import triggered by file change"
time=2026-02-24T11:22:32.211-07:00 level=INFO msg="Skipping %s: in backoff period" !BADKEY=auto-import
time=2026-02-24T11:22:40.298-07:00 level=INFO msg="File change detected: %s" !BADKEY=/Users/dominic/repos/github.com/dsisnero/rod/.beads/issues.jsonl
time=2026-02-24T11:22:41.300-07:00 level=INFO msg="Import triggered by file change"
time=2026-02-24T11:22:41.302-07:00 level=INFO msg="Skipping %s: in backoff period" !BADKEY=auto-import
time=2026-02-24T11:22:46.364-07:00 level=INFO msg="File change detected: %s" !BADKEY=/Users/dominic/repos/github.com/dsisnero/rod/.beads/issues.jsonl
time=2026-02-24T11:22:47.365-07:00 level=INFO msg="Import triggered by file change"
time=2026-02-24T11:22:47.365-07:00 level=INFO msg="Skipping %s: in backoff period" !BADKEY=auto-import
time=2026-02-24T11:22:52.877-07:00 level=INFO msg="File change detected: %s" !BADKEY=/Users/dominic/repos/github.com/dsisnero/rod/.beads/issues.jsonl
time=2026-02-24T11:22:53.879-07:00 level=INFO msg="Import triggered by file change"
time=2026-02-24T11:22:53.879-07:00 level=INFO msg="Skipping %s: in backoff period" !BADKEY=auto-import
time=2026-02-24T11:23:01.828-07:00 level=INFO msg="File change detected: %s" !BADKEY=/Users/dominic/repos/github.com/dsisnero/rod/.beads/issues.jsonl
time=2026-02-24T11:23:02.830-07:00 level=INFO msg="Import triggered by file change"
time=2026-02-24T11:23:02.830-07:00 level=INFO msg="Skipping %s: in backoff period" !BADKEY=auto-import
time=2026-02-24T11:23:09.694-07:00 level=INFO msg="File change detected: %s" !BADKEY=/Users/dominic/repos/github.com/dsisnero/rod/.beads/issues.jsonl
time=2026-02-24T11:23:10.697-07:00 level=INFO msg="Import triggered by file change"
time=2026-02-24T11:23:10.697-07:00 level=INFO msg="Skipping %s: in backoff period" !BADKEY=auto-import
time=2026-02-24T11:23:18.272-07:00 level=INFO msg="File change detected: %s" !BADKEY=/Users/dominic/repos/github.com/dsisnero/rod/.beads/issues.jsonl
time=2026-02-24T11:23:19.273-07:00 level=INFO msg="Import triggered by file change"
time=2026-02-24T11:23:19.273-07:00 level=INFO msg="Skipping %s: in backoff period" !BADKEY=auto-import
time=2026-02-24T11:23:24.142-07:00 level=INFO msg="File change detected: %s" !BADKEY=/Users/dominic/repos/github.com/dsisnero/rod/.beads/issues.jsonl
time=2026-02-24T11:23:25.143-07:00 level=INFO msg="Import triggered by file change"
time=2026-02-24T11:23:25.144-07:00 level=INFO msg="Skipping %s: in backoff period" !BADKEY=auto-import
time=2026-02-24T11:23:30.719-07:00 level=INFO msg="File change detected: %s" !BADKEY=/Users/dominic/repos/github.com/dsisnero/rod/.beads/issues.jsonl
time=2026-02-24T11:23:31.721-07:00 level=INFO msg="Import triggered by file change"
time=2026-02-24T11:23:31.721-07:00 level=INFO msg="Skipping %s: in backoff period" !BADKEY=auto-import
time=2026-02-24T11:23:37.633-07:00 level=INFO msg="File change detected: %s" !BADKEY=/Users/dominic/repos/github.com/dsisnero/rod/.beads/issues.jsonl
time=2026-02-24T11:23:38.635-07:00 level=INFO msg="Import triggered by file change"
time=2026-02-24T11:23:38.635-07:00 level=INFO msg="Skipping %s: in backoff period" !BADKEY=auto-import
time=2026-02-24T11:23:49.839-07:00 level=INFO msg="File change detected: %s" !BADKEY=/Users/dominic/repos/github.com/dsisnero/rod/.beads/issues.jsonl
time=2026-02-24T11:23:50.841-07:00 level=INFO msg="Import triggered by file change"
time=2026-02-24T11:23:50.841-07:00 level=INFO msg="Skipping %s: in backoff period" !BADKEY=auto-import
time=2026-02-24T11:24:03.289-07:00 level=INFO msg="File change detected: %s" !BADKEY=/Users/dominic/repos/github.com/dsisnero/rod/.beads/issues.jsonl
time=2026-02-24T11:24:04.291-07:00 level=INFO msg="Import triggered by file change"
time=2026-02-24T11:24:04.291-07:00 level=INFO msg="Skipping %s: in backoff period" !BADKEY=auto-import
time=2026-02-24T11:24:11.622-07:00 level=INFO msg="File change detected: %s" !BADKEY=/Users/dominic/repos/github.com/dsisnero/rod/.beads/issues.jsonl
time=2026-02-24T11:24:12.630-07:00 level=INFO msg="Import triggered by file change"
time=2026-02-24T11:24:12.631-07:00 level=INFO msg="Skipping %s: in backoff period" !BADKEY=auto-import
time=2026-02-24T11:24:20.008-07:00 level=INFO msg="File change detected: %s" !BADKEY=/Users/dominic/repos/github.com/dsisnero/rod/.beads/issues.jsonl
time=2026-02-24T11:24:21.010-07:00 level=INFO msg="Import triggered by file change"
time=2026-02-24T11:24:21.010-07:00 level=INFO msg="Skipping %s: in backoff period" !BADKEY=auto-import
time=2026-02-24T11:24:37.619-07:00 level=INFO msg="File change detected: %s" !BADKEY=/Users/dominic/repos/github.com/dsisnero/rod/.beads/issues.jsonl
time=2026-02-24T11:24:38.621-07:00 level=INFO msg="Import triggered by file change"
time=2026-02-24T11:24:38.621-07:00 level=INFO msg="Skipping %s: in backoff period" !BADKEY=auto-import
time=2026-02-24T11:24:43.275-07:00 level=INFO msg="File change detected: %s" !BADKEY=/Users/dominic/repos/github.com/dsisnero/rod/.beads/issues.jsonl
time=2026-02-24T11:24:44.277-07:00 level=INFO msg="Import triggered by file change"
time=2026-02-24T11:24:44.279-07:00 level=INFO msg="Skipping %s: in backoff period" !BADKEY=auto-import
time=2026-02-24T11:24:48.558-07:00 level=INFO msg="File change detected: %s" !BADKEY=/Users/dominic/repos/github.com/dsisnero/rod/.beads/issues.jsonl
time=2026-02-24T11:24:49.560-07:00 level=INFO msg="Import triggered by file change"
time=2026-02-24T11:24:49.561-07:00 level=INFO msg="Skipping %s: in backoff period" !BADKEY=auto-import
time=2026-02-24T11:24:58.595-07:00 level=INFO msg="File change detected: %s" !BADKEY=/Users/dominic/repos/github.com/dsisnero/rod/.beads/issues.jsonl
time=2026-02-24T11:24:59.597-07:00 level=INFO msg="Import triggered by file change"
time=2026-02-24T11:24:59.598-07:00 level=INFO msg="Skipping %s: in backoff period" !BADKEY=auto-import
time=2026-02-24T11:25:04.857-07:00 level=INFO msg="File change detected: %s" !BADKEY=/Users/dominic/repos/github.com/dsisnero/rod/.beads/issues.jsonl
time=2026-02-24T11:25:05.859-07:00 level=INFO msg="Import triggered by file change"
time=2026-02-24T11:25:05.859-07:00 level=INFO msg="Skipping %s: in backoff period" !BADKEY=auto-import
time=2026-02-24T11:25:11.560-07:00 level=INFO msg="File change detected: %s" !BADKEY=/Users/dominic/repos/github.com/dsisnero/rod/.beads/issues.jsonl
time=2026-02-24T11:25:12.561-07:00 level=INFO msg="Import triggered by file change"
time=2026-02-24T11:25:12.561-07:00 level=INFO msg="Skipping %s: in backoff period" !BADKEY=auto-import
time=2026-02-24T11:25:22.231-07:00 level=INFO msg="File change detected: %s" !BADKEY=/Users/dominic/repos/github.com/dsisnero/rod/.beads/issues.jsonl
time=2026-02-24T11:25:23.232-07:00 level=INFO msg="Import triggered by file change"
time=2026-02-24T11:25:23.232-07:00 level=INFO msg="Starting %s..." !BADKEY=auto-import
time=2026-02-24T11:25:23.232-07:00 level=INFO msg="Skipping %s: JSONL content unchanged" !BADKEY=auto-import
time=2026-02-24T11:25:28.344-07:00 level=INFO msg="File change detected: %s" !BADKEY=/Users/dominic/repos/github.com/dsisnero/rod/.beads/issues.jsonl
time=2026-02-24T11:25:29.346-07:00 level=INFO msg="Import triggered by file change"
time=2026-02-24T11:25:29.346-07:00 level=INFO msg="Starting %s..." !BADKEY=auto-import
time=2026-02-24T11:25:29.347-07:00 level=INFO msg="Skipping %s: JSONL content unchanged" !BADKEY=auto-import
time=2026-02-24T11:25:41.944-07:00 level=INFO msg="File change detected: %s" !BADKEY=/Users/dominic/repos/github.com/dsisnero/rod/.beads/issues.jsonl
time=2026-02-24T11:25:42.947-07:00 level=INFO msg="Import triggered by file change"
time=2026-02-24T11:25:42.947-07:00 level=INFO msg="Starting %s..." !BADKEY=auto-import
time=2026-02-24T11:25:42.948-07:00 level=INFO msg="Skipping %s: JSONL content unchanged" !BADKEY=auto-import
time=2026-02-24T11:25:51.400-07:00 level=INFO msg="File change detected: %s" !BADKEY=/Users/dominic/repos/github.com/dsisnero/rod/.beads/issues.jsonl
time=2026-02-24T11:25:52.402-07:00 level=INFO msg="Import triggered by file change"
time=2026-02-24T11:25:52.402-07:00 level=INFO msg="Starting %s..." !BADKEY=auto-import
time=2026-02-24T11:25:52.402-07:00 level=INFO msg="Skipping %s: JSONL content unchanged" !BADKEY=auto-import
time=2026-02-24T11:27:57.788-07:00 level=INFO msg="File change detected: %s" !BADKEY=/Users/dominic/repos/github.com/dsisnero/rod/.beads/issues.jsonl
time=2026-02-24T11:27:58.790-07:00 level=INFO msg="Import triggered by file change"
time=2026-02-24T11:27:58.790-07:00 level=INFO msg="Starting %s..." !BADKEY=auto-import
time=2026-02-24T11:27:58.790-07:00 level=INFO msg="Skipping %s: JSONL content unchanged" !BADKEY=auto-import
time=2026-02-24T11:28:06.767-07:00 level=INFO msg="File change detected: %s" !BADKEY=/Users/dominic/repos/github.com/dsisnero/rod/.beads/issues.jsonl
time=2026-02-24T11:28:07.768-07:00 level=INFO msg="Import triggered by file change"
time=2026-02-24T11:28:07.768-07:00 level=INFO msg="Starting %s..." !BADKEY=auto-import
time=2026-02-24T11:28:07.768-07:00 level=INFO msg="Skipping %s: JSONL content unchanged" !BADKEY=auto-import
time=2026-02-24T11:28:14.603-07:00 level=INFO msg="File change detected: %s" !BADKEY=/Users/dominic/repos/github.com/dsisnero/rod/.beads/issues.jsonl
time=2026-02-24T11:28:15.604-07:00 level=INFO msg="Import triggered by file change"
time=2026-02-24T11:28:15.604-07:00 level=INFO msg="Starting %s..." !BADKEY=auto-import
time=2026-02-24T11:28:15.605-07:00 level=INFO msg="Skipping %s: JSONL content unchanged" !BADKEY=auto-import
time=2026-02-24T11:28:23.911-07:00 level=INFO msg="File change detected: %s" !BADKEY=/Users/dominic/repos/github.com/dsisnero/rod/.beads/issues.jsonl
time=2026-02-24T11:28:24.914-07:00 level=INFO msg="Import triggered by file change"
time=2026-02-24T11:28:24.914-07:00 level=INFO msg="Starting %s..." !BADKEY=auto-import
time=2026-02-24T11:28:24.914-07:00 level=INFO msg="Skipping %s: JSONL content unchanged" !BADKEY=auto-import
time=2026-02-24T11:28:35.151-07:00 level=INFO msg="File change detected: %s" !BADKEY=/Users/dominic/repos/github.com/dsisnero/rod/.beads/issues.jsonl
time=2026-02-24T11:28:36.152-07:00 level=INFO msg="Import triggered by file change"
time=2026-02-24T11:28:36.153-07:00 level=INFO msg="Starting %s..." !BADKEY=auto-import
time=2026-02-24T11:28:36.153-07:00 level=INFO msg="Skipping %s: JSONL content unchanged" !BADKEY=auto-import
time=2026-02-24T11:29:21.781-07:00 level=INFO msg="File change detected: %s" !BADKEY=/Users/dominic/repos/github.com/dsisnero/rod/.beads/issues.jsonl
time=2026-02-24T11:29:22.783-07:00 level=INFO msg="Import triggered by file change"
time=2026-02-24T11:29:22.784-07:00 level=INFO msg="Starting %s..." !BADKEY=auto-import
time=2026-02-24T11:29:22.784-07:00 level=INFO msg="Skipping %s: JSONL content unchanged" !BADKEY=auto-import
time=2026-02-24T11:29:26.654-07:00 level=INFO msg="File change detected: %s" !BADKEY=/Users/dominic/repos/github.com/dsisnero/rod/.beads/issues.jsonl
time=2026-02-24T11:29:27.657-07:00 level=INFO msg="Import triggered by file change"
time=2026-02-24T11:29:27.657-07:00 level=INFO msg="Starting %s..." !BADKEY=auto-import
time=2026-02-24T11:29:27.657-07:00 level=INFO msg="Skipping %s: JSONL content unchanged" !BADKEY=auto-import
time=2026-02-24T11:29:33.930-07:00 level=INFO msg="File change detected: %s" !BADKEY=/Users/dominic/repos/github.com/dsisnero/rod/.beads/issues.jsonl
time=2026-02-24T11:29:34.932-07:00 level=INFO msg="Import triggered by file change"
time=2026-02-24T11:29:34.932-07:00 level=INFO msg="Starting %s..." !BADKEY=auto-import
time=2026-02-24T11:29:34.932-07:00 level=INFO msg="Skipping %s: JSONL content unchanged" !BADKEY=auto-import
time=2026-02-24T11:29:38.976-07:00 level=INFO msg="File change detected: %s" !BADKEY=/Users/dominic/repos/github.com/dsisnero/rod/.beads/issues.jsonl
time=2026-02-24T11:29:39.978-07:00 level=INFO msg="Import triggered by file change"
time=2026-02-24T11:29:39.978-07:00 level=INFO msg="Starting %s..." !BADKEY=auto-import
time=2026-02-24T11:29:39.978-07:00 level=INFO msg="Skipping %s: JSONL content unchanged" !BADKEY=auto-import
time=2026-02-24T11:29:44.261-07:00 level=INFO msg="File change detected: %s" !BADKEY=/Users/dominic/repos/github.com/dsisnero/rod/.beads/issues.jsonl
time=2026-02-24T11:29:45.262-07:00 level=INFO msg="Import triggered by file change"
time=2026-02-24T11:29:45.263-07:00 level=INFO msg="Starting %s..." !BADKEY=auto-import
time=2026-02-24T11:29:45.263-07:00 level=INFO msg="Skipping %s: JSONL content unchanged" !BADKEY=auto-import
time=2026-02-24T11:29:49.615-07:00 level=INFO msg="File change detected: %s" !BADKEY=/Users/dominic/repos/github.com/dsisnero/rod/.beads/issues.jsonl
time=2026-02-24T11:29:50.617-07:00 level=INFO msg="Import triggered by file change"
time=2026-02-24T11:29:50.618-07:00 level=INFO msg="Starting %s..." !BADKEY=auto-import
time=2026-02-24T11:29:50.618-07:00 level=INFO msg="Skipping %s: JSONL content unchanged" !BADKEY=auto-import
time=2026-02-24T11:29:54.496-07:00 level=INFO msg="File change detected: %s" !BADKEY=/Users/dominic/repos/github.com/dsisnero/rod/.beads/issues.jsonl
time=2026-02-24T11:29:55.499-07:00 level=INFO msg="Import triggered by file change"
time=2026-02-24T11:29:55.499-07:00 level=INFO msg="Starting %s..." !BADKEY=auto-import
time=2026-02-24T11:29:55.499-07:00 level=INFO msg="Skipping %s: JSONL content unchanged" !BADKEY=auto-import
time=2026-02-24T11:29:59.311-07:00 level=INFO msg="File change detected: %s" !BADKEY=/Users/dominic/repos/github.com/dsisnero/rod/.beads/issues.jsonl
time=2026-02-24T11:30:00.313-07:00 level=INFO msg="Import triggered by file change"
time=2026-02-24T11:30:00.313-07:00 level=INFO msg="Starting %s..." !BADKEY=auto-import
time=2026-02-24T11:30:00.314-07:00 level=INFO msg="Skipping %s: JSONL content unchanged" !BADKEY=auto-import
time=2026-02-24T11:30:05.005-07:00 level=INFO msg="File change detected: %s" !BADKEY=/Users/dominic/repos/github.com/dsisnero/rod/.beads/issues.jsonl
time=2026-02-24T11:30:06.008-07:00 level=INFO msg="Import triggered by file change"
time=2026-02-24T11:30:06.008-07:00 level=INFO msg="Starting %s..." !BADKEY=auto-import
time=2026-02-24T11:30:06.008-07:00 level=INFO msg="Skipping %s: JSONL content unchanged" !BADKEY=auto-import
time=2026-02-24T11:30:10.576-07:00 level=INFO msg="File change detected: %s" !BADKEY=/Users/dominic/repos/github.com/dsisnero/rod/.beads/issues.jsonl
time=2026-02-24T11:30:11.578-07:00 level=INFO msg="Import triggered by file change"
time=2026-02-24T11:30:11.578-07:00 level=INFO msg="Starting %s..." !BADKEY=auto-import
time=2026-02-24T11:30:11.579-07:00 level=INFO msg="Skipping %s: JSONL content unchanged" !BADKEY=auto-import
time=2026-02-24T11:30:16.579-07:00 level=INFO msg="File change detected: %s" !BADKEY=/Users/dominic/repos/github.com/dsisnero/rod/.beads/issues.jsonl
time=2026-02-24T11:30:17.581-07:00 level=INFO msg="Import triggered by file change"
time=2026-02-24T11:30:17.581-07:00 level=INFO msg="Starting %s..." !BADKEY=auto-import
time=2026-02-24T11:30:17.582-07:00 level=INFO msg="Skipping %s: JSONL content unchanged" !BADKEY=auto-import
time=2026-02-24T11:30:22.201-07:00 level=INFO msg="File change detected: %s" !BADKEY=/Users/dominic/repos/github.com/dsisnero/rod/.beads/issues.jsonl
time=2026-02-24T11:30:23.203-07:00 level=INFO msg="Import triggered by file change"
time=2026-02-24T11:30:23.203-07:00 level=INFO msg="Starting %s..." !BADKEY=auto-import
time=2026-02-24T11:30:23.203-07:00 level=INFO msg="Skipping %s: JSONL content unchanged" !BADKEY=auto-import
time=2026-02-24T11:30:27.001-07:00 level=INFO msg="File change detected: %s" !BADKEY=/Users/dominic/repos/github.com/dsisnero/rod/.beads/issues.jsonl
time=2026-02-24T11:30:28.003-07:00 level=INFO msg="Import triggered by file change"
time=2026-02-24T11:30:28.003-07:00 level=INFO msg="Starting %s..." !BADKEY=auto-import
time=2026-02-24T11:30:28.004-07:00 level=INFO msg="Skipping %s: JSONL content unchanged" !BADKEY=auto-import
time=2026-02-24T11:30:34.226-07:00 level=INFO msg="File change detected: %s" !BADKEY=/Users/dominic/repos/github.com/dsisnero/rod/.beads/issues.jsonl
time=2026-02-24T11:30:35.228-07:00 level=INFO msg="Import triggered by file change"
time=2026-02-24T11:30:35.228-07:00 level=INFO msg="Starting %s..." !BADKEY=auto-import
time=2026-02-24T11:30:35.229-07:00 level=INFO msg="Skipping %s: JSONL content unchanged" !BADKEY=auto-import
time=2026-02-24T11:30:39.164-07:00 level=INFO msg="File change detected: %s" !BADKEY=/Users/dominic/repos/github.com/dsisnero/rod/.beads/issues.jsonl
time=2026-02-24T11:30:40.165-07:00 level=INFO msg="Import triggered by file change"
time=2026-02-24T11:30:40.165-07:00 level=INFO msg="Starting %s..." !BADKEY=auto-import
time=2026-02-24T11:30:40.166-07:00 level=INFO msg="Skipping %s: JSONL content unchanged" !BADKEY=auto-import
time=2026-02-24T11:30:45.664-07:00 level=INFO msg="File change detected: %s" !BADKEY=/Users/dominic/repos/github.com/dsisnero/rod/.beads/issues.jsonl
time=2026-02-24T11:30:46.667-07:00 level=INFO msg="Import triggered by file change"
time=2026-02-24T11:30:46.667-07:00 level=INFO msg="Starting %s..." !BADKEY=auto-import
time=2026-02-24T11:30:46.667-07:00 level=INFO msg="Skipping %s: JSONL content unchanged" !BADKEY=auto-import
time=2026-02-24T11:30:51.509-07:00 level=INFO msg="File change detected: %s" !BADKEY=/Users/dominic/repos/github.com/dsisnero/rod/.beads/issues.jsonl
time=2026-02-24T11:30:52.511-07:00 level=INFO msg="Import triggered by file change"
time=2026-02-24T11:30:52.512-07:00 level=INFO msg="Starting %s..." !BADKEY=auto-import
time=2026-02-24T11:30:52.512-07:00 level=INFO msg="Skipping %s: JSONL content unchanged" !BADKEY=auto-import
time=2026-02-24T11:30:56.537-07:00 level=INFO msg="File change detected: %s" !BADKEY=/Users/dominic/repos/github.com/dsisnero/rod/.beads/issues.jsonl
time=2026-02-24T11:30:57.539-07:00 level=INFO msg="Import triggered by file change"
time=2026-02-24T11:30:57.539-07:00 level=INFO msg="Starting %s..." !BADKEY=auto-import
time=2026-02-24T11:30:57.539-07:00 level=INFO msg="Skipping %s: JSONL content unchanged" !BADKEY=auto-import
time=2026-02-24T11:31:01.092-07:00 level=INFO msg="File change detected: %s" !BADKEY=/Users/dominic/repos/github.com/dsisnero/rod/.beads/issues.jsonl
time=2026-02-24T11:31:02.094-07:00 level=INFO msg="Import triggered by file change"
time=2026-02-24T11:31:02.095-07:00 level=INFO msg="Starting %s..." !BADKEY=auto-import
time=2026-02-24T11:31:02.095-07:00 level=INFO msg="Skipping %s: JSONL content unchanged" !BADKEY=auto-import
time=2026-02-24T11:31:06.764-07:00 level=INFO msg="File change detected: %s" !BADKEY=/Users/dominic/repos/github.com/dsisnero/rod/.beads/issues.jsonl
time=2026-02-24T11:31:07.766-07:00 level=INFO msg="Import triggered by file change"
time=2026-02-24T11:31:07.766-07:00 level=INFO msg="Starting %s..." !BADKEY=auto-import
time=2026-02-24T11:31:07.767-07:00 level=INFO msg="Skipping %s: JSONL content unchanged" !BADKEY=auto-import
time=2026-02-24T11:31:11.588-07:00 level=INFO msg="File change detected: %s" !BADKEY=/Users/dominic/repos/github.com/dsisnero/rod/.beads/issues.jsonl
time=2026-02-24T11:31:12.589-07:00 level=INFO msg="Import triggered by file change"
time=2026-02-24T11:31:12.590-07:00 level=INFO msg="Starting %s..." !BADKEY=auto-import
time=2026-02-24T11:31:12.590-07:00 level=INFO msg="Skipping %s: JSONL content unchanged" !BADKEY=auto-import
time=2026-02-24T11:31:19.706-07:00 level=INFO msg="File change detected: %s" !BADKEY=/Users/dominic/repos/github.com/dsisnero/rod/.beads/issues.jsonl
time=2026-02-24T11:31:20.707-07:00 level=INFO msg="Import triggered by file change"
time=2026-02-24T11:31:20.707-07:00 level=INFO msg="Starting %s..." !BADKEY=auto-import
time=2026-02-24T11:31:20.708-07:00 level=INFO msg="Skipping %s: JSONL content unchanged" !BADKEY=auto-import
time=2026-02-24T11:31:25.846-07:00 level=INFO msg="File change detected: %s" !BADKEY=/Users/dominic/repos/github.com/dsisnero/rod/.beads/issues.jsonl
time=2026-02-24T11:31:26.848-07:00 level=INFO msg="Import triggered by file change"
time=2026-02-24T11:31:26.848-07:00 level=INFO msg="Starting %s..." !BADKEY=auto-import
time=2026-02-24T11:31:26.848-07:00 level=INFO msg="Skipping %s: JSONL content unchanged" !BADKEY=auto-import
time=2026-02-24T11:31:31.184-07:00 level=INFO msg="File change detected: %s" !BADKEY=/Users/dominic/repos/github.com/dsisnero/rod/.beads/issues.jsonl
time=2026-02-24T11:31:32.185-07:00 level=INFO msg="Import triggered by file change"
time=2026-02-24T11:31:32.186-07:00 level=INFO msg="Starting %s..." !BADKEY=auto-import
time=2026-02-24T11:31:32.186-07:00 level=INFO msg="Skipping %s: JSONL content unchanged" !BADKEY=auto-import
time=2026-02-24T11:31:37.587-07:00 level=INFO msg="File change detected: %s" !BADKEY=/Users/dominic/repos/github.com/dsisnero/rod/.beads/issues.jsonl
time=2026-02-24T11:31:38.589-07:00 level=INFO msg="Import triggered by file change"
time=2026-02-24T11:31:38.589-07:00 level=INFO msg="Starting %s..." !BADKEY=auto-import
time=2026-02-24T11:31:38.589-07:00 level=INFO msg="Skipping %s: JSONL content unchanged" !BADKEY=auto-import
time=2026-02-24T11:31:44.073-07:00 level=INFO msg="File change detected: %s" !BADKEY=/Users/dominic/repos/github.com/dsisnero/rod/.beads/issues.jsonl
time=2026-02-24T11:31:45.074-07:00 level=INFO msg="Import triggered by file change"
time=2026-02-24T11:31:45.074-07:00 level=INFO msg="Starting %s..." !BADKEY=auto-import
time=2026-02-24T11:31:45.075-07:00 level=INFO msg="Skipping %s: JSONL content unchanged" !BADKEY=auto-import
time=2026-02-24T11:31:52.224-07:00 level=INFO msg="File change detected: %s" !BADKEY=/Users/dominic/repos/github.com/dsisnero/rod/.beads/issues.jsonl
time=2026-02-24T11:31:53.225-07:00 level=INFO msg="Import triggered by file change"
time=2026-02-24T11:31:53.226-07:00 level=INFO msg="Starting %s..." !BADKEY=auto-import
time=2026-02-24T11:31:53.226-07:00 level=INFO msg="Skipping %s: JSONL content unchanged" !BADKEY=auto-import
time=2026-02-24T11:31:57.820-07:00 level=INFO msg="File change detected: %s" !BADKEY=/Users/dominic/repos/github.com/dsisnero/rod/.beads/issues.jsonl
time=2026-02-24T11:31:58.821-07:00 level=INFO msg="Import triggered by file change"
time=2026-02-24T11:31:58.821-07:00 level=INFO msg="Starting %s..." !BADKEY=auto-import
time=2026-02-24T11:31:58.822-07:00 level=INFO msg="Skipping %s: JSONL content unchanged" !BADKEY=auto-import
time=2026-02-24T11:32:07.661-07:00 level=INFO msg="File change detected: %s" !BADKEY=/Users/dominic/repos/github.com/dsisnero/rod/.beads/issues.jsonl
time=2026-02-24T11:32:08.662-07:00 level=INFO msg="Import triggered by file change"
time=2026-02-24T11:32:08.662-07:00 level=INFO msg="Starting %s..." !BADKEY=auto-import
time=2026-02-24T11:32:08.663-07:00 level=INFO msg="Skipping %s: JSONL content unchanged" !BADKEY=auto-import
time=2026-02-24T11:32:13.201-07:00 level=INFO msg="File change detected: %s" !BADKEY=/Users/dominic/repos/github.com/dsisnero/rod/.beads/issues.jsonl
time=2026-02-24T11:32:14.203-07:00 level=INFO msg="Import triggered by file change"
time=2026-02-24T11:32:14.203-07:00 level=INFO msg="Starting %s..." !BADKEY=auto-import
time=2026-02-24T11:32:14.204-07:00 level=INFO msg="Skipping %s: JSONL content unchanged" !BADKEY=auto-import
time=2026-02-24T11:32:20.193-07:00 level=INFO msg="File change detected: %s" !BADKEY=/Users/dominic/repos/github.com/dsisnero/rod/.beads/issues.jsonl
time=2026-02-24T11:32:21.195-07:00 level=INFO msg="Import triggered by file change"
time=2026-02-24T11:32:21.195-07:00 level=INFO msg="Starting %s..." !BADKEY=auto-import
time=2026-02-24T11:32:21.195-07:00 level=INFO msg="Skipping %s: JSONL content unchanged" !BADKEY=auto-import
time=2026-02-24T11:32:25.773-07:00 level=INFO msg="File change detected: %s" !BADKEY=/Users/dominic/repos/github.com/dsisnero/rod/.beads/issues.jsonl
time=2026-02-24T11:32:26.775-07:00 level=INFO msg="Import triggered by file change"
time=2026-02-24T11:32:26.775-07:00 level=INFO msg="Starting %s..." !BADKEY=auto-import
time=2026-02-24T11:32:26.775-07:00 level=INFO msg="Skipping %s: JSONL content unchanged" !BADKEY=auto-import
time=2026-02-24T11:32:31.740-07:00 level=INFO msg="File change detected: %s" !BADKEY=/Users/dominic/repos/github.com/dsisnero/rod/.beads/issues.jsonl
time=2026-02-24T11:32:32.741-07:00 level=INFO msg="Import triggered by file change"
time=2026-02-24T11:32:32.741-07:00 level=INFO msg="Starting %s..." !BADKEY=auto-import
time=2026-02-24T11:32:32.741-07:00 level=INFO msg="Skipping %s: JSONL content unchanged" !BADKEY=auto-import
time=2026-02-24T11:32:37.343-07:00 level=INFO msg="File change detected: %s" !BADKEY=/Users/dominic/repos/github.com/dsisnero/rod/.beads/issues.jsonl
time=2026-02-24T11:32:38.344-07:00 level=INFO msg="Import triggered by file change"
time=2026-02-24T11:32:38.345-07:00 level=INFO msg="Starting %s..." !BADKEY=auto-import
time=2026-02-24T11:32:38.345-07:00 level=INFO msg="Skipping %s: JSONL content unchanged" !BADKEY=auto-import
time=2026-02-24T11:32:42.348-07:00 level=INFO msg="File change detected: %s" !BADKEY=/Users/dominic/repos/github.com/dsisnero/rod/.beads/issues.jsonl
time=2026-02-24T11:32:43.349-07:00 level=INFO msg="Import triggered by file change"
time=2026-02-24T11:32:43.349-07:00 level=INFO msg="Starting %s..." !BADKEY=auto-import
time=2026-02-24T11:32:43.349-07:00 level=INFO msg="Skipping %s: JSONL content unchanged" !BADKEY=auto-import
time=2026-02-24T11:32:52.243-07:00 level=INFO msg="File change detected: %s" !BADKEY=/Users/dominic/repos/github.com/dsisnero/rod/.beads/issues.jsonl
time=2026-02-24T11:32:53.244-07:00 level=INFO msg="Import triggered by file change"
time=2026-02-24T11:32:53.244-07:00 level=INFO msg="Starting %s..." !BADKEY=auto-import
time=2026-02-24T11:32:53.245-07:00 level=INFO msg="Skipping %s: JSONL content unchanged" !BADKEY=auto-import
time=2026-02-24T11:33:01.306-07:00 level=INFO msg="File change detected: %s" !BADKEY=/Users/dominic/repos/github.com/dsisnero/rod/.beads/issues.jsonl
time=2026-02-24T11:33:02.309-07:00 level=INFO msg="Import triggered by file change"
time=2026-02-24T11:33:02.309-07:00 level=INFO msg="Starting %s..." !BADKEY=auto-import
time=2026-02-24T11:33:02.309-07:00 level=INFO msg="Skipping %s: JSONL content unchanged" !BADKEY=auto-import
time=2026-02-24T11:33:06.471-07:00 level=INFO msg="File change detected: %s" !BADKEY=/Users/dominic/repos/github.com/dsisnero/rod/.beads/issues.jsonl
time=2026-02-24T11:33:07.472-07:00 level=INFO msg="Import triggered by file change"
time=2026-02-24T11:33:07.473-07:00 level=INFO msg="Starting %s..." !BADKEY=auto-import
time=2026-02-24T11:33:07.473-07:00 level=INFO msg="Skipping %s: JSONL content unchanged" !BADKEY=auto-import
time=2026-02-24T11:33:12.943-07:00 level=INFO msg="File change detected: %s" !BADKEY=/Users/dominic/repos/github.com/dsisnero/rod/.beads/issues.jsonl
time=2026-02-24T11:33:13.945-07:00 level=INFO msg="Import triggered by file change"
time=2026-02-24T11:33:13.946-07:00 level=INFO msg="Starting %s..." !BADKEY=auto-import
time=2026-02-24T11:33:13.946-07:00 level=INFO msg="Skipping %s: JSONL content unchanged" !BADKEY=auto-import
time=2026-02-24T11:33:18.150-07:00 level=INFO msg="File change detected: %s" !BADKEY=/Users/dominic/repos/github.com/dsisnero/rod/.beads/issues.jsonl
time=2026-02-24T11:33:19.152-07:00 level=INFO msg="Import triggered by file change"
time=2026-02-24T11:33:19.152-07:00 level=INFO msg="Starting %s..." !BADKEY=auto-import
time=2026-02-24T11:33:19.152-07:00 level=INFO msg="Skipping %s: JSONL content unchanged" !BADKEY=auto-import
time=2026-02-24T11:33:26.854-07:00 level=INFO msg="File change detected: %s" !BADKEY=/Users/dominic/repos/github.com/dsisnero/rod/.beads/issues.jsonl
time=2026-02-24T11:33:27.854-07:00 level=INFO msg="Import triggered by file change"
time=2026-02-24T11:33:27.854-07:00 level=INFO msg="Starting %s..." !BADKEY=auto-import
time=2026-02-24T11:33:27.854-07:00 level=INFO msg="Skipping %s: JSONL content unchanged" !BADKEY=auto-import
time=2026-02-24T11:33:33.706-07:00 level=INFO msg="File change detected: %s" !BADKEY=/Users/dominic/repos/github.com/dsisnero/rod/.beads/issues.jsonl
time=2026-02-24T11:33:34.708-07:00 level=INFO msg="Import triggered by file change"
time=2026-02-24T11:33:34.708-07:00 level=INFO msg="Starting %s..." !BADKEY=auto-import
time=2026-02-24T11:33:34.709-07:00 level=INFO msg="Skipping %s: JSONL content unchanged" !BADKEY=auto-import
time=2026-02-24T11:33:39.225-07:00 level=INFO msg="File change detected: %s" !BADKEY=/Users/dominic/repos/github.com/dsisnero/rod/.beads/issues.jsonl
time=2026-02-24T11:33:40.227-07:00 level=INFO msg="Import triggered by file change"
time=2026-02-24T11:33:40.228-07:00 level=INFO msg="Starting %s..." !BADKEY=auto-import
time=2026-02-24T11:33:40.228-07:00 level=INFO msg="Skipping %s: JSONL content unchanged" !BADKEY=auto-import
time=2026-02-24T11:34:01.135-07:00 level=INFO msg="File change detected: %s" !BADKEY=/Users/dominic/repos/github.com/dsisnero/rod/.beads/issues.jsonl
time=2026-02-24T11:34:02.137-07:00 level=INFO msg="Import triggered by file change"
time=2026-02-24T11:34:02.137-07:00 level=INFO msg="Starting %s..." !BADKEY=auto-import
time=2026-02-24T11:34:02.137-07:00 level=INFO msg="Skipping %s: JSONL content unchanged" !BADKEY=auto-import
time=2026-02-24T11:34:25.373-07:00 level=INFO msg="File change detected: %s" !BADKEY=/Users/dominic/repos/github.com/dsisnero/rod/.beads/issues.jsonl
time=2026-02-24T11:34:26.375-07:00 level=INFO msg="Import triggered by file change"
time=2026-02-24T11:34:26.375-07:00 level=INFO msg="Starting %s..." !BADKEY=auto-import
time=2026-02-24T11:34:26.375-07:00 level=INFO msg="Skipping %s: JSONL content unchanged" !BADKEY=auto-import
time=2026-02-24T11:34:30.550-07:00 level=INFO msg="File change detected: %s" !BADKEY=/Users/dominic/repos/github.com/dsisnero/rod/.beads/issues.jsonl
time=2026-02-24T11:34:31.552-07:00 level=INFO msg="Import triggered by file change"
time=2026-02-24T11:34:31.552-07:00 level=INFO msg="Starting %s..." !BADKEY=auto-import
time=2026-02-24T11:34:31.553-07:00 level=INFO msg="Skipping %s: JSONL content unchanged" !BADKEY=auto-import
time=2026-02-24T11:34:41.223-07:00 level=INFO msg="File change detected: %s" !BADKEY=/Users/dominic/repos/github.com/dsisnero/rod/.beads/issues.jsonl
time=2026-02-24T11:34:42.225-07:00 level=INFO msg="Import triggered by file change"
time=2026-02-24T11:34:42.225-07:00 level=INFO msg="Starting %s..." !BADKEY=auto-import
time=2026-02-24T11:34:42.225-07:00 level=INFO msg="Skipping %s: JSONL content unchanged" !BADKEY=auto-import
time=2026-02-24T11:34:57.710-07:00 level=INFO msg="File change detected: %s" !BADKEY=/Users/dominic/repos/github.com/dsisnero/rod/.beads/issues.jsonl
time=2026-02-24T11:34:58.712-07:00 level=INFO msg="Import triggered by file change"
time=2026-02-24T11:34:58.712-07:00 level=INFO msg="Starting %s..." !BADKEY=auto-import
time=2026-02-24T11:34:58.713-07:00 level=INFO msg="Skipping %s: JSONL content unchanged" !BADKEY=auto-import
time=2026-02-24T11:35:33.801-07:00 level=INFO msg="File change detected: %s" !BADKEY=/Users/dominic/repos/github.com/dsisnero/rod/.beads/issues.jsonl
time=2026-02-24T11:35:34.802-07:00 level=INFO msg="Import triggered by file change"
time=2026-02-24T11:35:34.802-07:00 level=INFO msg="Starting %s..." !BADKEY=auto-import
time=2026-02-24T11:35:34.803-07:00 level=INFO msg="Skipping %s: JSONL content unchanged" !BADKEY=auto-import
time=2026-02-24T11:35:38.932-07:00 level=INFO msg="File change detected: %s" !BADKEY=/Users/dominic/repos/github.com/dsisnero/rod/.beads/issues.jsonl
time=2026-02-24T11:35:39.934-07:00 level=INFO msg="Import triggered by file change"
time=2026-02-24T11:35:39.934-07:00 level=INFO msg="Starting %s..." !BADKEY=auto-import
time=2026-02-24T11:35:39.935-07:00 level=INFO msg="Skipping %s: JSONL content unchanged" !BADKEY=auto-import
time=2026-02-24T11:35:44.585-07:00 level=INFO msg="File change detected: %s" !BADKEY=/Users/dominic/repos/github.com/dsisnero/rod/.beads/issues.jsonl
time=2026-02-24T11:35:45.587-07:00 level=INFO msg="Import triggered by file change"
time=2026-02-24T11:35:45.587-07:00 level=INFO msg="Starting %s..." !BADKEY=auto-import
time=2026-02-24T11:35:45.588-07:00 level=INFO msg="Skipping %s: JSONL content unchanged" !BADKEY=auto-import
time=2026-02-24T11:35:50.446-07:00 level=INFO msg="File change detected: %s" !BADKEY=/Users/dominic/repos/github.com/dsisnero/rod/.beads/issues.jsonl
time=2026-02-24T11:35:51.449-07:00 level=INFO msg="Import triggered by file change"
time=2026-02-24T11:35:51.449-07:00 level=INFO msg="Starting %s..." !BADKEY=auto-import
time=2026-02-24T11:35:51.449-07:00 level=INFO msg="Skipping %s: JSONL content unchanged" !BADKEY=auto-import
time=2026-02-24T11:35:56.566-07:00 level=INFO msg="File change detected: %s" !BADKEY=/Users/dominic/repos/github.com/dsisnero/rod/.beads/issues.jsonl
time=2026-02-24T11:35:57.567-07:00 level=INFO msg="Import triggered by file change"
time=2026-02-24T11:35:57.568-07:00 level=INFO msg="Starting %s..." !BADKEY=auto-import
time=2026-02-24T11:35:57.568-07:00 level=INFO msg="Skipping %s: JSONL content unchanged" !BADKEY=auto-import
time=2026-02-24T11:36:14.474-07:00 level=INFO msg="File change detected: %s" !BADKEY=/Users/dominic/repos/github.com/dsisnero/rod/.beads/issues.jsonl
time=2026-02-24T11:36:15.476-07:00 level=INFO msg="Import triggered by file change"
time=2026-02-24T11:36:15.477-07:00 level=INFO msg="Starting %s..." !BADKEY=auto-import
time=2026-02-24T11:36:15.477-07:00 level=INFO msg="Skipping %s: JSONL content unchanged" !BADKEY=auto-import
time=2026-02-24T11:36:30.967-07:00 level=INFO msg="File change detected: %s" !BADKEY=/Users/dominic/repos/github.com/dsisnero/rod/.beads/issues.jsonl
time=2026-02-24T11:36:31.969-07:00 level=INFO msg="Import triggered by file change"
time=2026-02-24T11:36:31.970-07:00 level=INFO msg="Starting %s..." !BADKEY=auto-import
time=2026-02-24T11:36:31.970-07:00 level=INFO msg="Skipping %s: JSONL content unchanged" !BADKEY=auto-import
time=2026-02-24T11:37:09.201-07:00 level=INFO msg="File change detected: %s" !BADKEY=/Users/dominic/repos/github.com/dsisnero/rod/.beads/issues.jsonl
time=2026-02-24T11:37:10.203-07:00 level=INFO msg="Import triggered by file change"
time=2026-02-24T11:37:10.203-07:00 level=INFO msg="Starting %s..." !BADKEY=auto-import
time=2026-02-24T11:37:10.203-07:00 level=INFO msg="Skipping %s: JSONL content unchanged" !BADKEY=auto-import
time=2026-02-24T11:37:19.088-07:00 level=INFO msg="File change detected: %s" !BADKEY=/Users/dominic/repos/github.com/dsisnero/rod/.beads/issues.jsonl
time=2026-02-24T11:37:20.089-07:00 level=INFO msg="Import triggered by file change"
time=2026-02-24T11:37:20.089-07:00 level=INFO msg="Starting %s..." !BADKEY=auto-import
time=2026-02-24T11:37:20.090-07:00 level=INFO msg="Skipping %s: JSONL content unchanged" !BADKEY=auto-import
time=2026-02-24T11:37:30.701-07:00 level=INFO msg="File change detected: %s" !BADKEY=/Users/dominic/repos/github.com/dsisnero/rod/.beads/issues.jsonl
time=2026-02-24T11:37:31.703-07:00 level=INFO msg="Import triggered by file change"
time=2026-02-24T11:37:31.703-07:00 level=INFO msg="Starting %s..." !BADKEY=auto-import
time=2026-02-24T11:37:31.704-07:00 level=INFO msg="Skipping %s: JSONL content unchanged" !BADKEY=auto-import
time=2026-02-24T11:37:37.011-07:00 level=INFO msg="File change detected: %s" !BADKEY=/Users/dominic/repos/github.com/dsisnero/rod/.beads/issues.jsonl
time=2026-02-24T11:37:38.014-07:00 level=INFO msg="Import triggered by file change"
time=2026-02-24T11:37:38.014-07:00 level=INFO msg="Starting %s..." !BADKEY=auto-import
time=2026-02-24T11:37:38.015-07:00 level=INFO msg="Skipping %s: JSONL content unchanged" !BADKEY=auto-import
time=2026-02-24T11:37:47.087-07:00 level=INFO msg="File change detected: %s" !BADKEY=/Users/dominic/repos/github.com/dsisnero/rod/.beads/issues.jsonl
time=2026-02-24T11:37:48.089-07:00 level=INFO msg="Import triggered by file change"
time=2026-02-24T11:37:48.090-07:00 level=INFO msg="Starting %s..." !BADKEY=auto-import
time=2026-02-24T11:37:48.090-07:00 level=INFO msg="Skipping %s: JSONL content unchanged" !BADKEY=auto-import
time=2026-02-24T11:37:55.852-07:00 level=INFO msg="File change detected: %s" !BADKEY=/Users/dominic/repos/github.com/dsisnero/rod/.beads/issues.jsonl
time=2026-02-24T11:37:56.853-07:00 level=INFO msg="Import triggered by file change"
time=2026-02-24T11:37:56.854-07:00 level=INFO msg="Starting %s..." !BADKEY=auto-import
time=2026-02-24T11:37:56.854-07:00 level=INFO msg="Skipping %s: JSONL content unchanged" !BADKEY=auto-import
time=2026-02-24T11:38:04.819-07:00 level=INFO msg="File change detected: %s" !BADKEY=/Users/dominic/repos/github.com/dsisnero/rod/.beads/issues.jsonl
time=2026-02-24T11:38:05.821-07:00 level=INFO msg="Import triggered by file change"
time=2026-02-24T11:38:05.821-07:00 level=INFO msg="Starting %s..." !BADKEY=auto-import
time=2026-02-24T11:38:05.821-07:00 level=INFO msg="Skipping %s: JSONL content unchanged" !BADKEY=auto-import
time=2026-02-24T11:38:13.123-07:00 level=INFO msg="File change detected: %s" !BADKEY=/Users/dominic/repos/github.com/dsisnero/rod/.beads/issues.jsonl
time=2026-02-24T11:38:14.125-07:00 level=INFO msg="Import triggered by file change"
time=2026-02-24T11:38:14.125-07:00 level=INFO msg="Starting %s..." !BADKEY=auto-import
time=2026-02-24T11:38:14.126-07:00 level=INFO msg="Skipping %s: JSONL content unchanged" !BADKEY=auto-import
time=2026-02-24T11:38:25.486-07:00 level=INFO msg="File change detected: %s" !BADKEY=/Users/dominic/repos/github.com/dsisnero/rod/.beads/issues.jsonl
time=2026-02-24T11:38:26.488-07:00 level=INFO msg="Import triggered by file change"
time=2026-02-24T11:38:26.488-07:00 level=INFO msg="Starting %s..." !BADKEY=auto-import
time=2026-02-24T11:38:26.489-07:00 level=INFO msg="Skipping %s: JSONL content unchanged" !BADKEY=auto-import
time=2026-02-24T11:38:31.602-07:00 level=INFO msg="File change detected: %s" !BADKEY=/Users/dominic/repos/github.com/dsisnero/rod/.beads/issues.jsonl
time=2026-02-24T11:38:32.604-07:00 level=INFO msg="Import triggered by file change"
time=2026-02-24T11:38:32.604-07:00 level=INFO msg="Starting %s..." !BADKEY=auto-import
time=2026-02-24T11:38:32.604-07:00 level=INFO msg="Skipping %s: JSONL content unchanged" !BADKEY=auto-import
time=2026-02-24T11:38:53.877-07:00 level=INFO msg="File change detected: %s" !BADKEY=/Users/dominic/repos/github.com/dsisnero/rod/.beads/issues.jsonl
time=2026-02-24T11:38:54.878-07:00 level=INFO msg="Import triggered by file change"
time=2026-02-24T11:38:54.879-07:00 level=INFO msg="Starting %s..." !BADKEY=auto-import
time=2026-02-24T11:38:54.879-07:00 level=INFO msg="Skipping %s: JSONL content unchanged" !BADKEY=auto-import
time=2026-02-24T11:39:18.158-07:00 level=INFO msg="File change detected: %s" !BADKEY=/Users/dominic/repos/github.com/dsisnero/rod/.beads/issues.jsonl
time=2026-02-24T11:39:19.160-07:00 level=INFO msg="Import triggered by file change"
time=2026-02-24T11:39:19.160-07:00 level=INFO msg="Starting %s..." !BADKEY=auto-import
time=2026-02-24T11:39:19.160-07:00 level=INFO msg="Skipping %s: JSONL content unchanged" !BADKEY=auto-import
time=2026-02-24T11:39:33.713-07:00 level=INFO msg="File change detected: %s" !BADKEY=/Users/dominic/repos/github.com/dsisnero/rod/.beads/issues.jsonl
time=2026-02-24T11:39:34.714-07:00 level=INFO msg="Import triggered by file change"
time=2026-02-24T11:39:34.715-07:00 level=INFO msg="Starting %s..." !BADKEY=auto-import
time=2026-02-24T11:39:34.715-07:00 level=INFO msg="Skipping %s: JSONL content unchanged" !BADKEY=auto-import
time=2026-02-24T11:39:38.975-07:00 level=INFO msg="File change detected: %s" !BADKEY=/Users/dominic/repos/github.com/dsisnero/rod/.beads/issues.jsonl
time=2026-02-24T11:39:39.977-07:00 level=INFO msg="Import triggered by file change"
time=2026-02-24T11:39:39.977-07:00 level=INFO msg="Starting %s..." !BADKEY=auto-import
time=2026-02-24T11:39:39.978-07:00 level=INFO msg="Skipping %s: JSONL content unchanged" !BADKEY=auto-import
time=2026-02-24T11:39:54.012-07:00 level=INFO msg="File change detected: %s" !BADKEY=/Users/dominic/repos/github.com/dsisnero/rod/.beads/issues.jsonl
time=2026-02-24T11:39:55.014-07:00 level=INFO msg="Import triggered by file change"
time=2026-02-24T11:39:55.014-07:00 level=INFO msg="Starting %s..." !BADKEY=auto-import
time=2026-02-24T11:39:55.015-07:00 level=INFO msg="Skipping %s: JSONL content unchanged" !BADKEY=auto-import
time=2026-02-24T11:41:59.835-07:00 level=INFO msg="File change detected: %s" !BADKEY=/Users/dominic/repos/github.com/dsisnero/rod/.beads/issues.jsonl
time=2026-02-24T11:42:00.836-07:00 level=INFO msg="Import triggered by file change"
time=2026-02-24T11:42:00.837-07:00 level=INFO msg="Starting %s..." !BADKEY=auto-import
time=2026-02-24T11:42:00.837-07:00 level=INFO msg="Skipping %s: JSONL content unchanged" !BADKEY=auto-import
time=2026-02-24T11:42:06.820-07:00 level=INFO msg="File change detected: %s" !BADKEY=/Users/dominic/repos/github.com/dsisnero/rod/.beads/issues.jsonl
time=2026-02-24T11:42:07.821-07:00 level=INFO msg="Import triggered by file change"
time=2026-02-24T11:42:07.822-07:00 level=INFO msg="Starting %s..." !BADKEY=auto-import
time=2026-02-24T11:42:07.822-07:00 level=INFO msg="Skipping %s: JSONL content unchanged" !BADKEY=auto-import
time=2026-02-24T11:42:18.696-07:00 level=INFO msg="File change detected: %s" !BADKEY=/Users/dominic/repos/github.com/dsisnero/rod/.beads/issues.jsonl
time=2026-02-24T11:42:19.697-07:00 level=INFO msg="Import triggered by file change"
time=2026-02-24T11:42:19.698-07:00 level=INFO msg="Starting %s..." !BADKEY=auto-import
time=2026-02-24T11:42:19.698-07:00 level=INFO msg="Skipping %s: JSONL content unchanged" !BADKEY=auto-import
time=2026-02-24T11:42:25.310-07:00 level=INFO msg="File change detected: %s" !BADKEY=/Users/dominic/repos/github.com/dsisnero/rod/.beads/issues.jsonl
time=2026-02-24T11:42:26.312-07:00 level=INFO msg="Import triggered by file change"
time=2026-02-24T11:42:26.312-07:00 level=INFO msg="Starting %s..." !BADKEY=auto-import
time=2026-02-24T11:42:26.312-07:00 level=INFO msg="Skipping %s: JSONL content unchanged" !BADKEY=auto-import
time=2026-02-24T11:42:33.630-07:00 level=INFO msg="File change detected: %s" !BADKEY=/Users/dominic/repos/github.com/dsisnero/rod/.beads/issues.jsonl
time=2026-02-24T11:42:34.632-07:00 level=INFO msg="Import triggered by file change"
time=2026-02-24T11:42:34.632-07:00 level=INFO msg="Starting %s..." !BADKEY=auto-import
time=2026-02-24T11:42:34.633-07:00 level=INFO msg="Skipping %s: JSONL content unchanged" !BADKEY=auto-import
time=2026-02-24T11:42:51.128-07:00 level=INFO msg="File change detected: %s" !BADKEY=/Users/dominic/repos/github.com/dsisnero/rod/.beads/issues.jsonl
time=2026-02-24T11:42:52.131-07:00 level=INFO msg="Import triggered by file change"
time=2026-02-24T11:42:52.132-07:00 level=INFO msg="Starting %s..." !BADKEY=auto-import
time=2026-02-24T11:42:52.133-07:00 level=INFO msg="Skipping %s: JSONL content unchanged" !BADKEY=auto-import
time=2026-02-24T19:17:27.059-07:00 level=INFO msg="File change detected: %s" !BADKEY=/Users/dominic/repos/github.com/dsisnero/rod/.beads/issues.jsonl
time=2026-02-24T19:17:28.061-07:00 level=INFO msg="Import triggered by file change"
time=2026-02-24T19:17:28.062-07:00 level=INFO msg="Starting %s..." !BADKEY=auto-import
time=2026-02-24T19:17:28.062-07:00 level=INFO msg="Skipping %s: JSONL content unchanged" !BADKEY=auto-import
time=2026-02-24T19:17:40.575-07:00 level=INFO msg="File change detected: %s" !BADKEY=/Users/dominic/repos/github.com/dsisnero/rod/.beads/issues.jsonl
time=2026-02-24T19:17:41.577-07:00 level=INFO msg="Import triggered by file change"
time=2026-02-24T19:17:41.577-07:00 level=INFO msg="Starting %s..." !BADKEY=auto-import
time=2026-02-24T19:17:41.578-07:00 level=INFO msg="Skipping %s: JSONL content unchanged" !BADKEY=auto-import
time=2026-02-24T19:17:45.568-07:00 level=INFO msg="File change detected: %s" !BADKEY=/Users/dominic/repos/github.com/dsisnero/rod/.beads/issues.jsonl
time=2026-02-24T19:17:46.570-07:00 level=INFO msg="Import triggered by file change"
time=2026-02-24T19:17:46.570-07:00 level=INFO msg="Starting %s..." !BADKEY=auto-import
time=2026-02-24T19:17:46.570-07:00 level=INFO msg="Skipping %s: JSONL content unchanged" !BADKEY=auto-import
time=2026-02-24T19:17:51.064-07:00 level=INFO msg="File change detected: %s" !BADKEY=/Users/dominic/repos/github.com/dsisnero/rod/.beads/issues.jsonl
time=2026-02-24T19:17:52.066-07:00 level=INFO msg="Import triggered by file change"
time=2026-02-24T19:17:52.067-07:00 level=INFO msg="Starting %s..." !BADKEY=auto-import
time=2026-02-24T19:17:52.067-07:00 level=INFO msg="Skipping %s: JSONL content unchanged" !BADKEY=auto-import
time=2026-02-24T19:17:56.293-07:00 level=INFO msg="File change detected: %s" !BADKEY=/Users/dominic/repos/github.com/dsisnero/rod/.beads/issues.jsonl
time=2026-02-24T19:17:57.295-07:00 level=INFO msg="Import triggered by file change"
time=2026-02-24T19:17:57.296-07:00 level=INFO msg="Starting %s..." !BADKEY=auto-import
time=2026-02-24T19:17:57.296-07:00 level=INFO msg="Skipping %s: JSONL content unchanged" !BADKEY=auto-import
time=2026-02-24T19:18:01.277-07:00 level=INFO msg="File change detected: %s" !BADKEY=/Users/dominic/repos/github.com/dsisnero/rod/.beads/issues.jsonl
time=2026-02-24T19:18:02.278-07:00 level=INFO msg="Import triggered by file change"
time=2026-02-24T19:18:02.278-07:00 level=INFO msg="Starting %s..." !BADKEY=auto-import
time=2026-02-24T19:18:02.278-07:00 level=INFO msg="Skipping %s: JSONL content unchanged" !BADKEY=auto-import
time=2026-02-24T19:18:08.064-07:00 level=INFO msg="File change detected: %s" !BADKEY=/Users/dominic/repos/github.com/dsisnero/rod/.beads/issues.jsonl
time=2026-02-24T19:18:09.066-07:00 level=INFO msg="Import triggered by file change"
time=2026-02-24T19:18:09.066-07:00 level=INFO msg="Starting %s..." !BADKEY=auto-import
time=2026-02-24T19:18:09.066-07:00 level=INFO msg="Skipping %s: JSONL content unchanged" !BADKEY=auto-import
time=2026-02-24T19:18:14.101-07:00 level=INFO msg="File change detected: %s" !BADKEY=/Users/dominic/repos/github.com/dsisnero/rod/.beads/issues.jsonl
time=2026-02-24T19:18:15.103-07:00 level=INFO msg="Import triggered by file change"
time=2026-02-24T19:18:15.103-07:00 level=INFO msg="Starting %s..." !BADKEY=auto-import
time=2026-02-24T19:18:15.103-07:00 level=INFO msg="Skipping %s: JSONL content unchanged" !BADKEY=auto-import
time=2026-02-24T19:18:22.643-07:00 level=INFO msg="File change detected: %s" !BADKEY=/Users/dominic/repos/github.com/dsisnero/rod/.beads/issues.jsonl
time=2026-02-24T19:18:23.644-07:00 level=INFO msg="Import triggered by file change"
time=2026-02-24T19:18:23.644-07:00 level=INFO msg="Starting %s..." !BADKEY=auto-import
time=2026-02-24T19:18:23.644-07:00 level=INFO msg="Skipping %s: JSONL content unchanged" !BADKEY=auto-import
time=2026-02-24T19:18:27.506-07:00 level=INFO msg="File change detected: %s" !BADKEY=/Users/dominic/repos/github.com/dsisnero/rod/.beads/issues.jsonl
time=2026-02-24T19:18:28.508-07:00 level=INFO msg="Import triggered by file change"
time=2026-02-24T19:18:28.508-07:00 level=INFO msg="Starting %s..." !BADKEY=auto-import
time=2026-02-24T19:18:28.508-07:00 level=INFO msg="Skipping %s: JSONL content unchanged" !BADKEY=auto-import
time=2026-02-24T19:18:32.556-07:00 level=INFO msg="File change detected: %s" !BADKEY=/Users/dominic/repos/github.com/dsisnero/rod/.beads/issues.jsonl
time=2026-02-24T19:18:33.557-07:00 level=INFO msg="Import triggered by file change"
time=2026-02-24T19:18:33.558-07:00 level=INFO msg="Starting %s..." !BADKEY=auto-import
time=2026-02-24T19:18:33.558-07:00 level=INFO msg="Skipping %s: JSONL content unchanged" !BADKEY=auto-import
time=2026-02-24T19:18:37.346-07:00 level=INFO msg="File change detected: %s" !BADKEY=/Users/dominic/repos/github.com/dsisnero/rod/.beads/issues.jsonl
time=2026-02-24T19:18:38.354-07:00 level=INFO msg="Import triggered by file change"
time=2026-02-24T19:18:38.354-07:00 level=INFO msg="Starting %s..." !BADKEY=auto-import
time=2026-02-24T19:18:38.354-07:00 level=INFO msg="Skipping %s: JSONL content unchanged" !BADKEY=auto-import
time=2026-02-24T19:18:44.189-07:00 level=INFO msg="File change detected: %s" !BADKEY=/Users/dominic/repos/github.com/dsisnero/rod/.beads/issues.jsonl
time=2026-02-24T19:18:45.190-07:00 level=INFO msg="Import triggered by file change"
time=2026-02-24T19:18:45.191-07:00 level=INFO msg="Starting %s..." !BADKEY=auto-import
time=2026-02-24T19:18:45.191-07:00 level=INFO msg="Skipping %s: JSONL content unchanged" !BADKEY=auto-import
time=2026-02-24T19:18:51.132-07:00 level=INFO msg="File change detected: %s" !BADKEY=/Users/dominic/repos/github.com/dsisnero/rod/.beads/issues.jsonl
time=2026-02-24T19:18:52.133-07:00 level=INFO msg="Import triggered by file change"
time=2026-02-24T19:18:52.133-07:00 level=INFO msg="Starting %s..." !BADKEY=auto-import
time=2026-02-24T19:18:52.133-07:00 level=INFO msg="Skipping %s: JSONL content unchanged" !BADKEY=auto-import
time=2026-02-24T19:18:56.787-07:00 level=INFO msg="File change detected: %s" !BADKEY=/Users/dominic/repos/github.com/dsisnero/rod/.beads/issues.jsonl
time=2026-02-24T19:18:57.789-07:00 level=INFO msg="Import triggered by file change"
time=2026-02-24T19:18:57.789-07:00 level=INFO msg="Starting %s..." !BADKEY=auto-import
time=2026-02-24T19:18:57.790-07:00 level=INFO msg="Skipping %s: JSONL content unchanged" !BADKEY=auto-import
time=2026-02-24T19:19:03.776-07:00 level=INFO msg="File change detected: %s" !BADKEY=/Users/dominic/repos/github.com/dsisnero/rod/.beads/issues.jsonl
time=2026-02-24T19:19:04.778-07:00 level=INFO msg="Import triggered by file change"
time=2026-02-24T19:19:04.778-07:00 level=INFO msg="Starting %s..." !BADKEY=auto-import
time=2026-02-24T19:19:04.778-07:00 level=INFO msg="Skipping %s: JSONL content unchanged" !BADKEY=auto-import
time=2026-02-24T19:19:17.704-07:00 level=INFO msg="File change detected: %s" !BADKEY=/Users/dominic/repos/github.com/dsisnero/rod/.beads/issues.jsonl
time=2026-02-24T19:19:18.705-07:00 level=INFO msg="Import triggered by file change"
time=2026-02-24T19:19:18.705-07:00 level=INFO msg="Starting %s..." !BADKEY=auto-import
time=2026-02-24T19:19:18.705-07:00 level=INFO msg="Skipping %s: JSONL content unchanged" !BADKEY=auto-import
time=2026-02-24T19:19:24.143-07:00 level=INFO msg="File change detected: %s" !BADKEY=/Users/dominic/repos/github.com/dsisnero/rod/.beads/issues.jsonl
time=2026-02-24T19:19:25.145-07:00 level=INFO msg="Import triggered by file change"
time=2026-02-24T19:19:25.145-07:00 level=INFO msg="Starting %s..." !BADKEY=auto-import
time=2026-02-24T19:19:25.145-07:00 level=INFO msg="Skipping %s: JSONL content unchanged" !BADKEY=auto-import
time=2026-02-24T19:19:29.745-07:00 level=INFO msg="File change detected: %s" !BADKEY=/Users/dominic/repos/github.com/dsisnero/rod/.beads/issues.jsonl
time=2026-02-24T19:19:30.747-07:00 level=INFO msg="Import triggered by file change"
time=2026-02-24T19:19:30.748-07:00 level=INFO msg="Starting %s..." !BADKEY=auto-import
time=2026-02-24T19:19:30.748-07:00 level=INFO msg="Skipping %s: JSONL content unchanged" !BADKEY=auto-import
time=2026-02-24T19:19:34.375-07:00 level=INFO msg="File change detected: %s" !BADKEY=/Users/dominic/repos/github.com/dsisnero/rod/.beads/issues.jsonl
time=2026-02-24T19:19:35.376-07:00 level=INFO msg="Import triggered by file change"
time=2026-02-24T19:19:35.376-07:00 level=INFO msg="Starting %s..." !BADKEY=auto-import
time=2026-02-24T19:19:35.377-07:00 level=INFO msg="Skipping %s: JSONL content unchanged" !BADKEY=auto-import
time=2026-02-24T19:19:39.194-07:00 level=INFO msg="File change detected: %s" !BADKEY=/Users/dominic/repos/github.com/dsisnero/rod/.beads/issues.jsonl
time=2026-02-24T19:19:40.196-07:00 level=INFO msg="Import triggered by file change"
time=2026-02-24T19:19:40.197-07:00 level=INFO msg="Starting %s..." !BADKEY=auto-import
time=2026-02-24T19:19:40.197-07:00 level=INFO msg="Skipping %s: JSONL content unchanged" !BADKEY=auto-import
time=2026-02-24T19:19:46.052-07:00 level=INFO msg="File change detected: %s" !BADKEY=/Users/dominic/repos/github.com/dsisnero/rod/.beads/issues.jsonl
time=2026-02-24T19:19:47.054-07:00 level=INFO msg="Import triggered by file change"
time=2026-02-24T19:19:47.054-07:00 level=INFO msg="Starting %s..." !BADKEY=auto-import
time=2026-02-24T19:19:47.054-07:00 level=INFO msg="Skipping %s: JSONL content unchanged" !BADKEY=auto-import
time=2026-02-24T19:19:51.600-07:00 level=INFO msg="File change detected: %s" !BADKEY=/Users/dominic/repos/github.com/dsisnero/rod/.beads/issues.jsonl
time=2026-02-24T19:19:52.602-07:00 level=INFO msg="Import triggered by file change"
time=2026-02-24T19:19:52.602-07:00 level=INFO msg="Starting %s..." !BADKEY=auto-import
time=2026-02-24T19:19:52.602-07:00 level=INFO msg="Skipping %s: JSONL content unchanged" !BADKEY=auto-import
time=2026-02-24T19:19:59.888-07:00 level=INFO msg="File change detected: %s" !BADKEY=/Users/dominic/repos/github.com/dsisnero/rod/.beads/issues.jsonl
time=2026-02-24T19:20:00.889-07:00 level=INFO msg="Import triggered by file change"
time=2026-02-24T19:20:00.889-07:00 level=INFO msg="Starting %s..." !BADKEY=auto-import
time=2026-02-24T19:20:00.890-07:00 level=INFO msg="Skipping %s: JSONL content unchanged" !BADKEY=auto-import
time=2026-02-24T19:20:05.082-07:00 level=INFO msg="File change detected: %s" !BADKEY=/Users/dominic/repos/github.com/dsisnero/rod/.beads/issues.jsonl
time=2026-02-24T19:20:06.085-07:00 level=INFO msg="Import triggered by file change"
time=2026-02-24T19:20:06.085-07:00 level=INFO msg="Starting %s..." !BADKEY=auto-import
time=2026-02-24T19:20:06.085-07:00 level=INFO msg="Skipping %s: JSONL content unchanged" !BADKEY=auto-import
time=2026-02-24T19:20:10.832-07:00 level=INFO msg="File change detected: %s" !BADKEY=/Users/dominic/repos/github.com/dsisnero/rod/.beads/issues.jsonl
time=2026-02-24T19:20:11.834-07:00 level=INFO msg="Import triggered by file change"
time=2026-02-24T19:20:11.834-07:00 level=INFO msg="Starting %s..." !BADKEY=auto-import
time=2026-02-24T19:20:11.835-07:00 level=INFO msg="Skipping %s: JSONL content unchanged" !BADKEY=auto-import
time=2026-02-24T19:20:16.326-07:00 level=INFO msg="File change detected: %s" !BADKEY=/Users/dominic/repos/github.com/dsisnero/rod/.beads/issues.jsonl
time=2026-02-24T19:20:17.328-07:00 level=INFO msg="Import triggered by file change"
time=2026-02-24T19:20:17.328-07:00 level=INFO msg="Starting %s..." !BADKEY=auto-import
time=2026-02-24T19:20:17.329-07:00 level=INFO msg="Skipping %s: JSONL content unchanged" !BADKEY=auto-import
time=2026-02-24T19:20:56.783-07:00 level=INFO msg="File change detected: %s" !BADKEY=/Users/dominic/repos/github.com/dsisnero/rod/.beads/issues.jsonl
time=2026-02-24T19:20:57.785-07:00 level=INFO msg="Import triggered by file change"
time=2026-02-24T19:20:57.785-07:00 level=INFO msg="Starting %s..." !BADKEY=auto-import
time=2026-02-24T19:20:57.785-07:00 level=INFO msg="Skipping %s: JSONL content unchanged" !BADKEY=auto-import
time=2026-02-24T19:21:14.350-07:00 level=INFO msg="File change detected: %s" !BADKEY=/Users/dominic/repos/github.com/dsisnero/rod/.beads/issues.jsonl
time=2026-02-24T19:21:15.352-07:00 level=INFO msg="Import triggered by file change"
time=2026-02-24T19:21:15.352-07:00 level=INFO msg="Starting %s..." !BADKEY=auto-import
time=2026-02-24T19:21:15.353-07:00 level=INFO msg="Skipping %s: JSONL content unchanged" !BADKEY=auto-import
time=2026-02-24T19:21:21.319-07:00 level=INFO msg="File change detected: %s" !BADKEY=/Users/dominic/repos/github.com/dsisnero/rod/.beads/issues.jsonl
time=2026-02-24T19:21:22.320-07:00 level=INFO msg="Import triggered by file change"
time=2026-02-24T19:21:22.321-07:00 level=INFO msg="Starting %s..." !BADKEY=auto-import
time=2026-02-24T19:21:22.321-07:00 level=INFO msg="Skipping %s: JSONL content unchanged" !BADKEY=auto-import
time=2026-02-24T19:21:28.526-07:00 level=INFO msg="File change detected: %s" !BADKEY=/Users/dominic/repos/github.com/dsisnero/rod/.beads/issues.jsonl
time=2026-02-24T19:21:29.528-07:00 level=INFO msg="Import triggered by file change"
time=2026-02-24T19:21:29.528-07:00 level=INFO msg="Starting %s..." !BADKEY=auto-import
time=2026-02-24T19:21:29.529-07:00 level=INFO msg="Skipping %s: JSONL content unchanged" !BADKEY=auto-import
time=2026-02-24T19:21:34.983-07:00 level=INFO msg="File change detected: %s" !BADKEY=/Users/dominic/repos/github.com/dsisnero/rod/.beads/issues.jsonl
time=2026-02-24T19:21:35.985-07:00 level=INFO msg="Import triggered by file change"
time=2026-02-24T19:21:35.986-07:00 level=INFO msg="Starting %s..." !BADKEY=auto-import
time=2026-02-24T19:21:35.986-07:00 level=INFO msg="Skipping %s: JSONL content unchanged" !BADKEY=auto-import
time=2026-02-24T19:22:30.746-07:00 level=INFO msg="File change detected: %s" !BADKEY=/Users/dominic/repos/github.com/dsisnero/rod/.beads/issues.jsonl
time=2026-02-24T19:22:31.748-07:00 level=INFO msg="Import triggered by file change"
time=2026-02-24T19:22:31.748-07:00 level=INFO msg="Starting %s..." !BADKEY=auto-import
time=2026-02-24T19:22:31.749-07:00 level=INFO msg="Skipping %s: JSONL content unchanged" !BADKEY=auto-import
time=2026-02-24T19:22:43.424-07:00 level=INFO msg="File change detected: %s" !BADKEY=/Users/dominic/repos/github.com/dsisnero/rod/.beads/issues.jsonl
time=2026-02-24T19:22:44.426-07:00 level=INFO msg="Import triggered by file change"
time=2026-02-24T19:22:44.426-07:00 level=INFO msg="Starting %s..." !BADKEY=auto-import
time=2026-02-24T19:22:44.427-07:00 level=INFO msg="Skipping %s: JSONL content unchanged" !BADKEY=auto-import
time=2026-02-24T19:22:55.257-07:00 level=INFO msg="File change detected: %s" !BADKEY=/Users/dominic/repos/github.com/dsisnero/rod/.beads/issues.jsonl
time=2026-02-24T19:22:56.259-07:00 level=INFO msg="Import triggered by file change"
time=2026-02-24T19:22:56.259-07:00 level=INFO msg="Starting %s..." !BADKEY=auto-import
time=2026-02-24T19:22:56.260-07:00 level=INFO msg="Skipping %s: JSONL content unchanged" !BADKEY=auto-import
time=2026-02-24T19:23:01.307-07:00 level=INFO msg="File change detected: %s" !BADKEY=/Users/dominic/repos/github.com/dsisnero/rod/.beads/issues.jsonl
time=2026-02-24T19:23:02.309-07:00 level=INFO msg="Import triggered by file change"
time=2026-02-24T19:23:02.309-07:00 level=INFO msg="Starting %s..." !BADKEY=auto-import
time=2026-02-24T19:23:02.309-07:00 level=INFO msg="Skipping %s: JSONL content unchanged" !BADKEY=auto-import
time=2026-02-24T19:23:09.665-07:00 level=INFO msg="File change detected: %s" !BADKEY=/Users/dominic/repos/github.com/dsisnero/rod/.beads/issues.jsonl
time=2026-02-24T19:23:10.667-07:00 level=INFO msg="Import triggered by file change"
time=2026-02-24T19:23:10.667-07:00 level=INFO msg="Starting %s..." !BADKEY=auto-import
time=2026-02-24T19:23:10.667-07:00 level=INFO msg="Skipping %s: JSONL content unchanged" !BADKEY=auto-import
time=2026-02-24T19:23:22.162-07:00 level=INFO msg="File change detected: %s" !BADKEY=/Users/dominic/repos/github.com/dsisnero/rod/.beads/issues.jsonl
time=2026-02-24T19:23:23.164-07:00 level=INFO msg="Import triggered by file change"
time=2026-02-24T19:23:23.165-07:00 level=INFO msg="Starting %s..." !BADKEY=auto-import
time=2026-02-24T19:23:23.165-07:00 level=INFO msg="Skipping %s: JSONL content unchanged" !BADKEY=auto-import
time=2026-02-24T19:23:30.617-07:00 level=INFO msg="File change detected: %s" !BADKEY=/Users/dominic/repos/github.com/dsisnero/rod/.beads/issues.jsonl
time=2026-02-24T19:23:31.618-07:00 level=INFO msg="Import triggered by file change"
time=2026-02-24T19:23:31.618-07:00 level=INFO msg="Starting %s..." !BADKEY=auto-import
time=2026-02-24T19:23:31.619-07:00 level=INFO msg="Skipping %s: JSONL content unchanged" !BADKEY=auto-import
time=2026-02-24T19:24:05.594-07:00 level=INFO msg="File change detected: %s" !BADKEY=/Users/dominic/repos/github.com/dsisnero/rod/.beads/issues.jsonl
time=2026-02-24T19:24:06.596-07:00 level=INFO msg="Import triggered by file change"
time=2026-02-24T19:24:06.596-07:00 level=INFO msg="Starting %s..." !BADKEY=auto-import
time=2026-02-24T19:24:06.596-07:00 level=INFO msg="Skipping %s: JSONL content unchanged" !BADKEY=auto-import
time=2026-02-24T19:24:13.735-07:00 level=INFO msg="File change detected: %s" !BADKEY=/Users/dominic/repos/github.com/dsisnero/rod/.beads/issues.jsonl
time=2026-02-24T19:24:14.737-07:00 level=INFO msg="Import triggered by file change"
time=2026-02-24T19:24:14.737-07:00 level=INFO msg="Starting %s..." !BADKEY=auto-import
time=2026-02-24T19:24:14.737-07:00 level=INFO msg="Skipping %s: JSONL content unchanged" !BADKEY=auto-import
time=2026-02-24T19:24:19.035-07:00 level=INFO msg="File change detected: %s" !BADKEY=/Users/dominic/repos/github.com/dsisnero/rod/.beads/issues.jsonl
time=2026-02-24T19:24:20.037-07:00 level=INFO msg="Import triggered by file change"
time=2026-02-24T19:24:20.037-07:00 level=INFO msg="Starting %s..." !BADKEY=auto-import
time=2026-02-24T19:24:20.037-07:00 level=INFO msg="Skipping %s: JSONL content unchanged" !BADKEY=auto-import
time=2026-02-24T19:24:26.816-07:00 level=INFO msg="File change detected: %s" !BADKEY=/Users/dominic/repos/github.com/dsisnero/rod/.beads/issues.jsonl
time=2026-02-24T19:24:27.819-07:00 level=INFO msg="Import triggered by file change"
time=2026-02-24T19:24:27.819-07:00 level=INFO msg="Starting %s..." !BADKEY=auto-import
time=2026-02-24T19:24:27.819-07:00 level=INFO msg="Skipping %s: JSONL content unchanged" !BADKEY=auto-import
time=2026-02-24T19:24:34.540-07:00 level=INFO msg="File change detected: %s" !BADKEY=/Users/dominic/repos/github.com/dsisnero/rod/.beads/issues.jsonl
time=2026-02-24T19:24:35.542-07:00 level=INFO msg="Import triggered by file change"
time=2026-02-24T19:24:35.542-07:00 level=INFO msg="Starting %s..." !BADKEY=auto-import
time=2026-02-24T19:24:35.543-07:00 level=INFO msg="Skipping %s: JSONL content unchanged" !BADKEY=auto-import
time=2026-02-24T19:24:56.141-07:00 level=INFO msg="File change detected: %s" !BADKEY=/Users/dominic/repos/github.com/dsisnero/rod/.beads/issues.jsonl
time=2026-02-24T19:24:57.143-07:00 level=INFO msg="Import triggered by file change"
time=2026-02-24T19:24:57.143-07:00 level=INFO msg="Starting %s..." !BADKEY=auto-import
time=2026-02-24T19:24:57.143-07:00 level=INFO msg="Skipping %s: JSONL content unchanged" !BADKEY=auto-import
time=2026-02-24T19:25:06.548-07:00 level=INFO msg="File change detected: %s" !BADKEY=/Users/dominic/repos/github.com/dsisnero/rod/.beads/issues.jsonl
time=2026-02-24T19:25:07.550-07:00 level=INFO msg="Import triggered by file change"
time=2026-02-24T19:25:07.550-07:00 level=INFO msg="Starting %s..." !BADKEY=auto-import
time=2026-02-24T19:25:07.551-07:00 level=INFO msg="Skipping %s: JSONL content unchanged" !BADKEY=auto-import
time=2026-02-24T19:25:18.069-07:00 level=INFO msg="File change detected: %s" !BADKEY=/Users/dominic/repos/github.com/dsisnero/rod/.beads/issues.jsonl
time=2026-02-24T19:25:19.071-07:00 level=INFO msg="Import triggered by file change"
time=2026-02-24T19:25:19.071-07:00 level=INFO msg="Starting %s..." !BADKEY=auto-import
time=2026-02-24T19:25:19.071-07:00 level=INFO msg="Skipping %s: JSONL content unchanged" !BADKEY=auto-import
time=2026-02-24T19:27:26.324-07:00 level=INFO msg="File change detected: %s" !BADKEY=/Users/dominic/repos/github.com/dsisnero/rod/.beads/issues.jsonl
time=2026-02-24T19:27:27.326-07:00 level=INFO msg="Import triggered by file change"
time=2026-02-24T19:27:27.327-07:00 level=INFO msg="Starting %s..." !BADKEY=auto-import
time=2026-02-24T19:27:27.327-07:00 level=INFO msg="Skipping %s: JSONL content unchanged" !BADKEY=auto-import
time=2026-02-24T19:27:54.569-07:00 level=INFO msg="File change detected: %s" !BADKEY=/Users/dominic/repos/github.com/dsisnero/rod/.beads/issues.jsonl
time=2026-02-24T19:27:55.571-07:00 level=INFO msg="Import triggered by file change"
time=2026-02-24T19:27:55.571-07:00 level=INFO msg="Starting %s..." !BADKEY=auto-import
time=2026-02-24T19:27:55.571-07:00 level=INFO msg="Skipping %s: JSONL content unchanged" !BADKEY=auto-import
time=2026-02-24T19:48:33.512-07:00 level=INFO msg="File change detected: %s" !BADKEY=/Users/dominic/repos/github.com/dsisnero/rod/.beads/issues.jsonl
time=2026-02-24T19:48:34.513-07:00 level=INFO msg="Import triggered by file change"
time=2026-02-24T19:48:34.513-07:00 level=INFO msg="Starting %s..." !BADKEY=auto-import
time=2026-02-24T19:48:34.514-07:00 level=INFO msg="Skipping %s: JSONL content unchanged" !BADKEY=auto-import
time=2026-02-24T19:48:50.010-07:00 level=INFO msg="File change detected: %s" !BADKEY=/Users/dominic/repos/github.com/dsisnero/rod/.beads/issues.jsonl
time=2026-02-24T19:48:51.012-07:00 level=INFO msg="Import triggered by file change"
time=2026-02-24T19:48:51.012-07:00 level=INFO msg="Starting %s..." !BADKEY=auto-import
time=2026-02-24T19:48:51.013-07:00 level=INFO msg="Skipping %s: JSONL content unchanged" !BADKEY=auto-import
time=2026-02-24T19:49:00.735-07:00 level=INFO msg="File change detected: %s" !BADKEY=/Users/dominic/repos/github.com/dsisnero/rod/.beads/issues.jsonl
time=2026-02-24T19:49:01.736-07:00 level=INFO msg="Import triggered by file change"
time=2026-02-24T19:49:01.736-07:00 level=INFO msg="Starting %s..." !BADKEY=auto-import
time=2026-02-24T19:49:01.737-07:00 level=INFO msg="Skipping %s: JSONL content unchanged" !BADKEY=auto-import
time=2026-02-24T19:49:07.857-07:00 level=INFO msg="File change detected: %s" !BADKEY=/Users/dominic/repos/github.com/dsisnero/rod/.beads/issues.jsonl
time=2026-02-24T19:49:08.859-07:00 level=INFO msg="Import triggered by file change"
time=2026-02-24T19:49:08.859-07:00 level=INFO msg="Starting %s..." !BADKEY=auto-import
time=2026-02-24T19:49:08.859-07:00 level=INFO msg="Skipping %s: JSONL content unchanged" !BADKEY=auto-import
time=2026-02-24T19:49:14.635-07:00 level=INFO msg="File change detected: %s" !BADKEY=/Users/dominic/repos/github.com/dsisnero/rod/.beads/issues.jsonl
time=2026-02-24T19:49:15.637-07:00 level=INFO msg="Import triggered by file change"
time=2026-02-24T19:49:15.637-07:00 level=INFO msg="Starting %s..." !BADKEY=auto-import
time=2026-02-24T19:49:15.638-07:00 level=INFO msg="Skipping %s: JSONL content unchanged" !BADKEY=auto-import
time=2026-02-24T19:49:21.365-07:00 level=INFO msg="File change detected: %s" !BADKEY=/Users/dominic/repos/github.com/dsisnero/rod/.beads/issues.jsonl
time=2026-02-24T19:49:22.367-07:00 level=INFO msg="Import triggered by file change"
time=2026-02-24T19:49:22.367-07:00 level=INFO msg="Starting %s..." !BADKEY=auto-import
time=2026-02-24T19:49:22.367-07:00 level=INFO msg="Skipping %s: JSONL content unchanged" !BADKEY=auto-import
time=2026-02-24T19:49:27.529-07:00 level=INFO msg="File change detected: %s" !BADKEY=/Users/dominic/repos/github.com/dsisnero/rod/.beads/issues.jsonl
time=2026-02-24T19:49:28.531-07:00 level=INFO msg="Import triggered by file change"
time=2026-02-24T19:49:28.531-07:00 level=INFO msg="Starting %s..." !BADKEY=auto-import
time=2026-02-24T19:49:28.531-07:00 level=INFO msg="Skipping %s: JSONL content unchanged" !BADKEY=auto-import
time=2026-02-24T19:49:37.762-07:00 level=INFO msg="File change detected: %s" !BADKEY=/Users/dominic/repos/github.com/dsisnero/rod/.beads/issues.jsonl
time=2026-02-24T19:49:38.764-07:00 level=INFO msg="Import triggered by file change"
time=2026-02-24T19:49:38.764-07:00 level=INFO msg="Starting %s..." !BADKEY=auto-import
time=2026-02-24T19:49:38.764-07:00 level=INFO msg="Skipping %s: JSONL content unchanged" !BADKEY=auto-import
time=2026-02-24T19:49:49.141-07:00 level=INFO msg="File change detected: %s" !BADKEY=/Users/dominic/repos/github.com/dsisnero/rod/.beads/issues.jsonl
time=2026-02-24T19:49:50.144-07:00 level=INFO msg="Import triggered by file change"
time=2026-02-24T19:49:50.144-07:00 level=INFO msg="Starting %s..." !BADKEY=auto-import
time=2026-02-24T19:49:50.144-07:00 level=INFO msg="Skipping %s: JSONL content unchanged" !BADKEY=auto-import
time=2026-02-24T19:49:59.618-07:00 level=INFO msg="File change detected: %s" !BADKEY=/Users/dominic/repos/github.com/dsisnero/rod/.beads/issues.jsonl
time=2026-02-24T19:50:00.619-07:00 level=INFO msg="Import triggered by file change"
time=2026-02-24T19:50:00.620-07:00 level=INFO msg="Starting %s..." !BADKEY=auto-import
time=2026-02-24T19:50:00.620-07:00 level=INFO msg="Skipping %s: JSONL content unchanged" !BADKEY=auto-import
time=2026-02-24T19:50:06.797-07:00 level=INFO msg="File change detected: %s" !BADKEY=/Users/dominic/repos/github.com/dsisnero/rod/.beads/issues.jsonl
time=2026-02-24T19:50:07.799-07:00 level=INFO msg="Import triggered by file change"
time=2026-02-24T19:50:07.799-07:00 level=INFO msg="Starting %s..." !BADKEY=auto-import
time=2026-02-24T19:50:07.799-07:00 level=INFO msg="Skipping %s: JSONL content unchanged" !BADKEY=auto-import
time=2026-02-24T19:50:11.802-07:00 level=INFO msg="File change detected: %s" !BADKEY=/Users/dominic/repos/github.com/dsisnero/rod/.beads/issues.jsonl
time=2026-02-24T19:50:12.804-07:00 level=INFO msg="Import triggered by file change"
time=2026-02-24T19:50:12.804-07:00 level=INFO msg="Starting %s..." !BADKEY=auto-import
time=2026-02-24T19:50:12.804-07:00 level=INFO msg="Skipping %s: JSONL content unchanged" !BADKEY=auto-import
time=2026-02-24T19:50:21.556-07:00 level=INFO msg="File change detected: %s" !BADKEY=/Users/dominic/repos/github.com/dsisnero/rod/.beads/issues.jsonl
time=2026-02-24T19:50:22.558-07:00 level=INFO msg="Import triggered by file change"
time=2026-02-24T19:50:22.558-07:00 level=INFO msg="Starting %s..." !BADKEY=auto-import
time=2026-02-24T19:50:22.558-07:00 level=INFO msg="Skipping %s: JSONL content unchanged" !BADKEY=auto-import
time=2026-02-24T19:50:27.068-07:00 level=INFO msg="File change detected: %s" !BADKEY=/Users/dominic/repos/github.com/dsisnero/rod/.beads/issues.jsonl
time=2026-02-24T19:50:28.069-07:00 level=INFO msg="Import triggered by file change"
time=2026-02-24T19:50:28.069-07:00 level=INFO msg="Starting %s..." !BADKEY=auto-import
time=2026-02-24T19:50:28.070-07:00 level=INFO msg="Skipping %s: JSONL content unchanged" !BADKEY=auto-import
time=2026-02-24T19:50:40.178-07:00 level=INFO msg="File change detected: %s" !BADKEY=/Users/dominic/repos/github.com/dsisnero/rod/.beads/issues.jsonl
time=2026-02-24T19:50:41.180-07:00 level=INFO msg="Import triggered by file change"
time=2026-02-24T19:50:41.180-07:00 level=INFO msg="Starting %s..." !BADKEY=auto-import
time=2026-02-24T19:50:41.180-07:00 level=INFO msg="Skipping %s: JSONL content unchanged" !BADKEY=auto-import
time=2026-02-24T19:50:46.368-07:00 level=INFO msg="File change detected: %s" !BADKEY=/Users/dominic/repos/github.com/dsisnero/rod/.beads/issues.jsonl
time=2026-02-24T19:50:47.370-07:00 level=INFO msg="Import triggered by file change"
time=2026-02-24T19:50:47.370-07:00 level=INFO msg="Starting %s..." !BADKEY=auto-import
time=2026-02-24T19:50:47.371-07:00 level=INFO msg="Skipping %s: JSONL content unchanged" !BADKEY=auto-import
time=2026-02-24T19:50:55.492-07:00 level=INFO msg="File change detected: %s" !BADKEY=/Users/dominic/repos/github.com/dsisnero/rod/.beads/issues.jsonl
time=2026-02-24T19:50:56.494-07:00 level=INFO msg="Import triggered by file change"
time=2026-02-24T19:50:56.495-07:00 level=INFO msg="Starting %s..." !BADKEY=auto-import
time=2026-02-24T19:50:56.495-07:00 level=INFO msg="Skipping %s: JSONL content unchanged" !BADKEY=auto-import
time=2026-02-24T19:51:01.926-07:00 level=INFO msg="File change detected: %s" !BADKEY=/Users/dominic/repos/github.com/dsisnero/rod/.beads/issues.jsonl
time=2026-02-24T19:51:02.928-07:00 level=INFO msg="Import triggered by file change"
time=2026-02-24T19:51:02.929-07:00 level=INFO msg="Starting %s..." !BADKEY=auto-import
time=2026-02-24T19:51:02.929-07:00 level=INFO msg="Skipping %s: JSONL content unchanged" !BADKEY=auto-import
time=2026-02-24T19:51:07.624-07:00 level=INFO msg="File change detected: %s" !BADKEY=/Users/dominic/repos/github.com/dsisnero/rod/.beads/issues.jsonl
time=2026-02-24T19:51:08.626-07:00 level=INFO msg="Import triggered by file change"
time=2026-02-24T19:51:08.626-07:00 level=INFO msg="Starting %s..." !BADKEY=auto-import
time=2026-02-24T19:51:08.626-07:00 level=INFO msg="Skipping %s: JSONL content unchanged" !BADKEY=auto-import
time=2026-02-24T19:51:21.862-07:00 level=INFO msg="File change detected: %s" !BADKEY=/Users/dominic/repos/github.com/dsisnero/rod/.beads/issues.jsonl
time=2026-02-24T19:51:22.864-07:00 level=INFO msg="Import triggered by file change"
time=2026-02-24T19:51:22.864-07:00 level=INFO msg="Starting %s..." !BADKEY=auto-import
time=2026-02-24T19:51:22.865-07:00 level=INFO msg="Skipping %s: JSONL content unchanged" !BADKEY=auto-import
time=2026-02-24T19:51:30.897-07:00 level=INFO msg="File change detected: %s" !BADKEY=/Users/dominic/repos/github.com/dsisnero/rod/.beads/issues.jsonl
time=2026-02-24T19:51:31.898-07:00 level=INFO msg="Import triggered by file change"
time=2026-02-24T19:51:31.899-07:00 level=INFO msg="Starting %s..." !BADKEY=auto-import
time=2026-02-24T19:51:31.899-07:00 level=INFO msg="Skipping %s: JSONL content unchanged" !BADKEY=auto-import
time=2026-02-24T19:51:43.253-07:00 level=INFO msg="File change detected: %s" !BADKEY=/Users/dominic/repos/github.com/dsisnero/rod/.beads/issues.jsonl
time=2026-02-24T19:51:44.255-07:00 level=INFO msg="Import triggered by file change"
time=2026-02-24T19:51:44.255-07:00 level=INFO msg="Starting %s..." !BADKEY=auto-import
time=2026-02-24T19:51:44.255-07:00 level=INFO msg="Skipping %s: JSONL content unchanged" !BADKEY=auto-import
time=2026-02-24T19:51:50.416-07:00 level=INFO msg="File change detected: %s" !BADKEY=/Users/dominic/repos/github.com/dsisnero/rod/.beads/issues.jsonl
time=2026-02-24T19:51:51.419-07:00 level=INFO msg="Import triggered by file change"
time=2026-02-24T19:51:51.419-07:00 level=INFO msg="Starting %s..." !BADKEY=auto-import
time=2026-02-24T19:51:51.419-07:00 level=INFO msg="Skipping %s: JSONL content unchanged" !BADKEY=auto-import
time=2026-02-24T19:51:56.500-07:00 level=INFO msg="File change detected: %s" !BADKEY=/Users/dominic/repos/github.com/dsisnero/rod/.beads/issues.jsonl
time=2026-02-24T19:51:57.502-07:00 level=INFO msg="Import triggered by file change"
time=2026-02-24T19:51:57.502-07:00 level=INFO msg="Starting %s..." !BADKEY=auto-import
time=2026-02-24T19:51:57.502-07:00 level=INFO msg="Skipping %s: JSONL content unchanged" !BADKEY=auto-import
time=2026-02-24T19:52:12.082-07:00 level=INFO msg="File change detected: %s" !BADKEY=/Users/dominic/repos/github.com/dsisnero/rod/.beads/issues.jsonl
time=2026-02-24T19:52:13.084-07:00 level=INFO msg="Import triggered by file change"
time=2026-02-24T19:52:13.084-07:00 level=INFO msg="Starting %s..." !BADKEY=auto-import
time=2026-02-24T19:52:13.084-07:00 level=INFO msg="Skipping %s: JSONL content unchanged" !BADKEY=auto-import
time=2026-02-24T19:52:22.799-07:00 level=INFO msg="File change detected: %s" !BADKEY=/Users/dominic/repos/github.com/dsisnero/rod/.beads/issues.jsonl
time=2026-02-24T19:52:23.802-07:00 level=INFO msg="Import triggered by file change"
time=2026-02-24T19:52:23.802-07:00 level=INFO msg="Starting %s..." !BADKEY=auto-import
time=2026-02-24T19:52:23.802-07:00 level=INFO msg="Skipping %s: JSONL content unchanged" !BADKEY=auto-import
time=2026-02-24T19:52:29.079-07:00 level=INFO msg="File change detected: %s" !BADKEY=/Users/dominic/repos/github.com/dsisnero/rod/.beads/issues.jsonl
time=2026-02-24T19:52:30.081-07:00 level=INFO msg="Import triggered by file change"
time=2026-02-24T19:52:30.081-07:00 level=INFO msg="Starting %s..." !BADKEY=auto-import
time=2026-02-24T19:52:30.082-07:00 level=INFO msg="Skipping %s: JSONL content unchanged" !BADKEY=auto-import
time=2026-02-24T19:52:37.611-07:00 level=INFO msg="File change detected: %s" !BADKEY=/Users/dominic/repos/github.com/dsisnero/rod/.beads/issues.jsonl
time=2026-02-24T19:52:38.613-07:00 level=INFO msg="Import triggered by file change"
time=2026-02-24T19:52:38.613-07:00 level=INFO msg="Starting %s..." !BADKEY=auto-import
time=2026-02-24T19:52:38.613-07:00 level=INFO msg="Skipping %s: JSONL content unchanged" !BADKEY=auto-import
time=2026-02-24T19:52:51.674-07:00 level=INFO msg="File change detected: %s" !BADKEY=/Users/dominic/repos/github.com/dsisnero/rod/.beads/issues.jsonl
time=2026-02-24T19:52:52.674-07:00 level=INFO msg="Import triggered by file change"
time=2026-02-24T19:52:52.674-07:00 level=INFO msg="Starting %s..." !BADKEY=auto-import
time=2026-02-24T19:52:52.675-07:00 level=INFO msg="Skipping %s: JSONL content unchanged" !BADKEY=auto-import
time=2026-02-24T19:52:59.001-07:00 level=INFO msg="File change detected: %s" !BADKEY=/Users/dominic/repos/github.com/dsisnero/rod/.beads/issues.jsonl
time=2026-02-24T19:53:00.003-07:00 level=INFO msg="Import triggered by file change"
time=2026-02-24T19:53:00.003-07:00 level=INFO msg="Starting %s..." !BADKEY=auto-import
time=2026-02-24T19:53:00.004-07:00 level=INFO msg="Skipping %s: JSONL content unchanged" !BADKEY=auto-import
time=2026-02-24T19:53:10.581-07:00 level=INFO msg="File change detected: %s" !BADKEY=/Users/dominic/repos/github.com/dsisnero/rod/.beads/issues.jsonl
time=2026-02-24T19:53:11.584-07:00 level=INFO msg="Import triggered by file change"
time=2026-02-24T19:53:11.584-07:00 level=INFO msg="Starting %s..." !BADKEY=auto-import
time=2026-02-24T19:53:11.584-07:00 level=INFO msg="Skipping %s: JSONL content unchanged" !BADKEY=auto-import
time=2026-02-24T19:53:21.663-07:00 level=INFO msg="File change detected: %s" !BADKEY=/Users/dominic/repos/github.com/dsisnero/rod/.beads/issues.jsonl
time=2026-02-24T19:53:22.665-07:00 level=INFO msg="Import triggered by file change"
time=2026-02-24T19:53:22.665-07:00 level=INFO msg="Starting %s..." !BADKEY=auto-import
time=2026-02-24T19:53:22.666-07:00 level=INFO msg="Skipping %s: JSONL content unchanged" !BADKEY=auto-import
time=2026-02-24T19:53:33.147-07:00 level=INFO msg="File change detected: %s" !BADKEY=/Users/dominic/repos/github.com/dsisnero/rod/.beads/issues.jsonl
time=2026-02-24T19:53:34.149-07:00 level=INFO msg="Import triggered by file change"
time=2026-02-24T19:53:34.149-07:00 level=INFO msg="Starting %s..." !BADKEY=auto-import
time=2026-02-24T19:53:34.150-07:00 level=INFO msg="Skipping %s: JSONL content unchanged" !BADKEY=auto-import
time=2026-02-24T19:53:40.001-07:00 level=INFO msg="File change detected: %s" !BADKEY=/Users/dominic/repos/github.com/dsisnero/rod/.beads/issues.jsonl
time=2026-02-24T19:53:41.003-07:00 level=INFO msg="Import triggered by file change"
time=2026-02-24T19:53:41.003-07:00 level=INFO msg="Starting %s..." !BADKEY=auto-import
time=2026-02-24T19:53:41.004-07:00 level=INFO msg="Skipping %s: JSONL content unchanged" !BADKEY=auto-import
time=2026-02-24T19:53:48.292-07:00 level=INFO msg="File change detected: %s" !BADKEY=/Users/dominic/repos/github.com/dsisnero/rod/.beads/issues.jsonl
time=2026-02-24T19:53:49.294-07:00 level=INFO msg="Import triggered by file change"
time=2026-02-24T19:53:49.294-07:00 level=INFO msg="Starting %s..." !BADKEY=auto-import
time=2026-02-24T19:53:49.294-07:00 level=INFO msg="Skipping %s: JSONL content unchanged" !BADKEY=auto-import
time=2026-02-24T19:54:02.959-07:00 level=INFO msg="File change detected: %s" !BADKEY=/Users/dominic/repos/github.com/dsisnero/rod/.beads/issues.jsonl
time=2026-02-24T19:54:03.961-07:00 level=INFO msg="Import triggered by file change"
time=2026-02-24T19:54:03.962-07:00 level=INFO msg="Starting %s..." !BADKEY=auto-import
time=2026-02-24T19:54:03.962-07:00 level=INFO msg="Skipping %s: JSONL content unchanged" !BADKEY=auto-import
time=2026-02-24T19:54:12.736-07:00 level=INFO msg="File change detected: %s" !BADKEY=/Users/dominic/repos/github.com/dsisnero/rod/.beads/issues.jsonl
time=2026-02-24T19:54:13.738-07:00 level=INFO msg="Import triggered by file change"
time=2026-02-24T19:54:13.738-07:00 level=INFO msg="Starting %s..." !BADKEY=auto-import
time=2026-02-24T19:54:13.738-07:00 level=INFO msg="Skipping %s: JSONL content unchanged" !BADKEY=auto-import
time=2026-02-24T19:54:22.354-07:00 level=INFO msg="File change detected: %s" !BADKEY=/Users/dominic/repos/github.com/dsisnero/rod/.beads/issues.jsonl
time=2026-02-24T19:54:23.355-07:00 level=INFO msg="Import triggered by file change"
time=2026-02-24T19:54:23.355-07:00 level=INFO msg="Starting %s..." !BADKEY=auto-import
time=2026-02-24T19:54:23.356-07:00 level=INFO msg="Skipping %s: JSONL content unchanged" !BADKEY=auto-import
time=2026-02-24T19:54:28.319-07:00 level=INFO msg="File change detected: %s" !BADKEY=/Users/dominic/repos/github.com/dsisnero/rod/.beads/issues.jsonl
time=2026-02-24T19:54:29.320-07:00 level=INFO msg="Import triggered by file change"
time=2026-02-24T19:54:29.320-07:00 level=INFO msg="Starting %s..." !BADKEY=auto-import
time=2026-02-24T19:54:29.321-07:00 level=INFO msg="Skipping %s: JSONL content unchanged" !BADKEY=auto-import
time=2026-02-24T19:54:34.429-07:00 level=INFO msg="File change detected: %s" !BADKEY=/Users/dominic/repos/github.com/dsisnero/rod/.beads/issues.jsonl
time=2026-02-24T19:54:35.430-07:00 level=INFO msg="Import triggered by file change"
time=2026-02-24T19:54:35.431-07:00 level=INFO msg="Starting %s..." !BADKEY=auto-import
time=2026-02-24T19:54:35.431-07:00 level=INFO msg="Skipping %s: JSONL content unchanged" !BADKEY=auto-import
time=2026-02-24T19:54:42.334-07:00 level=INFO msg="File change detected: %s" !BADKEY=/Users/dominic/repos/github.com/dsisnero/rod/.beads/issues.jsonl
time=2026-02-24T19:54:43.336-07:00 level=INFO msg="Import triggered by file change"
time=2026-02-24T19:54:43.337-07:00 level=INFO msg="Starting %s..." !BADKEY=auto-import
time=2026-02-24T19:54:43.337-07:00 level=INFO msg="Skipping %s: JSONL content unchanged" !BADKEY=auto-import
time=2026-02-24T19:54:49.514-07:00 level=INFO msg="File change detected: %s" !BADKEY=/Users/dominic/repos/github.com/dsisnero/rod/.beads/issues.jsonl
time=2026-02-24T19:54:50.516-07:00 level=INFO msg="Import triggered by file change"
time=2026-02-24T19:54:50.517-07:00 level=INFO msg="Starting %s..." !BADKEY=auto-import
time=2026-02-24T19:54:50.517-07:00 level=INFO msg="Skipping %s: JSONL content unchanged" !BADKEY=auto-import
time=2026-02-24T19:55:01.543-07:00 level=INFO msg="File change detected: %s" !BADKEY=/Users/dominic/repos/github.com/dsisnero/rod/.beads/issues.jsonl
time=2026-02-24T19:55:02.545-07:00 level=INFO msg="Import triggered by file change"
time=2026-02-24T19:55:02.545-07:00 level=INFO msg="Starting %s..." !BADKEY=auto-import
time=2026-02-24T19:55:02.546-07:00 level=INFO msg="Skipping %s: JSONL content unchanged" !BADKEY=auto-import
time=2026-02-24T19:55:08.805-07:00 level=INFO msg="File change detected: %s" !BADKEY=/Users/dominic/repos/github.com/dsisnero/rod/.beads/issues.jsonl
time=2026-02-24T19:55:09.807-07:00 level=INFO msg="Import triggered by file change"
time=2026-02-24T19:55:09.808-07:00 level=INFO msg="Starting %s..." !BADKEY=auto-import
time=2026-02-24T19:55:09.808-07:00 level=INFO msg="Skipping %s: JSONL content unchanged" !BADKEY=auto-import
time=2026-02-24T19:55:15.108-07:00 level=INFO msg="File change detected: %s" !BADKEY=/Users/dominic/repos/github.com/dsisnero/rod/.beads/issues.jsonl
time=2026-02-24T19:55:16.113-07:00 level=INFO msg="Import triggered by file change"
time=2026-02-24T19:55:16.114-07:00 level=INFO msg="Starting %s..." !BADKEY=auto-import
time=2026-02-24T19:55:16.114-07:00 level=INFO msg="Skipping %s: JSONL content unchanged" !BADKEY=auto-import
time=2026-02-24T19:55:21.638-07:00 level=INFO msg="File change detected: %s" !BADKEY=/Users/dominic/repos/github.com/dsisnero/rod/.beads/issues.jsonl
time=2026-02-24T19:55:22.639-07:00 level=INFO msg="Import triggered by file change"
time=2026-02-24T19:55:22.639-07:00 level=INFO msg="Starting %s..." !BADKEY=auto-import
time=2026-02-24T19:55:22.640-07:00 level=INFO msg="Skipping %s: JSONL content unchanged" !BADKEY=auto-import
time=2026-02-24T19:55:30.379-07:00 level=INFO msg="File change detected: %s" !BADKEY=/Users/dominic/repos/github.com/dsisnero/rod/.beads/issues.jsonl
time=2026-02-24T19:55:31.381-07:00 level=INFO msg="Import triggered by file change"
time=2026-02-24T19:55:31.381-07:00 level=INFO msg="Starting %s..." !BADKEY=auto-import
time=2026-02-24T19:55:31.382-07:00 level=INFO msg="Skipping %s: JSONL content unchanged" !BADKEY=auto-import
time=2026-02-24T19:55:39.330-07:00 level=INFO msg="File change detected: %s" !BADKEY=/Users/dominic/repos/github.com/dsisnero/rod/.beads/issues.jsonl
time=2026-02-24T19:55:40.332-07:00 level=INFO msg="Import triggered by file change"
time=2026-02-24T19:55:40.332-07:00 level=INFO msg="Starting %s..." !BADKEY=auto-import
time=2026-02-24T19:55:40.333-07:00 level=INFO msg="Skipping %s: JSONL content unchanged" !BADKEY=auto-import
time=2026-02-24T19:55:46.984-07:00 level=INFO msg="File change detected: %s" !BADKEY=/Users/dominic/repos/github.com/dsisnero/rod/.beads/issues.jsonl
time=2026-02-24T19:55:47.986-07:00 level=INFO msg="Import triggered by file change"
time=2026-02-24T19:55:47.986-07:00 level=INFO msg="Starting %s..." !BADKEY=auto-import
time=2026-02-24T19:55:47.986-07:00 level=INFO msg="Skipping %s: JSONL content unchanged" !BADKEY=auto-import
time=2026-02-24T19:56:03.037-07:00 level=INFO msg="File change detected: %s" !BADKEY=/Users/dominic/repos/github.com/dsisnero/rod/.beads/issues.jsonl
time=2026-02-24T19:56:04.040-07:00 level=INFO msg="Import triggered by file change"
time=2026-02-24T19:56:04.040-07:00 level=INFO msg="Starting %s..." !BADKEY=auto-import
time=2026-02-24T19:56:04.041-07:00 level=INFO msg="Skipping %s: JSONL content unchanged" !BADKEY=auto-import
time=2026-02-24T19:58:45.550-07:00 level=INFO msg="File change detected: %s" !BADKEY=/Users/dominic/repos/github.com/dsisnero/rod/.beads/issues.jsonl
time=2026-02-24T19:58:46.554-07:00 level=INFO msg="Import triggered by file change"
time=2026-02-24T19:58:46.555-07:00 level=INFO msg="Starting %s..." !BADKEY=auto-import
time=2026-02-24T19:58:46.555-07:00 level=INFO msg="Skipping %s: JSONL content unchanged" !BADKEY=auto-import
time=2026-02-24T19:58:53.152-07:00 level=INFO msg="File change detected: %s" !BADKEY=/Users/dominic/repos/github.com/dsisnero/rod/.beads/issues.jsonl
time=2026-02-24T19:58:54.156-07:00 level=INFO msg="Import triggered by file change"
time=2026-02-24T19:58:54.156-07:00 level=INFO msg="Starting %s..." !BADKEY=auto-import
time=2026-02-24T19:58:54.157-07:00 level=INFO msg="Skipping %s: JSONL content unchanged" !BADKEY=auto-import
time=2026-02-24T19:59:02.661-07:00 level=INFO msg="File change detected: %s" !BADKEY=/Users/dominic/repos/github.com/dsisnero/rod/.beads/issues.jsonl
time=2026-02-24T19:59:03.662-07:00 level=INFO msg="Import triggered by file change"
time=2026-02-24T19:59:03.663-07:00 level=INFO msg="Starting %s..." !BADKEY=auto-import
time=2026-02-24T19:59:03.663-07:00 level=INFO msg="Skipping %s: JSONL content unchanged" !BADKEY=auto-import
time=2026-02-24T19:59:08.999-07:00 level=INFO msg="File change detected: %s" !BADKEY=/Users/dominic/repos/github.com/dsisnero/rod/.beads/issues.jsonl
time=2026-02-24T19:59:10.003-07:00 level=INFO msg="Import triggered by file change"
time=2026-02-24T19:59:10.004-07:00 level=INFO msg="Starting %s..." !BADKEY=auto-import
time=2026-02-24T19:59:10.004-07:00 level=INFO msg="Skipping %s: JSONL content unchanged" !BADKEY=auto-import
time=2026-02-24T19:59:16.483-07:00 level=INFO msg="File change detected: %s" !BADKEY=/Users/dominic/repos/github.com/dsisnero/rod/.beads/issues.jsonl
time=2026-02-24T19:59:17.488-07:00 level=INFO msg="Import triggered by file change"
time=2026-02-24T19:59:17.488-07:00 level=INFO msg="Starting %s..." !BADKEY=auto-import
time=2026-02-24T19:59:17.488-07:00 level=INFO msg="Skipping %s: JSONL content unchanged" !BADKEY=auto-import
time=2026-02-24T19:59:21.980-07:00 level=INFO msg="File change detected: %s" !BADKEY=/Users/dominic/repos/github.com/dsisnero/rod/.beads/issues.jsonl
time=2026-02-24T19:59:22.982-07:00 level=INFO msg="Import triggered by file change"
time=2026-02-24T19:59:22.982-07:00 level=INFO msg="Starting %s..." !BADKEY=auto-import
time=2026-02-24T19:59:22.982-07:00 level=INFO msg="Skipping %s: JSONL content unchanged" !BADKEY=auto-import
time=2026-02-24T19:59:31.590-07:00 level=INFO msg="File change detected: %s" !BADKEY=/Users/dominic/repos/github.com/dsisnero/rod/.beads/issues.jsonl
time=2026-02-24T19:59:35.074-07:00 level=INFO msg="Import triggered by file change"
time=2026-02-24T19:59:35.074-07:00 level=INFO msg="Starting %s..." !BADKEY=auto-import
time=2026-02-24T19:59:35.075-07:00 level=INFO msg="Skipping %s: JSONL content unchanged" !BADKEY=auto-import
time=2026-02-24T19:59:38.258-07:00 level=INFO msg="File change detected: %s" !BADKEY=/Users/dominic/repos/github.com/dsisnero/rod/.beads/issues.jsonl
time=2026-02-24T19:59:39.261-07:00 level=INFO msg="Import triggered by file change"
time=2026-02-24T19:59:39.261-07:00 level=INFO msg="Starting %s..." !BADKEY=auto-import
time=2026-02-24T19:59:39.262-07:00 level=INFO msg="Skipping %s: JSONL content unchanged" !BADKEY=auto-import
time=2026-02-24T19:59:48.349-07:00 level=INFO msg="File change detected: %s" !BADKEY=/Users/dominic/repos/github.com/dsisnero/rod/.beads/issues.jsonl
time=2026-02-24T19:59:49.352-07:00 level=INFO msg="Import triggered by file change"
time=2026-02-24T19:59:49.352-07:00 level=INFO msg="Starting %s..." !BADKEY=auto-import
time=2026-02-24T19:59:49.352-07:00 level=INFO msg="Skipping %s: JSONL content unchanged" !BADKEY=auto-import
time=2026-02-24T20:00:01.837-07:00 level=INFO msg="File change detected: %s" !BADKEY=/Users/dominic/repos/github.com/dsisnero/rod/.beads/issues.jsonl
time=2026-02-24T20:00:02.841-07:00 level=INFO msg="Import triggered by file change"
time=2026-02-24T20:00:02.842-07:00 level=INFO msg="Starting %s..." !BADKEY=auto-import
time=2026-02-24T20:00:02.842-07:00 level=INFO msg="Skipping %s: JSONL content unchanged" !BADKEY=auto-import
time=2026-02-24T20:00:10.844-07:00 level=INFO msg="File change detected: %s" !BADKEY=/Users/dominic/repos/github.com/dsisnero/rod/.beads/issues.jsonl
time=2026-02-24T20:00:11.847-07:00 level=INFO msg="Import triggered by file change"
time=2026-02-24T20:00:11.847-07:00 level=INFO msg="Starting %s..." !BADKEY=auto-import
time=2026-02-24T20:00:11.848-07:00 level=INFO msg="Skipping %s: JSONL content unchanged" !BADKEY=auto-import
time=2026-02-24T20:00:22.919-07:00 level=INFO msg="File change detected: %s" !BADKEY=/Users/dominic/repos/github.com/dsisnero/rod/.beads/issues.jsonl
time=2026-02-24T20:00:23.923-07:00 level=INFO msg="Import triggered by file change"
time=2026-02-24T20:00:23.924-07:00 level=INFO msg="Starting %s..." !BADKEY=auto-import
time=2026-02-24T20:00:23.924-07:00 level=INFO msg="Skipping %s: JSONL content unchanged" !BADKEY=auto-import
time=2026-02-24T20:00:28.356-07:00 level=INFO msg="File change detected: %s" !BADKEY=/Users/dominic/repos/github.com/dsisnero/rod/.beads/issues.jsonl
time=2026-02-24T20:00:29.360-07:00 level=INFO msg="Import triggered by file change"
time=2026-02-24T20:00:29.361-07:00 level=INFO msg="Starting %s..." !BADKEY=auto-import
time=2026-02-24T20:00:29.361-07:00 level=INFO msg="Skipping %s: JSONL content unchanged" !BADKEY=auto-import
time=2026-02-24T20:00:40.011-07:00 level=INFO msg="File change detected: %s" !BADKEY=/Users/dominic/repos/github.com/dsisnero/rod/.beads/issues.jsonl
time=2026-02-24T20:00:41.015-07:00 level=INFO msg="Import triggered by file change"
time=2026-02-24T20:00:41.015-07:00 level=INFO msg="Starting %s..." !BADKEY=auto-import
time=2026-02-24T20:00:41.016-07:00 level=INFO msg="Skipping %s: JSONL content unchanged" !BADKEY=auto-import
time=2026-02-24T20:00:54.553-07:00 level=INFO msg="File change detected: %s" !BADKEY=/Users/dominic/repos/github.com/dsisnero/rod/.beads/issues.jsonl
time=2026-02-24T20:00:55.559-07:00 level=INFO msg="Import triggered by file change"
time=2026-02-24T20:00:55.559-07:00 level=INFO msg="Starting %s..." !BADKEY=auto-import
time=2026-02-24T20:00:55.560-07:00 level=INFO msg="Skipping %s: JSONL content unchanged" !BADKEY=auto-import
time=2026-02-24T20:02:14.381-07:00 level=INFO msg="File change detected: %s" !BADKEY=/Users/dominic/repos/github.com/dsisnero/rod/.beads/issues.jsonl
time=2026-02-24T20:02:15.384-07:00 level=INFO msg="Import triggered by file change"
time=2026-02-24T20:02:15.385-07:00 level=INFO msg="Starting %s..." !BADKEY=auto-import
time=2026-02-24T20:02:15.385-07:00 level=INFO msg="Skipping %s: JSONL content unchanged" !BADKEY=auto-import
time=2026-02-24T20:02:22.208-07:00 level=INFO msg="File change detected: %s" !BADKEY=/Users/dominic/repos/github.com/dsisnero/rod/.beads/issues.jsonl
time=2026-02-24T20:02:23.210-07:00 level=INFO msg="Import triggered by file change"
time=2026-02-24T20:02:23.210-07:00 level=INFO msg="Starting %s..." !BADKEY=auto-import
time=2026-02-24T20:02:23.211-07:00 level=INFO msg="Skipping %s: JSONL content unchanged" !BADKEY=auto-import
time=2026-02-24T20:02:31.515-07:00 level=INFO msg="File change detected: %s" !BADKEY=/Users/dominic/repos/github.com/dsisnero/rod/.beads/issues.jsonl
time=2026-02-24T20:02:32.516-07:00 level=INFO msg="Import triggered by file change"
time=2026-02-24T20:02:32.516-07:00 level=INFO msg="Starting %s..." !BADKEY=auto-import
time=2026-02-24T20:02:32.517-07:00 level=INFO msg="Skipping %s: JSONL content unchanged" !BADKEY=auto-import
time=2026-02-24T20:02:40.129-07:00 level=INFO msg="File change detected: %s" !BADKEY=/Users/dominic/repos/github.com/dsisnero/rod/.beads/issues.jsonl
time=2026-02-24T20:02:41.132-07:00 level=INFO msg="Import triggered by file change"
time=2026-02-24T20:02:41.133-07:00 level=INFO msg="Starting %s..." !BADKEY=auto-import
time=2026-02-24T20:02:41.133-07:00 level=INFO msg="Skipping %s: JSONL content unchanged" !BADKEY=auto-import
time=2026-02-24T20:02:49.181-07:00 level=INFO msg="File change detected: %s" !BADKEY=/Users/dominic/repos/github.com/dsisnero/rod/.beads/issues.jsonl
time=2026-02-24T20:02:50.186-07:00 level=INFO msg="Import triggered by file change"
time=2026-02-24T20:02:50.186-07:00 level=INFO msg="Starting %s..." !BADKEY=auto-import
time=2026-02-24T20:02:50.187-07:00 level=INFO msg="Skipping %s: JSONL content unchanged" !BADKEY=auto-import
time=2026-02-24T20:03:46.668-07:00 level=INFO msg="File change detected: %s" !BADKEY=/Users/dominic/repos/github.com/dsisnero/rod/.beads/issues.jsonl
time=2026-02-24T20:03:47.669-07:00 level=INFO msg="Import triggered by file change"
time=2026-02-24T20:03:47.669-07:00 level=INFO msg="Starting %s..." !BADKEY=auto-import
time=2026-02-24T20:03:47.670-07:00 level=INFO msg="Skipping %s: JSONL content unchanged" !BADKEY=auto-import
time=2026-02-24T20:03:52.841-07:00 level=INFO msg="File change detected: %s" !BADKEY=/Users/dominic/repos/github.com/dsisnero/rod/.beads/issues.jsonl
time=2026-02-24T20:03:53.845-07:00 level=INFO msg="Import triggered by file change"
time=2026-02-24T20:03:53.845-07:00 level=INFO msg="Starting %s..." !BADKEY=auto-import
time=2026-02-24T20:03:53.845-07:00 level=INFO msg="Skipping %s: JSONL content unchanged" !BADKEY=auto-import
time=2026-02-24T20:04:06.064-07:00 level=INFO msg="File change detected: %s" !BADKEY=/Users/dominic/repos/github.com/dsisnero/rod/.beads/issues.jsonl
time=2026-02-24T20:04:07.068-07:00 level=INFO msg="Import triggered by file change"
time=2026-02-24T20:04:07.068-07:00 level=INFO msg="Starting %s..." !BADKEY=auto-import
time=2026-02-24T20:04:07.068-07:00 level=INFO msg="Skipping %s: JSONL content unchanged" !BADKEY=auto-import
time=2026-02-24T20:04:15.086-07:00 level=INFO msg="File change detected: %s" !BADKEY=/Users/dominic/repos/github.com/dsisnero/rod/.beads/issues.jsonl
time=2026-02-24T20:04:16.087-07:00 level=INFO msg="Import triggered by file change"
time=2026-02-24T20:04:16.087-07:00 level=INFO msg="Starting %s..." !BADKEY=auto-import
time=2026-02-24T20:04:16.087-07:00 level=INFO msg="Skipping %s: JSONL content unchanged" !BADKEY=auto-import
time=2026-02-24T20:04:23.078-07:00 level=INFO msg="File change detected: %s" !BADKEY=/Users/dominic/repos/github.com/dsisnero/rod/.beads/issues.jsonl
time=2026-02-24T20:04:24.082-07:00 level=INFO msg="Import triggered by file change"
time=2026-02-24T20:04:24.083-07:00 level=INFO msg="Starting %s..." !BADKEY=auto-import
time=2026-02-24T20:04:24.083-07:00 level=INFO msg="Skipping %s: JSONL content unchanged" !BADKEY=auto-import
time=2026-02-24T20:23:07.817-07:00 level=INFO msg="File change detected: %s" !BADKEY=/Users/dominic/repos/github.com/dsisnero/rod/.beads/issues.jsonl
time=2026-02-24T20:23:08.820-07:00 level=INFO msg="Import triggered by file change"
time=2026-02-24T20:23:08.820-07:00 level=INFO msg="Starting %s..." !BADKEY=auto-import
time=2026-02-24T20:23:08.821-07:00 level=INFO msg="Skipping %s: JSONL content unchanged" !BADKEY=auto-import
time=2026-02-24T20:23:37.546-07:00 level=INFO msg="File change detected: %s" !BADKEY=/Users/dominic/repos/github.com/dsisnero/rod/.beads/issues.jsonl
time=2026-02-24T20:23:38.547-07:00 level=INFO msg="Import triggered by file change"
time=2026-02-24T20:23:38.548-07:00 level=INFO msg="Starting %s..." !BADKEY=auto-import
time=2026-02-24T20:23:38.548-07:00 level=INFO msg="Skipping %s: JSONL content unchanged" !BADKEY=auto-import
time=2026-02-24T20:23:44.072-07:00 level=INFO msg="File change detected: %s" !BADKEY=/Users/dominic/repos/github.com/dsisnero/rod/.beads/issues.jsonl
time=2026-02-24T20:23:45.074-07:00 level=INFO msg="Import triggered by file change"
time=2026-02-24T20:23:45.075-07:00 level=INFO msg="Starting %s..." !BADKEY=auto-import
time=2026-02-24T20:23:45.075-07:00 level=INFO msg="Skipping %s: JSONL content unchanged" !BADKEY=auto-import
time=2026-02-24T20:23:50.013-07:00 level=INFO msg="File change detected: %s" !BADKEY=/Users/dominic/repos/github.com/dsisnero/rod/.beads/issues.jsonl
time=2026-02-24T20:23:51.014-07:00 level=INFO msg="Import triggered by file change"
time=2026-02-24T20:23:51.015-07:00 level=INFO msg="Starting %s..." !BADKEY=auto-import
time=2026-02-24T20:23:51.015-07:00 level=INFO msg="Skipping %s: JSONL content unchanged" !BADKEY=auto-import
time=2026-02-24T20:24:17.749-07:00 level=INFO msg="File change detected: %s" !BADKEY=/Users/dominic/repos/github.com/dsisnero/rod/.beads/issues.jsonl
time=2026-02-24T20:24:18.751-07:00 level=INFO msg="Import triggered by file change"
time=2026-02-24T20:24:18.752-07:00 level=INFO msg="Starting %s..." !BADKEY=auto-import
time=2026-02-24T20:24:18.752-07:00 level=INFO msg="Skipping %s: JSONL content unchanged" !BADKEY=auto-import
time=2026-02-24T20:24:26.317-07:00 level=INFO msg="File change detected: %s" !BADKEY=/Users/dominic/repos/github.com/dsisnero/rod/.beads/issues.jsonl
time=2026-02-24T20:24:27.318-07:00 level=INFO msg="Import triggered by file change"
time=2026-02-24T20:24:27.318-07:00 level=INFO msg="Starting %s..." !BADKEY=auto-import
time=2026-02-24T20:24:27.319-07:00 level=INFO msg="Skipping %s: JSONL content unchanged" !BADKEY=auto-import
time=2026-02-24T20:24:44.082-07:00 level=INFO msg="File change detected: %s" !BADKEY=/Users/dominic/repos/github.com/dsisnero/rod/.beads/issues.jsonl
time=2026-02-24T20:24:45.084-07:00 level=INFO msg="Import triggered by file change"
time=2026-02-24T20:24:45.085-07:00 level=INFO msg="Starting %s..." !BADKEY=auto-import
time=2026-02-24T20:24:45.085-07:00 level=INFO msg="Skipping %s: JSONL content unchanged" !BADKEY=auto-import
time=2026-02-24T20:24:57.744-07:00 level=INFO msg="File change detected: %s" !BADKEY=/Users/dominic/repos/github.com/dsisnero/rod/.beads/issues.jsonl
time=2026-02-24T20:24:58.746-07:00 level=INFO msg="Import triggered by file change"
time=2026-02-24T20:24:58.746-07:00 level=INFO msg="Starting %s..." !BADKEY=auto-import
time=2026-02-24T20:24:58.747-07:00 level=INFO msg="Skipping %s: JSONL content unchanged" !BADKEY=auto-import
time=2026-02-24T20:25:15.496-07:00 level=INFO msg="File change detected: %s" !BADKEY=/Users/dominic/repos/github.com/dsisnero/rod/.beads/issues.jsonl
time=2026-02-24T20:25:16.498-07:00 level=INFO msg="Import triggered by file change"
time=2026-02-24T20:25:16.499-07:00 level=INFO msg="Starting %s..." !BADKEY=auto-import
time=2026-02-24T20:25:16.500-07:00 level=INFO msg="Skipping %s: JSONL content unchanged" !BADKEY=auto-import
time=2026-02-24T20:25:21.939-07:00 level=INFO msg="File change detected: %s" !BADKEY=/Users/dominic/repos/github.com/dsisnero/rod/.beads/issues.jsonl
time=2026-02-24T20:25:22.942-07:00 level=INFO msg="Import triggered by file change"
time=2026-02-24T20:25:22.942-07:00 level=INFO msg="Starting %s..." !BADKEY=auto-import
time=2026-02-24T20:25:22.942-07:00 level=INFO msg="Skipping %s: JSONL content unchanged" !BADKEY=auto-import
time=2026-02-24T20:25:33.154-07:00 level=INFO msg="File change detected: %s" !BADKEY=/Users/dominic/repos/github.com/dsisnero/rod/.beads/issues.jsonl
time=2026-02-24T20:25:34.156-07:00 level=INFO msg="Import triggered by file change"
time=2026-02-24T20:25:34.156-07:00 level=INFO msg="Starting %s..." !BADKEY=auto-import
time=2026-02-24T20:25:34.156-07:00 level=INFO msg="Skipping %s: JSONL content unchanged" !BADKEY=auto-import
time=2026-02-24T20:25:37.727-07:00 level=INFO msg="File change detected: %s" !BADKEY=/Users/dominic/repos/github.com/dsisnero/rod/.beads/issues.jsonl
time=2026-02-24T20:25:38.729-07:00 level=INFO msg="Import triggered by file change"
time=2026-02-24T20:25:38.730-07:00 level=INFO msg="Starting %s..." !BADKEY=auto-import
time=2026-02-24T20:25:38.730-07:00 level=INFO msg="Skipping %s: JSONL content unchanged" !BADKEY=auto-import
time=2026-02-24T20:25:45.608-07:00 level=INFO msg="File change detected: %s" !BADKEY=/Users/dominic/repos/github.com/dsisnero/rod/.beads/issues.jsonl
time=2026-02-24T20:25:46.611-07:00 level=INFO msg="Import triggered by file change"
time=2026-02-24T20:25:46.611-07:00 level=INFO msg="Starting %s..." !BADKEY=auto-import
time=2026-02-24T20:25:46.612-07:00 level=INFO msg="Skipping %s: JSONL content unchanged" !BADKEY=auto-import
time=2026-02-24T20:25:51.809-07:00 level=INFO msg="File change detected: %s" !BADKEY=/Users/dominic/repos/github.com/dsisnero/rod/.beads/issues.jsonl
time=2026-02-24T20:25:52.810-07:00 level=INFO msg="Import triggered by file change"
time=2026-02-24T20:25:52.811-07:00 level=INFO msg="Starting %s..." !BADKEY=auto-import
time=2026-02-24T20:25:52.811-07:00 level=INFO msg="Skipping %s: JSONL content unchanged" !BADKEY=auto-import
time=2026-02-24T20:26:07.692-07:00 level=INFO msg="File change detected: %s" !BADKEY=/Users/dominic/repos/github.com/dsisnero/rod/.beads/issues.jsonl
time=2026-02-24T20:26:08.694-07:00 level=INFO msg="Import triggered by file change"
time=2026-02-24T20:26:08.694-07:00 level=INFO msg="Starting %s..." !BADKEY=auto-import
time=2026-02-24T20:26:08.695-07:00 level=INFO msg="Skipping %s: JSONL content unchanged" !BADKEY=auto-import
time=2026-02-24T20:26:14.490-07:00 level=INFO msg="File change detected: %s" !BADKEY=/Users/dominic/repos/github.com/dsisnero/rod/.beads/issues.jsonl
time=2026-02-24T20:26:15.491-07:00 level=INFO msg="Import triggered by file change"
time=2026-02-24T20:26:15.491-07:00 level=INFO msg="Starting %s..." !BADKEY=auto-import
time=2026-02-24T20:26:15.492-07:00 level=INFO msg="Skipping %s: JSONL content unchanged" !BADKEY=auto-import
time=2026-02-24T20:26:27.269-07:00 level=INFO msg="File change detected: %s" !BADKEY=/Users/dominic/repos/github.com/dsisnero/rod/.beads/issues.jsonl
time=2026-02-24T20:26:28.271-07:00 level=INFO msg="Import triggered by file change"
time=2026-02-24T20:26:28.271-07:00 level=INFO msg="Starting %s..." !BADKEY=auto-import
time=2026-02-24T20:26:28.271-07:00 level=INFO msg="Skipping %s: JSONL content unchanged" !BADKEY=auto-import
time=2026-02-24T20:26:33.899-07:00 level=INFO msg="File change detected: %s" !BADKEY=/Users/dominic/repos/github.com/dsisnero/rod/.beads/issues.jsonl
time=2026-02-24T20:26:34.901-07:00 level=INFO msg="Import triggered by file change"
time=2026-02-24T20:26:34.901-07:00 level=INFO msg="Starting %s..." !BADKEY=auto-import
time=2026-02-24T20:26:34.901-07:00 level=INFO msg="Skipping %s: JSONL content unchanged" !BADKEY=auto-import
time=2026-02-24T20:26:50.544-07:00 level=INFO msg="File change detected: %s" !BADKEY=/Users/dominic/repos/github.com/dsisnero/rod/.beads/issues.jsonl
time=2026-02-24T20:26:51.546-07:00 level=INFO msg="Import triggered by file change"
time=2026-02-24T20:26:51.546-07:00 level=INFO msg="Starting %s..." !BADKEY=auto-import
time=2026-02-24T20:26:51.547-07:00 level=INFO msg="Skipping %s: JSONL content unchanged" !BADKEY=auto-import
time=2026-02-24T20:26:56.829-07:00 level=INFO msg="File change detected: %s" !BADKEY=/Users/dominic/repos/github.com/dsisnero/rod/.beads/issues.jsonl
time=2026-02-24T20:26:57.829-07:00 level=INFO msg="Import triggered by file change"
time=2026-02-24T20:26:57.830-07:00 level=INFO msg="Starting %s..." !BADKEY=auto-import
time=2026-02-24T20:26:57.830-07:00 level=INFO msg="Skipping %s: JSONL content unchanged" !BADKEY=auto-import
time=2026-02-24T20:27:13.289-07:00 level=INFO msg="File change detected: %s" !BADKEY=/Users/dominic/repos/github.com/dsisnero/rod/.beads/issues.jsonl
time=2026-02-24T20:27:14.291-07:00 level=INFO msg="Import triggered by file change"
time=2026-02-24T20:27:14.292-07:00 level=INFO msg="Starting %s..." !BADKEY=auto-import
time=2026-02-24T20:27:14.292-07:00 level=INFO msg="Skipping %s: JSONL content unchanged" !BADKEY=auto-import
time=2026-02-24T20:27:21.475-07:00 level=INFO msg="File change detected: %s" !BADKEY=/Users/dominic/repos/github.com/dsisnero/rod/.beads/issues.jsonl
time=2026-02-24T20:27:22.477-07:00 level=INFO msg="Import triggered by file change"
time=2026-02-24T20:27:22.478-07:00 level=INFO msg="Starting %s..." !BADKEY=auto-import
time=2026-02-24T20:27:22.478-07:00 level=INFO msg="Skipping %s: JSONL content unchanged" !BADKEY=auto-import
time=2026-02-24T20:27:35.258-07:00 level=INFO msg="File change detected: %s" !BADKEY=/Users/dominic/repos/github.com/dsisnero/rod/.beads/issues.jsonl
time=2026-02-24T20:27:36.261-07:00 level=INFO msg="Import triggered by file change"
time=2026-02-24T20:27:36.261-07:00 level=INFO msg="Starting %s..." !BADKEY=auto-import
time=2026-02-24T20:27:36.261-07:00 level=INFO msg="Skipping %s: JSONL content unchanged" !BADKEY=auto-import
time=2026-02-24T20:27:43.183-07:00 level=INFO msg="File change detected: %s" !BADKEY=/Users/dominic/repos/github.com/dsisnero/rod/.beads/issues.jsonl
time=2026-02-24T20:27:44.185-07:00 level=INFO msg="Import triggered by file change"
time=2026-02-24T20:27:44.185-07:00 level=INFO msg="Starting %s..." !BADKEY=auto-import
time=2026-02-24T20:27:44.186-07:00 level=INFO msg="Skipping %s: JSONL content unchanged" !BADKEY=auto-import
time=2026-02-24T20:27:54.757-07:00 level=INFO msg="File change detected: %s" !BADKEY=/Users/dominic/repos/github.com/dsisnero/rod/.beads/issues.jsonl
time=2026-02-24T20:27:55.759-07:00 level=INFO msg="Import triggered by file change"
time=2026-02-24T20:27:55.760-07:00 level=INFO msg="Starting %s..." !BADKEY=auto-import
time=2026-02-24T20:27:55.760-07:00 level=INFO msg="Skipping %s: JSONL content unchanged" !BADKEY=auto-import
time=2026-02-24T20:28:10.591-07:00 level=INFO msg="File change detected: %s" !BADKEY=/Users/dominic/repos/github.com/dsisnero/rod/.beads/issues.jsonl
time=2026-02-24T20:28:11.592-07:00 level=INFO msg="Import triggered by file change"
time=2026-02-24T20:28:11.592-07:00 level=INFO msg="Starting %s..." !BADKEY=auto-import
time=2026-02-24T20:28:11.593-07:00 level=INFO msg="Skipping %s: JSONL content unchanged" !BADKEY=auto-import
time=2026-02-24T20:28:18.113-07:00 level=INFO msg="File change detected: %s" !BADKEY=/Users/dominic/repos/github.com/dsisnero/rod/.beads/issues.jsonl
time=2026-02-24T20:28:19.115-07:00 level=INFO msg="Import triggered by file change"
time=2026-02-24T20:28:19.116-07:00 level=INFO msg="Starting %s..." !BADKEY=auto-import
time=2026-02-24T20:28:19.116-07:00 level=INFO msg="Skipping %s: JSONL content unchanged" !BADKEY=auto-import
time=2026-02-24T20:28:35.997-07:00 level=INFO msg="File change detected: %s" !BADKEY=/Users/dominic/repos/github.com/dsisnero/rod/.beads/issues.jsonl
time=2026-02-24T20:28:36.998-07:00 level=INFO msg="Import triggered by file change"
time=2026-02-24T20:28:36.998-07:00 level=INFO msg="Starting %s..." !BADKEY=auto-import
time=2026-02-24T20:28:36.999-07:00 level=INFO msg="Skipping %s: JSONL content unchanged" !BADKEY=auto-import
time=2026-02-24T20:28:50.878-07:00 level=INFO msg="File change detected: %s" !BADKEY=/Users/dominic/repos/github.com/dsisnero/rod/.beads/issues.jsonl
time=2026-02-24T20:28:51.880-07:00 level=INFO msg="Import triggered by file change"
time=2026-02-24T20:28:51.880-07:00 level=INFO msg="Starting %s..." !BADKEY=auto-import
time=2026-02-24T20:28:51.881-07:00 level=INFO msg="Skipping %s: JSONL content unchanged" !BADKEY=auto-import
time=2026-02-24T20:29:01.734-07:00 level=INFO msg="File change detected: %s" !BADKEY=/Users/dominic/repos/github.com/dsisnero/rod/.beads/issues.jsonl
time=2026-02-24T20:29:02.736-07:00 level=INFO msg="Import triggered by file change"
time=2026-02-24T20:29:02.736-07:00 level=INFO msg="Starting %s..." !BADKEY=auto-import
time=2026-02-24T20:29:02.736-07:00 level=INFO msg="Skipping %s: JSONL content unchanged" !BADKEY=auto-import
time=2026-02-24T20:29:08.528-07:00 level=INFO msg="File change detected: %s" !BADKEY=/Users/dominic/repos/github.com/dsisnero/rod/.beads/issues.jsonl
time=2026-02-24T20:29:09.530-07:00 level=INFO msg="Import triggered by file change"
time=2026-02-24T20:29:09.530-07:00 level=INFO msg="Starting %s..." !BADKEY=auto-import
time=2026-02-24T20:29:09.531-07:00 level=INFO msg="Skipping %s: JSONL content unchanged" !BADKEY=auto-import
time=2026-02-24T20:29:16.122-07:00 level=INFO msg="File change detected: %s" !BADKEY=/Users/dominic/repos/github.com/dsisnero/rod/.beads/issues.jsonl
time=2026-02-24T20:29:17.124-07:00 level=INFO msg="Import triggered by file change"
time=2026-02-24T20:29:17.125-07:00 level=INFO msg="Starting %s..." !BADKEY=auto-import
time=2026-02-24T20:29:17.125-07:00 level=INFO msg="Skipping %s: JSONL content unchanged" !BADKEY=auto-import
time=2026-02-24T20:29:27.230-07:00 level=INFO msg="File change detected: %s" !BADKEY=/Users/dominic/repos/github.com/dsisnero/rod/.beads/issues.jsonl
time=2026-02-24T20:29:28.232-07:00 level=INFO msg="Import triggered by file change"
time=2026-02-24T20:29:28.233-07:00 level=INFO msg="Starting %s..." !BADKEY=auto-import
time=2026-02-24T20:29:28.233-07:00 level=INFO msg="Skipping %s: JSONL content unchanged" !BADKEY=auto-import
time=2026-02-24T20:29:36.111-07:00 level=INFO msg="File change detected: %s" !BADKEY=/Users/dominic/repos/github.com/dsisnero/rod/.beads/issues.jsonl
time=2026-02-24T20:29:37.114-07:00 level=INFO msg="Import triggered by file change"
time=2026-02-24T20:29:37.114-07:00 level=INFO msg="Starting %s..." !BADKEY=auto-import
time=2026-02-24T20:29:37.115-07:00 level=INFO msg="Skipping %s: JSONL content unchanged" !BADKEY=auto-import
time=2026-02-24T20:29:42.058-07:00 level=INFO msg="File change detected: %s" !BADKEY=/Users/dominic/repos/github.com/dsisnero/rod/.beads/issues.jsonl
time=2026-02-24T20:29:43.059-07:00 level=INFO msg="Import triggered by file change"
time=2026-02-24T20:29:43.059-07:00 level=INFO msg="Starting %s..." !BADKEY=auto-import
time=2026-02-24T20:29:43.060-07:00 level=INFO msg="Skipping %s: JSONL content unchanged" !BADKEY=auto-import
time=2026-02-24T20:29:48.653-07:00 level=INFO msg="File change detected: %s" !BADKEY=/Users/dominic/repos/github.com/dsisnero/rod/.beads/issues.jsonl
time=2026-02-24T20:29:49.654-07:00 level=INFO msg="Import triggered by file change"
time=2026-02-24T20:29:49.654-07:00 level=INFO msg="Starting %s..." !BADKEY=auto-import
time=2026-02-24T20:29:49.654-07:00 level=INFO msg="Skipping %s: JSONL content unchanged" !BADKEY=auto-import
time=2026-02-24T20:29:54.481-07:00 level=INFO msg="File change detected: %s" !BADKEY=/Users/dominic/repos/github.com/dsisnero/rod/.beads/issues.jsonl
time=2026-02-24T20:29:55.483-07:00 level=INFO msg="Import triggered by file change"
time=2026-02-24T20:29:55.483-07:00 level=INFO msg="Starting %s..." !BADKEY=auto-import
time=2026-02-24T20:29:55.484-07:00 level=INFO msg="Skipping %s: JSONL content unchanged" !BADKEY=auto-import
time=2026-02-24T20:30:04.206-07:00 level=INFO msg="File change detected: %s" !BADKEY=/Users/dominic/repos/github.com/dsisnero/rod/.beads/issues.jsonl
time=2026-02-24T20:30:05.208-07:00 level=INFO msg="Import triggered by file change"
time=2026-02-24T20:30:05.208-07:00 level=INFO msg="Starting %s..." !BADKEY=auto-import
time=2026-02-24T20:30:05.208-07:00 level=INFO msg="Skipping %s: JSONL content unchanged" !BADKEY=auto-import
time=2026-02-24T20:30:14.708-07:00 level=INFO msg="File change detected: %s" !BADKEY=/Users/dominic/repos/github.com/dsisnero/rod/.beads/issues.jsonl
time=2026-02-24T20:30:15.710-07:00 level=INFO msg="Import triggered by file change"
time=2026-02-24T20:30:15.710-07:00 level=INFO msg="Starting %s..." !BADKEY=auto-import
time=2026-02-24T20:30:15.711-07:00 level=INFO msg="Skipping %s: JSONL content unchanged" !BADKEY=auto-import
time=2026-02-24T20:30:24.201-07:00 level=INFO msg="File change detected: %s" !BADKEY=/Users/dominic/repos/github.com/dsisnero/rod/.beads/issues.jsonl
time=2026-02-24T20:30:25.202-07:00 level=INFO msg="Import triggered by file change"
time=2026-02-24T20:30:25.203-07:00 level=INFO msg="Starting %s..." !BADKEY=auto-import
time=2026-02-24T20:30:25.203-07:00 level=INFO msg="Skipping %s: JSONL content unchanged" !BADKEY=auto-import
time=2026-02-24T20:30:35.693-07:00 level=INFO msg="File change detected: %s" !BADKEY=/Users/dominic/repos/github.com/dsisnero/rod/.beads/issues.jsonl
time=2026-02-24T20:30:36.695-07:00 level=INFO msg="Import triggered by file change"
time=2026-02-24T20:30:36.695-07:00 level=INFO msg="Starting %s..." !BADKEY=auto-import
time=2026-02-24T20:30:36.696-07:00 level=INFO msg="Skipping %s: JSONL content unchanged" !BADKEY=auto-import
time=2026-02-24T20:30:41.819-07:00 level=INFO msg="File change detected: %s" !BADKEY=/Users/dominic/repos/github.com/dsisnero/rod/.beads/issues.jsonl
time=2026-02-24T20:30:42.821-07:00 level=INFO msg="Import triggered by file change"
time=2026-02-24T20:30:42.821-07:00 level=INFO msg="Starting %s..." !BADKEY=auto-import
time=2026-02-24T20:30:42.821-07:00 level=INFO msg="Skipping %s: JSONL content unchanged" !BADKEY=auto-import
time=2026-02-24T20:30:51.069-07:00 level=INFO msg="File change detected: %s" !BADKEY=/Users/dominic/repos/github.com/dsisnero/rod/.beads/issues.jsonl
time=2026-02-24T20:30:52.070-07:00 level=INFO msg="Import triggered by file change"
time=2026-02-24T20:30:52.071-07:00 level=INFO msg="Starting %s..." !BADKEY=auto-import
time=2026-02-24T20:30:52.071-07:00 level=INFO msg="Skipping %s: JSONL content unchanged" !BADKEY=auto-import
time=2026-02-24T20:31:05.160-07:00 level=INFO msg="File change detected: %s" !BADKEY=/Users/dominic/repos/github.com/dsisnero/rod/.beads/issues.jsonl
time=2026-02-24T20:31:06.162-07:00 level=INFO msg="Import triggered by file change"
time=2026-02-24T20:31:06.162-07:00 level=INFO msg="Starting %s..." !BADKEY=auto-import
time=2026-02-24T20:31:06.162-07:00 level=INFO msg="Skipping %s: JSONL content unchanged" !BADKEY=auto-import
time=2026-02-24T20:31:13.069-07:00 level=INFO msg="File change detected: %s" !BADKEY=/Users/dominic/repos/github.com/dsisnero/rod/.beads/issues.jsonl
time=2026-02-24T20:31:14.072-07:00 level=INFO msg="Import triggered by file change"
time=2026-02-24T20:31:14.072-07:00 level=INFO msg="Starting %s..." !BADKEY=auto-import
time=2026-02-24T20:31:14.072-07:00 level=INFO msg="Skipping %s: JSONL content unchanged" !BADKEY=auto-import
time=2026-02-24T20:31:29.409-07:00 level=INFO msg="File change detected: %s" !BADKEY=/Users/dominic/repos/github.com/dsisnero/rod/.beads/issues.jsonl
time=2026-02-24T20:31:30.411-07:00 level=INFO msg="Import triggered by file change"
time=2026-02-24T20:31:30.412-07:00 level=INFO msg="Starting %s..." !BADKEY=auto-import
time=2026-02-24T20:31:30.412-07:00 level=INFO msg="Skipping %s: JSONL content unchanged" !BADKEY=auto-import
time=2026-02-24T20:31:39.247-07:00 level=INFO msg="File change detected: %s" !BADKEY=/Users/dominic/repos/github.com/dsisnero/rod/.beads/issues.jsonl
time=2026-02-24T20:31:40.249-07:00 level=INFO msg="Import triggered by file change"
time=2026-02-24T20:31:40.249-07:00 level=INFO msg="Starting %s..." !BADKEY=auto-import
time=2026-02-24T20:31:40.250-07:00 level=INFO msg="Skipping %s: JSONL content unchanged" !BADKEY=auto-import
time=2026-02-24T20:31:48.194-07:00 level=INFO msg="File change detected: %s" !BADKEY=/Users/dominic/repos/github.com/dsisnero/rod/.beads/issues.jsonl
time=2026-02-24T20:31:49.196-07:00 level=INFO msg="Import triggered by file change"
time=2026-02-24T20:31:49.196-07:00 level=INFO msg="Starting %s..." !BADKEY=auto-import
time=2026-02-24T20:31:49.197-07:00 level=INFO msg="Skipping %s: JSONL content unchanged" !BADKEY=auto-import
time=2026-02-24T20:32:00.306-07:00 level=INFO msg="File change detected: %s" !BADKEY=/Users/dominic/repos/github.com/dsisnero/rod/.beads/issues.jsonl
time=2026-02-24T20:32:01.308-07:00 level=INFO msg="Import triggered by file change"
time=2026-02-24T20:32:01.309-07:00 level=INFO msg="Starting %s..." !BADKEY=auto-import
time=2026-02-24T20:32:01.309-07:00 level=INFO msg="Skipping %s: JSONL content unchanged" !BADKEY=auto-import
time=2026-02-24T20:32:08.608-07:00 level=INFO msg="File change detected: %s" !BADKEY=/Users/dominic/repos/github.com/dsisnero/rod/.beads/issues.jsonl
time=2026-02-24T20:32:09.609-07:00 level=INFO msg="Import triggered by file change"
time=2026-02-24T20:32:09.609-07:00 level=INFO msg="Starting %s..." !BADKEY=auto-import
time=2026-02-24T20:32:09.610-07:00 level=INFO msg="Skipping %s: JSONL content unchanged" !BADKEY=auto-import
time=2026-02-24T20:32:17.210-07:00 level=INFO msg="File change detected: %s" !BADKEY=/Users/dominic/repos/github.com/dsisnero/rod/.beads/issues.jsonl
time=2026-02-24T20:32:18.212-07:00 level=INFO msg="Import triggered by file change"
time=2026-02-24T20:32:18.212-07:00 level=INFO msg="Starting %s..." !BADKEY=auto-import
time=2026-02-24T20:32:18.213-07:00 level=INFO msg="Skipping %s: JSONL content unchanged" !BADKEY=auto-import
time=2026-02-24T20:32:23.379-07:00 level=INFO msg="File change detected: %s" !BADKEY=/Users/dominic/repos/github.com/dsisnero/rod/.beads/issues.jsonl
time=2026-02-24T20:32:24.381-07:00 level=INFO msg="Import triggered by file change"
time=2026-02-24T20:32:24.382-07:00 level=INFO msg="Starting %s..." !BADKEY=auto-import
time=2026-02-24T20:32:24.382-07:00 level=INFO msg="Skipping %s: JSONL content unchanged" !BADKEY=auto-import
time=2026-02-24T20:32:33.172-07:00 level=INFO msg="File change detected: %s" !BADKEY=/Users/dominic/repos/github.com/dsisnero/rod/.beads/issues.jsonl
time=2026-02-24T20:32:34.174-07:00 level=INFO msg="Import triggered by file change"
time=2026-02-24T20:32:34.174-07:00 level=INFO msg="Starting %s..." !BADKEY=auto-import
time=2026-02-24T20:32:34.174-07:00 level=INFO msg="Skipping %s: JSONL content unchanged" !BADKEY=auto-import
time=2026-02-24T20:32:38.637-07:00 level=INFO msg="File change detected: %s" !BADKEY=/Users/dominic/repos/github.com/dsisnero/rod/.beads/issues.jsonl
time=2026-02-24T20:32:39.639-07:00 level=INFO msg="Import triggered by file change"
time=2026-02-24T20:32:39.639-07:00 level=INFO msg="Starting %s..." !BADKEY=auto-import
time=2026-02-24T20:32:39.640-07:00 level=INFO msg="Skipping %s: JSONL content unchanged" !BADKEY=auto-import
time=2026-02-24T20:32:46.392-07:00 level=INFO msg="File change detected: %s" !BADKEY=/Users/dominic/repos/github.com/dsisnero/rod/.beads/issues.jsonl
time=2026-02-24T20:32:47.394-07:00 level=INFO msg="Import triggered by file change"
time=2026-02-24T20:32:47.394-07:00 level=INFO msg="Starting %s..." !BADKEY=auto-import
time=2026-02-24T20:32:47.394-07:00 level=INFO msg="Skipping %s: JSONL content unchanged" !BADKEY=auto-import
time=2026-02-24T20:32:53.832-07:00 level=INFO msg="File change detected: %s" !BADKEY=/Users/dominic/repos/github.com/dsisnero/rod/.beads/issues.jsonl
time=2026-02-24T20:32:54.834-07:00 level=INFO msg="Import triggered by file change"
time=2026-02-24T20:32:54.834-07:00 level=INFO msg="Starting %s..." !BADKEY=auto-import
time=2026-02-24T20:32:54.835-07:00 level=INFO msg="Skipping %s: JSONL content unchanged" !BADKEY=auto-import
time=2026-02-24T20:33:04.282-07:00 level=INFO msg="File change detected: %s" !BADKEY=/Users/dominic/repos/github.com/dsisnero/rod/.beads/issues.jsonl
time=2026-02-24T20:33:05.283-07:00 level=INFO msg="Import triggered by file change"
time=2026-02-24T20:33:05.284-07:00 level=INFO msg="Starting %s..." !BADKEY=auto-import
time=2026-02-24T20:33:05.284-07:00 level=INFO msg="Skipping %s: JSONL content unchanged" !BADKEY=auto-import
time=2026-02-24T20:33:20.002-07:00 level=INFO msg="File change detected: %s" !BADKEY=/Users/dominic/repos/github.com/dsisnero/rod/.beads/issues.jsonl
time=2026-02-24T20:33:21.003-07:00 level=INFO msg="Import triggered by file change"
time=2026-02-24T20:33:21.003-07:00 level=INFO msg="Starting %s..." !BADKEY=auto-import
time=2026-02-24T20:33:21.004-07:00 level=INFO msg="Skipping %s: JSONL content unchanged" !BADKEY=auto-import
time=2026-02-24T20:33:30.907-07:00 level=INFO msg="File change detected: %s" !BADKEY=/Users/dominic/repos/github.com/dsisnero/rod/.beads/issues.jsonl
time=2026-02-24T20:33:31.909-07:00 level=INFO msg="Import triggered by file change"
time=2026-02-24T20:33:31.909-07:00 level=INFO msg="Starting %s..." !BADKEY=auto-import
time=2026-02-24T20:33:31.910-07:00 level=INFO msg="Skipping %s: JSONL content unchanged" !BADKEY=auto-import
time=2026-02-24T20:33:39.882-07:00 level=INFO msg="File change detected: %s" !BADKEY=/Users/dominic/repos/github.com/dsisnero/rod/.beads/issues.jsonl
time=2026-02-24T20:33:40.883-07:00 level=INFO msg="Import triggered by file change"
time=2026-02-24T20:33:40.883-07:00 level=INFO msg="Starting %s..." !BADKEY=auto-import
time=2026-02-24T20:33:40.884-07:00 level=INFO msg="Skipping %s: JSONL content unchanged" !BADKEY=auto-import
time=2026-02-24T20:33:52.582-07:00 level=INFO msg="File change detected: %s" !BADKEY=/Users/dominic/repos/github.com/dsisnero/rod/.beads/issues.jsonl
time=2026-02-24T20:33:53.583-07:00 level=INFO msg="Import triggered by file change"
time=2026-02-24T20:33:53.583-07:00 level=INFO msg="Starting %s..." !BADKEY=auto-import
time=2026-02-24T20:33:53.583-07:00 level=INFO msg="Skipping %s: JSONL content unchanged" !BADKEY=auto-import
time=2026-02-24T20:33:58.900-07:00 level=INFO msg="File change detected: %s" !BADKEY=/Users/dominic/repos/github.com/dsisnero/rod/.beads/issues.jsonl
time=2026-02-24T20:33:59.902-07:00 level=INFO msg="Import triggered by file change"
time=2026-02-24T20:33:59.903-07:00 level=INFO msg="Starting %s..." !BADKEY=auto-import
time=2026-02-24T20:33:59.903-07:00 level=INFO msg="Skipping %s: JSONL content unchanged" !BADKEY=auto-import
time=2026-02-24T20:34:08.236-07:00 level=INFO msg="File change detected: %s" !BADKEY=/Users/dominic/repos/github.com/dsisnero/rod/.beads/issues.jsonl
time=2026-02-24T20:34:09.238-07:00 level=INFO msg="Import triggered by file change"
time=2026-02-24T20:34:09.238-07:00 level=INFO msg="Starting %s..." !BADKEY=auto-import
time=2026-02-24T20:34:09.239-07:00 level=INFO msg="Skipping %s: JSONL content unchanged" !BADKEY=auto-import
time=2026-02-24T20:34:15.643-07:00 level=INFO msg="File change detected: %s" !BADKEY=/Users/dominic/repos/github.com/dsisnero/rod/.beads/issues.jsonl
time=2026-02-24T20:34:16.644-07:00 level=INFO msg="Import triggered by file change"
time=2026-02-24T20:34:16.645-07:00 level=INFO msg="Starting %s..." !BADKEY=auto-import
time=2026-02-24T20:34:16.645-07:00 level=INFO msg="Skipping %s: JSONL content unchanged" !BADKEY=auto-import
time=2026-02-24T20:34:30.471-07:00 level=INFO msg="File change detected: %s" !BADKEY=/Users/dominic/repos/github.com/dsisnero/rod/.beads/issues.jsonl
time=2026-02-24T20:34:31.473-07:00 level=INFO msg="Import triggered by file change"
time=2026-02-24T20:34:31.473-07:00 level=INFO msg="Starting %s..." !BADKEY=auto-import
time=2026-02-24T20:34:31.474-07:00 level=INFO msg="Skipping %s: JSONL content unchanged" !BADKEY=auto-import
time=2026-02-24T20:34:38.974-07:00 level=INFO msg="File change detected: %s" !BADKEY=/Users/dominic/repos/github.com/dsisnero/rod/.beads/issues.jsonl
time=2026-02-24T20:34:39.976-07:00 level=INFO msg="Import triggered by file change"
time=2026-02-24T20:34:39.977-07:00 level=INFO msg="Starting %s..." !BADKEY=auto-import
time=2026-02-24T20:34:39.977-07:00 level=INFO msg="Skipping %s: JSONL content unchanged" !BADKEY=auto-import
time=2026-02-24T20:34:46.280-07:00 level=INFO msg="File change detected: %s" !BADKEY=/Users/dominic/repos/github.com/dsisnero/rod/.beads/issues.jsonl
time=2026-02-24T20:34:47.282-07:00 level=INFO msg="Import triggered by file change"
time=2026-02-24T20:34:47.282-07:00 level=INFO msg="Starting %s..." !BADKEY=auto-import
time=2026-02-24T20:34:47.282-07:00 level=INFO msg="Skipping %s: JSONL content unchanged" !BADKEY=auto-import
time=2026-02-24T20:35:13.244-07:00 level=INFO msg="File change detected: %s" !BADKEY=/Users/dominic/repos/github.com/dsisnero/rod/.beads/issues.jsonl
time=2026-02-24T20:35:14.246-07:00 level=INFO msg="Import triggered by file change"
time=2026-02-24T20:35:14.246-07:00 level=INFO msg="Starting %s..." !BADKEY=auto-import
time=2026-02-24T20:35:14.247-07:00 level=INFO msg="Skipping %s: JSONL content unchanged" !BADKEY=auto-import
time=2026-02-24T20:35:19.872-07:00 level=INFO msg="File change detected: %s" !BADKEY=/Users/dominic/repos/github.com/dsisnero/rod/.beads/issues.jsonl
time=2026-02-24T20:35:20.874-07:00 level=INFO msg="Import triggered by file change"
time=2026-02-24T20:35:20.875-07:00 level=INFO msg="Starting %s..." !BADKEY=auto-import
time=2026-02-24T20:35:20.875-07:00 level=INFO msg="Skipping %s: JSONL content unchanged" !BADKEY=auto-import
time=2026-02-24T20:37:25.561-07:00 level=INFO msg="File change detected: %s" !BADKEY=/Users/dominic/repos/github.com/dsisnero/rod/.beads/issues.jsonl
time=2026-02-24T20:37:26.564-07:00 level=INFO msg="Import triggered by file change"
time=2026-02-24T20:37:26.564-07:00 level=INFO msg="Starting %s..." !BADKEY=auto-import
time=2026-02-24T20:37:26.564-07:00 level=INFO msg="Skipping %s: JSONL content unchanged" !BADKEY=auto-import
time=2026-02-24T20:37:37.978-07:00 level=INFO msg="File change detected: %s" !BADKEY=/Users/dominic/repos/github.com/dsisnero/rod/.beads/issues.jsonl
time=2026-02-24T20:37:38.978-07:00 level=INFO msg="Import triggered by file change"
time=2026-02-24T20:37:38.978-07:00 level=INFO msg="Starting %s..." !BADKEY=auto-import
time=2026-02-24T20:37:38.979-07:00 level=INFO msg="Skipping %s: JSONL content unchanged" !BADKEY=auto-import
time=2026-02-24T20:37:53.000-07:00 level=INFO msg="File change detected: %s" !BADKEY=/Users/dominic/repos/github.com/dsisnero/rod/.beads/issues.jsonl
time=2026-02-24T20:37:54.003-07:00 level=INFO msg="Import triggered by file change"
time=2026-02-24T20:37:54.003-07:00 level=INFO msg="Starting %s..." !BADKEY=auto-import
time=2026-02-24T20:37:54.004-07:00 level=INFO msg="Skipping %s: JSONL content unchanged" !BADKEY=auto-import
time=2026-02-24T20:38:00.900-07:00 level=INFO msg="File change detected: %s" !BADKEY=/Users/dominic/repos/github.com/dsisnero/rod/.beads/issues.jsonl
time=2026-02-24T20:38:01.902-07:00 level=INFO msg="Import triggered by file change"
time=2026-02-24T20:38:01.902-07:00 level=INFO msg="Starting %s..." !BADKEY=auto-import
time=2026-02-24T20:38:01.903-07:00 level=INFO msg="Skipping %s: JSONL content unchanged" !BADKEY=auto-import
time=2026-02-24T20:38:12.224-07:00 level=INFO msg="File change detected: %s" !BADKEY=/Users/dominic/repos/github.com/dsisnero/rod/.beads/issues.jsonl
time=2026-02-24T20:38:13.226-07:00 level=INFO msg="Import triggered by file change"
time=2026-02-24T20:38:13.227-07:00 level=INFO msg="Starting %s..." !BADKEY=auto-import
time=2026-02-24T20:38:13.227-07:00 level=INFO msg="Skipping %s: JSONL content unchanged" !BADKEY=auto-import
time=2026-02-24T20:38:23.455-07:00 level=INFO msg="File change detected: %s" !BADKEY=/Users/dominic/repos/github.com/dsisnero/rod/.beads/issues.jsonl
time=2026-02-24T20:38:24.457-07:00 level=INFO msg="Import triggered by file change"
time=2026-02-24T20:38:24.458-07:00 level=INFO msg="Starting %s..." !BADKEY=auto-import
time=2026-02-24T20:38:24.458-07:00 level=INFO msg="Skipping %s: JSONL content unchanged" !BADKEY=auto-import
time=2026-02-24T20:38:34.374-07:00 level=INFO msg="File change detected: %s" !BADKEY=/Users/dominic/repos/github.com/dsisnero/rod/.beads/issues.jsonl
time=2026-02-24T20:38:35.376-07:00 level=INFO msg="Import triggered by file change"
time=2026-02-24T20:38:35.376-07:00 level=INFO msg="Starting %s..." !BADKEY=auto-import
time=2026-02-24T20:38:35.377-07:00 level=INFO msg="Skipping %s: JSONL content unchanged" !BADKEY=auto-import
time=2026-02-24T20:38:40.713-07:00 level=INFO msg="File change detected: %s" !BADKEY=/Users/dominic/repos/github.com/dsisnero/rod/.beads/issues.jsonl
time=2026-02-24T20:38:41.715-07:00 level=INFO msg="Import triggered by file change"
time=2026-02-24T20:38:41.715-07:00 level=INFO msg="Starting %s..." !BADKEY=auto-import
time=2026-02-24T20:38:41.715-07:00 level=INFO msg="Skipping %s: JSONL content unchanged" !BADKEY=auto-import
time=2026-02-24T20:38:52.257-07:00 level=INFO msg="File change detected: %s" !BADKEY=/Users/dominic/repos/github.com/dsisnero/rod/.beads/issues.jsonl
time=2026-02-24T20:38:53.259-07:00 level=INFO msg="Import triggered by file change"
time=2026-02-24T20:38:53.259-07:00 level=INFO msg="Starting %s..." !BADKEY=auto-import
time=2026-02-24T20:38:53.259-07:00 level=INFO msg="Skipping %s: JSONL content unchanged" !BADKEY=auto-import
time=2026-02-24T20:39:02.304-07:00 level=INFO msg="File change detected: %s" !BADKEY=/Users/dominic/repos/github.com/dsisnero/rod/.beads/issues.jsonl
time=2026-02-24T20:39:03.306-07:00 level=INFO msg="Import triggered by file change"
time=2026-02-24T20:39:03.306-07:00 level=INFO msg="Starting %s..." !BADKEY=auto-import
time=2026-02-24T20:39:03.306-07:00 level=INFO msg="Skipping %s: JSONL content unchanged" !BADKEY=auto-import
time=2026-02-24T20:39:12.764-07:00 level=INFO msg="File change detected: %s" !BADKEY=/Users/dominic/repos/github.com/dsisnero/rod/.beads/issues.jsonl
time=2026-02-24T20:39:13.765-07:00 level=INFO msg="Import triggered by file change"
time=2026-02-24T20:39:13.766-07:00 level=INFO msg="Starting %s..." !BADKEY=auto-import
time=2026-02-24T20:39:13.766-07:00 level=INFO msg="Skipping %s: JSONL content unchanged" !BADKEY=auto-import
time=2026-02-24T20:39:22.648-07:00 level=INFO msg="File change detected: %s" !BADKEY=/Users/dominic/repos/github.com/dsisnero/rod/.beads/issues.jsonl
time=2026-02-24T20:39:23.649-07:00 level=INFO msg="Import triggered by file change"
time=2026-02-24T20:39:23.649-07:00 level=INFO msg="Starting %s..." !BADKEY=auto-import
time=2026-02-24T20:39:23.650-07:00 level=INFO msg="Skipping %s: JSONL content unchanged" !BADKEY=auto-import
time=2026-02-24T20:39:34.406-07:00 level=INFO msg="File change detected: %s" !BADKEY=/Users/dominic/repos/github.com/dsisnero/rod/.beads/issues.jsonl
time=2026-02-24T20:39:35.408-07:00 level=INFO msg="Import triggered by file change"
time=2026-02-24T20:39:35.408-07:00 level=INFO msg="Starting %s..." !BADKEY=auto-import
time=2026-02-24T20:39:35.409-07:00 level=INFO msg="Skipping %s: JSONL content unchanged" !BADKEY=auto-import
time=2026-02-24T20:39:43.407-07:00 level=INFO msg="File change detected: %s" !BADKEY=/Users/dominic/repos/github.com/dsisnero/rod/.beads/issues.jsonl
time=2026-02-24T20:39:44.409-07:00 level=INFO msg="Import triggered by file change"
time=2026-02-24T20:39:44.409-07:00 level=INFO msg="Starting %s..." !BADKEY=auto-import
time=2026-02-24T20:39:44.409-07:00 level=INFO msg="Skipping %s: JSONL content unchanged" !BADKEY=auto-import
time=2026-02-24T20:39:52.701-07:00 level=INFO msg="File change detected: %s" !BADKEY=/Users/dominic/repos/github.com/dsisnero/rod/.beads/issues.jsonl
time=2026-02-24T20:39:53.703-07:00 level=INFO msg="Import triggered by file change"
time=2026-02-24T20:39:53.704-07:00 level=INFO msg="Starting %s..." !BADKEY=auto-import
time=2026-02-24T20:39:53.704-07:00 level=INFO msg="Skipping %s: JSONL content unchanged" !BADKEY=auto-import
time=2026-02-24T20:40:04.090-07:00 level=INFO msg="File change detected: %s" !BADKEY=/Users/dominic/repos/github.com/dsisnero/rod/.beads/issues.jsonl
time=2026-02-24T20:40:05.092-07:00 level=INFO msg="Import triggered by file change"
time=2026-02-24T20:40:05.092-07:00 level=INFO msg="Starting %s..." !BADKEY=auto-import
time=2026-02-24T20:40:05.093-07:00 level=INFO msg="Skipping %s: JSONL content unchanged" !BADKEY=auto-import
time=2026-02-24T20:40:12.021-07:00 level=INFO msg="File change detected: %s" !BADKEY=/Users/dominic/repos/github.com/dsisnero/rod/.beads/issues.jsonl
time=2026-02-24T20:40:13.024-07:00 level=INFO msg="Import triggered by file change"
time=2026-02-24T20:40:13.024-07:00 level=INFO msg="Starting %s..." !BADKEY=auto-import
time=2026-02-24T20:40:13.024-07:00 level=INFO msg="Skipping %s: JSONL content unchanged" !BADKEY=auto-import
time=2026-02-24T20:40:20.066-07:00 level=INFO msg="File change detected: %s" !BADKEY=/Users/dominic/repos/github.com/dsisnero/rod/.beads/issues.jsonl
time=2026-02-24T20:40:21.068-07:00 level=INFO msg="Import triggered by file change"
time=2026-02-24T20:40:21.068-07:00 level=INFO msg="Starting %s..." !BADKEY=auto-import
time=2026-02-24T20:40:21.068-07:00 level=INFO msg="Skipping %s: JSONL content unchanged" !BADKEY=auto-import
time=2026-02-24T20:40:28.533-07:00 level=INFO msg="File change detected: %s" !BADKEY=/Users/dominic/repos/github.com/dsisnero/rod/.beads/issues.jsonl
time=2026-02-24T20:40:29.535-07:00 level=INFO msg="Import triggered by file change"
time=2026-02-24T20:40:29.535-07:00 level=INFO msg="Starting %s..." !BADKEY=auto-import
time=2026-02-24T20:40:29.535-07:00 level=INFO msg="Skipping %s: JSONL content unchanged" !BADKEY=auto-import
time=2026-02-24T20:40:37.045-07:00 level=INFO msg="JSONL removed/renamed, re-establishing watch"
time=2026-02-24T20:40:37.096-07:00 level=INFO msg="Successfully re-established JSONL watch after %v" !BADKEY=50ms
time=2026-02-24T20:40:37.096-07:00 level=INFO msg="JSONL file created: %s" !BADKEY=/Users/dominic/repos/github.com/dsisnero/rod/.beads/issues.jsonl
time=2026-02-24T20:40:38.098-07:00 level=INFO msg="Import triggered by file change"
time=2026-02-24T20:40:38.099-07:00 level=INFO msg="Starting %s..." !BADKEY=auto-import
time=2026-02-24T20:40:38.103-07:00 level=INFO msg="Skipping %s: JSONL content unchanged" !BADKEY=auto-import
time=2026-02-24T20:40:39.207-07:00 level=INFO msg="File change detected: %s" !BADKEY=/Users/dominic/repos/github.com/dsisnero/rod/.beads/issues.jsonl
time=2026-02-24T20:40:40.210-07:00 level=INFO msg="Import triggered by file change"
time=2026-02-24T20:40:40.211-07:00 level=INFO msg="Starting %s..." !BADKEY=auto-import
time=2026-02-24T20:40:40.211-07:00 level=INFO msg="Skipping %s: JSONL content unchanged" !BADKEY=auto-import
time=2026-02-24T20:40:44.498-07:00 level=INFO msg="JSONL removed/renamed, re-establishing watch"
time=2026-02-24T20:40:44.549-07:00 level=INFO msg="Successfully re-established JSONL watch after %v" !BADKEY=50ms
time=2026-02-24T20:40:44.549-07:00 level=INFO msg="JSONL file created: %s" !BADKEY=/Users/dominic/repos/github.com/dsisnero/rod/.beads/issues.jsonl
time=2026-02-24T20:40:45.550-07:00 level=INFO msg="Import triggered by file change"
time=2026-02-24T20:40:45.550-07:00 level=INFO msg="Starting %s..." !BADKEY=auto-import
time=2026-02-24T20:40:45.554-07:00 level=INFO msg="Skipping %s: JSONL content unchanged" !BADKEY=auto-import
time=2026-02-24T20:40:47.819-07:00 level=INFO msg="File change detected: %s" !BADKEY=/Users/dominic/repos/github.com/dsisnero/rod/.beads/issues.jsonl
time=2026-02-24T20:40:48.820-07:00 level=INFO msg="Import triggered by file change"
time=2026-02-24T20:40:48.820-07:00 level=INFO msg="Starting %s..." !BADKEY=auto-import
time=2026-02-24T20:40:48.821-07:00 level=INFO msg="Skipping %s: JSONL content unchanged" !BADKEY=auto-import
time=2026-02-24T20:41:08.757-07:00 level=INFO msg="File change detected: %s" !BADKEY=/Users/dominic/repos/github.com/dsisnero/rod/.beads/issues.jsonl
time=2026-02-24T20:41:09.759-07:00 level=INFO msg="Import triggered by file change"
time=2026-02-24T20:41:09.759-07:00 level=INFO msg="Starting %s..." !BADKEY=auto-import
time=2026-02-24T20:41:09.759-07:00 level=INFO msg="Skipping %s: JSONL content unchanged" !BADKEY=auto-import
time=2026-02-24T20:41:47.552-07:00 level=INFO msg="File change detected: %s" !BADKEY=/Users/dominic/repos/github.com/dsisnero/rod/.beads/issues.jsonl
time=2026-02-24T20:41:48.555-07:00 level=INFO msg="Import triggered by file change"
time=2026-02-24T20:41:48.555-07:00 level=INFO msg="Starting %s..." !BADKEY=auto-import
time=2026-02-24T20:41:48.556-07:00 level=INFO msg="Skipping %s: JSONL content unchanged" !BADKEY=auto-import
time=2026-02-24T20:42:02.686-07:00 level=INFO msg="File change detected: %s" !BADKEY=/Users/dominic/repos/github.com/dsisnero/rod/.beads/issues.jsonl
time=2026-02-24T20:42:03.688-07:00 level=INFO msg="Import triggered by file change"
time=2026-02-24T20:42:03.689-07:00 level=INFO msg="Starting %s..." !BADKEY=auto-import
time=2026-02-24T20:42:03.689-07:00 level=INFO msg="Skipping %s: JSONL content unchanged" !BADKEY=auto-import
time=2026-02-24T20:42:10.348-07:00 level=INFO msg="File change detected: %s" !BADKEY=/Users/dominic/repos/github.com/dsisnero/rod/.beads/issues.jsonl
time=2026-02-24T20:42:11.350-07:00 level=INFO msg="Import triggered by file change"
time=2026-02-24T20:42:11.350-07:00 level=INFO msg="Starting %s..." !BADKEY=auto-import
time=2026-02-24T20:42:11.351-07:00 level=INFO msg="Skipping %s: JSONL content unchanged" !BADKEY=auto-import
time=2026-02-24T20:42:20.021-07:00 level=INFO msg="File change detected: %s" !BADKEY=/Users/dominic/repos/github.com/dsisnero/rod/.beads/issues.jsonl
time=2026-02-24T20:42:21.023-07:00 level=INFO msg="Import triggered by file change"
time=2026-02-24T20:42:21.024-07:00 level=INFO msg="Starting %s..." !BADKEY=auto-import
time=2026-02-24T20:42:21.024-07:00 level=INFO msg="Skipping %s: JSONL content unchanged" !BADKEY=auto-import
time=2026-02-24T20:42:28.924-07:00 level=INFO msg="File change detected: %s" !BADKEY=/Users/dominic/repos/github.com/dsisnero/rod/.beads/issues.jsonl
time=2026-02-24T20:42:29.926-07:00 level=INFO msg="Import triggered by file change"
time=2026-02-24T20:42:29.926-07:00 level=INFO msg="Starting %s..." !BADKEY=auto-import
time=2026-02-24T20:42:29.927-07:00 level=INFO msg="Skipping %s: JSONL content unchanged" !BADKEY=auto-import
time=2026-02-24T20:42:37.045-07:00 level=INFO msg="File change detected: %s" !BADKEY=/Users/dominic/repos/github.com/dsisnero/rod/.beads/issues.jsonl
time=2026-02-24T20:42:38.047-07:00 level=INFO msg="Import triggered by file change"
time=2026-02-24T20:42:38.047-07:00 level=INFO msg="Starting %s..." !BADKEY=auto-import
time=2026-02-24T20:42:38.048-07:00 level=INFO msg="Skipping %s: JSONL content unchanged" !BADKEY=auto-import
time=2026-02-24T20:42:49.726-07:00 level=INFO msg="File change detected: %s" !BADKEY=/Users/dominic/repos/github.com/dsisnero/rod/.beads/issues.jsonl
time=2026-02-24T20:42:50.728-07:00 level=INFO msg="Import triggered by file change"
time=2026-02-24T20:42:50.729-07:00 level=INFO msg="Starting %s..." !BADKEY=auto-import
time=2026-02-24T20:42:50.729-07:00 level=INFO msg="Skipping %s: JSONL content unchanged" !BADKEY=auto-import
time=2026-02-24T20:42:56.605-07:00 level=INFO msg="File change detected: %s" !BADKEY=/Users/dominic/repos/github.com/dsisnero/rod/.beads/issues.jsonl
time=2026-02-24T20:42:57.608-07:00 level=INFO msg="Import triggered by file change"
time=2026-02-24T20:42:57.608-07:00 level=INFO msg="Starting %s..." !BADKEY=auto-import
time=2026-02-24T20:42:57.609-07:00 level=INFO msg="Skipping %s: JSONL content unchanged" !BADKEY=auto-import
time=2026-02-24T20:43:06.096-07:00 level=INFO msg="File change detected: %s" !BADKEY=/Users/dominic/repos/github.com/dsisnero/rod/.beads/issues.jsonl
time=2026-02-24T20:43:07.098-07:00 level=INFO msg="Import triggered by file change"
time=2026-02-24T20:43:07.098-07:00 level=INFO msg="Starting %s..." !BADKEY=auto-import
time=2026-02-24T20:43:07.098-07:00 level=INFO msg="Skipping %s: JSONL content unchanged" !BADKEY=auto-import
time=2026-02-24T20:43:13.036-07:00 level=INFO msg="File change detected: %s" !BADKEY=/Users/dominic/repos/github.com/dsisnero/rod/.beads/issues.jsonl
time=2026-02-24T20:43:14.038-07:00 level=INFO msg="Import triggered by file change"
time=2026-02-24T20:43:14.038-07:00 level=INFO msg="Starting %s..." !BADKEY=auto-import
time=2026-02-24T20:43:14.038-07:00 level=INFO msg="Skipping %s: JSONL content unchanged" !BADKEY=auto-import
time=2026-02-24T20:43:32.691-07:00 level=INFO msg="File change detected: %s" !BADKEY=/Users/dominic/repos/github.com/dsisnero/rod/.beads/issues.jsonl
time=2026-02-24T20:43:33.693-07:00 level=INFO msg="Import triggered by file change"
time=2026-02-24T20:43:33.694-07:00 level=INFO msg="Starting %s..." !BADKEY=auto-import
time=2026-02-24T20:43:33.694-07:00 level=INFO msg="Skipping %s: JSONL content unchanged" !BADKEY=auto-import
time=2026-02-24T20:43:41.832-07:00 level=INFO msg="File change detected: %s" !BADKEY=/Users/dominic/repos/github.com/dsisnero/rod/.beads/issues.jsonl
time=2026-02-24T20:43:42.833-07:00 level=INFO msg="Import triggered by file change"
time=2026-02-24T20:43:42.834-07:00 level=INFO msg="Starting %s..." !BADKEY=auto-import
time=2026-02-24T20:43:42.834-07:00 level=INFO msg="Skipping %s: JSONL content unchanged" !BADKEY=auto-import
time=2026-02-24T20:44:00.114-07:00 level=INFO msg="File change detected: %s" !BADKEY=/Users/dominic/repos/github.com/dsisnero/rod/.beads/issues.jsonl
time=2026-02-24T20:44:01.115-07:00 level=INFO msg="Import triggered by file change"
time=2026-02-24T20:44:01.115-07:00 level=INFO msg="Starting %s..." !BADKEY=auto-import
time=2026-02-24T20:44:01.115-07:00 level=INFO msg="Skipping %s: JSONL content unchanged" !BADKEY=auto-import
time=2026-02-24T20:44:13.040-07:00 level=INFO msg="File change detected: %s" !BADKEY=/Users/dominic/repos/github.com/dsisnero/rod/.beads/issues.jsonl
time=2026-02-24T20:44:14.043-07:00 level=INFO msg="Import triggered by file change"
time=2026-02-24T20:44:14.043-07:00 level=INFO msg="Starting %s..." !BADKEY=auto-import
time=2026-02-24T20:44:14.043-07:00 level=INFO msg="Skipping %s: JSONL content unchanged" !BADKEY=auto-import
time=2026-02-24T20:44:19.722-07:00 level=INFO msg="File change detected: %s" !BADKEY=/Users/dominic/repos/github.com/dsisnero/rod/.beads/issues.jsonl
time=2026-02-24T20:44:20.724-07:00 level=INFO msg="Import triggered by file change"
time=2026-02-24T20:44:20.724-07:00 level=INFO msg="Starting %s..." !BADKEY=auto-import
time=2026-02-24T20:44:20.725-07:00 level=INFO msg="Skipping %s: JSONL content unchanged" !BADKEY=auto-import
time=2026-02-24T20:44:34.048-07:00 level=INFO msg="File change detected: %s" !BADKEY=/Users/dominic/repos/github.com/dsisnero/rod/.beads/issues.jsonl
time=2026-02-24T20:44:35.050-07:00 level=INFO msg="Import triggered by file change"
time=2026-02-24T20:44:35.050-07:00 level=INFO msg="Starting %s..." !BADKEY=auto-import
time=2026-02-24T20:44:35.050-07:00 level=INFO msg="Skipping %s: JSONL content unchanged" !BADKEY=auto-import
time=2026-02-24T20:44:41.031-07:00 level=INFO msg="JSONL removed/renamed, re-establishing watch"
time=2026-02-24T20:44:41.082-07:00 level=INFO msg="Successfully re-established JSONL watch after %v" !BADKEY=50ms
time=2026-02-24T20:44:41.082-07:00 level=INFO msg="JSONL file created: %s" !BADKEY=/Users/dominic/repos/github.com/dsisnero/rod/.beads/issues.jsonl
time=2026-02-24T20:44:41.144-07:00 level=INFO msg="Git ref change detected: %s" !BADKEY=/Users/dominic/repos/github.com/dsisnero/rod/.git/refs/heads/main.lock
time=2026-02-24T20:44:42.150-07:00 level=INFO msg="Import triggered by file change"
time=2026-02-24T20:44:42.150-07:00 level=INFO msg="Starting %s..." !BADKEY=auto-import
time=2026-02-24T20:44:42.150-07:00 level=INFO msg="Skipping %s: JSONL content unchanged" !BADKEY=auto-import
time=2026-02-24T20:44:43.433-07:00 level=INFO msg="File change detected: %s" !BADKEY=/Users/dominic/repos/github.com/dsisnero/rod/.beads/issues.jsonl
time=2026-02-24T20:44:44.435-07:00 level=INFO msg="Import triggered by file change"
time=2026-02-24T20:44:44.435-07:00 level=INFO msg="Starting %s..." !BADKEY=auto-import
time=2026-02-24T20:44:44.435-07:00 level=INFO msg="Skipping %s: JSONL content unchanged" !BADKEY=auto-import
time=2026-02-24T20:44:49.900-07:00 level=INFO msg="JSONL removed/renamed, re-establishing watch"
time=2026-02-24T20:44:49.951-07:00 level=INFO msg="Successfully re-established JSONL watch after %v" !BADKEY=50ms
time=2026-02-24T20:44:49.951-07:00 level=INFO msg="JSONL file created: %s" !BADKEY=/Users/dominic/repos/github.com/dsisnero/rod/.beads/issues.jsonl
time=2026-02-24T20:44:50.952-07:00 level=INFO msg="Import triggered by file change"
time=2026-02-24T20:44:50.952-07:00 level=INFO msg="Starting %s..." !BADKEY=auto-import
time=2026-02-24T20:44:50.955-07:00 level=INFO msg="Skipping %s: JSONL content unchanged" !BADKEY=auto-import
time=2026-02-24T20:44:52.125-07:00 level=INFO msg="File change detected: %s" !BADKEY=/Users/dominic/repos/github.com/dsisnero/rod/.beads/issues.jsonl
time=2026-02-24T20:44:53.126-07:00 level=INFO msg="Import triggered by file change"
time=2026-02-24T20:44:53.126-07:00 level=INFO msg="Starting %s..." !BADKEY=auto-import
time=2026-02-24T20:44:53.127-07:00 level=INFO msg="Skipping %s: JSONL content unchanged" !BADKEY=auto-import
time=2026-02-24T20:45:10.955-07:00 level=INFO msg="File change detected: %s" !BADKEY=/Users/dominic/repos/github.com/dsisnero/rod/.beads/issues.jsonl
time=2026-02-24T20:45:11.958-07:00 level=INFO msg="Import triggered by file change"
time=2026-02-24T20:45:11.958-07:00 level=INFO msg="Starting %s..." !BADKEY=auto-import
time=2026-02-24T20:45:11.958-07:00 level=INFO msg="Skipping %s: JSONL content unchanged" !BADKEY=auto-import
time=2026-02-24T20:45:53.406-07:00 level=INFO msg="File change detected: %s" !BADKEY=/Users/dominic/repos/github.com/dsisnero/rod/.beads/issues.jsonl
time=2026-02-24T20:45:54.408-07:00 level=INFO msg="Import triggered by file change"
time=2026-02-24T20:45:54.408-07:00 level=INFO msg="Starting %s..." !BADKEY=auto-import
time=2026-02-24T20:45:54.408-07:00 level=INFO msg="Skipping %s: JSONL content unchanged" !BADKEY=auto-import
time=2026-02-24T20:46:03.375-07:00 level=INFO msg="File change detected: %s" !BADKEY=/Users/dominic/repos/github.com/dsisnero/rod/.beads/issues.jsonl
time=2026-02-24T20:46:04.378-07:00 level=INFO msg="Import triggered by file change"
time=2026-02-24T20:46:04.378-07:00 level=INFO msg="Starting %s..." !BADKEY=auto-import
time=2026-02-24T20:46:04.378-07:00 level=INFO msg="Skipping %s: JSONL content unchanged" !BADKEY=auto-import
time=2026-02-24T20:46:26.691-07:00 level=INFO msg="File change detected: %s" !BADKEY=/Users/dominic/repos/github.com/dsisnero/rod/.beads/issues.jsonl
time=2026-02-24T20:46:27.694-07:00 level=INFO msg="Import triggered by file change"
time=2026-02-24T20:46:27.695-07:00 level=INFO msg="Starting %s..." !BADKEY=auto-import
time=2026-02-24T20:46:27.695-07:00 level=INFO msg="Skipping %s: JSONL content unchanged" !BADKEY=auto-import
time=2026-02-24T20:46:51.649-07:00 level=INFO msg="File change detected: %s" !BADKEY=/Users/dominic/repos/github.com/dsisnero/rod/.beads/issues.jsonl
time=2026-02-24T20:46:52.650-07:00 level=INFO msg="Import triggered by file change"
time=2026-02-24T20:46:52.650-07:00 level=INFO msg="Starting %s..." !BADKEY=auto-import
time=2026-02-24T20:46:52.650-07:00 level=INFO msg="Skipping %s: JSONL content unchanged" !BADKEY=auto-import
time=2026-02-24T20:47:01.592-07:00 level=INFO msg="File change detected: %s" !BADKEY=/Users/dominic/repos/github.com/dsisnero/rod/.beads/issues.jsonl
time=2026-02-24T20:47:02.594-07:00 level=INFO msg="Import triggered by file change"
time=2026-02-24T20:47:02.595-07:00 level=INFO msg="Starting %s..." !BADKEY=auto-import
time=2026-02-24T20:47:02.595-07:00 level=INFO msg="Skipping %s: JSONL content unchanged" !BADKEY=auto-import
time=2026-02-24T20:47:08.495-07:00 level=INFO msg="File change detected: %s" !BADKEY=/Users/dominic/repos/github.com/dsisnero/rod/.beads/issues.jsonl
time=2026-02-24T20:47:09.497-07:00 level=INFO msg="Import triggered by file change"
time=2026-02-24T20:47:09.497-07:00 level=INFO msg="Starting %s..." !BADKEY=auto-import
time=2026-02-24T20:47:09.498-07:00 level=INFO msg="Skipping %s: JSONL content unchanged" !BADKEY=auto-import
time=2026-02-24T20:47:21.961-07:00 level=INFO msg="File change detected: %s" !BADKEY=/Users/dominic/repos/github.com/dsisnero/rod/.beads/issues.jsonl
time=2026-02-24T20:47:22.963-07:00 level=INFO msg="Import triggered by file change"
time=2026-02-24T20:47:22.963-07:00 level=INFO msg="Starting %s..." !BADKEY=auto-import
time=2026-02-24T20:47:22.963-07:00 level=INFO msg="Skipping %s: JSONL content unchanged" !BADKEY=auto-import
time=2026-02-24T20:47:28.717-07:00 level=INFO msg="File change detected: %s" !BADKEY=/Users/dominic/repos/github.com/dsisnero/rod/.beads/issues.jsonl
time=2026-02-24T20:47:29.719-07:00 level=INFO msg="Import triggered by file change"
time=2026-02-24T20:47:29.719-07:00 level=INFO msg="Starting %s..." !BADKEY=auto-import
time=2026-02-24T20:47:29.720-07:00 level=INFO msg="Skipping %s: JSONL content unchanged" !BADKEY=auto-import
time=2026-02-24T20:47:35.840-07:00 level=INFO msg="File change detected: %s" !BADKEY=/Users/dominic/repos/github.com/dsisnero/rod/.beads/issues.jsonl
time=2026-02-24T20:47:36.841-07:00 level=INFO msg="Import triggered by file change"
time=2026-02-24T20:47:36.841-07:00 level=INFO msg="Starting %s..." !BADKEY=auto-import
time=2026-02-24T20:47:36.842-07:00 level=INFO msg="Skipping %s: JSONL content unchanged" !BADKEY=auto-import
time=2026-02-24T20:47:43.893-07:00 level=INFO msg="File change detected: %s" !BADKEY=/Users/dominic/repos/github.com/dsisnero/rod/.beads/issues.jsonl
time=2026-02-24T20:47:44.894-07:00 level=INFO msg="Import triggered by file change"
time=2026-02-24T20:47:44.894-07:00 level=INFO msg="Starting %s..." !BADKEY=auto-import
time=2026-02-24T20:47:44.895-07:00 level=INFO msg="Skipping %s: JSONL content unchanged" !BADKEY=auto-import
time=2026-02-24T20:48:05.492-07:00 level=INFO msg="File change detected: %s" !BADKEY=/Users/dominic/repos/github.com/dsisnero/rod/.beads/issues.jsonl
time=2026-02-24T20:48:06.495-07:00 level=INFO msg="Import triggered by file change"
time=2026-02-24T20:48:06.495-07:00 level=INFO msg="Starting %s..." !BADKEY=auto-import
time=2026-02-24T20:48:06.495-07:00 level=INFO msg="Skipping %s: JSONL content unchanged" !BADKEY=auto-import
time=2026-02-24T20:48:28.290-07:00 level=INFO msg="File change detected: %s" !BADKEY=/Users/dominic/repos/github.com/dsisnero/rod/.beads/issues.jsonl
time=2026-02-24T20:48:29.294-07:00 level=INFO msg="Import triggered by file change"
time=2026-02-24T20:48:29.294-07:00 level=INFO msg="Starting %s..." !BADKEY=auto-import
time=2026-02-24T20:48:29.295-07:00 level=INFO msg="Skipping %s: JSONL content unchanged" !BADKEY=auto-import
time=2026-02-24T20:48:36.960-07:00 level=INFO msg="File change detected: %s" !BADKEY=/Users/dominic/repos/github.com/dsisnero/rod/.beads/issues.jsonl
time=2026-02-24T20:48:37.961-07:00 level=INFO msg="Import triggered by file change"
time=2026-02-24T20:48:37.961-07:00 level=INFO msg="Starting %s..." !BADKEY=auto-import
time=2026-02-24T20:48:37.962-07:00 level=INFO msg="Skipping %s: JSONL content unchanged" !BADKEY=auto-import
time=2026-02-24T20:49:02.995-07:00 level=INFO msg="File change detected: %s" !BADKEY=/Users/dominic/repos/github.com/dsisnero/rod/.beads/issues.jsonl
time=2026-02-24T20:49:03.997-07:00 level=INFO msg="Import triggered by file change"
time=2026-02-24T20:49:03.997-07:00 level=INFO msg="Starting %s..." !BADKEY=auto-import
time=2026-02-24T20:49:03.997-07:00 level=INFO msg="Skipping %s: JSONL content unchanged" !BADKEY=auto-import
time=2026-02-24T20:49:19.059-07:00 level=INFO msg="File change detected: %s" !BADKEY=/Users/dominic/repos/github.com/dsisnero/rod/.beads/issues.jsonl
time=2026-02-24T20:49:20.061-07:00 level=INFO msg="Import triggered by file change"
time=2026-02-24T20:49:20.061-07:00 level=INFO msg="Starting %s..." !BADKEY=auto-import
time=2026-02-24T20:49:20.062-07:00 level=INFO msg="Skipping %s: JSONL content unchanged" !BADKEY=auto-import
time=2026-02-24T20:49:33.497-07:00 level=INFO msg="File change detected: %s" !BADKEY=/Users/dominic/repos/github.com/dsisnero/rod/.beads/issues.jsonl
time=2026-02-24T20:49:34.499-07:00 level=INFO msg="Import triggered by file change"
time=2026-02-24T20:49:34.499-07:00 level=INFO msg="Starting %s..." !BADKEY=auto-import
time=2026-02-24T20:49:34.499-07:00 level=INFO msg="Skipping %s: JSONL content unchanged" !BADKEY=auto-import
time=2026-02-24T20:49:43.491-07:00 level=INFO msg="File change detected: %s" !BADKEY=/Users/dominic/repos/github.com/dsisnero/rod/.beads/issues.jsonl
time=2026-02-24T20:49:44.494-07:00 level=INFO msg="Import triggered by file change"
time=2026-02-24T20:49:44.495-07:00 level=INFO msg="Starting %s..." !BADKEY=auto-import
time=2026-02-24T20:49:44.495-07:00 level=INFO msg="Skipping %s: JSONL content unchanged" !BADKEY=auto-import
time=2026-02-24T20:49:56.550-07:00 level=INFO msg="File change detected: %s" !BADKEY=/Users/dominic/repos/github.com/dsisnero/rod/.beads/issues.jsonl
time=2026-02-24T20:49:57.553-07:00 level=INFO msg="Import triggered by file change"
time=2026-02-24T20:49:57.554-07:00 level=INFO msg="Starting %s..." !BADKEY=auto-import
time=2026-02-24T20:49:57.554-07:00 level=INFO msg="Skipping %s: JSONL content unchanged" !BADKEY=auto-import
time=2026-02-24T20:50:09.395-07:00 level=INFO msg="File change detected: %s" !BADKEY=/Users/dominic/repos/github.com/dsisnero/rod/.beads/issues.jsonl
time=2026-02-24T20:50:10.397-07:00 level=INFO msg="Import triggered by file change"
time=2026-02-24T20:50:10.398-07:00 level=INFO msg="Starting %s..." !BADKEY=auto-import
time=2026-02-24T20:50:10.398-07:00 level=INFO msg="Skipping %s: JSONL content unchanged" !BADKEY=auto-import
time=2026-02-24T20:50:17.311-07:00 level=INFO msg="File change detected: %s" !BADKEY=/Users/dominic/repos/github.com/dsisnero/rod/.beads/issues.jsonl
time=2026-02-24T20:50:18.313-07:00 level=INFO msg="Import triggered by file change"
time=2026-02-24T20:50:18.314-07:00 level=INFO msg="Starting %s..." !BADKEY=auto-import
time=2026-02-24T20:50:18.314-07:00 level=INFO msg="Skipping %s: JSONL content unchanged" !BADKEY=auto-import
time=2026-02-24T20:50:30.500-07:00 level=INFO msg="File change detected: %s" !BADKEY=/Users/dominic/repos/github.com/dsisnero/rod/.beads/issues.jsonl
time=2026-02-24T20:50:31.505-07:00 level=INFO msg="Import triggered by file change"
time=2026-02-24T20:50:31.506-07:00 level=INFO msg="Starting %s..." !BADKEY=auto-import
time=2026-02-24T20:50:31.506-07:00 level=INFO msg="Skipping %s: JSONL content unchanged" !BADKEY=auto-import
time=2026-02-24T20:50:43.801-07:00 level=INFO msg="File change detected: %s" !BADKEY=/Users/dominic/repos/github.com/dsisnero/rod/.beads/issues.jsonl
time=2026-02-24T20:50:44.802-07:00 level=INFO msg="Import triggered by file change"
time=2026-02-24T20:50:44.802-07:00 level=INFO msg="Starting %s..." !BADKEY=auto-import
time=2026-02-24T20:50:44.803-07:00 level=INFO msg="Skipping %s: JSONL content unchanged" !BADKEY=auto-import
time=2026-02-24T20:50:53.052-07:00 level=INFO msg="File change detected: %s" !BADKEY=/Users/dominic/repos/github.com/dsisnero/rod/.beads/issues.jsonl
time=2026-02-24T20:50:54.055-07:00 level=INFO msg="Import triggered by file change"
time=2026-02-24T20:50:54.055-07:00 level=INFO msg="Starting %s..." !BADKEY=auto-import
time=2026-02-24T20:50:54.056-07:00 level=INFO msg="Skipping %s: JSONL content unchanged" !BADKEY=auto-import
time=2026-02-24T20:50:59.925-07:00 level=INFO msg="File change detected: %s" !BADKEY=/Users/dominic/repos/github.com/dsisnero/rod/.beads/issues.jsonl
time=2026-02-24T20:51:00.928-07:00 level=INFO msg="Import triggered by file change"
time=2026-02-24T20:51:00.928-07:00 level=INFO msg="Starting %s..." !BADKEY=auto-import
time=2026-02-24T20:51:00.928-07:00 level=INFO msg="Skipping %s: JSONL content unchanged" !BADKEY=auto-import
time=2026-02-24T20:51:12.549-07:00 level=INFO msg="File change detected: %s" !BADKEY=/Users/dominic/repos/github.com/dsisnero/rod/.beads/issues.jsonl
time=2026-02-24T20:51:13.552-07:00 level=INFO msg="Import triggered by file change"
time=2026-02-24T20:51:13.552-07:00 level=INFO msg="Starting %s..." !BADKEY=auto-import
time=2026-02-24T20:51:13.552-07:00 level=INFO msg="Skipping %s: JSONL content unchanged" !BADKEY=auto-import
time=2026-02-24T20:51:19.974-07:00 level=INFO msg="File change detected: %s" !BADKEY=/Users/dominic/repos/github.com/dsisnero/rod/.beads/issues.jsonl
time=2026-02-24T20:51:20.978-07:00 level=INFO msg="Import triggered by file change"
time=2026-02-24T20:51:20.978-07:00 level=INFO msg="Starting %s..." !BADKEY=auto-import
time=2026-02-24T20:51:20.979-07:00 level=INFO msg="Skipping %s: JSONL content unchanged" !BADKEY=auto-import
time=2026-02-24T20:51:42.467-07:00 level=INFO msg="File change detected: %s" !BADKEY=/Users/dominic/repos/github.com/dsisnero/rod/.beads/issues.jsonl
time=2026-02-24T20:51:43.469-07:00 level=INFO msg="Import triggered by file change"
time=2026-02-24T20:51:43.469-07:00 level=INFO msg="Starting %s..." !BADKEY=auto-import
time=2026-02-24T20:51:43.470-07:00 level=INFO msg="Skipping %s: JSONL content unchanged" !BADKEY=auto-import
time=2026-02-24T20:51:50.755-07:00 level=INFO msg="File change detected: %s" !BADKEY=/Users/dominic/repos/github.com/dsisnero/rod/.beads/issues.jsonl
time=2026-02-24T20:51:51.757-07:00 level=INFO msg="Import triggered by file change"
time=2026-02-24T20:51:51.757-07:00 level=INFO msg="Starting %s..." !BADKEY=auto-import
time=2026-02-24T20:51:51.757-07:00 level=INFO msg="Skipping %s: JSONL content unchanged" !BADKEY=auto-import
time=2026-02-24T20:51:58.010-07:00 level=INFO msg="File change detected: %s" !BADKEY=/Users/dominic/repos/github.com/dsisnero/rod/.beads/issues.jsonl
time=2026-02-24T20:51:59.011-07:00 level=INFO msg="Import triggered by file change"
time=2026-02-24T20:51:59.011-07:00 level=INFO msg="Starting %s..." !BADKEY=auto-import
time=2026-02-24T20:51:59.012-07:00 level=INFO msg="Skipping %s: JSONL content unchanged" !BADKEY=auto-import
time=2026-02-24T20:52:11.388-07:00 level=INFO msg="File change detected: %s" !BADKEY=/Users/dominic/repos/github.com/dsisnero/rod/.beads/issues.jsonl
time=2026-02-24T20:52:12.389-07:00 level=INFO msg="Import triggered by file change"
time=2026-02-24T20:52:12.389-07:00 level=INFO msg="Starting %s..." !BADKEY=auto-import
time=2026-02-24T20:52:12.390-07:00 level=INFO msg="Skipping %s: JSONL content unchanged" !BADKEY=auto-import
time=2026-02-24T20:52:19.226-07:00 level=INFO msg="File change detected: %s" !BADKEY=/Users/dominic/repos/github.com/dsisnero/rod/.beads/issues.jsonl
time=2026-02-24T20:52:20.228-07:00 level=INFO msg="Import triggered by file change"
time=2026-02-24T20:52:20.228-07:00 level=INFO msg="Starting %s..." !BADKEY=auto-import
time=2026-02-24T20:52:20.228-07:00 level=INFO msg="Skipping %s: JSONL content unchanged" !BADKEY=auto-import
time=2026-02-24T20:52:30.679-07:00 level=INFO msg="File change detected: %s" !BADKEY=/Users/dominic/repos/github.com/dsisnero/rod/.beads/issues.jsonl
time=2026-02-24T20:52:31.681-07:00 level=INFO msg="Import triggered by file change"
time=2026-02-24T20:52:31.682-07:00 level=INFO msg="Starting %s..." !BADKEY=auto-import
time=2026-02-24T20:52:31.682-07:00 level=INFO msg="Skipping %s: JSONL content unchanged" !BADKEY=auto-import
time=2026-02-24T20:52:40.108-07:00 level=INFO msg="File change detected: %s" !BADKEY=/Users/dominic/repos/github.com/dsisnero/rod/.beads/issues.jsonl
time=2026-02-24T20:52:41.109-07:00 level=INFO msg="Import triggered by file change"
time=2026-02-24T20:52:41.110-07:00 level=INFO msg="Starting %s..." !BADKEY=auto-import
time=2026-02-24T20:52:41.110-07:00 level=INFO msg="Skipping %s: JSONL content unchanged" !BADKEY=auto-import
time=2026-02-24T20:52:52.182-07:00 level=INFO msg="File change detected: %s" !BADKEY=/Users/dominic/repos/github.com/dsisnero/rod/.beads/issues.jsonl
time=2026-02-24T20:52:53.184-07:00 level=INFO msg="Import triggered by file change"
time=2026-02-24T20:52:53.184-07:00 level=INFO msg="Starting %s..." !BADKEY=auto-import
time=2026-02-24T20:52:53.185-07:00 level=INFO msg="Skipping %s: JSONL content unchanged" !BADKEY=auto-import
time=2026-02-24T20:53:02.776-07:00 level=INFO msg="File change detected: %s" !BADKEY=/Users/dominic/repos/github.com/dsisnero/rod/.beads/issues.jsonl
time=2026-02-24T20:53:03.777-07:00 level=INFO msg="Import triggered by file change"
time=2026-02-24T20:53:03.778-07:00 level=INFO msg="Starting %s..." !BADKEY=auto-import
time=2026-02-24T20:53:03.778-07:00 level=INFO msg="Skipping %s: JSONL content unchanged" !BADKEY=auto-import
time=2026-02-24T20:53:08.959-07:00 level=INFO msg="File change detected: %s" !BADKEY=/Users/dominic/repos/github.com/dsisnero/rod/.beads/issues.jsonl
time=2026-02-24T20:53:09.961-07:00 level=INFO msg="Import triggered by file change"
time=2026-02-24T20:53:09.961-07:00 level=INFO msg="Starting %s..." !BADKEY=auto-import
time=2026-02-24T20:53:09.961-07:00 level=INFO msg="Skipping %s: JSONL content unchanged" !BADKEY=auto-import
time=2026-02-24T20:53:21.307-07:00 level=INFO msg="File change detected: %s" !BADKEY=/Users/dominic/repos/github.com/dsisnero/rod/.beads/issues.jsonl
time=2026-02-24T20:53:22.309-07:00 level=INFO msg="Import triggered by file change"
time=2026-02-24T20:53:22.309-07:00 level=INFO msg="Starting %s..." !BADKEY=auto-import
time=2026-02-24T20:53:22.309-07:00 level=INFO msg="Skipping %s: JSONL content unchanged" !BADKEY=auto-import
time=2026-02-24T20:53:34.142-07:00 level=INFO msg="File change detected: %s" !BADKEY=/Users/dominic/repos/github.com/dsisnero/rod/.beads/issues.jsonl
time=2026-02-24T20:53:35.144-07:00 level=INFO msg="Import triggered by file change"
time=2026-02-24T20:53:35.144-07:00 level=INFO msg="Starting %s..." !BADKEY=auto-import
time=2026-02-24T20:53:35.145-07:00 level=INFO msg="Skipping %s: JSONL content unchanged" !BADKEY=auto-import
time=2026-02-24T20:53:48.352-07:00 level=INFO msg="File change detected: %s" !BADKEY=/Users/dominic/repos/github.com/dsisnero/rod/.beads/issues.jsonl
time=2026-02-24T20:53:49.354-07:00 level=INFO msg="Import triggered by file change"
time=2026-02-24T20:53:49.354-07:00 level=INFO msg="Starting %s..." !BADKEY=auto-import
time=2026-02-24T20:53:49.355-07:00 level=INFO msg="Skipping %s: JSONL content unchanged" !BADKEY=auto-import
time=2026-02-24T20:53:58.628-07:00 level=INFO msg="File change detected: %s" !BADKEY=/Users/dominic/repos/github.com/dsisnero/rod/.beads/issues.jsonl
time=2026-02-24T20:53:59.630-07:00 level=INFO msg="Import triggered by file change"
time=2026-02-24T20:53:59.630-07:00 level=INFO msg="Starting %s..." !BADKEY=auto-import
time=2026-02-24T20:53:59.631-07:00 level=INFO msg="Skipping %s: JSONL content unchanged" !BADKEY=auto-import
time=2026-02-24T20:54:10.511-07:00 level=INFO msg="File change detected: %s" !BADKEY=/Users/dominic/repos/github.com/dsisnero/rod/.beads/issues.jsonl
time=2026-02-24T20:54:11.517-07:00 level=INFO msg="Import triggered by file change"
time=2026-02-24T20:54:11.518-07:00 level=INFO msg="Starting %s..." !BADKEY=auto-import
time=2026-02-24T20:54:11.518-07:00 level=INFO msg="Skipping %s: JSONL content unchanged" !BADKEY=auto-import
time=2026-02-24T20:54:52.423-07:00 level=INFO msg="File change detected: %s" !BADKEY=/Users/dominic/repos/github.com/dsisnero/rod/.beads/issues.jsonl
time=2026-02-24T20:54:53.425-07:00 level=INFO msg="Import triggered by file change"
time=2026-02-24T20:54:53.426-07:00 level=INFO msg="Starting %s..." !BADKEY=auto-import
time=2026-02-24T20:54:53.428-07:00 level=INFO msg="Skipping %s: JSONL content unchanged" !BADKEY=auto-import
time=2026-02-24T20:54:59.810-07:00 level=INFO msg="File change detected: %s" !BADKEY=/Users/dominic/repos/github.com/dsisnero/rod/.beads/issues.jsonl
time=2026-02-24T20:55:00.812-07:00 level=INFO msg="Import triggered by file change"
time=2026-02-24T20:55:00.812-07:00 level=INFO msg="Starting %s..." !BADKEY=auto-import
time=2026-02-24T20:55:00.813-07:00 level=INFO msg="Skipping %s: JSONL content unchanged" !BADKEY=auto-import
time=2026-02-24T20:55:05.752-07:00 level=INFO msg="File change detected: %s" !BADKEY=/Users/dominic/repos/github.com/dsisnero/rod/.beads/issues.jsonl
time=2026-02-24T20:55:06.754-07:00 level=INFO msg="Import triggered by file change"
time=2026-02-24T20:55:06.754-07:00 level=INFO msg="Starting %s..." !BADKEY=auto-import
time=2026-02-24T20:55:06.754-07:00 level=INFO msg="Skipping %s: JSONL content unchanged" !BADKEY=auto-import
time=2026-02-24T20:55:13.766-07:00 level=INFO msg="File change detected: %s" !BADKEY=/Users/dominic/repos/github.com/dsisnero/rod/.beads/issues.jsonl
time=2026-02-24T20:55:14.769-07:00 level=INFO msg="Import triggered by file change"
time=2026-02-24T20:55:14.769-07:00 level=INFO msg="Starting %s..." !BADKEY=auto-import
time=2026-02-24T20:55:14.769-07:00 level=INFO msg="Skipping %s: JSONL content unchanged" !BADKEY=auto-import
time=2026-02-24T20:56:45.610-07:00 level=INFO msg="File change detected: %s" !BADKEY=/Users/dominic/repos/github.com/dsisnero/rod/.beads/issues.jsonl
time=2026-02-24T20:56:46.613-07:00 level=INFO msg="Import triggered by file change"
time=2026-02-24T20:56:46.613-07:00 level=INFO msg="Starting %s..." !BADKEY=auto-import
time=2026-02-24T20:56:46.613-07:00 level=INFO msg="Skipping %s: JSONL content unchanged" !BADKEY=auto-import
time=2026-02-24T20:57:05.650-07:00 level=INFO msg="File change detected: %s" !BADKEY=/Users/dominic/repos/github.com/dsisnero/rod/.beads/issues.jsonl
time=2026-02-24T20:57:06.652-07:00 level=INFO msg="Import triggered by file change"
time=2026-02-24T20:57:06.654-07:00 level=INFO msg="Starting %s..." !BADKEY=auto-import
time=2026-02-24T20:57:06.655-07:00 level=INFO msg="Skipping %s: JSONL content unchanged" !BADKEY=auto-import
time=2026-02-24T20:57:12.834-07:00 level=INFO msg="File change detected: %s" !BADKEY=/Users/dominic/repos/github.com/dsisnero/rod/.beads/issues.jsonl
time=2026-02-24T20:57:13.835-07:00 level=INFO msg="Import triggered by file change"
time=2026-02-24T20:57:13.836-07:00 level=INFO msg="Starting %s..." !BADKEY=auto-import
time=2026-02-24T20:57:13.836-07:00 level=INFO msg="Skipping %s: JSONL content unchanged" !BADKEY=auto-import
time=2026-02-24T20:57:20.347-07:00 level=INFO msg="File change detected: %s" !BADKEY=/Users/dominic/repos/github.com/dsisnero/rod/.beads/issues.jsonl
time=2026-02-24T20:57:21.348-07:00 level=INFO msg="Import triggered by file change"
time=2026-02-24T20:57:21.348-07:00 level=INFO msg="Starting %s..." !BADKEY=auto-import
time=2026-02-24T20:57:21.349-07:00 level=INFO msg="Skipping %s: JSONL content unchanged" !BADKEY=auto-import
time=2026-02-24T20:57:26.524-07:00 level=INFO msg="File change detected: %s" !BADKEY=/Users/dominic/repos/github.com/dsisnero/rod/.beads/issues.jsonl
time=2026-02-24T20:57:27.525-07:00 level=INFO msg="Import triggered by file change"
time=2026-02-24T20:57:27.526-07:00 level=INFO msg="Starting %s..." !BADKEY=auto-import
time=2026-02-24T20:57:27.526-07:00 level=INFO msg="Skipping %s: JSONL content unchanged" !BADKEY=auto-import
time=2026-02-24T20:57:34.546-07:00 level=INFO msg="File change detected: %s" !BADKEY=/Users/dominic/repos/github.com/dsisnero/rod/.beads/issues.jsonl
time=2026-02-24T20:57:35.558-07:00 level=INFO msg="Import triggered by file change"
time=2026-02-24T20:57:35.559-07:00 level=INFO msg="Starting %s..." !BADKEY=auto-import
time=2026-02-24T20:57:35.559-07:00 level=INFO msg="Skipping %s: JSONL content unchanged" !BADKEY=auto-import
time=2026-02-24T20:57:41.728-07:00 level=INFO msg="File change detected: %s" !BADKEY=/Users/dominic/repos/github.com/dsisnero/rod/.beads/issues.jsonl
time=2026-02-24T20:57:42.729-07:00 level=INFO msg="Import triggered by file change"
time=2026-02-24T20:57:42.730-07:00 level=INFO msg="Starting %s..." !BADKEY=auto-import
time=2026-02-24T20:57:42.730-07:00 level=INFO msg="Skipping %s: JSONL content unchanged" !BADKEY=auto-import
time=2026-02-24T20:57:47.941-07:00 level=INFO msg="File change detected: %s" !BADKEY=/Users/dominic/repos/github.com/dsisnero/rod/.beads/issues.jsonl
time=2026-02-24T20:57:48.943-07:00 level=INFO msg="Import triggered by file change"
time=2026-02-24T20:57:48.943-07:00 level=INFO msg="Starting %s..." !BADKEY=auto-import
time=2026-02-24T20:57:48.943-07:00 level=INFO msg="Skipping %s: JSONL content unchanged" !BADKEY=auto-import
time=2026-02-24T20:57:55.552-07:00 level=INFO msg="File change detected: %s" !BADKEY=/Users/dominic/repos/github.com/dsisnero/rod/.beads/issues.jsonl
time=2026-02-24T20:57:56.553-07:00 level=INFO msg="Import triggered by file change"
time=2026-02-24T20:57:56.554-07:00 level=INFO msg="Starting %s..." !BADKEY=auto-import
time=2026-02-24T20:57:56.554-07:00 level=INFO msg="Skipping %s: JSONL content unchanged" !BADKEY=auto-import
time=2026-02-24T20:58:03.104-07:00 level=INFO msg="File change detected: %s" !BADKEY=/Users/dominic/repos/github.com/dsisnero/rod/.beads/issues.jsonl
time=2026-02-24T20:58:04.107-07:00 level=INFO msg="Import triggered by file change"
time=2026-02-24T20:58:04.110-07:00 level=INFO msg="Starting %s..." !BADKEY=auto-import
time=2026-02-24T20:58:04.110-07:00 level=INFO msg="Skipping %s: JSONL content unchanged" !BADKEY=auto-import
time=2026-02-24T20:58:11.284-07:00 level=INFO msg="File change detected: %s" !BADKEY=/Users/dominic/repos/github.com/dsisnero/rod/.beads/issues.jsonl
time=2026-02-24T20:58:12.286-07:00 level=INFO msg="Import triggered by file change"
time=2026-02-24T20:58:12.287-07:00 level=INFO msg="Starting %s..." !BADKEY=auto-import
time=2026-02-24T20:58:12.287-07:00 level=INFO msg="Skipping %s: JSONL content unchanged" !BADKEY=auto-import
time=2026-02-24T20:58:18.236-07:00 level=INFO msg="File change detected: %s" !BADKEY=/Users/dominic/repos/github.com/dsisnero/rod/.beads/issues.jsonl
time=2026-02-24T20:58:19.239-07:00 level=INFO msg="Import triggered by file change"
time=2026-02-24T20:58:19.239-07:00 level=INFO msg="Starting %s..." !BADKEY=auto-import
time=2026-02-24T20:58:19.240-07:00 level=INFO msg="Skipping %s: JSONL content unchanged" !BADKEY=auto-import
time=2026-02-24T20:58:30.502-07:00 level=INFO msg="File change detected: %s" !BADKEY=/Users/dominic/repos/github.com/dsisnero/rod/.beads/issues.jsonl
time=2026-02-24T20:58:31.503-07:00 level=INFO msg="Import triggered by file change"
time=2026-02-24T20:58:31.504-07:00 level=INFO msg="Starting %s..." !BADKEY=auto-import
time=2026-02-24T20:58:31.504-07:00 level=INFO msg="Skipping %s: JSONL content unchanged" !BADKEY=auto-import
time=2026-02-24T20:58:39.195-07:00 level=INFO msg="File change detected: %s" !BADKEY=/Users/dominic/repos/github.com/dsisnero/rod/.beads/issues.jsonl
time=2026-02-24T20:58:40.197-07:00 level=INFO msg="Import triggered by file change"
time=2026-02-24T20:58:40.197-07:00 level=INFO msg="Starting %s..." !BADKEY=auto-import
time=2026-02-24T20:58:40.197-07:00 level=INFO msg="Skipping %s: JSONL content unchanged" !BADKEY=auto-import
time=2026-02-24T20:58:45.802-07:00 level=INFO msg="File change detected: %s" !BADKEY=/Users/dominic/repos/github.com/dsisnero/rod/.beads/issues.jsonl
time=2026-02-24T20:58:46.806-07:00 level=INFO msg="Import triggered by file change"
time=2026-02-24T20:58:46.806-07:00 level=INFO msg="Starting %s..." !BADKEY=auto-import
time=2026-02-24T20:58:46.807-07:00 level=INFO msg="Skipping %s: JSONL content unchanged" !BADKEY=auto-import
time=2026-02-24T20:59:52.672-07:00 level=INFO msg="File change detected: %s" !BADKEY=/Users/dominic/repos/github.com/dsisnero/rod/.beads/issues.jsonl
time=2026-02-24T20:59:53.673-07:00 level=INFO msg="Import triggered by file change"
time=2026-02-24T20:59:53.673-07:00 level=INFO msg="Starting %s..." !BADKEY=auto-import
time=2026-02-24T20:59:53.674-07:00 level=INFO msg="Skipping %s: JSONL content unchanged" !BADKEY=auto-import
time=2026-02-24T21:02:49.960-07:00 level=INFO msg="File change detected: %s" !BADKEY=/Users/dominic/repos/github.com/dsisnero/rod/.beads/issues.jsonl
time=2026-02-24T21:02:50.962-07:00 level=INFO msg="Import triggered by file change"
time=2026-02-24T21:02:50.963-07:00 level=INFO msg="Starting %s..." !BADKEY=auto-import
time=2026-02-24T21:02:50.963-07:00 level=INFO msg="Skipping %s: JSONL content unchanged" !BADKEY=auto-import
time=2026-02-24T21:05:02.038-07:00 level=INFO msg="File change detected: %s" !BADKEY=/Users/dominic/repos/github.com/dsisnero/rod/.beads/issues.jsonl
time=2026-02-24T21:05:03.040-07:00 level=INFO msg="Import triggered by file change"
time=2026-02-24T21:05:03.041-07:00 level=INFO msg="Starting %s..." !BADKEY=auto-import
time=2026-02-24T21:05:03.041-07:00 level=INFO msg="Skipping %s: JSONL content unchanged" !BADKEY=auto-import
time=2026-02-24T21:05:08.816-07:00 level=INFO msg="File change detected: %s" !BADKEY=/Users/dominic/repos/github.com/dsisnero/rod/.beads/issues.jsonl
time=2026-02-24T21:05:09.818-07:00 level=INFO msg="Import triggered by file change"
time=2026-02-24T21:05:09.818-07:00 level=INFO msg="Starting %s..." !BADKEY=auto-import
time=2026-02-24T21:05:09.819-07:00 level=INFO msg="Skipping %s: JSONL content unchanged" !BADKEY=auto-import
time=2026-02-24T21:05:14.640-07:00 level=INFO msg="File change detected: %s" !BADKEY=/Users/dominic/repos/github.com/dsisnero/rod/.beads/issues.jsonl
time=2026-02-24T21:05:15.642-07:00 level=INFO msg="Import triggered by file change"
time=2026-02-24T21:05:15.642-07:00 level=INFO msg="Starting %s..." !BADKEY=auto-import
time=2026-02-24T21:05:15.642-07:00 level=INFO msg="Skipping %s: JSONL content unchanged" !BADKEY=auto-import
time=2026-02-24T21:05:21.223-07:00 level=INFO msg="JSONL removed/renamed, re-establishing watch"
time=2026-02-24T21:05:21.274-07:00 level=INFO msg="Successfully re-established JSONL watch after %v" !BADKEY=50ms
time=2026-02-24T21:05:21.274-07:00 level=INFO msg="JSONL file created: %s" !BADKEY=/Users/dominic/repos/github.com/dsisnero/rod/.beads/issues.jsonl
time=2026-02-24T21:05:21.315-07:00 level=INFO msg="Git ref change detected: %s" !BADKEY=/Users/dominic/repos/github.com/dsisnero/rod/.git/refs/heads/main.lock
time=2026-02-24T21:05:22.316-07:00 level=INFO msg="Import triggered by file change"
time=2026-02-24T21:05:22.316-07:00 level=INFO msg="Starting %s..." !BADKEY=auto-import
time=2026-02-24T21:05:22.317-07:00 level=INFO msg="Skipping %s: JSONL content unchanged" !BADKEY=auto-import
time=2026-02-24T21:05:22.975-07:00 level=INFO msg="File change detected: %s" !BADKEY=/Users/dominic/repos/github.com/dsisnero/rod/.beads/issues.jsonl
time=2026-02-24T21:05:23.977-07:00 level=INFO msg="Import triggered by file change"
time=2026-02-24T21:05:23.977-07:00 level=INFO msg="Starting %s..." !BADKEY=auto-import
time=2026-02-24T21:05:23.977-07:00 level=INFO msg="Skipping %s: JSONL content unchanged" !BADKEY=auto-import
time=2026-02-24T21:05:27.163-07:00 level=INFO msg="JSONL removed/renamed, re-establishing watch"
time=2026-02-24T21:05:27.215-07:00 level=INFO msg="Successfully re-established JSONL watch after %v" !BADKEY=50ms
time=2026-02-24T21:05:27.215-07:00 level=INFO msg="JSONL file created: %s" !BADKEY=/Users/dominic/repos/github.com/dsisnero/rod/.beads/issues.jsonl
time=2026-02-24T21:05:28.216-07:00 level=INFO msg="Import triggered by file change"
time=2026-02-24T21:05:28.217-07:00 level=INFO msg="Starting %s..." !BADKEY=auto-import
time=2026-02-24T21:05:28.220-07:00 level=INFO msg="Skipping %s: JSONL content unchanged" !BADKEY=auto-import
time=2026-02-24T21:05:29.390-07:00 level=INFO msg="File change detected: %s" !BADKEY=/Users/dominic/repos/github.com/dsisnero/rod/.beads/issues.jsonl
time=2026-02-24T21:05:30.392-07:00 level=INFO msg="Import triggered by file change"
time=2026-02-24T21:05:30.392-07:00 level=INFO msg="Starting %s..." !BADKEY=auto-import
time=2026-02-24T21:05:30.392-07:00 level=INFO msg="Skipping %s: JSONL content unchanged" !BADKEY=auto-import
time=2026-02-24T21:05:34.764-07:00 level=INFO msg="File change detected: %s" !BADKEY=/Users/dominic/repos/github.com/dsisnero/rod/.beads/issues.jsonl
time=2026-02-24T21:05:35.766-07:00 level=INFO msg="Import triggered by file change"
time=2026-02-24T21:05:35.766-07:00 level=INFO msg="Starting %s..." !BADKEY=auto-import
time=2026-02-24T21:05:35.766-07:00 level=INFO msg="Skipping %s: JSONL content unchanged" !BADKEY=auto-import
time=2026-02-24T21:05:42.015-07:00 level=INFO msg="Mutation detected: %s %s" update=rod-pit
time=2026-02-24T21:05:42.516-07:00 level=INFO msg="Export triggered by mutation events"
time=2026-02-24T21:05:42.517-07:00 level=INFO msg="Starting %s..." !BADKEY=export
time=2026-02-24T21:05:42.524-07:00 level=INFO msg="Exported to JSONL"
time=2026-02-24T21:05:42.524-07:00 level=INFO msg="Export complete"
time=2026-02-24T21:05:42.524-07:00 level=INFO msg="JSONL removed/renamed, re-establishing watch"
time=2026-02-24T21:05:42.575-07:00 level=INFO msg="Successfully re-established JSONL watch after %v" !BADKEY=50ms
time=2026-02-24T21:05:42.575-07:00 level=INFO msg="JSONL file created: %s" !BADKEY=/Users/dominic/repos/github.com/dsisnero/rod/.beads/issues.jsonl
time=2026-02-24T21:05:43.577-07:00 level=INFO msg="Import triggered by file change"
time=2026-02-24T21:05:43.577-07:00 level=INFO msg="Starting %s..." !BADKEY=auto-import
time=2026-02-24T21:05:43.577-07:00 level=INFO msg="JSONL content changed, proceeding with %s..." !BADKEY=auto-import
time=2026-02-24T21:05:43.595-07:00 level=INFO msg="⚠️  WARNING: Uncommitted local changes detected in %s" !BADKEY=/Users/dominic/repos/github.com/dsisnero/rod/.beads/issues.jsonl
time=2026-02-24T21:05:43.595-07:00 level=INFO msg="   Pulling from remote may overwrite local unpushed changes."
time=2026-02-24T21:05:43.595-07:00 level=INFO msg="   Consider running 'bd sync' to commit and push your changes first."
time=2026-02-24T21:05:43.637-07:00 level=INFO msg="Pull failed: %v (backoff: %v)" !BADKEY="git pull failed: exit status 128\nerror: cannot pull with rebase: You have unstaged changes.\nerror: Please commit or stash them.\n" !BADKEY=30m0s
time=2026-02-24T21:05:51.115-07:00 level=INFO msg="File change detected: %s" !BADKEY=/Users/dominic/repos/github.com/dsisnero/rod/.beads/issues.jsonl
time=2026-02-24T21:05:52.117-07:00 level=INFO msg="Import triggered by file change"
time=2026-02-24T21:05:52.117-07:00 level=INFO msg="Skipping %s: in backoff period" !BADKEY=auto-import
time=2026-02-24T21:05:56.099-07:00 level=INFO msg="File change detected: %s" !BADKEY=/Users/dominic/repos/github.com/dsisnero/rod/.beads/issues.jsonl
time=2026-02-24T21:05:57.102-07:00 level=INFO msg="Import triggered by file change"
time=2026-02-24T21:05:57.102-07:00 level=INFO msg="Skipping %s: in backoff period" !BADKEY=auto-import
time=2026-02-24T21:06:10.203-07:00 level=INFO msg="File change detected: %s" !BADKEY=/Users/dominic/repos/github.com/dsisnero/rod/.beads/issues.jsonl
time=2026-02-24T21:06:11.205-07:00 level=INFO msg="Import triggered by file change"
time=2026-02-24T21:06:11.206-07:00 level=INFO msg="Skipping %s: in backoff period" !BADKEY=auto-import
time=2026-02-24T21:06:19.162-07:00 level=INFO msg="File change detected: %s" !BADKEY=/Users/dominic/repos/github.com/dsisnero/rod/.beads/issues.jsonl
time=2026-02-24T21:06:20.164-07:00 level=INFO msg="Import triggered by file change"
time=2026-02-24T21:06:20.164-07:00 level=INFO msg="Skipping %s: in backoff period" !BADKEY=auto-import
time=2026-02-24T21:06:24.303-07:00 level=INFO msg="File change detected: %s" !BADKEY=/Users/dominic/repos/github.com/dsisnero/rod/.beads/issues.jsonl
time=2026-02-24T21:06:25.304-07:00 level=INFO msg="Import triggered by file change"
time=2026-02-24T21:06:25.305-07:00 level=INFO msg="Skipping %s: in backoff period" !BADKEY=auto-import
time=2026-02-24T21:06:32.182-07:00 level=INFO msg="File change detected: %s" !BADKEY=/Users/dominic/repos/github.com/dsisnero/rod/.beads/issues.jsonl
time=2026-02-24T21:06:33.184-07:00 level=INFO msg="Import triggered by file change"
time=2026-02-24T21:06:33.184-07:00 level=INFO msg="Skipping %s: in backoff period" !BADKEY=auto-import
time=2026-02-24T21:06:39.667-07:00 level=INFO msg="File change detected: %s" !BADKEY=/Users/dominic/repos/github.com/dsisnero/rod/.beads/issues.jsonl
time=2026-02-24T21:06:40.670-07:00 level=INFO msg="Import triggered by file change"
time=2026-02-24T21:06:40.670-07:00 level=INFO msg="Skipping %s: in backoff period" !BADKEY=auto-import
time=2026-02-24T21:06:47.903-07:00 level=INFO msg="File change detected: %s" !BADKEY=/Users/dominic/repos/github.com/dsisnero/rod/.beads/issues.jsonl
time=2026-02-24T21:06:48.904-07:00 level=INFO msg="Import triggered by file change"
time=2026-02-24T21:06:48.905-07:00 level=INFO msg="Skipping %s: in backoff period" !BADKEY=auto-import
time=2026-02-24T21:06:56.469-07:00 level=INFO msg="File change detected: %s" !BADKEY=/Users/dominic/repos/github.com/dsisnero/rod/.beads/issues.jsonl
time=2026-02-24T21:06:57.471-07:00 level=INFO msg="Import triggered by file change"
time=2026-02-24T21:06:57.472-07:00 level=INFO msg="Skipping %s: in backoff period" !BADKEY=auto-import
time=2026-02-24T21:07:03.709-07:00 level=INFO msg="File change detected: %s" !BADKEY=/Users/dominic/repos/github.com/dsisnero/rod/.beads/issues.jsonl
time=2026-02-24T21:07:04.711-07:00 level=INFO msg="Import triggered by file change"
time=2026-02-24T21:07:04.711-07:00 level=INFO msg="Skipping %s: in backoff period" !BADKEY=auto-import
time=2026-02-24T21:07:12.518-07:00 level=INFO msg="File change detected: %s" !BADKEY=/Users/dominic/repos/github.com/dsisnero/rod/.beads/issues.jsonl
time=2026-02-24T21:07:13.519-07:00 level=INFO msg="Import triggered by file change"
time=2026-02-24T21:07:13.520-07:00 level=INFO msg="Skipping %s: in backoff period" !BADKEY=auto-import
time=2026-02-24T21:07:18.200-07:00 level=INFO msg="JSONL removed/renamed, re-establishing watch"
time=2026-02-24T21:07:18.251-07:00 level=INFO msg="Successfully re-established JSONL watch after %v" !BADKEY=50ms
time=2026-02-24T21:07:18.251-07:00 level=INFO msg="JSONL file created: %s" !BADKEY=/Users/dominic/repos/github.com/dsisnero/rod/.beads/issues.jsonl
time=2026-02-24T21:07:19.253-07:00 level=INFO msg="Import triggered by file change"
time=2026-02-24T21:07:19.253-07:00 level=INFO msg="Skipping %s: in backoff period" !BADKEY=auto-import
time=2026-02-24T21:07:20.130-07:00 level=INFO msg="File change detected: %s" !BADKEY=/Users/dominic/repos/github.com/dsisnero/rod/.beads/issues.jsonl
time=2026-02-24T21:07:21.132-07:00 level=INFO msg="Import triggered by file change"
time=2026-02-24T21:07:21.133-07:00 level=INFO msg="Skipping %s: in backoff period" !BADKEY=auto-import
time=2026-02-24T21:07:26.544-07:00 level=INFO msg="File change detected: %s" !BADKEY=/Users/dominic/repos/github.com/dsisnero/rod/.beads/issues.jsonl
time=2026-02-24T21:07:27.546-07:00 level=INFO msg="Import triggered by file change"
time=2026-02-24T21:07:27.546-07:00 level=INFO msg="Skipping %s: in backoff period" !BADKEY=auto-import
time=2026-02-24T21:07:34.853-07:00 level=INFO msg="File change detected: %s" !BADKEY=/Users/dominic/repos/github.com/dsisnero/rod/.beads/issues.jsonl
time=2026-02-24T21:07:35.855-07:00 level=INFO msg="Import triggered by file change"
time=2026-02-24T21:07:35.855-07:00 level=INFO msg="Skipping %s: in backoff period" !BADKEY=auto-import
time=2026-02-24T21:07:39.336-07:00 level=INFO msg="Mutation detected: %s %s" status=rod-pit
time=2026-02-24T21:07:39.837-07:00 level=INFO msg="Export triggered by mutation events"
time=2026-02-24T21:07:39.837-07:00 level=INFO msg="Starting %s..." !BADKEY=export
time=2026-02-24T21:07:39.843-07:00 level=INFO msg="Exported to JSONL"
time=2026-02-24T21:07:39.843-07:00 level=INFO msg="Export complete"
time=2026-02-24T21:07:39.843-07:00 level=INFO msg="JSONL removed/renamed, re-establishing watch"
time=2026-02-24T21:07:39.895-07:00 level=INFO msg="Successfully re-established JSONL watch after %v" !BADKEY=50ms
time=2026-02-24T21:07:39.895-07:00 level=INFO msg="JSONL file created: %s" !BADKEY=/Users/dominic/repos/github.com/dsisnero/rod/.beads/issues.jsonl
time=2026-02-24T21:07:40.897-07:00 level=INFO msg="Import triggered by file change"
time=2026-02-24T21:07:40.897-07:00 level=INFO msg="Skipping %s: in backoff period" !BADKEY=auto-import
time=2026-02-24T21:07:45.727-07:00 level=INFO msg="JSONL removed/renamed, re-establishing watch"
time=2026-02-24T21:07:45.778-07:00 level=INFO msg="Successfully re-established JSONL watch after %v" !BADKEY=50ms
time=2026-02-24T21:07:45.778-07:00 level=INFO msg="JSONL file created: %s" !BADKEY=/Users/dominic/repos/github.com/dsisnero/rod/.beads/issues.jsonl
time=2026-02-24T21:07:46.780-07:00 level=INFO msg="Import triggered by file change"
time=2026-02-24T21:07:46.780-07:00 level=INFO msg="Skipping %s: in backoff period" !BADKEY=auto-import
time=2026-02-24T21:07:47.359-07:00 level=INFO msg="File change detected: %s" !BADKEY=/Users/dominic/repos/github.com/dsisnero/rod/.beads/issues.jsonl
time=2026-02-24T21:07:48.361-07:00 level=INFO msg="Import triggered by file change"
time=2026-02-24T21:07:48.361-07:00 level=INFO msg="Skipping %s: in backoff period" !BADKEY=auto-import
time=2026-02-24T21:07:50.908-07:00 level=INFO msg="JSONL removed/renamed, re-establishing watch"
time=2026-02-24T21:07:50.960-07:00 level=INFO msg="Successfully re-established JSONL watch after %v" !BADKEY=50ms
time=2026-02-24T21:07:50.960-07:00 level=INFO msg="JSONL file created: %s" !BADKEY=/Users/dominic/repos/github.com/dsisnero/rod/.beads/issues.jsonl
time=2026-02-24T21:07:51.962-07:00 level=INFO msg="Import triggered by file change"
time=2026-02-24T21:07:51.962-07:00 level=INFO msg="Skipping %s: in backoff period" !BADKEY=auto-import
time=2026-02-24T21:07:52.488-07:00 level=INFO msg="File change detected: %s" !BADKEY=/Users/dominic/repos/github.com/dsisnero/rod/.beads/issues.jsonl
time=2026-02-24T21:07:53.490-07:00 level=INFO msg="Import triggered by file change"
time=2026-02-24T21:07:53.490-07:00 level=INFO msg="Skipping %s: in backoff period" !BADKEY=auto-import
time=2026-02-24T21:07:56.833-07:00 level=INFO msg="JSONL removed/renamed, re-establishing watch"
time=2026-02-24T21:07:56.884-07:00 level=INFO msg="Successfully re-established JSONL watch after %v" !BADKEY=50ms
time=2026-02-24T21:07:56.884-07:00 level=INFO msg="JSONL file created: %s" !BADKEY=/Users/dominic/repos/github.com/dsisnero/rod/.beads/issues.jsonl
time=2026-02-24T21:07:57.885-07:00 level=INFO msg="Import triggered by file change"
time=2026-02-24T21:07:57.886-07:00 level=INFO msg="Skipping %s: in backoff period" !BADKEY=auto-import
time=2026-02-24T21:07:58.434-07:00 level=INFO msg="File change detected: %s" !BADKEY=/Users/dominic/repos/github.com/dsisnero/rod/.beads/issues.jsonl
time=2026-02-24T21:07:59.435-07:00 level=INFO msg="Import triggered by file change"
time=2026-02-24T21:07:59.436-07:00 level=INFO msg="Skipping %s: in backoff period" !BADKEY=auto-import
time=2026-02-24T21:08:03.526-07:00 level=INFO msg="File change detected: %s" !BADKEY=/Users/dominic/repos/github.com/dsisnero/rod/.beads/issues.jsonl
time=2026-02-24T21:08:04.527-07:00 level=INFO msg="Import triggered by file change"
time=2026-02-24T21:08:04.527-07:00 level=INFO msg="Skipping %s: in backoff period" !BADKEY=auto-import
time=2026-02-24T21:08:08.498-07:00 level=INFO msg="JSONL removed/renamed, re-establishing watch"
time=2026-02-24T21:08:08.548-07:00 level=INFO msg="Successfully re-established JSONL watch after %v" !BADKEY=50ms
time=2026-02-24T21:08:08.548-07:00 level=INFO msg="JSONL file created: %s" !BADKEY=/Users/dominic/repos/github.com/dsisnero/rod/.beads/issues.jsonl
time=2026-02-24T21:08:08.604-07:00 level=INFO msg="Git ref change detected: %s" !BADKEY=/Users/dominic/repos/github.com/dsisnero/rod/.git/refs/heads/main.lock
time=2026-02-24T21:08:09.410-07:00 level=INFO msg="JSONL removed/renamed, re-establishing watch"
time=2026-02-24T21:08:09.461-07:00 level=INFO msg="Successfully re-established JSONL watch after %v" !BADKEY=50ms
time=2026-02-24T21:08:09.461-07:00 level=INFO msg="JSONL file created: %s" !BADKEY=/Users/dominic/repos/github.com/dsisnero/rod/.beads/issues.jsonl
time=2026-02-24T21:08:09.606-07:00 level=INFO msg="Import triggered by file change"
time=2026-02-24T21:08:09.606-07:00 level=INFO msg="Skipping %s: in backoff period" !BADKEY=auto-import
time=2026-02-24T21:08:10.463-07:00 level=INFO msg="Import triggered by file change"
time=2026-02-24T21:08:10.463-07:00 level=INFO msg="Skipping %s: in backoff period" !BADKEY=auto-import
time=2026-02-24T21:08:11.556-07:00 level=INFO msg="File change detected: %s" !BADKEY=/Users/dominic/repos/github.com/dsisnero/rod/.beads/issues.jsonl
time=2026-02-24T21:08:12.558-07:00 level=INFO msg="Import triggered by file change"
time=2026-02-24T21:08:12.558-07:00 level=INFO msg="Skipping %s: in backoff period" !BADKEY=auto-import
time=2026-02-24T21:08:25.488-07:00 level=INFO msg="File change detected: %s" !BADKEY=/Users/dominic/repos/github.com/dsisnero/rod/.beads/issues.jsonl
time=2026-02-24T21:08:26.489-07:00 level=INFO msg="Import triggered by file change"
time=2026-02-24T21:08:26.490-07:00 level=INFO msg="Skipping %s: in backoff period" !BADKEY=auto-import
time=2026-02-26T03:30:08.744-07:00 level=INFO msg="daemon already running (lock held), exiting"
time=2026-02-26T03:30:13.804-07:00 level=INFO msg="JSONL removed/renamed, re-establishing watch"
time=2026-02-26T03:30:13.855-07:00 level=INFO msg="Successfully re-established JSONL watch after %v" !BADKEY=50ms
time=2026-02-26T03:30:13.855-07:00 level=INFO msg="JSONL file created: %s" !BADKEY=/Users/dominic/repos/github.com/dsisnero/rod/.beads/issues.jsonl
time=2026-02-26T03:30:14.857-07:00 level=INFO msg="Import triggered by file change"
time=2026-02-26T03:30:14.859-07:00 level=INFO msg="Starting %s..." !BADKEY=auto-import
time=2026-02-26T03:30:14.867-07:00 level=INFO msg="Skipping %s: JSONL content unchanged" !BADKEY=auto-import
time=2026-02-26T12:44:34.724-07:00 level=INFO msg="Daemon started (interval: %v, auto-commit: %v, auto-push: %v)" !BADKEY=5s !BADKEY=false !BADKEY=false
time=2026-02-26T12:44:34.724-07:00 level=INFO msg="using database" path=/Users/dominic/repos/github.com/dsisnero/rod/.beads/beads.db
time=2026-02-26T12:44:34.731-07:00 level=INFO msg="daemon already running (lock held), exiting"
time=2026-02-26T12:44:34.753-07:00 level=INFO msg="database opened" path=/Users/dominic/repos/github.com/dsisnero/rod/.beads/beads.db backend=sqlite freshness_checking=true
time=2026-02-26T12:44:34.753-07:00 level=INFO msg="upgrading .beads/.gitignore"
time=2026-02-26T12:44:34.753-07:00 level=WARN msg="failed to upgrade .gitignore" error="open .beads/.gitignore: no such file or directory"
time=2026-02-26T12:44:34.759-07:00 level=INFO msg="Repository fingerprint validated: %s" !BADKEY=057b7adf
time=2026-02-26T12:44:34.760-07:00 level=INFO msg="starting RPC server" socket=/Users/dominic/repos/github.com/dsisnero/rod/.beads/bd.sock
time=2026-02-26T12:44:34.760-07:00 level=INFO msg="RPC server ready (socket listening)"
time=2026-02-26T12:44:34.766-07:00 level=INFO msg="registered in global registry"
time=2026-02-26T12:44:34.766-07:00 level=INFO msg="Starting %s..." !BADKEY="sync cycle"
time=2026-02-26T12:44:34.770-07:00 level=INFO msg="Exported to JSONL"
time=2026-02-26T12:44:34.810-07:00 level=INFO msg="Pull failed: %v" !BADKEY="git pull failed: exit status 128\nerror: cannot pull with rebase: You have unstaged changes.\nerror: Please commit or stash them.\n"
time=2026-02-26T12:44:34.810-07:00 level=INFO msg="monitoring parent process" pid=0
time=2026-02-26T12:44:34.810-07:00 level=INFO msg="using event-driven mode"
time=2026-02-26T12:44:34.810-07:00 level=INFO msg="Auto-pull disabled: use 'git pull' manually to sync remote changes"
time=2026-02-26T12:44:37.969-07:00 level=INFO msg="File change detected: %s" !BADKEY=/Users/dominic/repos/github.com/dsisnero/rod/.beads/issues.jsonl
time=2026-02-26T12:44:38.971-07:00 level=INFO msg="Import triggered by file change"
time=2026-02-26T12:44:38.971-07:00 level=INFO msg="Starting %s..." !BADKEY=auto-import
time=2026-02-26T12:44:38.972-07:00 level=INFO msg="Skipping %s: JSONL content unchanged" !BADKEY=auto-import
time=2026-02-26T12:45:01.025-07:00 level=INFO msg="File change detected: %s" !BADKEY=/Users/dominic/repos/github.com/dsisnero/rod/.beads/issues.jsonl
time=2026-02-26T12:45:02.026-07:00 level=INFO msg="Import triggered by file change"
time=2026-02-26T12:45:02.026-07:00 level=INFO msg="Starting %s..." !BADKEY=auto-import
time=2026-02-26T12:45:02.031-07:00 level=INFO msg="Skipping %s: JSONL content unchanged" !BADKEY=auto-import
time=2026-02-26T12:46:08.841-07:00 level=INFO msg="File change detected: %s" !BADKEY=/Users/dominic/repos/github.com/dsisnero/rod/.beads/issues.jsonl
time=2026-02-26T12:46:09.843-07:00 level=INFO msg="Import triggered by file change"
time=2026-02-26T12:46:09.844-07:00 level=INFO msg="Starting %s..." !BADKEY=auto-import
time=2026-02-26T12:46:09.844-07:00 level=INFO msg="Skipping %s: JSONL content unchanged" !BADKEY=auto-import
time=2026-02-26T12:47:45.623-07:00 level=INFO msg="File change detected: %s" !BADKEY=/Users/dominic/repos/github.com/dsisnero/rod/.beads/issues.jsonl
time=2026-02-26T12:47:46.626-07:00 level=INFO msg="Import triggered by file change"
time=2026-02-26T12:47:46.626-07:00 level=INFO msg="Starting %s..." !BADKEY=auto-import
time=2026-02-26T12:47:46.626-07:00 level=INFO msg="Skipping %s: JSONL content unchanged" !BADKEY=auto-import
time=2026-02-26T12:48:19.626-07:00 level=INFO msg="File change detected: %s" !BADKEY=/Users/dominic/repos/github.com/dsisnero/rod/.beads/issues.jsonl
time=2026-02-26T12:48:20.629-07:00 level=INFO msg="Import triggered by file change"
time=2026-02-26T12:48:20.629-07:00 level=INFO msg="Starting %s..." !BADKEY=auto-import
time=2026-02-26T12:48:20.629-07:00 level=INFO msg="Skipping %s: JSONL content unchanged" !BADKEY=auto-import
time=2026-02-26T12:48:31.473-07:00 level=INFO msg="File change detected: %s" !BADKEY=/Users/dominic/repos/github.com/dsisnero/rod/.beads/issues.jsonl
time=2026-02-26T12:48:32.475-07:00 level=INFO msg="Import triggered by file change"
time=2026-02-26T12:48:32.475-07:00 level=INFO msg="Starting %s..." !BADKEY=auto-import
time=2026-02-26T12:48:32.476-07:00 level=INFO msg="Skipping %s: JSONL content unchanged" !BADKEY=auto-import
time=2026-02-26T12:48:46.698-07:00 level=INFO msg="Git ref change detected: %s" !BADKEY=/Users/dominic/repos/github.com/dsisnero/rod/.git/refs/heads/main.lock
time=2026-02-26T12:48:47.700-07:00 level=INFO msg="Import triggered by file change"
time=2026-02-26T12:48:47.700-07:00 level=INFO msg="Starting %s..." !BADKEY=auto-import
time=2026-02-26T12:48:47.701-07:00 level=INFO msg="Skipping %s: JSONL content unchanged" !BADKEY=auto-import
time=2026-02-26T12:52:38.913-07:00 level=INFO msg="JSONL removed/renamed, re-establishing watch"
time=2026-02-26T12:52:38.964-07:00 level=INFO msg="Successfully re-established JSONL watch after %v" !BADKEY=50ms
time=2026-02-26T12:52:38.964-07:00 level=INFO msg="JSONL file created: %s" !BADKEY=/Users/dominic/repos/github.com/dsisnero/rod/.beads/issues.jsonl
time=2026-02-26T12:52:39.967-07:00 level=INFO msg="Import triggered by file change"
time=2026-02-26T12:52:39.967-07:00 level=INFO msg="Starting %s..." !BADKEY=auto-import
time=2026-02-26T12:52:39.967-07:00 level=INFO msg="Skipping %s: JSONL content unchanged" !BADKEY=auto-import
time=2026-02-26T12:53:14.114-07:00 level=INFO msg="File change detected: %s" !BADKEY=/Users/dominic/repos/github.com/dsisnero/rod/.beads/issues.jsonl
time=2026-02-26T12:53:15.116-07:00 level=INFO msg="Import triggered by file change"
time=2026-02-26T12:53:15.117-07:00 level=INFO msg="Starting %s..." !BADKEY=auto-import
time=2026-02-26T12:53:15.117-07:00 level=INFO msg="Skipping %s: JSONL content unchanged" !BADKEY=auto-import
time=2026-02-26T12:53:16.951-07:00 level=INFO msg="JSONL removed/renamed, re-establishing watch"
time=2026-02-26T12:53:17.002-07:00 level=INFO msg="Successfully re-established JSONL watch after %v" !BADKEY=50ms
time=2026-02-26T12:53:17.002-07:00 level=INFO msg="JSONL file created: %s" !BADKEY=/Users/dominic/repos/github.com/dsisnero/rod/.beads/issues.jsonl
time=2026-02-26T12:53:18.003-07:00 level=INFO msg="Import triggered by file change"
time=2026-02-26T12:53:18.003-07:00 level=INFO msg="Starting %s..." !BADKEY=auto-import
time=2026-02-26T12:53:18.007-07:00 level=INFO msg="Skipping %s: JSONL content unchanged" !BADKEY=auto-import
time=2026-02-26T12:54:15.565-07:00 level=INFO msg="daemon already running (lock held), exiting"
time=2026-02-26T12:54:20.645-07:00 level=INFO msg="JSONL removed/renamed, re-establishing watch"
time=2026-02-26T12:54:20.696-07:00 level=INFO msg="Successfully re-established JSONL watch after %v" !BADKEY=50ms
time=2026-02-26T12:54:20.696-07:00 level=INFO msg="JSONL file created: %s" !BADKEY=/Users/dominic/repos/github.com/dsisnero/rod/.beads/issues.jsonl
time=2026-02-26T12:54:21.698-07:00 level=INFO msg="Import triggered by file change"
time=2026-02-26T12:54:21.698-07:00 level=INFO msg="Starting %s..." !BADKEY=auto-import
time=2026-02-26T12:54:21.703-07:00 level=INFO msg="Skipping %s: JSONL content unchanged" !BADKEY=auto-import
time=2026-02-26T12:54:28.642-07:00 level=INFO msg="File change detected: %s" !BADKEY=/Users/dominic/repos/github.com/dsisnero/rod/.beads/issues.jsonl
time=2026-02-26T12:54:29.645-07:00 level=INFO msg="Import triggered by file change"
time=2026-02-26T12:54:29.645-07:00 level=INFO msg="Starting %s..." !BADKEY=auto-import
time=2026-02-26T12:54:29.646-07:00 level=INFO msg="Skipping %s: JSONL content unchanged" !BADKEY=auto-import
time=2026-02-26T12:54:31.460-07:00 level=INFO msg="JSONL removed/renamed, re-establishing watch"
time=2026-02-26T12:54:31.512-07:00 level=INFO msg="Successfully re-established JSONL watch after %v" !BADKEY=50ms
time=2026-02-26T12:54:31.512-07:00 level=INFO msg="JSONL file created: %s" !BADKEY=/Users/dominic/repos/github.com/dsisnero/rod/.beads/issues.jsonl
time=2026-02-26T12:54:32.514-07:00 level=INFO msg="Import triggered by file change"
time=2026-02-26T12:54:32.514-07:00 level=INFO msg="Starting %s..." !BADKEY=auto-import
time=2026-02-26T12:54:32.515-07:00 level=INFO msg="Skipping %s: JSONL content unchanged" !BADKEY=auto-import
time=2026-02-26T12:54:43.468-07:00 level=INFO msg="daemon already running (lock held), exiting"
time=2026-02-26T12:54:48.531-07:00 level=INFO msg="JSONL removed/renamed, re-establishing watch"
time=2026-02-26T12:54:48.582-07:00 level=INFO msg="Successfully re-established JSONL watch after %v" !BADKEY=50ms
time=2026-02-26T12:54:48.582-07:00 level=INFO msg="JSONL file created: %s" !BADKEY=/Users/dominic/repos/github.com/dsisnero/rod/.beads/issues.jsonl
time=2026-02-26T12:54:49.584-07:00 level=INFO msg="Import triggered by file change"
time=2026-02-26T12:54:49.584-07:00 level=INFO msg="Starting %s..." !BADKEY=auto-import
time=2026-02-26T12:54:49.589-07:00 level=INFO msg="Skipping %s: JSONL content unchanged" !BADKEY=auto-import
time=2026-02-26T12:55:23.331-07:00 level=INFO msg="File change detected: %s" !BADKEY=/Users/dominic/repos/github.com/dsisnero/rod/.beads/issues.jsonl
time=2026-02-26T12:55:24.335-07:00 level=INFO msg="Import triggered by file change"
time=2026-02-26T12:55:24.335-07:00 level=INFO msg="Starting %s..." !BADKEY=auto-import
time=2026-02-26T12:55:24.337-07:00 level=INFO msg="Skipping %s: JSONL content unchanged" !BADKEY=auto-import
time=2026-02-26T12:56:13.735-07:00 level=INFO msg="File change detected: %s" !BADKEY=/Users/dominic/repos/github.com/dsisnero/rod/.beads/issues.jsonl
time=2026-02-26T12:56:14.738-07:00 level=INFO msg="Import triggered by file change"
time=2026-02-26T12:56:14.738-07:00 level=INFO msg="Starting %s..." !BADKEY=auto-import
time=2026-02-26T12:56:14.742-07:00 level=INFO msg="Skipping %s: JSONL content unchanged" !BADKEY=auto-import
time=2026-02-26T12:57:14.400-07:00 level=INFO msg="File change detected: %s" !BADKEY=/Users/dominic/repos/github.com/dsisnero/rod/.beads/issues.jsonl
time=2026-02-26T12:57:15.404-07:00 level=INFO msg="Import triggered by file change"
time=2026-02-26T12:57:15.404-07:00 level=INFO msg="Starting %s..." !BADKEY=auto-import
time=2026-02-26T12:57:15.406-07:00 level=INFO msg="Skipping %s: JSONL content unchanged" !BADKEY=auto-import
time=2026-02-26T12:57:18.640-07:00 level=INFO msg="daemon already running (lock held), exiting"
time=2026-02-26T12:57:23.836-07:00 level=INFO msg="JSONL removed/renamed, re-establishing watch"
time=2026-02-26T12:57:23.891-07:00 level=INFO msg="Successfully re-established JSONL watch after %v" !BADKEY=50ms
time=2026-02-26T12:57:23.891-07:00 level=INFO msg="JSONL file created: %s" !BADKEY=/Users/dominic/repos/github.com/dsisnero/rod/.beads/issues.jsonl
time=2026-02-26T12:57:24.894-07:00 level=INFO msg="Import triggered by file change"
time=2026-02-26T12:57:24.895-07:00 level=INFO msg="Starting %s..." !BADKEY=auto-import
time=2026-02-26T12:57:24.906-07:00 level=INFO msg="Skipping %s: JSONL content unchanged" !BADKEY=auto-import
time=2026-02-26T12:57:36.314-07:00 level=INFO msg="daemon already running (lock held), exiting"
time=2026-02-26T12:57:41.483-07:00 level=INFO msg="JSONL removed/renamed, re-establishing watch"
time=2026-02-26T12:57:41.534-07:00 level=INFO msg="Successfully re-established JSONL watch after %v" !BADKEY=50ms
time=2026-02-26T12:57:41.535-07:00 level=INFO msg="JSONL file created: %s" !BADKEY=/Users/dominic/repos/github.com/dsisnero/rod/.beads/issues.jsonl
time=2026-02-26T12:57:42.536-07:00 level=INFO msg="Import triggered by file change"
time=2026-02-26T12:57:42.536-07:00 level=INFO msg="Starting %s..." !BADKEY=auto-import
time=2026-02-26T12:57:42.541-07:00 level=INFO msg="Skipping %s: JSONL content unchanged" !BADKEY=auto-import
time=2026-02-26T12:57:46.179-07:00 level=INFO msg="File change detected: %s" !BADKEY=/Users/dominic/repos/github.com/dsisnero/rod/.beads/issues.jsonl
time=2026-02-26T12:57:47.182-07:00 level=INFO msg="Import triggered by file change"
time=2026-02-26T12:57:47.183-07:00 level=INFO msg="Starting %s..." !BADKEY=auto-import
time=2026-02-26T12:57:47.183-07:00 level=INFO msg="Skipping %s: JSONL content unchanged" !BADKEY=auto-import
time=2026-02-26T13:01:11.431-07:00 level=INFO msg="File change detected: %s" !BADKEY=/Users/dominic/repos/github.com/dsisnero/rod/.beads/issues.jsonl
time=2026-02-26T13:01:12.433-07:00 level=INFO msg="Import triggered by file change"
time=2026-02-26T13:01:12.434-07:00 level=INFO msg="Starting %s..." !BADKEY=auto-import
time=2026-02-26T13:01:12.437-07:00 level=INFO msg="Skipping %s: JSONL content unchanged" !BADKEY=auto-import
time=2026-02-26T13:01:49.885-07:00 level=INFO msg="daemon already running (lock held), exiting"
time=2026-02-26T13:01:54.957-07:00 level=INFO msg="JSONL removed/renamed, re-establishing watch"
time=2026-02-26T13:01:55.009-07:00 level=INFO msg="Successfully re-established JSONL watch after %v" !BADKEY=50ms
time=2026-02-26T13:01:55.009-07:00 level=INFO msg="JSONL file created: %s" !BADKEY=/Users/dominic/repos/github.com/dsisnero/rod/.beads/issues.jsonl
time=2026-02-26T13:01:56.011-07:00 level=INFO msg="Import triggered by file change"
time=2026-02-26T13:01:56.011-07:00 level=INFO msg="Starting %s..." !BADKEY=auto-import
time=2026-02-26T13:01:56.017-07:00 level=INFO msg="Skipping %s: JSONL content unchanged" !BADKEY=auto-import
time=2026-02-26T13:02:51.579-07:00 level=INFO msg="daemon already running (lock held), exiting"
time=2026-02-26T13:02:56.678-07:00 level=INFO msg="JSONL removed/renamed, re-establishing watch"
time=2026-02-26T13:02:56.729-07:00 level=INFO msg="Successfully re-established JSONL watch after %v" !BADKEY=50ms
time=2026-02-26T13:02:56.729-07:00 level=INFO msg="JSONL file created: %s" !BADKEY=/Users/dominic/repos/github.com/dsisnero/rod/.beads/issues.jsonl
time=2026-02-26T13:02:57.731-07:00 level=INFO msg="Import triggered by file change"
time=2026-02-26T13:02:57.731-07:00 level=INFO msg="Starting %s..." !BADKEY=auto-import
time=2026-02-26T13:02:57.739-07:00 level=INFO msg="Skipping %s: JSONL content unchanged" !BADKEY=auto-import
time=2026-02-26T13:03:26.728-07:00 level=INFO msg="File change detected: %s" !BADKEY=/Users/dominic/repos/github.com/dsisnero/rod/.beads/issues.jsonl
time=2026-02-26T13:03:27.730-07:00 level=INFO msg="Import triggered by file change"
time=2026-02-26T13:03:27.731-07:00 level=INFO msg="Starting %s..." !BADKEY=auto-import
time=2026-02-26T13:03:27.733-07:00 level=INFO msg="Skipping %s: JSONL content unchanged" !BADKEY=auto-import
time=2026-02-26T13:14:15.197-07:00 level=INFO msg="JSONL removed/renamed, re-establishing watch"
time=2026-02-26T13:14:15.249-07:00 level=INFO msg="Successfully re-established JSONL watch after %v" !BADKEY=50ms
time=2026-02-26T13:14:15.250-07:00 level=INFO msg="JSONL file created: %s" !BADKEY=/Users/dominic/repos/github.com/dsisnero/rod/.beads/issues.jsonl
time=2026-02-26T13:14:16.252-07:00 level=INFO msg="Import triggered by file change"
time=2026-02-26T13:14:16.252-07:00 level=INFO msg="Starting %s..." !BADKEY=auto-import
time=2026-02-26T13:14:16.253-07:00 level=INFO msg="Skipping %s: JSONL content unchanged" !BADKEY=auto-import
time=2026-02-26T13:16:37.301-07:00 level=INFO msg="JSONL removed/renamed, re-establishing watch"
time=2026-02-26T13:16:37.352-07:00 level=INFO msg="Successfully re-established JSONL watch after %v" !BADKEY=50ms
time=2026-02-26T13:16:37.352-07:00 level=INFO msg="JSONL file created: %s" !BADKEY=/Users/dominic/repos/github.com/dsisnero/rod/.beads/issues.jsonl
time=2026-02-26T13:16:38.354-07:00 level=INFO msg="Import triggered by file change"
time=2026-02-26T13:16:38.354-07:00 level=INFO msg="Starting %s..." !BADKEY=auto-import
time=2026-02-26T13:16:38.362-07:00 level=INFO msg="Skipping %s: JSONL content unchanged" !BADKEY=auto-import
time=2026-02-26T13:23:01.636-07:00 level=INFO msg="daemon already running (lock held), exiting"
time=2026-02-26T13:23:06.718-07:00 level=INFO msg="JSONL removed/renamed, re-establishing watch"
time=2026-02-26T13:23:06.769-07:00 level=INFO msg="Successfully re-established JSONL watch after %v" !BADKEY=50ms
time=2026-02-26T13:23:06.770-07:00 level=INFO msg="JSONL file created: %s" !BADKEY=/Users/dominic/repos/github.com/dsisnero/rod/.beads/issues.jsonl
time=2026-02-26T13:23:07.771-07:00 level=INFO msg="Import triggered by file change"
time=2026-02-26T13:23:07.772-07:00 level=INFO msg="Starting %s..." !BADKEY=auto-import
time=2026-02-26T13:23:07.781-07:00 level=INFO msg="Skipping %s: JSONL content unchanged" !BADKEY=auto-import
time=2026-02-26T13:23:09.920-07:00 level=INFO msg="File change detected: %s" !BADKEY=/Users/dominic/repos/github.com/dsisnero/rod/.beads/issues.jsonl
time=2026-02-26T13:23:10.921-07:00 level=INFO msg="Import triggered by file change"
time=2026-02-26T13:23:10.922-07:00 level=INFO msg="Starting %s..." !BADKEY=auto-import
time=2026-02-26T13:23:10.925-07:00 level=INFO msg="Skipping %s: JSONL content unchanged" !BADKEY=auto-import
time=2026-02-26T13:23:51.061-07:00 level=INFO msg="File change detected: %s" !BADKEY=/Users/dominic/repos/github.com/dsisnero/rod/.beads/issues.jsonl
time=2026-02-26T13:23:52.065-07:00 level=INFO msg="Import triggered by file change"
time=2026-02-26T13:23:52.067-07:00 level=INFO msg="Starting %s..." !BADKEY=auto-import
time=2026-02-26T13:23:52.067-07:00 level=INFO msg="Skipping %s: JSONL content unchanged" !BADKEY=auto-import
time=2026-02-26T13:24:27.194-07:00 level=INFO msg="File change detected: %s" !BADKEY=/Users/dominic/repos/github.com/dsisnero/rod/.beads/issues.jsonl
time=2026-02-26T13:24:28.198-07:00 level=INFO msg="Import triggered by file change"
time=2026-02-26T13:24:28.198-07:00 level=INFO msg="Starting %s..." !BADKEY=auto-import
time=2026-02-26T13:24:28.199-07:00 level=INFO msg="Skipping %s: JSONL content unchanged" !BADKEY=auto-import
time=2026-02-26T13:24:32.632-07:00 level=INFO msg="daemon already running (lock held), exiting"
time=2026-02-26T13:24:37.743-07:00 level=INFO msg="JSONL removed/renamed, re-establishing watch"
time=2026-02-26T13:24:37.795-07:00 level=INFO msg="Successfully re-established JSONL watch after %v" !BADKEY=50ms
time=2026-02-26T13:24:37.795-07:00 level=INFO msg="JSONL file created: %s" !BADKEY=/Users/dominic/repos/github.com/dsisnero/rod/.beads/issues.jsonl
time=2026-02-26T13:24:38.798-07:00 level=INFO msg="Import triggered by file change"
time=2026-02-26T13:24:38.798-07:00 level=INFO msg="Starting %s..." !BADKEY=auto-import
time=2026-02-26T13:24:38.812-07:00 level=INFO msg="Skipping %s: JSONL content unchanged" !BADKEY=auto-import
time=2026-02-26T13:25:34.944-07:00 level=INFO msg="File change detected: %s" !BADKEY=/Users/dominic/repos/github.com/dsisnero/rod/.beads/issues.jsonl
time=2026-02-26T13:25:35.948-07:00 level=INFO msg="Import triggered by file change"
time=2026-02-26T13:25:35.948-07:00 level=INFO msg="Starting %s..." !BADKEY=auto-import
time=2026-02-26T13:25:35.949-07:00 level=INFO msg="Skipping %s: JSONL content unchanged" !BADKEY=auto-import
time=2026-02-26T13:25:40.224-07:00 level=INFO msg="daemon already running (lock held), exiting"
time=2026-02-26T13:25:45.320-07:00 level=INFO msg="JSONL removed/renamed, re-establishing watch"
time=2026-02-26T13:25:45.371-07:00 level=INFO msg="Successfully re-established JSONL watch after %v" !BADKEY=50ms
time=2026-02-26T13:25:45.372-07:00 level=INFO msg="JSONL file created: %s" !BADKEY=/Users/dominic/repos/github.com/dsisnero/rod/.beads/issues.jsonl
time=2026-02-26T13:25:46.374-07:00 level=INFO msg="Import triggered by file change"
time=2026-02-26T13:25:46.374-07:00 level=INFO msg="Starting %s..." !BADKEY=auto-import
time=2026-02-26T13:25:46.379-07:00 level=INFO msg="Skipping %s: JSONL content unchanged" !BADKEY=auto-import
time=2026-02-26T13:28:41.314-07:00 level=INFO msg="File change detected: %s" !BADKEY=/Users/dominic/repos/github.com/dsisnero/rod/.beads/issues.jsonl
time=2026-02-26T13:28:42.317-07:00 level=INFO msg="Import triggered by file change"
time=2026-02-26T13:28:42.317-07:00 level=INFO msg="Starting %s..." !BADKEY=auto-import
time=2026-02-26T13:28:42.317-07:00 level=INFO msg="Skipping %s: JSONL content unchanged" !BADKEY=auto-import
time=2026-02-26T13:29:44.223-07:00 level=INFO msg="JSONL removed/renamed, re-establishing watch"
time=2026-02-26T13:29:44.289-07:00 level=INFO msg="Successfully re-established JSONL watch after %v" !BADKEY=50ms
time=2026-02-26T13:29:44.289-07:00 level=INFO msg="JSONL file created: %s" !BADKEY=/Users/dominic/repos/github.com/dsisnero/rod/.beads/issues.jsonl
time=2026-02-26T13:29:45.291-07:00 level=INFO msg="Import triggered by file change"
time=2026-02-26T13:29:45.291-07:00 level=INFO msg="Starting %s..." !BADKEY=auto-import
time=2026-02-26T13:29:45.292-07:00 level=INFO msg="Skipping %s: JSONL content unchanged" !BADKEY=auto-import
time=2026-02-26T13:30:56.318-07:00 level=INFO msg="JSONL removed/renamed, re-establishing watch"
time=2026-02-26T13:30:56.369-07:00 level=INFO msg="Successfully re-established JSONL watch after %v" !BADKEY=50ms
time=2026-02-26T13:30:56.370-07:00 level=INFO msg="JSONL file created: %s" !BADKEY=/Users/dominic/repos/github.com/dsisnero/rod/.beads/issues.jsonl
time=2026-02-26T13:30:57.378-07:00 level=INFO msg="Import triggered by file change"
time=2026-02-26T13:30:57.379-07:00 level=INFO msg="Starting %s..." !BADKEY=auto-import
time=2026-02-26T13:30:57.391-07:00 level=INFO msg="Skipping %s: JSONL content unchanged" !BADKEY=auto-import
time=2026-02-26T13:34:43.329-07:00 level=INFO msg="daemon already running (lock held), exiting"
time=2026-02-26T13:34:48.362-07:00 level=INFO msg="JSONL removed/renamed, re-establishing watch"
time=2026-02-26T13:34:48.412-07:00 level=INFO msg="Successfully re-established JSONL watch after %v" !BADKEY=50ms
time=2026-02-26T13:34:48.412-07:00 level=INFO msg="JSONL file created: %s" !BADKEY=/Users/dominic/repos/github.com/dsisnero/rod/.beads/issues.jsonl
time=2026-02-26T13:34:49.415-07:00 level=INFO msg="Import triggered by file change"
time=2026-02-26T13:34:49.416-07:00 level=INFO msg="Starting %s..." !BADKEY=auto-import
time=2026-02-26T13:34:49.429-07:00 level=INFO msg="Skipping %s: JSONL content unchanged" !BADKEY=auto-import
time=2026-02-26T13:35:27.531-07:00 level=INFO msg="File change detected: %s" !BADKEY=/Users/dominic/repos/github.com/dsisnero/rod/.beads/issues.jsonl
time=2026-02-26T13:35:28.534-07:00 level=INFO msg="Import triggered by file change"
time=2026-02-26T13:35:28.535-07:00 level=INFO msg="Starting %s..." !BADKEY=auto-import
time=2026-02-26T13:35:28.535-07:00 level=INFO msg="Skipping %s: JSONL content unchanged" !BADKEY=auto-import
time=2026-02-26T13:36:48.279-07:00 level=INFO msg="daemon already running (lock held), exiting"
time=2026-02-26T13:36:53.349-07:00 level=INFO msg="JSONL removed/renamed, re-establishing watch"
time=2026-02-26T13:36:53.400-07:00 level=INFO msg="Successfully re-established JSONL watch after %v" !BADKEY=50ms
time=2026-02-26T13:36:53.400-07:00 level=INFO msg="JSONL file created: %s" !BADKEY=/Users/dominic/repos/github.com/dsisnero/rod/.beads/issues.jsonl
time=2026-02-26T13:36:54.401-07:00 level=INFO msg="Import triggered by file change"
time=2026-02-26T13:36:54.401-07:00 level=INFO msg="Starting %s..." !BADKEY=auto-import
time=2026-02-26T13:36:54.406-07:00 level=INFO msg="Skipping %s: JSONL content unchanged" !BADKEY=auto-import
time=2026-02-26T13:37:00.723-07:00 level=INFO msg="File change detected: %s" !BADKEY=/Users/dominic/repos/github.com/dsisnero/rod/.beads/issues.jsonl
time=2026-02-26T13:37:01.725-07:00 level=INFO msg="Import triggered by file change"
time=2026-02-26T13:37:01.726-07:00 level=INFO msg="Starting %s..." !BADKEY=auto-import
time=2026-02-26T13:37:01.727-07:00 level=INFO msg="Skipping %s: JSONL content unchanged" !BADKEY=auto-import
time=2026-02-26T13:37:53.579-07:00 level=INFO msg="File change detected: %s" !BADKEY=/Users/dominic/repos/github.com/dsisnero/rod/.beads/issues.jsonl
time=2026-02-26T13:37:54.582-07:00 level=INFO msg="Import triggered by file change"
time=2026-02-26T13:37:54.582-07:00 level=INFO msg="Starting %s..." !BADKEY=auto-import
time=2026-02-26T13:37:54.582-07:00 level=INFO msg="Skipping %s: JSONL content unchanged" !BADKEY=auto-import
time=2026-02-26T13:51:52.197-07:00 level=INFO msg="File change detected: %s" !BADKEY=/Users/dominic/repos/github.com/dsisnero/rod/.beads/issues.jsonl
time=2026-02-26T13:51:53.206-07:00 level=INFO msg="Import triggered by file change"
time=2026-02-26T13:51:53.208-07:00 level=INFO msg="Starting %s..." !BADKEY=auto-import
time=2026-02-26T13:51:53.209-07:00 level=INFO msg="Skipping %s: JSONL content unchanged" !BADKEY=auto-import
time=2026-02-26T14:20:59.271-07:00 level=INFO msg="File change detected: %s" !BADKEY=/Users/dominic/repos/github.com/dsisnero/rod/.beads/issues.jsonl
time=2026-02-26T14:21:00.275-07:00 level=INFO msg="Import triggered by file change"
time=2026-02-26T14:21:00.280-07:00 level=INFO msg="Starting %s..." !BADKEY=auto-import
time=2026-02-26T14:21:00.282-07:00 level=INFO msg="Skipping %s: JSONL content unchanged" !BADKEY=auto-import
time=2026-02-26T14:33:54.726-07:00 level=INFO msg="File change detected: %s" !BADKEY=/Users/dominic/repos/github.com/dsisnero/rod/.beads/issues.jsonl
time=2026-02-26T14:33:55.730-07:00 level=INFO msg="Import triggered by file change"
time=2026-02-26T14:33:55.731-07:00 level=INFO msg="Starting %s..." !BADKEY=auto-import
time=2026-02-26T14:33:55.733-07:00 level=INFO msg="Skipping %s: JSONL content unchanged" !BADKEY=auto-import
time=2026-02-26T14:34:23.193-07:00 level=INFO msg="daemon already running (lock held), exiting"
time=2026-02-26T14:34:28.269-07:00 level=INFO msg="JSONL removed/renamed, re-establishing watch"
time=2026-02-26T14:34:28.320-07:00 level=INFO msg="Successfully re-established JSONL watch after %v" !BADKEY=50ms
time=2026-02-26T14:34:28.320-07:00 level=INFO msg="JSONL file created: %s" !BADKEY=/Users/dominic/repos/github.com/dsisnero/rod/.beads/issues.jsonl
time=2026-02-26T14:34:29.322-07:00 level=INFO msg="Import triggered by file change"
time=2026-02-26T14:34:29.324-07:00 level=INFO msg="Starting %s..." !BADKEY=auto-import
time=2026-02-26T14:34:29.325-07:00 level=INFO msg="Skipping %s: JSONL content unchanged" !BADKEY=auto-import
time=2026-02-26T14:35:28.766-07:00 level=INFO msg="File change detected: %s" !BADKEY=/Users/dominic/repos/github.com/dsisnero/rod/.beads/issues.jsonl
time=2026-02-26T14:35:29.769-07:00 level=INFO msg="Import triggered by file change"
time=2026-02-26T14:35:29.769-07:00 level=INFO msg="Starting %s..." !BADKEY=auto-import
time=2026-02-26T14:35:29.770-07:00 level=INFO msg="Skipping %s: JSONL content unchanged" !BADKEY=auto-import
time=2026-02-26T14:36:41.081-07:00 level=INFO msg="File change detected: %s" !BADKEY=/Users/dominic/repos/github.com/dsisnero/rod/.beads/issues.jsonl
time=2026-02-26T14:36:42.083-07:00 level=INFO msg="Import triggered by file change"
time=2026-02-26T14:36:42.084-07:00 level=INFO msg="Starting %s..." !BADKEY=auto-import
time=2026-02-26T14:36:42.084-07:00 level=INFO msg="Skipping %s: JSONL content unchanged" !BADKEY=auto-import
time=2026-02-26T14:37:07.325-07:00 level=INFO msg="File change detected: %s" !BADKEY=/Users/dominic/repos/github.com/dsisnero/rod/.beads/issues.jsonl
time=2026-02-26T14:37:08.327-07:00 level=INFO msg="Import triggered by file change"
time=2026-02-26T14:37:08.327-07:00 level=INFO msg="Starting %s..." !BADKEY=auto-import
time=2026-02-26T14:37:08.328-07:00 level=INFO msg="Skipping %s: JSONL content unchanged" !BADKEY=auto-import
time=2026-02-26T14:37:18.968-07:00 level=INFO msg="daemon already running (lock held), exiting"
time=2026-02-26T14:37:24.065-07:00 level=INFO msg="JSONL removed/renamed, re-establishing watch"
time=2026-02-26T14:37:24.116-07:00 level=INFO msg="Successfully re-established JSONL watch after %v" !BADKEY=50ms
time=2026-02-26T14:37:24.116-07:00 level=INFO msg="JSONL file created: %s" !BADKEY=/Users/dominic/repos/github.com/dsisnero/rod/.beads/issues.jsonl
time=2026-02-26T14:37:25.118-07:00 level=INFO msg="Import triggered by file change"
time=2026-02-26T14:37:25.119-07:00 level=INFO msg="Starting %s..." !BADKEY=auto-import
time=2026-02-26T14:37:25.125-07:00 level=INFO msg="Skipping %s: JSONL content unchanged" !BADKEY=auto-import
time=2026-02-26T14:37:30.849-07:00 level=INFO msg="File change detected: %s" !BADKEY=/Users/dominic/repos/github.com/dsisnero/rod/.beads/issues.jsonl
time=2026-02-26T14:37:31.852-07:00 level=INFO msg="Import triggered by file change"
time=2026-02-26T14:37:31.852-07:00 level=INFO msg="Starting %s..." !BADKEY=auto-import
time=2026-02-26T14:37:31.853-07:00 level=INFO msg="Skipping %s: JSONL content unchanged" !BADKEY=auto-import
time=2026-02-26T14:38:29.304-07:00 level=INFO msg="File change detected: %s" !BADKEY=/Users/dominic/repos/github.com/dsisnero/rod/.beads/issues.jsonl
time=2026-02-26T14:38:30.306-07:00 level=INFO msg="Import triggered by file change"
time=2026-02-26T14:38:30.307-07:00 level=INFO msg="Starting %s..." !BADKEY=auto-import
time=2026-02-26T14:38:30.307-07:00 level=INFO msg="Skipping %s: JSONL content unchanged" !BADKEY=auto-import
time=2026-02-26T14:39:01.297-07:00 level=INFO msg="File change detected: %s" !BADKEY=/Users/dominic/repos/github.com/dsisnero/rod/.beads/issues.jsonl
time=2026-02-26T14:39:02.301-07:00 level=INFO msg="Import triggered by file change"
time=2026-02-26T14:39:02.302-07:00 level=INFO msg="Starting %s..." !BADKEY=auto-import
time=2026-02-26T14:39:02.304-07:00 level=INFO msg="Skipping %s: JSONL content unchanged" !BADKEY=auto-import
time=2026-02-26T14:39:24.401-07:00 level=INFO msg="File change detected: %s" !BADKEY=/Users/dominic/repos/github.com/dsisnero/rod/.beads/issues.jsonl
time=2026-02-26T14:39:25.404-07:00 level=INFO msg="Import triggered by file change"
time=2026-02-26T14:39:25.405-07:00 level=INFO msg="Starting %s..." !BADKEY=auto-import
time=2026-02-26T14:39:25.406-07:00 level=INFO msg="Skipping %s: JSONL content unchanged" !BADKEY=auto-import
time=2026-02-26T14:39:58.535-07:00 level=INFO msg="daemon already running (lock held), exiting"
time=2026-02-26T14:40:03.688-07:00 level=INFO msg="JSONL removed/renamed, re-establishing watch"
time=2026-02-26T14:40:03.743-07:00 level=INFO msg="Successfully re-established JSONL watch after %v" !BADKEY=50ms
time=2026-02-26T14:40:03.743-07:00 level=INFO msg="JSONL file created: %s" !BADKEY=/Users/dominic/repos/github.com/dsisnero/rod/.beads/issues.jsonl
time=2026-02-26T14:40:04.746-07:00 level=INFO msg="Import triggered by file change"
time=2026-02-26T14:40:04.746-07:00 level=INFO msg="Starting %s..." !BADKEY=auto-import
time=2026-02-26T14:40:04.756-07:00 level=INFO msg="Skipping %s: JSONL content unchanged" !BADKEY=auto-import
time=2026-02-26T14:40:13.031-07:00 level=INFO msg="File change detected: %s" !BADKEY=/Users/dominic/repos/github.com/dsisnero/rod/.beads/issues.jsonl
time=2026-02-26T14:40:14.034-07:00 level=INFO msg="Import triggered by file change"
time=2026-02-26T14:40:14.034-07:00 level=INFO msg="Starting %s..." !BADKEY=auto-import
time=2026-02-26T14:40:14.035-07:00 level=INFO msg="Skipping %s: JSONL content unchanged" !BADKEY=auto-import
time=2026-02-26T14:41:20.255-07:00 level=INFO msg="File change detected: %s" !BADKEY=/Users/dominic/repos/github.com/dsisnero/rod/.beads/issues.jsonl
time=2026-02-26T14:41:21.257-07:00 level=INFO msg="Import triggered by file change"
time=2026-02-26T14:41:21.258-07:00 level=INFO msg="Starting %s..." !BADKEY=auto-import
time=2026-02-26T14:41:21.260-07:00 level=INFO msg="Skipping %s: JSONL content unchanged" !BADKEY=auto-import
time=2026-02-26T14:43:39.639-07:00 level=INFO msg="File change detected: %s" !BADKEY=/Users/dominic/repos/github.com/dsisnero/rod/.beads/issues.jsonl
time=2026-02-26T14:43:40.642-07:00 level=INFO msg="Import triggered by file change"
time=2026-02-26T14:43:40.642-07:00 level=INFO msg="Starting %s..." !BADKEY=auto-import
time=2026-02-26T14:43:40.643-07:00 level=INFO msg="Skipping %s: JSONL content unchanged" !BADKEY=auto-import
time=2026-02-26T14:44:16.663-07:00 level=INFO msg="daemon already running (lock held), exiting"
time=2026-02-26T14:44:21.787-07:00 level=INFO msg="JSONL removed/renamed, re-establishing watch"
time=2026-02-26T14:44:21.839-07:00 level=INFO msg="Successfully re-established JSONL watch after %v" !BADKEY=50ms
time=2026-02-26T14:44:21.839-07:00 level=INFO msg="JSONL file created: %s" !BADKEY=/Users/dominic/repos/github.com/dsisnero/rod/.beads/issues.jsonl
time=2026-02-26T14:44:22.841-07:00 level=INFO msg="Import triggered by file change"
time=2026-02-26T14:44:22.842-07:00 level=INFO msg="Starting %s..." !BADKEY=auto-import
time=2026-02-26T14:44:22.848-07:00 level=INFO msg="Skipping %s: JSONL content unchanged" !BADKEY=auto-import
time=2026-02-26T14:44:58.568-07:00 level=INFO msg="File change detected: %s" !BADKEY=/Users/dominic/repos/github.com/dsisnero/rod/.beads/issues.jsonl
time=2026-02-26T14:44:59.570-07:00 level=INFO msg="Import triggered by file change"
time=2026-02-26T14:44:59.570-07:00 level=INFO msg="Starting %s..." !BADKEY=auto-import
time=2026-02-26T14:44:59.571-07:00 level=INFO msg="Skipping %s: JSONL content unchanged" !BADKEY=auto-import
time=2026-02-26T14:46:58.376-07:00 level=INFO msg="daemon already running (lock held), exiting"
time=2026-02-26T14:47:03.449-07:00 level=INFO msg="JSONL removed/renamed, re-establishing watch"
time=2026-02-26T14:47:03.500-07:00 level=INFO msg="Successfully re-established JSONL watch after %v" !BADKEY=50ms
time=2026-02-26T14:47:03.500-07:00 level=INFO msg="JSONL file created: %s" !BADKEY=/Users/dominic/repos/github.com/dsisnero/rod/.beads/issues.jsonl
time=2026-02-26T14:47:04.502-07:00 level=INFO msg="Import triggered by file change"
time=2026-02-26T14:47:04.503-07:00 level=INFO msg="Starting %s..." !BADKEY=auto-import
time=2026-02-26T14:47:04.509-07:00 level=INFO msg="Skipping %s: JSONL content unchanged" !BADKEY=auto-import
time=2026-02-26T14:47:16.283-07:00 level=INFO msg="JSONL removed/renamed, re-establishing watch"
time=2026-02-26T14:47:16.334-07:00 level=INFO msg="Successfully re-established JSONL watch after %v" !BADKEY=50ms
time=2026-02-26T14:47:16.334-07:00 level=INFO msg="JSONL file created: %s" !BADKEY=/Users/dominic/repos/github.com/dsisnero/rod/.beads/issues.jsonl
time=2026-02-26T14:47:17.336-07:00 level=INFO msg="Import triggered by file change"
time=2026-02-26T14:47:17.337-07:00 level=INFO msg="Starting %s..." !BADKEY=auto-import
time=2026-02-26T14:47:17.337-07:00 level=INFO msg="Skipping %s: JSONL content unchanged" !BADKEY=auto-import
time=2026-02-26T14:49:16.195-07:00 level=INFO msg="File change detected: %s" !BADKEY=/Users/dominic/repos/github.com/dsisnero/rod/.beads/issues.jsonl
time=2026-02-26T14:49:17.197-07:00 level=INFO msg="Import triggered by file change"
time=2026-02-26T14:49:17.197-07:00 level=INFO msg="Starting %s..." !BADKEY=auto-import
time=2026-02-26T14:49:17.198-07:00 level=INFO msg="Skipping %s: JSONL content unchanged" !BADKEY=auto-import
time=2026-02-26T14:50:16.975-07:00 level=INFO msg="File change detected: %s" !BADKEY=/Users/dominic/repos/github.com/dsisnero/rod/.beads/issues.jsonl
time=2026-02-26T14:50:17.977-07:00 level=INFO msg="Import triggered by file change"
time=2026-02-26T14:50:17.978-07:00 level=INFO msg="Starting %s..." !BADKEY=auto-import
time=2026-02-26T14:50:17.980-07:00 level=INFO msg="Skipping %s: JSONL content unchanged" !BADKEY=auto-import
time=2026-02-26T14:50:45.809-07:00 level=INFO msg="File change detected: %s" !BADKEY=/Users/dominic/repos/github.com/dsisnero/rod/.beads/issues.jsonl
time=2026-02-26T14:50:46.811-07:00 level=INFO msg="Import triggered by file change"
time=2026-02-26T14:50:46.812-07:00 level=INFO msg="Starting %s..." !BADKEY=auto-import
time=2026-02-26T14:50:46.813-07:00 level=INFO msg="Skipping %s: JSONL content unchanged" !BADKEY=auto-import
time=2026-02-26T14:51:18.270-07:00 level=INFO msg="File change detected: %s" !BADKEY=/Users/dominic/repos/github.com/dsisnero/rod/.beads/issues.jsonl
time=2026-02-26T14:51:19.272-07:00 level=INFO msg="Import triggered by file change"
time=2026-02-26T14:51:19.273-07:00 level=INFO msg="Starting %s..." !BADKEY=auto-import
time=2026-02-26T14:51:19.274-07:00 level=INFO msg="Skipping %s: JSONL content unchanged" !BADKEY=auto-import
time=2026-02-26T14:52:19.344-07:00 level=INFO msg="File change detected: %s" !BADKEY=/Users/dominic/repos/github.com/dsisnero/rod/.beads/issues.jsonl
time=2026-02-26T14:52:20.346-07:00 level=INFO msg="Import triggered by file change"
time=2026-02-26T14:52:20.347-07:00 level=INFO msg="Starting %s..." !BADKEY=auto-import
time=2026-02-26T14:52:20.348-07:00 level=INFO msg="Skipping %s: JSONL content unchanged" !BADKEY=auto-import
time=2026-02-26T14:55:18.560-07:00 level=INFO msg="File change detected: %s" !BADKEY=/Users/dominic/repos/github.com/dsisnero/rod/.beads/issues.jsonl
time=2026-02-26T14:55:19.562-07:00 level=INFO msg="Import triggered by file change"
time=2026-02-26T14:55:19.563-07:00 level=INFO msg="Starting %s..." !BADKEY=auto-import
time=2026-02-26T14:55:19.563-07:00 level=INFO msg="Skipping %s: JSONL content unchanged" !BADKEY=auto-import
time=2026-02-26T14:57:37.173-07:00 level=INFO msg="File change detected: %s" !BADKEY=/Users/dominic/repos/github.com/dsisnero/rod/.beads/issues.jsonl
time=2026-02-26T14:57:38.178-07:00 level=INFO msg="Import triggered by file change"
time=2026-02-26T14:57:38.178-07:00 level=INFO msg="Starting %s..." !BADKEY=auto-import
time=2026-02-26T14:57:38.178-07:00 level=INFO msg="Skipping %s: JSONL content unchanged" !BADKEY=auto-import
time=2026-02-26T14:58:04.973-07:00 level=INFO msg="File change detected: %s" !BADKEY=/Users/dominic/repos/github.com/dsisnero/rod/.beads/issues.jsonl
time=2026-02-26T14:58:05.978-07:00 level=INFO msg="Import triggered by file change"
time=2026-02-26T14:58:05.978-07:00 level=INFO msg="Starting %s..." !BADKEY=auto-import
time=2026-02-26T14:58:05.979-07:00 level=INFO msg="Skipping %s: JSONL content unchanged" !BADKEY=auto-import
time=2026-02-26T14:58:24.103-07:00 level=INFO msg="File change detected: %s" !BADKEY=/Users/dominic/repos/github.com/dsisnero/rod/.beads/issues.jsonl
time=2026-02-26T14:58:25.118-07:00 level=INFO msg="Import triggered by file change"
time=2026-02-26T14:58:25.118-07:00 level=INFO msg="Starting %s..." !BADKEY=auto-import
time=2026-02-26T14:58:25.119-07:00 level=INFO msg="Skipping %s: JSONL content unchanged" !BADKEY=auto-import
time=2026-02-26T14:59:59.170-07:00 level=INFO msg="File change detected: %s" !BADKEY=/Users/dominic/repos/github.com/dsisnero/rod/.beads/issues.jsonl
time=2026-02-26T15:00:00.173-07:00 level=INFO msg="Import triggered by file change"
time=2026-02-26T15:00:00.173-07:00 level=INFO msg="Starting %s..." !BADKEY=auto-import
time=2026-02-26T15:00:00.175-07:00 level=INFO msg="Skipping %s: JSONL content unchanged" !BADKEY=auto-import
time=2026-02-26T15:00:06.483-07:00 level=INFO msg="File change detected: %s" !BADKEY=/Users/dominic/repos/github.com/dsisnero/rod/.beads/issues.jsonl
time=2026-02-26T15:00:07.484-07:00 level=INFO msg="Import triggered by file change"
time=2026-02-26T15:00:07.485-07:00 level=INFO msg="Starting %s..." !BADKEY=auto-import
time=2026-02-26T15:00:07.485-07:00 level=INFO msg="Skipping %s: JSONL content unchanged" !BADKEY=auto-import
time=2026-02-26T15:00:19.973-07:00 level=INFO msg="daemon already running (lock held), exiting"
time=2026-02-26T15:00:25.038-07:00 level=INFO msg="JSONL removed/renamed, re-establishing watch"
time=2026-02-26T15:00:25.089-07:00 level=INFO msg="Successfully re-established JSONL watch after %v" !BADKEY=50ms
time=2026-02-26T15:00:25.089-07:00 level=INFO msg="JSONL file created: %s" !BADKEY=/Users/dominic/repos/github.com/dsisnero/rod/.beads/issues.jsonl
time=2026-02-26T15:00:26.092-07:00 level=INFO msg="Import triggered by file change"
time=2026-02-26T15:00:26.092-07:00 level=INFO msg="Starting %s..." !BADKEY=auto-import
time=2026-02-26T15:00:26.097-07:00 level=INFO msg="Skipping %s: JSONL content unchanged" !BADKEY=auto-import
time=2026-02-26T15:03:21.269-07:00 level=INFO msg="File change detected: %s" !BADKEY=/Users/dominic/repos/github.com/dsisnero/rod/.beads/issues.jsonl
time=2026-02-26T15:03:22.277-07:00 level=INFO msg="Import triggered by file change"
time=2026-02-26T15:03:22.278-07:00 level=INFO msg="Starting %s..." !BADKEY=auto-import
time=2026-02-26T15:03:22.279-07:00 level=INFO msg="Skipping %s: JSONL content unchanged" !BADKEY=auto-import
time=2026-02-26T15:03:45.317-07:00 level=INFO msg="JSONL removed/renamed, re-establishing watch"
time=2026-02-26T15:03:45.368-07:00 level=INFO msg="Successfully re-established JSONL watch after %v" !BADKEY=50ms
time=2026-02-26T15:03:45.368-07:00 level=INFO msg="JSONL file created: %s" !BADKEY=/Users/dominic/repos/github.com/dsisnero/rod/.beads/issues.jsonl
time=2026-02-26T15:03:46.370-07:00 level=INFO msg="Import triggered by file change"
time=2026-02-26T15:03:46.370-07:00 level=INFO msg="Starting %s..." !BADKEY=auto-import
time=2026-02-26T15:03:46.370-07:00 level=INFO msg="Skipping %s: JSONL content unchanged" !BADKEY=auto-import
time=2026-02-26T15:03:54.446-07:00 level=INFO msg="File change detected: %s" !BADKEY=/Users/dominic/repos/github.com/dsisnero/rod/.beads/issues.jsonl
time=2026-02-26T15:03:55.448-07:00 level=INFO msg="Import triggered by file change"
time=2026-02-26T15:03:55.448-07:00 level=INFO msg="Starting %s..." !BADKEY=auto-import
time=2026-02-26T15:03:55.448-07:00 level=INFO msg="Skipping %s: JSONL content unchanged" !BADKEY=auto-import
time=2026-02-26T15:03:57.170-07:00 level=INFO msg="JSONL removed/renamed, re-establishing watch"
time=2026-02-26T15:03:57.221-07:00 level=INFO msg="Successfully re-established JSONL watch after %v" !BADKEY=50ms
time=2026-02-26T15:03:57.221-07:00 level=INFO msg="JSONL file created: %s" !BADKEY=/Users/dominic/repos/github.com/dsisnero/rod/.beads/issues.jsonl
time=2026-02-26T15:03:58.223-07:00 level=INFO msg="Import triggered by file change"
time=2026-02-26T15:03:58.223-07:00 level=INFO msg="Starting %s..." !BADKEY=auto-import
time=2026-02-26T15:03:58.227-07:00 level=INFO msg="Skipping %s: JSONL content unchanged" !BADKEY=auto-import
time=2026-02-26T15:04:07.043-07:00 level=INFO msg="Mutation detected: %s %s" status=rod-bot
time=2026-02-26T15:04:07.545-07:00 level=INFO msg="Export triggered by mutation events"
time=2026-02-26T15:04:07.545-07:00 level=INFO msg="Starting %s..." !BADKEY=export
time=2026-02-26T15:04:07.551-07:00 level=INFO msg="Exported to JSONL"
time=2026-02-26T15:04:07.551-07:00 level=INFO msg="Export complete"
time=2026-02-26T15:04:07.551-07:00 level=INFO msg="JSONL removed/renamed, re-establishing watch"
time=2026-02-26T15:04:07.602-07:00 level=INFO msg="Successfully re-established JSONL watch after %v" !BADKEY=50ms
time=2026-02-26T15:04:07.602-07:00 level=INFO msg="JSONL file created: %s" !BADKEY=/Users/dominic/repos/github.com/dsisnero/rod/.beads/issues.jsonl
time=2026-02-26T15:04:08.603-07:00 level=INFO msg="Import triggered by file change"
time=2026-02-26T15:04:08.604-07:00 level=INFO msg="Starting %s..." !BADKEY=auto-import
time=2026-02-26T15:04:08.604-07:00 level=INFO msg="JSONL content changed, proceeding with %s..." !BADKEY=auto-import
time=2026-02-26T15:04:08.613-07:00 level=INFO msg="⚠️  WARNING: Uncommitted local changes detected in %s" !BADKEY=/Users/dominic/repos/github.com/dsisnero/rod/.beads/issues.jsonl
time=2026-02-26T15:04:08.613-07:00 level=INFO msg="   Pulling from remote may overwrite local unpushed changes."
time=2026-02-26T15:04:08.613-07:00 level=INFO msg="   Consider running 'bd sync' to commit and push your changes first."
time=2026-02-26T15:04:08.645-07:00 level=INFO msg="Pull failed: %v (backoff: %v)" !BADKEY="git pull failed: exit status 128\nerror: cannot pull with rebase: You have unstaged changes.\nerror: Please commit or stash them.\n" !BADKEY=30s
time=2026-02-26T15:07:06.443-07:00 level=INFO msg="File change detected: %s" !BADKEY=/Users/dominic/repos/github.com/dsisnero/rod/.beads/issues.jsonl
time=2026-02-26T15:07:07.445-07:00 level=INFO msg="Import triggered by file change"
time=2026-02-26T15:07:07.447-07:00 level=INFO msg="Starting %s..." !BADKEY=auto-import
time=2026-02-26T15:07:07.447-07:00 level=INFO msg="JSONL content changed, proceeding with %s..." !BADKEY=auto-import
time=2026-02-26T15:07:07.457-07:00 level=INFO msg="⚠️  WARNING: Uncommitted local changes detected in %s" !BADKEY=/Users/dominic/repos/github.com/dsisnero/rod/.beads/issues.jsonl
time=2026-02-26T15:07:07.457-07:00 level=INFO msg="   Pulling from remote may overwrite local unpushed changes."
time=2026-02-26T15:07:07.457-07:00 level=INFO msg="   Consider running 'bd sync' to commit and push your changes first."
time=2026-02-26T15:07:07.496-07:00 level=INFO msg="Pull failed: %v (backoff: %v)" !BADKEY="git pull failed: exit status 128\nerror: cannot pull with rebase: You have unstaged changes.\nerror: Please commit or stash them.\n" !BADKEY=1m0s
time=2026-02-26T15:07:31.440-07:00 level=INFO msg="File change detected: %s" !BADKEY=/Users/dominic/repos/github.com/dsisnero/rod/.beads/issues.jsonl
time=2026-02-26T15:07:32.446-07:00 level=INFO msg="Import triggered by file change"
time=2026-02-26T15:07:32.447-07:00 level=INFO msg="Skipping %s: in backoff period" !BADKEY=auto-import
time=2026-02-26T15:07:43.686-07:00 level=INFO msg="daemon already running (lock held), exiting"
time=2026-02-26T15:07:48.639-07:00 level=INFO msg="JSONL removed/renamed, re-establishing watch"
time=2026-02-26T15:07:48.690-07:00 level=INFO msg="Successfully re-established JSONL watch after %v" !BADKEY=50ms
time=2026-02-26T15:07:48.690-07:00 level=INFO msg="JSONL file created: %s" !BADKEY=/Users/dominic/repos/github.com/dsisnero/rod/.beads/issues.jsonl
time=2026-02-26T15:07:49.692-07:00 level=INFO msg="Import triggered by file change"
time=2026-02-26T15:07:49.693-07:00 level=INFO msg="Skipping %s: in backoff period" !BADKEY=auto-import
time=2026-02-26T15:07:55.910-07:00 level=INFO msg="File change detected: %s" !BADKEY=/Users/dominic/repos/github.com/dsisnero/rod/.beads/issues.jsonl
time=2026-02-26T15:07:56.913-07:00 level=INFO msg="Import triggered by file change"
time=2026-02-26T15:07:56.914-07:00 level=INFO msg="Skipping %s: in backoff period" !BADKEY=auto-import
time=2026-02-26T15:08:02.814-07:00 level=INFO msg="JSONL removed/renamed, re-establishing watch"
time=2026-02-26T15:08:02.865-07:00 level=INFO msg="Successfully re-established JSONL watch after %v" !BADKEY=50ms
time=2026-02-26T15:08:02.865-07:00 level=INFO msg="JSONL file created: %s" !BADKEY=/Users/dominic/repos/github.com/dsisnero/rod/.beads/issues.jsonl
time=2026-02-26T15:08:03.412-07:00 level=INFO msg="File change detected: %s" !BADKEY=/Users/dominic/repos/github.com/dsisnero/rod/.beads/issues.jsonl
time=2026-02-26T15:08:03.867-07:00 level=INFO msg="Import triggered by file change"
time=2026-02-26T15:08:03.868-07:00 level=INFO msg="Skipping %s: in backoff period" !BADKEY=auto-import
time=2026-02-26T15:08:04.414-07:00 level=INFO msg="Import triggered by file change"
time=2026-02-26T15:08:04.415-07:00 level=INFO msg="Skipping %s: in backoff period" !BADKEY=auto-import
time=2026-02-26T15:08:13.111-07:00 level=INFO msg="JSONL removed/renamed, re-establishing watch"
time=2026-02-26T15:08:13.163-07:00 level=INFO msg="Successfully re-established JSONL watch after %v" !BADKEY=50ms
time=2026-02-26T15:08:13.163-07:00 level=INFO msg="JSONL file created: %s" !BADKEY=/Users/dominic/repos/github.com/dsisnero/rod/.beads/issues.jsonl
time=2026-02-26T15:08:14.165-07:00 level=INFO msg="Import triggered by file change"
time=2026-02-26T15:08:14.165-07:00 level=INFO msg="Starting %s..." !BADKEY=auto-import
time=2026-02-26T15:08:14.168-07:00 level=INFO msg="Skipping %s: JSONL content unchanged" !BADKEY=auto-import
time=2026-02-26T15:08:18.911-07:00 level=INFO msg="Mutation detected: %s %s" status=rod-731
time=2026-02-26T15:08:19.412-07:00 level=INFO msg="Export triggered by mutation events"
time=2026-02-26T15:08:19.412-07:00 level=INFO msg="Starting %s..." !BADKEY=export
time=2026-02-26T15:08:19.419-07:00 level=INFO msg="Exported to JSONL"
time=2026-02-26T15:08:19.419-07:00 level=INFO msg="Export complete"
time=2026-02-26T15:08:19.419-07:00 level=INFO msg="JSONL removed/renamed, re-establishing watch"
time=2026-02-26T15:08:19.470-07:00 level=INFO msg="Successfully re-established JSONL watch after %v" !BADKEY=50ms
time=2026-02-26T15:08:19.470-07:00 level=INFO msg="JSONL file created: %s" !BADKEY=/Users/dominic/repos/github.com/dsisnero/rod/.beads/issues.jsonl
time=2026-02-26T15:08:20.472-07:00 level=INFO msg="Import triggered by file change"
time=2026-02-26T15:08:20.473-07:00 level=INFO msg="Starting %s..." !BADKEY=auto-import
time=2026-02-26T15:08:20.473-07:00 level=INFO msg="JSONL content changed, proceeding with %s..." !BADKEY=auto-import
time=2026-02-26T15:08:20.482-07:00 level=INFO msg="⚠️  WARNING: Uncommitted local changes detected in %s" !BADKEY=/Users/dominic/repos/github.com/dsisnero/rod/.beads/issues.jsonl
time=2026-02-26T15:08:20.482-07:00 level=INFO msg="   Pulling from remote may overwrite local unpushed changes."
time=2026-02-26T15:08:20.482-07:00 level=INFO msg="   Consider running 'bd sync' to commit and push your changes first."
time=2026-02-26T15:08:20.523-07:00 level=INFO msg="Pull failed: %v (backoff: %v)" !BADKEY="git pull failed: exit status 128\nerror: cannot pull with rebase: You have unstaged changes.\nerror: Please commit or stash them.\n" !BADKEY=2m0s
time=2026-02-26T15:10:32.734-07:00 level=INFO msg="File change detected: %s" !BADKEY=/Users/dominic/repos/github.com/dsisnero/rod/.beads/issues.jsonl
time=2026-02-26T15:10:33.737-07:00 level=INFO msg="Import triggered by file change"
time=2026-02-26T15:10:33.747-07:00 level=INFO msg="Starting %s..." !BADKEY=auto-import
time=2026-02-26T15:10:33.753-07:00 level=INFO msg="JSONL content changed, proceeding with %s..." !BADKEY=auto-import
time=2026-02-26T15:10:33.812-07:00 level=INFO msg="⚠️  WARNING: Uncommitted local changes detected in %s" !BADKEY=/Users/dominic/repos/github.com/dsisnero/rod/.beads/issues.jsonl
time=2026-02-26T15:10:33.813-07:00 level=INFO msg="   Pulling from remote may overwrite local unpushed changes."
time=2026-02-26T15:10:33.813-07:00 level=INFO msg="   Consider running 'bd sync' to commit and push your changes first."
time=2026-02-26T15:10:33.989-07:00 level=INFO msg="Pull failed: %v (backoff: %v)" !BADKEY="git pull failed: exit status 128\nerror: cannot pull with rebase: You have unstaged changes.\nerror: Please commit or stash them.\n" !BADKEY=5m0s
time=2026-02-26T15:11:07.568-07:00 level=INFO msg="File change detected: %s" !BADKEY=/Users/dominic/repos/github.com/dsisnero/rod/.beads/issues.jsonl
time=2026-02-26T15:11:08.571-07:00 level=INFO msg="Import triggered by file change"
time=2026-02-26T15:11:08.576-07:00 level=INFO msg="Skipping %s: in backoff period" !BADKEY=auto-import
time=2026-02-26T15:11:17.329-07:00 level=INFO msg="File change detected: %s" !BADKEY=/Users/dominic/repos/github.com/dsisnero/rod/.beads/issues.jsonl
time=2026-02-26T15:11:18.331-07:00 level=INFO msg="Import triggered by file change"
time=2026-02-26T15:11:18.332-07:00 level=INFO msg="Skipping %s: in backoff period" !BADKEY=auto-import
time=2026-02-26T15:11:37.621-07:00 level=INFO msg="File change detected: %s" !BADKEY=/Users/dominic/repos/github.com/dsisnero/rod/.beads/issues.jsonl
time=2026-02-26T15:11:38.624-07:00 level=INFO msg="Import triggered by file change"
time=2026-02-26T15:11:38.625-07:00 level=INFO msg="Skipping %s: in backoff period" !BADKEY=auto-import
time=2026-02-26T15:11:47.882-07:00 level=INFO msg="daemon already running (lock held), exiting"
time=2026-02-26T15:11:53.020-07:00 level=INFO msg="JSONL removed/renamed, re-establishing watch"
time=2026-02-26T15:11:53.072-07:00 level=INFO msg="Successfully re-established JSONL watch after %v" !BADKEY=50ms
time=2026-02-26T15:11:53.072-07:00 level=INFO msg="JSONL file created: %s" !BADKEY=/Users/dominic/repos/github.com/dsisnero/rod/.beads/issues.jsonl
time=2026-02-26T15:11:54.074-07:00 level=INFO msg="Import triggered by file change"
time=2026-02-26T15:11:54.074-07:00 level=INFO msg="Skipping %s: in backoff period" !BADKEY=auto-import
time=2026-02-26T15:11:59.643-07:00 level=INFO msg="File change detected: %s" !BADKEY=/Users/dominic/repos/github.com/dsisnero/rod/.beads/issues.jsonl
time=2026-02-26T15:12:00.653-07:00 level=INFO msg="Import triggered by file change"
time=2026-02-26T15:12:00.654-07:00 level=INFO msg="Skipping %s: in backoff period" !BADKEY=auto-import
time=2026-02-26T15:12:12.401-07:00 level=INFO msg="JSONL removed/renamed, re-establishing watch"
time=2026-02-26T15:12:12.452-07:00 level=INFO msg="Successfully re-established JSONL watch after %v" !BADKEY=50ms
time=2026-02-26T15:12:12.452-07:00 level=INFO msg="JSONL file created: %s" !BADKEY=/Users/dominic/repos/github.com/dsisnero/rod/.beads/issues.jsonl
time=2026-02-26T15:12:13.043-07:00 level=INFO msg="File change detected: %s" !BADKEY=/Users/dominic/repos/github.com/dsisnero/rod/.beads/issues.jsonl
time=2026-02-26T15:12:13.179-07:00 level=INFO msg="JSONL removed/renamed, re-establishing watch"
time=2026-02-26T15:12:13.230-07:00 level=INFO msg="Successfully re-established JSONL watch after %v" !BADKEY=50ms
time=2026-02-26T15:12:13.230-07:00 level=INFO msg="JSONL file created: %s" !BADKEY=/Users/dominic/repos/github.com/dsisnero/rod/.beads/issues.jsonl
time=2026-02-26T15:12:13.455-07:00 level=INFO msg="Import triggered by file change"
time=2026-02-26T15:12:13.456-07:00 level=INFO msg="Skipping %s: in backoff period" !BADKEY=auto-import
time=2026-02-26T15:12:14.244-07:00 level=INFO msg="Import triggered by file change"
time=2026-02-26T15:12:14.244-07:00 level=INFO msg="Skipping %s: in backoff period" !BADKEY=auto-import
time=2026-02-26T15:12:19.382-07:00 level=INFO msg="Mutation detected: %s %s" status=rod-kot
time=2026-02-26T15:12:19.883-07:00 level=INFO msg="Export triggered by mutation events"
time=2026-02-26T15:12:19.883-07:00 level=INFO msg="Starting %s..." !BADKEY=export
time=2026-02-26T15:12:19.889-07:00 level=INFO msg="Exported to JSONL"
time=2026-02-26T15:12:19.889-07:00 level=INFO msg="Export complete"
time=2026-02-26T15:12:19.889-07:00 level=INFO msg="JSONL removed/renamed, re-establishing watch"
time=2026-02-26T15:12:19.940-07:00 level=INFO msg="Successfully re-established JSONL watch after %v" !BADKEY=50ms
time=2026-02-26T15:12:19.940-07:00 level=INFO msg="JSONL file created: %s" !BADKEY=/Users/dominic/repos/github.com/dsisnero/rod/.beads/issues.jsonl
time=2026-02-26T15:12:20.943-07:00 level=INFO msg="Import triggered by file change"
time=2026-02-26T15:12:20.943-07:00 level=INFO msg="Skipping %s: in backoff period" !BADKEY=auto-import
time=2026-02-26T15:12:33.194-07:00 level=INFO msg="File change detected: %s" !BADKEY=/Users/dominic/repos/github.com/dsisnero/rod/.beads/issues.jsonl
time=2026-02-26T15:12:34.197-07:00 level=INFO msg="Import triggered by file change"
time=2026-02-26T15:12:34.198-07:00 level=INFO msg="Skipping %s: in backoff period" !BADKEY=auto-import
time=2026-02-26T15:17:49.488-07:00 level=INFO msg="File change detected: %s" !BADKEY=/Users/dominic/repos/github.com/dsisnero/rod/.beads/issues.jsonl
time=2026-02-26T15:17:50.493-07:00 level=INFO msg="Import triggered by file change"
time=2026-02-26T15:17:50.493-07:00 level=INFO msg="Starting %s..." !BADKEY=auto-import
time=2026-02-26T15:17:50.494-07:00 level=INFO msg="JSONL content changed, proceeding with %s..." !BADKEY=auto-import
time=2026-02-26T15:17:50.516-07:00 level=INFO msg="⚠️  WARNING: Uncommitted local changes detected in %s" !BADKEY=/Users/dominic/repos/github.com/dsisnero/rod/.beads/issues.jsonl
time=2026-02-26T15:17:50.516-07:00 level=INFO msg="   Pulling from remote may overwrite local unpushed changes."
time=2026-02-26T15:17:50.516-07:00 level=INFO msg="   Consider running 'bd sync' to commit and push your changes first."
time=2026-02-26T15:17:50.614-07:00 level=INFO msg="Pull failed: %v (backoff: %v)" !BADKEY="git pull failed: exit status 128\nerror: cannot pull with rebase: You have unstaged changes.\nerror: Please commit or stash them.\n" !BADKEY=10m0s
time=2026-02-26T15:17:56.717-07:00 level=INFO msg="File change detected: %s" !BADKEY=/Users/dominic/repos/github.com/dsisnero/rod/.beads/issues.jsonl
time=2026-02-26T15:17:57.718-07:00 level=INFO msg="Import triggered by file change"
time=2026-02-26T15:17:57.719-07:00 level=INFO msg="Skipping %s: in backoff period" !BADKEY=auto-import
time=2026-02-26T15:18:10.906-07:00 level=INFO msg="daemon already running (lock held), exiting"
time=2026-02-26T15:18:15.993-07:00 level=INFO msg="JSONL removed/renamed, re-establishing watch"
time=2026-02-26T15:18:16.044-07:00 level=INFO msg="Successfully re-established JSONL watch after %v" !BADKEY=50ms
time=2026-02-26T15:18:16.044-07:00 level=INFO msg="JSONL file created: %s" !BADKEY=/Users/dominic/repos/github.com/dsisnero/rod/.beads/issues.jsonl
time=2026-02-26T15:18:17.046-07:00 level=INFO msg="Import triggered by file change"
time=2026-02-26T15:18:17.047-07:00 level=INFO msg="Skipping %s: in backoff period" !BADKEY=auto-import
time=2026-02-26T15:18:22.404-07:00 level=INFO msg="File change detected: %s" !BADKEY=/Users/dominic/repos/github.com/dsisnero/rod/.beads/issues.jsonl
time=2026-02-26T15:18:23.407-07:00 level=INFO msg="Import triggered by file change"
time=2026-02-26T15:18:23.407-07:00 level=INFO msg="Skipping %s: in backoff period" !BADKEY=auto-import
time=2026-02-26T15:18:41.126-07:00 level=INFO msg="JSONL removed/renamed, re-establishing watch"
time=2026-02-26T15:18:41.178-07:00 level=INFO msg="Successfully re-established JSONL watch after %v" !BADKEY=50ms
time=2026-02-26T15:18:41.178-07:00 level=INFO msg="JSONL file created: %s" !BADKEY=/Users/dominic/repos/github.com/dsisnero/rod/.beads/issues.jsonl
time=2026-02-26T15:18:41.770-07:00 level=INFO msg="File change detected: %s" !BADKEY=/Users/dominic/repos/github.com/dsisnero/rod/.beads/issues.jsonl
time=2026-02-26T15:18:41.976-07:00 level=INFO msg="JSONL removed/renamed, re-establishing watch"
time=2026-02-26T15:18:42.035-07:00 level=INFO msg="Successfully re-established JSONL watch after %v" !BADKEY=50ms
time=2026-02-26T15:18:42.035-07:00 level=INFO msg="JSONL file created: %s" !BADKEY=/Users/dominic/repos/github.com/dsisnero/rod/.beads/issues.jsonl
time=2026-02-26T15:18:42.180-07:00 level=INFO msg="Import triggered by file change"
time=2026-02-26T15:18:42.181-07:00 level=INFO msg="Skipping %s: in backoff period" !BADKEY=auto-import
time=2026-02-26T15:18:43.038-07:00 level=INFO msg="Import triggered by file change"
time=2026-02-26T15:18:43.038-07:00 level=INFO msg="Skipping %s: in backoff period" !BADKEY=auto-import
time=2026-02-26T15:18:47.912-07:00 level=INFO msg="Mutation detected: %s %s" status=rod-ctc
time=2026-02-26T15:18:48.413-07:00 level=INFO msg="Export triggered by mutation events"
time=2026-02-26T15:18:48.413-07:00 level=INFO msg="Starting %s..." !BADKEY=export
time=2026-02-26T15:18:48.418-07:00 level=INFO msg="Exported to JSONL"
time=2026-02-26T15:18:48.418-07:00 level=INFO msg="Export complete"
time=2026-02-26T15:18:48.418-07:00 level=INFO msg="JSONL removed/renamed, re-establishing watch"
time=2026-02-26T15:18:48.469-07:00 level=INFO msg="Successfully re-established JSONL watch after %v" !BADKEY=50ms
time=2026-02-26T15:18:48.469-07:00 level=INFO msg="JSONL file created: %s" !BADKEY=/Users/dominic/repos/github.com/dsisnero/rod/.beads/issues.jsonl
time=2026-02-26T15:18:49.471-07:00 level=INFO msg="Import triggered by file change"
time=2026-02-26T15:18:49.471-07:00 level=INFO msg="Skipping %s: in backoff period" !BADKEY=auto-import
time=2026-02-26T15:20:21.105-07:00 level=INFO msg="File change detected: %s" !BADKEY=/Users/dominic/repos/github.com/dsisnero/rod/.beads/issues.jsonl
time=2026-02-26T15:20:22.110-07:00 level=INFO msg="Import triggered by file change"
time=2026-02-26T15:20:22.111-07:00 level=INFO msg="Skipping %s: in backoff period" !BADKEY=auto-import
time=2026-02-26T15:20:55.308-07:00 level=INFO msg="File change detected: %s" !BADKEY=/Users/dominic/repos/github.com/dsisnero/rod/.beads/issues.jsonl
time=2026-02-26T15:20:56.310-07:00 level=INFO msg="Import triggered by file change"
time=2026-02-26T15:20:56.311-07:00 level=INFO msg="Skipping %s: in backoff period" !BADKEY=auto-import
time=2026-02-26T15:21:00.997-07:00 level=INFO msg="Mutation detected: %s %s" status=rod-ctc
time=2026-02-26T15:21:01.497-07:00 level=INFO msg="Export triggered by mutation events"
time=2026-02-26T15:21:01.497-07:00 level=INFO msg="Starting %s..." !BADKEY=export
time=2026-02-26T15:21:01.498-07:00 level=INFO msg="Pre-export validation failed: %v" !BADKEY="refusing to export: JSONL content has changed since last import (import first to avoid data loss)"
time=2026-02-26T15:21:18.184-07:00 level=INFO msg="JSONL removed/renamed, re-establishing watch"
time=2026-02-26T15:21:18.235-07:00 level=INFO msg="Successfully re-established JSONL watch after %v" !BADKEY=50ms
time=2026-02-26T15:21:18.235-07:00 level=INFO msg="JSONL file created: %s" !BADKEY=/Users/dominic/repos/github.com/dsisnero/rod/.beads/issues.jsonl
time=2026-02-26T15:21:18.795-07:00 level=INFO msg="File change detected: %s" !BADKEY=/Users/dominic/repos/github.com/dsisnero/rod/.beads/issues.jsonl
time=2026-02-26T15:21:18.910-07:00 level=INFO msg="JSONL removed/renamed, re-establishing watch"
time=2026-02-26T15:21:18.960-07:00 level=INFO msg="Successfully re-established JSONL watch after %v" !BADKEY=50ms
time=2026-02-26T15:21:18.960-07:00 level=INFO msg="JSONL file created: %s" !BADKEY=/Users/dominic/repos/github.com/dsisnero/rod/.beads/issues.jsonl
time=2026-02-26T15:21:19.238-07:00 level=INFO msg="Import triggered by file change"
time=2026-02-26T15:21:19.238-07:00 level=INFO msg="Skipping %s: in backoff period" !BADKEY=auto-import
time=2026-02-26T15:21:19.962-07:00 level=INFO msg="Import triggered by file change"
time=2026-02-26T15:21:19.963-07:00 level=INFO msg="Skipping %s: in backoff period" !BADKEY=auto-import
time=2026-02-26T15:21:32.906-07:00 level=INFO msg="JSONL removed/renamed, re-establishing watch"
time=2026-02-26T15:21:32.958-07:00 level=INFO msg="Successfully re-established JSONL watch after %v" !BADKEY=50ms
time=2026-02-26T15:21:32.958-07:00 level=INFO msg="JSONL file created: %s" !BADKEY=/Users/dominic/repos/github.com/dsisnero/rod/.beads/issues.jsonl
time=2026-02-26T15:21:33.961-07:00 level=INFO msg="Import triggered by file change"
time=2026-02-26T15:21:33.966-07:00 level=INFO msg="Skipping %s: in backoff period" !BADKEY=auto-import
time=2026-02-26T15:21:41.002-07:00 level=INFO msg="Mutation detected: %s %s" status=rod-dz0
time=2026-02-26T15:21:41.502-07:00 level=INFO msg="Export triggered by mutation events"
time=2026-02-26T15:21:41.503-07:00 level=INFO msg="Starting %s..." !BADKEY=export
time=2026-02-26T15:21:41.510-07:00 level=INFO msg="Exported to JSONL"
time=2026-02-26T15:21:41.510-07:00 level=INFO msg="Export complete"
time=2026-02-26T15:21:41.510-07:00 level=INFO msg="JSONL removed/renamed, re-establishing watch"
time=2026-02-26T15:21:41.561-07:00 level=INFO msg="Successfully re-established JSONL watch after %v" !BADKEY=50ms
time=2026-02-26T15:21:41.561-07:00 level=INFO msg="JSONL file created: %s" !BADKEY=/Users/dominic/repos/github.com/dsisnero/rod/.beads/issues.jsonl
time=2026-02-26T15:21:42.563-07:00 level=INFO msg="Import triggered by file change"
time=2026-02-26T15:21:42.564-07:00 level=INFO msg="Skipping %s: in backoff period" !BADKEY=auto-import
time=2026-02-26T15:22:30.302-07:00 level=INFO msg="File change detected: %s" !BADKEY=/Users/dominic/repos/github.com/dsisnero/rod/.beads/issues.jsonl
time=2026-02-26T15:22:31.305-07:00 level=INFO msg="Import triggered by file change"
time=2026-02-26T15:22:31.306-07:00 level=INFO msg="Skipping %s: in backoff period" !BADKEY=auto-import
time=2026-02-26T15:31:33.772-07:00 level=INFO msg="File change detected: %s" !BADKEY=/Users/dominic/repos/github.com/dsisnero/rod/.beads/issues.jsonl
time=2026-02-26T15:31:34.774-07:00 level=INFO msg="Import triggered by file change"
time=2026-02-26T15:31:34.774-07:00 level=INFO msg="Starting %s..." !BADKEY=auto-import
time=2026-02-26T15:31:34.774-07:00 level=INFO msg="JSONL content changed, proceeding with %s..." !BADKEY=auto-import
time=2026-02-26T15:31:34.784-07:00 level=INFO msg="⚠️  WARNING: Uncommitted local changes detected in %s" !BADKEY=/Users/dominic/repos/github.com/dsisnero/rod/.beads/issues.jsonl
time=2026-02-26T15:31:34.784-07:00 level=INFO msg="   Pulling from remote may overwrite local unpushed changes."
time=2026-02-26T15:31:34.784-07:00 level=INFO msg="   Consider running 'bd sync' to commit and push your changes first."
time=2026-02-26T15:31:34.824-07:00 level=INFO msg="Pull failed: %v (backoff: %v)" !BADKEY="git pull failed: exit status 128\nerror: cannot pull with rebase: You have unstaged changes.\nerror: Please commit or stash them.\n" !BADKEY=30m0s
time=2026-02-26T15:39:18.599-07:00 level=INFO msg="File change detected: %s" !BADKEY=/Users/dominic/repos/github.com/dsisnero/rod/.beads/issues.jsonl
time=2026-02-26T15:39:19.606-07:00 level=INFO msg="Import triggered by file change"
time=2026-02-26T15:39:19.608-07:00 level=INFO msg="Skipping %s: in backoff period" !BADKEY=auto-import
time=2026-02-26T15:39:24.749-07:00 level=INFO msg="File change detected: %s" !BADKEY=/Users/dominic/repos/github.com/dsisnero/rod/.beads/issues.jsonl
time=2026-02-26T15:39:25.750-07:00 level=INFO msg="Import triggered by file change"
time=2026-02-26T15:39:25.751-07:00 level=INFO msg="Skipping %s: in backoff period" !BADKEY=auto-import
time=2026-02-26T15:40:54.171-07:00 level=INFO msg="File change detected: %s" !BADKEY=/Users/dominic/repos/github.com/dsisnero/rod/.beads/issues.jsonl
time=2026-02-26T15:40:55.173-07:00 level=INFO msg="Import triggered by file change"
time=2026-02-26T15:40:55.173-07:00 level=INFO msg="Skipping %s: in backoff period" !BADKEY=auto-import
time=2026-02-26T15:40:56.056-07:00 level=INFO msg="Mutation detected: %s %s" status=rod-dz0
time=2026-02-26T15:40:56.557-07:00 level=INFO msg="Export triggered by mutation events"
time=2026-02-26T15:40:56.558-07:00 level=INFO msg="Starting %s..." !BADKEY=export
time=2026-02-26T15:40:56.558-07:00 level=INFO msg="Pre-export validation failed: %v" !BADKEY="refusing to export: JSONL content has changed since last import (import first to avoid data loss)"
time=2026-02-26T15:41:21.120-07:00 level=INFO msg="JSONL removed/renamed, re-establishing watch"
time=2026-02-26T15:41:21.171-07:00 level=INFO msg="Successfully re-established JSONL watch after %v" !BADKEY=50ms
time=2026-02-26T15:41:21.171-07:00 level=INFO msg="JSONL file created: %s" !BADKEY=/Users/dominic/repos/github.com/dsisnero/rod/.beads/issues.jsonl
time=2026-02-26T15:41:21.773-07:00 level=INFO msg="File change detected: %s" !BADKEY=/Users/dominic/repos/github.com/dsisnero/rod/.beads/issues.jsonl
time=2026-02-26T15:41:21.878-07:00 level=INFO msg="JSONL removed/renamed, re-establishing watch"
time=2026-02-26T15:41:21.929-07:00 level=INFO msg="Successfully re-established JSONL watch after %v" !BADKEY=50ms
time=2026-02-26T15:41:21.929-07:00 level=INFO msg="JSONL file created: %s" !BADKEY=/Users/dominic/repos/github.com/dsisnero/rod/.beads/issues.jsonl
time=2026-02-26T15:41:22.172-07:00 level=INFO msg="Import triggered by file change"
time=2026-02-26T15:41:22.173-07:00 level=INFO msg="Skipping %s: in backoff period" !BADKEY=auto-import
time=2026-02-26T15:41:22.931-07:00 level=INFO msg="Import triggered by file change"
time=2026-02-26T15:41:22.931-07:00 level=INFO msg="Skipping %s: in backoff period" !BADKEY=auto-import
time=2026-02-26T15:42:06.277-07:00 level=INFO msg="File change detected: %s" !BADKEY=/Users/dominic/repos/github.com/dsisnero/rod/.beads/issues.jsonl
time=2026-02-26T15:42:07.279-07:00 level=INFO msg="Import triggered by file change"
time=2026-02-26T15:42:07.279-07:00 level=INFO msg="Skipping %s: in backoff period" !BADKEY=auto-import
time=2026-02-26T15:42:09.602-07:00 level=INFO msg="Git ref change detected: %s" !BADKEY=/Users/dominic/repos/github.com/dsisnero/rod/.git/refs/heads/main.lock
time=2026-02-26T15:42:10.461-07:00 level=INFO msg="JSONL removed/renamed, re-establishing watch"
time=2026-02-26T15:42:10.512-07:00 level=INFO msg="Successfully re-established JSONL watch after %v" !BADKEY=50ms
time=2026-02-26T15:42:10.512-07:00 level=INFO msg="JSONL file created: %s" !BADKEY=/Users/dominic/repos/github.com/dsisnero/rod/.beads/issues.jsonl
time=2026-02-26T15:42:10.604-07:00 level=INFO msg="Import triggered by file change"
time=2026-02-26T15:42:10.605-07:00 level=INFO msg="Skipping %s: in backoff period" !BADKEY=auto-import
time=2026-02-26T15:42:11.523-07:00 level=INFO msg="Import triggered by file change"
time=2026-02-26T15:42:11.524-07:00 level=INFO msg="Skipping %s: in backoff period" !BADKEY=auto-import
time=2026-02-26T15:42:24.741-07:00 level=INFO msg="Mutation detected: %s %s" create=rod-vr8
time=2026-02-26T15:42:25.241-07:00 level=INFO msg="Export triggered by mutation events"
time=2026-02-26T15:42:25.241-07:00 level=INFO msg="Starting %s..." !BADKEY=export
time=2026-02-26T15:42:25.246-07:00 level=INFO msg="Exported to JSONL"
time=2026-02-26T15:42:25.246-07:00 level=INFO msg="Export complete"
time=2026-02-26T15:42:25.246-07:00 level=INFO msg="JSONL removed/renamed, re-establishing watch"
time=2026-02-26T15:42:25.297-07:00 level=INFO msg="Successfully re-established JSONL watch after %v" !BADKEY=50ms
time=2026-02-26T15:42:25.297-07:00 level=INFO msg="JSONL file created: %s" !BADKEY=/Users/dominic/repos/github.com/dsisnero/rod/.beads/issues.jsonl
time=2026-02-26T15:42:26.299-07:00 level=INFO msg="Import triggered by file change"
time=2026-02-26T15:42:26.300-07:00 level=INFO msg="Skipping %s: in backoff period" !BADKEY=auto-import
time=2026-02-26T15:42:29.426-07:00 level=INFO msg="Mutation detected: %s %s" status=rod-vr8
time=2026-02-26T15:42:29.927-07:00 level=INFO msg="Export triggered by mutation events"
time=2026-02-26T15:42:29.927-07:00 level=INFO msg="Starting %s..." !BADKEY=export
time=2026-02-26T15:42:29.927-07:00 level=INFO msg="Pre-export validation failed: %v" !BADKEY="refusing to export: JSONL content has changed since last import (import first to avoid data loss)"
time=2026-02-26T16:07:14.394-07:00 level=INFO msg="File change detected: %s" !BADKEY=/Users/dominic/repos/github.com/dsisnero/rod/.beads/issues.jsonl
time=2026-02-26T16:07:15.397-07:00 level=INFO msg="Import triggered by file change"
time=2026-02-26T16:07:15.398-07:00 level=INFO msg="Starting %s..." !BADKEY=auto-import
time=2026-02-26T16:07:15.398-07:00 level=INFO msg="JSONL content changed, proceeding with %s..." !BADKEY=auto-import
time=2026-02-26T16:07:15.409-07:00 level=INFO msg="⚠️  WARNING: Uncommitted local changes detected in %s" !BADKEY=/Users/dominic/repos/github.com/dsisnero/rod/.beads/issues.jsonl
time=2026-02-26T16:07:15.409-07:00 level=INFO msg="   Pulling from remote may overwrite local unpushed changes."
time=2026-02-26T16:07:15.409-07:00 level=INFO msg="   Consider running 'bd sync' to commit and push your changes first."
time=2026-02-26T16:07:15.463-07:00 level=INFO msg="Pull failed: %v (backoff: %v)" !BADKEY="git pull failed: exit status 128\nerror: cannot pull with rebase: You have unstaged changes.\nerror: Please commit or stash them.\n" !BADKEY=30m0s
time=2026-02-26T16:09:22.852-07:00 level=INFO msg="File change detected: %s" !BADKEY=/Users/dominic/repos/github.com/dsisnero/rod/.beads/issues.jsonl
time=2026-02-26T16:09:23.853-07:00 level=INFO msg="Import triggered by file change"
time=2026-02-26T16:09:23.855-07:00 level=INFO msg="Skipping %s: in backoff period" !BADKEY=auto-import
time=2026-02-26T16:10:17.013-07:00 level=INFO msg="File change detected: %s" !BADKEY=/Users/dominic/repos/github.com/dsisnero/rod/.beads/issues.jsonl
time=2026-02-26T16:10:18.015-07:00 level=INFO msg="Import triggered by file change"
time=2026-02-26T16:10:18.016-07:00 level=INFO msg="Skipping %s: in backoff period" !BADKEY=auto-import
time=2026-02-26T16:10:28.513-07:00 level=INFO msg="File change detected: %s" !BADKEY=/Users/dominic/repos/github.com/dsisnero/rod/.beads/issues.jsonl
time=2026-02-26T16:10:29.515-07:00 level=INFO msg="Import triggered by file change"
time=2026-02-26T16:10:29.517-07:00 level=INFO msg="Skipping %s: in backoff period" !BADKEY=auto-import
time=2026-02-26T16:29:46.448-07:00 level=INFO msg="Received signal %v, shutting down..." !BADKEY=terminated
time=2026-02-26T20:26:58.866-07:00 level=INFO msg="Daemon started (interval: %v, auto-commit: %v, auto-push: %v)" !BADKEY=5s !BADKEY=false !BADKEY=false
time=2026-02-26T20:26:58.866-07:00 level=INFO msg="using database" path=/Users/dominic/repos/github.com/dsisnero/rod/.beads/beads.db
time=2026-02-26T20:26:58.889-07:00 level=INFO msg="database opened" path=/Users/dominic/repos/github.com/dsisnero/rod/.beads/beads.db backend=sqlite freshness_checking=true
time=2026-02-26T20:26:58.889-07:00 level=INFO msg="upgrading .beads/.gitignore"
time=2026-02-26T20:26:58.889-07:00 level=WARN msg="failed to upgrade .gitignore" error="open .beads/.gitignore: no such file or directory"
time=2026-02-26T20:26:58.894-07:00 level=INFO msg="Repository fingerprint validated: %s" !BADKEY=057b7adf
time=2026-02-26T20:26:58.894-07:00 level=INFO msg="starting RPC server" socket=/Users/dominic/repos/github.com/dsisnero/rod/.beads/bd.sock
time=2026-02-26T20:26:58.894-07:00 level=ERROR msg="RPC server error" error="failed to initialize RPC listener: listen unix /Users/dominic/repos/github.com/dsisnero/rod/.beads/bd.sock: bind: operation not permitted"
time=2026-02-26T20:26:58.894-07:00 level=ERROR msg="RPC server failed to start" error="failed to initialize RPC listener: listen unix /Users/dominic/repos/github.com/dsisnero/rod/.beads/bd.sock: bind: operation not permitted"
time=2026-02-26T20:30:13.186-07:00 level=INFO msg="Daemon started (interval: %v, auto-commit: %v, auto-push: %v)" !BADKEY=5s !BADKEY=false !BADKEY=false
time=2026-02-26T20:30:13.187-07:00 level=INFO msg="using database" path=/Users/dominic/repos/github.com/dsisnero/rod/.beads/beads.db
time=2026-02-26T20:30:13.210-07:00 level=INFO msg="database opened" path=/Users/dominic/repos/github.com/dsisnero/rod/.beads/beads.db backend=sqlite freshness_checking=true
time=2026-02-26T20:30:13.210-07:00 level=INFO msg="upgrading .beads/.gitignore"
time=2026-02-26T20:30:13.210-07:00 level=WARN msg="failed to upgrade .gitignore" error="open .beads/.gitignore: no such file or directory"
time=2026-02-26T20:30:13.215-07:00 level=INFO msg="Repository fingerprint validated: %s" !BADKEY=057b7adf
time=2026-02-26T20:30:13.215-07:00 level=INFO msg="starting RPC server" socket=/Users/dominic/repos/github.com/dsisnero/rod/.beads/bd.sock
time=2026-02-26T20:30:13.216-07:00 level=INFO msg="RPC server ready (socket listening)"
time=2026-02-26T20:30:13.220-07:00 level=INFO msg="registered in global registry"
time=2026-02-26T20:30:13.220-07:00 level=INFO msg="Starting %s..." !BADKEY="sync cycle"
time=2026-02-26T20:30:13.223-07:00 level=INFO msg="Exported to JSONL"
time=2026-02-26T20:30:13.259-07:00 level=INFO msg="Pull failed: %v" !BADKEY="git pull failed: exit status 128\nerror: cannot pull with rebase: You have unstaged changes.\nerror: Please commit or stash them.\n"
time=2026-02-26T20:30:13.259-07:00 level=INFO msg="monitoring parent process" pid=0
time=2026-02-26T20:30:13.259-07:00 level=INFO msg="using event-driven mode"
time=2026-02-26T20:30:13.259-07:00 level=INFO msg="Auto-pull disabled: use 'git pull' manually to sync remote changes"
time=2026-02-26T20:34:41.504-07:00 level=INFO msg="File change detected: %s" !BADKEY=/Users/dominic/repos/github.com/dsisnero/rod/.beads/issues.jsonl
time=2026-02-26T20:34:42.506-07:00 level=INFO msg="Import triggered by file change"
time=2026-02-26T20:34:42.506-07:00 level=INFO msg="Starting %s..." !BADKEY=auto-import
time=2026-02-26T20:34:42.507-07:00 level=INFO msg="Skipping %s: JSONL content unchanged" !BADKEY=auto-import
time=2026-02-26T20:35:41.183-07:00 level=INFO msg="daemon already running (lock held), exiting"
time=2026-02-26T20:35:46.270-07:00 level=INFO msg="JSONL removed/renamed, re-establishing watch"
time=2026-02-26T20:35:46.321-07:00 level=INFO msg="Successfully re-established JSONL watch after %v" !BADKEY=50ms
time=2026-02-26T20:35:46.321-07:00 level=INFO msg="JSONL file created: %s" !BADKEY=/Users/dominic/repos/github.com/dsisnero/rod/.beads/issues.jsonl
time=2026-02-26T20:35:47.324-07:00 level=INFO msg="Import triggered by file change"
time=2026-02-26T20:35:47.324-07:00 level=INFO msg="Starting %s..." !BADKEY=auto-import
time=2026-02-26T20:35:47.329-07:00 level=INFO msg="Skipping %s: JSONL content unchanged" !BADKEY=auto-import
time=2026-02-26T20:39:35.535-07:00 level=INFO msg="File change detected: %s" !BADKEY=/Users/dominic/repos/github.com/dsisnero/rod/.beads/issues.jsonl
time=2026-02-26T20:39:36.538-07:00 level=INFO msg="Import triggered by file change"
time=2026-02-26T20:39:36.538-07:00 level=INFO msg="Starting %s..." !BADKEY=auto-import
time=2026-02-26T20:39:36.538-07:00 level=INFO msg="Skipping %s: JSONL content unchanged" !BADKEY=auto-import
time=2026-02-26T20:40:18.334-07:00 level=INFO msg="JSONL removed/renamed, re-establishing watch"
time=2026-02-26T20:40:18.384-07:00 level=INFO msg="Successfully re-established JSONL watch after %v" !BADKEY=50ms
time=2026-02-26T20:40:18.384-07:00 level=INFO msg="JSONL file created: %s" !BADKEY=/Users/dominic/repos/github.com/dsisnero/rod/.beads/issues.jsonl
time=2026-02-26T20:40:19.386-07:00 level=INFO msg="Import triggered by file change"
time=2026-02-26T20:40:19.387-07:00 level=INFO msg="Starting %s..." !BADKEY=auto-import
time=2026-02-26T20:40:19.388-07:00 level=INFO msg="Skipping %s: JSONL content unchanged" !BADKEY=auto-import
time=2026-02-26T20:40:54.604-07:00 level=INFO msg="File change detected: %s" !BADKEY=/Users/dominic/repos/github.com/dsisnero/rod/.beads/issues.jsonl
time=2026-02-26T20:40:55.607-07:00 level=INFO msg="Import triggered by file change"
time=2026-02-26T20:40:55.608-07:00 level=INFO msg="Starting %s..." !BADKEY=auto-import
time=2026-02-26T20:40:55.609-07:00 level=INFO msg="Skipping %s: JSONL content unchanged" !BADKEY=auto-import
time=2026-02-26T20:40:56.830-07:00 level=INFO msg="JSONL removed/renamed, re-establishing watch"
time=2026-02-26T20:40:56.882-07:00 level=INFO msg="Successfully re-established JSONL watch after %v" !BADKEY=50ms
time=2026-02-26T20:40:56.882-07:00 level=INFO msg="JSONL file created: %s" !BADKEY=/Users/dominic/repos/github.com/dsisnero/rod/.beads/issues.jsonl
time=2026-02-26T20:40:57.884-07:00 level=INFO msg="Import triggered by file change"
time=2026-02-26T20:40:57.884-07:00 level=INFO msg="Starting %s..." !BADKEY=auto-import
time=2026-02-26T20:40:57.888-07:00 level=INFO msg="Skipping %s: JSONL content unchanged" !BADKEY=auto-import
time=2026-02-26T20:41:50.225-07:00 level=INFO msg="daemon already running (lock held), exiting"
time=2026-02-26T20:41:55.329-07:00 level=INFO msg="JSONL removed/renamed, re-establishing watch"
time=2026-02-26T20:41:55.380-07:00 level=INFO msg="Successfully re-established JSONL watch after %v" !BADKEY=50ms
time=2026-02-26T20:41:55.380-07:00 level=INFO msg="JSONL file created: %s" !BADKEY=/Users/dominic/repos/github.com/dsisnero/rod/.beads/issues.jsonl
time=2026-02-26T20:41:56.382-07:00 level=INFO msg="Import triggered by file change"
time=2026-02-26T20:41:56.383-07:00 level=INFO msg="Starting %s..." !BADKEY=auto-import
time=2026-02-26T20:41:56.386-07:00 level=INFO msg="Skipping %s: JSONL content unchanged" !BADKEY=auto-import
time=2026-02-26T20:42:04.189-07:00 level=INFO msg="daemon already running (lock held), exiting"
time=2026-02-26T20:42:09.272-07:00 level=INFO msg="JSONL removed/renamed, re-establishing watch"
time=2026-02-26T20:42:09.324-07:00 level=INFO msg="Successfully re-established JSONL watch after %v" !BADKEY=50ms
time=2026-02-26T20:42:09.324-07:00 level=INFO msg="JSONL file created: %s" !BADKEY=/Users/dominic/repos/github.com/dsisnero/rod/.beads/issues.jsonl
time=2026-02-26T20:42:10.326-07:00 level=INFO msg="Import triggered by file change"
time=2026-02-26T20:42:10.327-07:00 level=INFO msg="Starting %s..." !BADKEY=auto-import
time=2026-02-26T20:42:10.330-07:00 level=INFO msg="Skipping %s: JSONL content unchanged" !BADKEY=auto-import
time=2026-02-26T20:43:28.467-07:00 level=INFO msg="daemon already running (lock held), exiting"
time=2026-02-26T20:43:33.559-07:00 level=INFO msg="JSONL removed/renamed, re-establishing watch"
time=2026-02-26T20:43:33.610-07:00 level=INFO msg="Successfully re-established JSONL watch after %v" !BADKEY=50ms
time=2026-02-26T20:43:33.610-07:00 level=INFO msg="JSONL file created: %s" !BADKEY=/Users/dominic/repos/github.com/dsisnero/rod/.beads/issues.jsonl
time=2026-02-26T20:43:34.612-07:00 level=INFO msg="Import triggered by file change"
time=2026-02-26T20:43:34.613-07:00 level=INFO msg="Starting %s..." !BADKEY=auto-import
time=2026-02-26T20:43:34.617-07:00 level=INFO msg="Skipping %s: JSONL content unchanged" !BADKEY=auto-import
time=2026-02-26T20:49:37.164-07:00 level=INFO msg="File change detected: %s" !BADKEY=/Users/dominic/repos/github.com/dsisnero/rod/.beads/issues.jsonl
time=2026-02-26T20:49:38.166-07:00 level=INFO msg="Import triggered by file change"
time=2026-02-26T20:49:38.166-07:00 level=INFO msg="Starting %s..." !BADKEY=auto-import
time=2026-02-26T20:49:38.166-07:00 level=INFO msg="Skipping %s: JSONL content unchanged" !BADKEY=auto-import
time=2026-02-26T20:49:44.554-07:00 level=INFO msg="JSONL removed/renamed, re-establishing watch"
time=2026-02-26T20:49:44.606-07:00 level=INFO msg="Successfully re-established JSONL watch after %v" !BADKEY=50ms
time=2026-02-26T20:49:44.606-07:00 level=INFO msg="JSONL file created: %s" !BADKEY=/Users/dominic/repos/github.com/dsisnero/rod/.beads/issues.jsonl
time=2026-02-26T20:49:45.608-07:00 level=INFO msg="Import triggered by file change"
time=2026-02-26T20:49:45.608-07:00 level=INFO msg="Starting %s..." !BADKEY=auto-import
time=2026-02-26T20:49:45.608-07:00 level=INFO msg="Skipping %s: JSONL content unchanged" !BADKEY=auto-import
time=2026-02-26T20:49:57.313-07:00 level=INFO msg="JSONL removed/renamed, re-establishing watch"
time=2026-02-26T20:49:57.364-07:00 level=INFO msg="Successfully re-established JSONL watch after %v" !BADKEY=50ms
time=2026-02-26T20:49:57.364-07:00 level=INFO msg="JSONL file created: %s" !BADKEY=/Users/dominic/repos/github.com/dsisnero/rod/.beads/issues.jsonl
time=2026-02-26T20:49:58.366-07:00 level=INFO msg="Import triggered by file change"
time=2026-02-26T20:49:58.366-07:00 level=INFO msg="Starting %s..." !BADKEY=auto-import
time=2026-02-26T20:49:58.368-07:00 level=INFO msg="Skipping %s: JSONL content unchanged" !BADKEY=auto-import
time=2026-02-26T20:50:33.090-07:00 level=INFO msg="daemon already running (lock held), exiting"
time=2026-02-26T20:50:38.188-07:00 level=INFO msg="JSONL removed/renamed, re-establishing watch"
time=2026-02-26T20:50:38.239-07:00 level=INFO msg="Successfully re-established JSONL watch after %v" !BADKEY=50ms
time=2026-02-26T20:50:38.239-07:00 level=INFO msg="JSONL file created: %s" !BADKEY=/Users/dominic/repos/github.com/dsisnero/rod/.beads/issues.jsonl
time=2026-02-26T20:50:39.242-07:00 level=INFO msg="Import triggered by file change"
time=2026-02-26T20:50:39.242-07:00 level=INFO msg="Starting %s..." !BADKEY=auto-import
time=2026-02-26T20:50:39.246-07:00 level=INFO msg="Skipping %s: JSONL content unchanged" !BADKEY=auto-import
time=2026-02-26T20:50:47.859-07:00 level=INFO msg="daemon already running (lock held), exiting"
time=2026-02-26T20:50:52.919-07:00 level=INFO msg="JSONL removed/renamed, re-establishing watch"
time=2026-02-26T20:50:52.970-07:00 level=INFO msg="Successfully re-established JSONL watch after %v" !BADKEY=50ms
time=2026-02-26T20:50:52.970-07:00 level=INFO msg="JSONL file created: %s" !BADKEY=/Users/dominic/repos/github.com/dsisnero/rod/.beads/issues.jsonl
time=2026-02-26T20:50:53.972-07:00 level=INFO msg="Import triggered by file change"
time=2026-02-26T20:50:53.972-07:00 level=INFO msg="Starting %s..." !BADKEY=auto-import
time=2026-02-26T20:50:53.975-07:00 level=INFO msg="Skipping %s: JSONL content unchanged" !BADKEY=auto-import
time=2026-02-26T20:51:05.977-07:00 level=INFO msg="File change detected: %s" !BADKEY=/Users/dominic/repos/github.com/dsisnero/rod/.beads/issues.jsonl
time=2026-02-26T20:51:06.979-07:00 level=INFO msg="Import triggered by file change"
time=2026-02-26T20:51:06.979-07:00 level=INFO msg="Starting %s..." !BADKEY=auto-import
time=2026-02-26T20:51:06.979-07:00 level=INFO msg="Skipping %s: JSONL content unchanged" !BADKEY=auto-import
time=2026-02-26T20:51:25.419-07:00 level=INFO msg="daemon already running (lock held), exiting"
time=2026-02-26T20:51:30.476-07:00 level=INFO msg="JSONL removed/renamed, re-establishing watch"
time=2026-02-26T20:51:30.527-07:00 level=INFO msg="Successfully re-established JSONL watch after %v" !BADKEY=50ms
time=2026-02-26T20:51:30.527-07:00 level=INFO msg="JSONL file created: %s" !BADKEY=/Users/dominic/repos/github.com/dsisnero/rod/.beads/issues.jsonl
time=2026-02-26T20:51:31.529-07:00 level=INFO msg="Import triggered by file change"
time=2026-02-26T20:51:31.529-07:00 level=INFO msg="Starting %s..." !BADKEY=auto-import
time=2026-02-26T20:51:31.532-07:00 level=INFO msg="Skipping %s: JSONL content unchanged" !BADKEY=auto-import
time=2026-02-26T20:52:24.182-07:00 level=INFO msg="File change detected: %s" !BADKEY=/Users/dominic/repos/github.com/dsisnero/rod/.beads/issues.jsonl
time=2026-02-26T20:52:25.183-07:00 level=INFO msg="Import triggered by file change"
time=2026-02-26T20:52:25.184-07:00 level=INFO msg="Starting %s..." !BADKEY=auto-import
time=2026-02-26T20:52:25.184-07:00 level=INFO msg="Skipping %s: JSONL content unchanged" !BADKEY=auto-import
time=2026-02-26T20:52:31.911-07:00 level=INFO msg="Git ref change detected: %s" !BADKEY=/Users/dominic/repos/github.com/dsisnero/rod/.git/refs/heads/main.lock
time=2026-02-26T20:52:32.913-07:00 level=INFO msg="Import triggered by file change"
time=2026-02-26T20:52:32.913-07:00 level=INFO msg="Starting %s..." !BADKEY=auto-import
time=2026-02-26T20:52:32.914-07:00 level=INFO msg="Skipping %s: JSONL content unchanged" !BADKEY=auto-import
time=2026-02-26T20:52:35.675-07:00 level=INFO msg="JSONL removed/renamed, re-establishing watch"
time=2026-02-26T20:52:35.726-07:00 level=INFO msg="Successfully re-established JSONL watch after %v" !BADKEY=50ms
time=2026-02-26T20:52:35.726-07:00 level=INFO msg="JSONL file created: %s" !BADKEY=/Users/dominic/repos/github.com/dsisnero/rod/.beads/issues.jsonl
time=2026-02-26T20:52:36.728-07:00 level=INFO msg="Import triggered by file change"
time=2026-02-26T20:52:36.728-07:00 level=INFO msg="Starting %s..." !BADKEY=auto-import
time=2026-02-26T20:52:36.729-07:00 level=INFO msg="Skipping %s: JSONL content unchanged" !BADKEY=auto-import
time=2026-02-26T20:52:41.809-07:00 level=INFO msg="JSONL removed/renamed, re-establishing watch"
time=2026-02-26T20:52:41.861-07:00 level=INFO msg="Successfully re-established JSONL watch after %v" !BADKEY=50ms
time=2026-02-26T20:52:41.861-07:00 level=INFO msg="JSONL file created: %s" !BADKEY=/Users/dominic/repos/github.com/dsisnero/rod/.beads/issues.jsonl
time=2026-02-26T20:52:42.863-07:00 level=INFO msg="Import triggered by file change"
time=2026-02-26T20:52:42.863-07:00 level=INFO msg="Starting %s..." !BADKEY=auto-import
time=2026-02-26T20:52:42.867-07:00 level=INFO msg="Skipping %s: JSONL content unchanged" !BADKEY=auto-import
time=2026-02-26T20:53:29.415-07:00 level=INFO msg="daemon already running (lock held), exiting"
time=2026-02-26T20:53:34.506-07:00 level=INFO msg="JSONL removed/renamed, re-establishing watch"
time=2026-02-26T20:53:34.557-07:00 level=INFO msg="Successfully re-established JSONL watch after %v" !BADKEY=50ms
time=2026-02-26T20:53:34.557-07:00 level=INFO msg="JSONL file created: %s" !BADKEY=/Users/dominic/repos/github.com/dsisnero/rod/.beads/issues.jsonl
time=2026-02-26T20:53:35.559-07:00 level=INFO msg="Import triggered by file change"
time=2026-02-26T20:53:35.560-07:00 level=INFO msg="Starting %s..." !BADKEY=auto-import
time=2026-02-26T20:53:35.565-07:00 level=INFO msg="Skipping %s: JSONL content unchanged" !BADKEY=auto-import
time=2026-02-26T20:53:46.323-07:00 level=INFO msg="daemon already running (lock held), exiting"
time=2026-02-26T20:53:51.401-07:00 level=INFO msg="JSONL removed/renamed, re-establishing watch"
time=2026-02-26T20:53:51.452-07:00 level=INFO msg="Successfully re-established JSONL watch after %v" !BADKEY=50ms
time=2026-02-26T20:53:51.452-07:00 level=INFO msg="JSONL file created: %s" !BADKEY=/Users/dominic/repos/github.com/dsisnero/rod/.beads/issues.jsonl
time=2026-02-26T20:53:52.454-07:00 level=INFO msg="Import triggered by file change"
time=2026-02-26T20:53:52.455-07:00 level=INFO msg="Starting %s..." !BADKEY=auto-import
time=2026-02-26T20:53:52.460-07:00 level=INFO msg="Skipping %s: JSONL content unchanged" !BADKEY=auto-import
time=2026-02-26T20:54:10.650-07:00 level=INFO msg="File change detected: %s" !BADKEY=/Users/dominic/repos/github.com/dsisnero/rod/.beads/issues.jsonl
time=2026-02-26T20:54:11.653-07:00 level=INFO msg="Import triggered by file change"
time=2026-02-26T20:54:11.653-07:00 level=INFO msg="Starting %s..." !BADKEY=auto-import
time=2026-02-26T20:54:11.654-07:00 level=INFO msg="Skipping %s: JSONL content unchanged" !BADKEY=auto-import
time=2026-02-26T20:54:50.997-07:00 level=INFO msg="daemon already running (lock held), exiting"
time=2026-02-26T20:54:56.083-07:00 level=INFO msg="JSONL removed/renamed, re-establishing watch"
time=2026-02-26T20:54:56.135-07:00 level=INFO msg="Successfully re-established JSONL watch after %v" !BADKEY=50ms
time=2026-02-26T20:54:56.135-07:00 level=INFO msg="JSONL file created: %s" !BADKEY=/Users/dominic/repos/github.com/dsisnero/rod/.beads/issues.jsonl
time=2026-02-26T20:54:57.136-07:00 level=INFO msg="Import triggered by file change"
time=2026-02-26T20:54:57.137-07:00 level=INFO msg="Starting %s..." !BADKEY=auto-import
time=2026-02-26T20:54:57.143-07:00 level=INFO msg="Skipping %s: JSONL content unchanged" !BADKEY=auto-import
time=2026-02-26T20:56:44.452-07:00 level=INFO msg="File change detected: %s" !BADKEY=/Users/dominic/repos/github.com/dsisnero/rod/.beads/issues.jsonl
time=2026-02-26T20:56:45.455-07:00 level=INFO msg="Import triggered by file change"
time=2026-02-26T20:56:45.455-07:00 level=INFO msg="Starting %s..." !BADKEY=auto-import
time=2026-02-26T20:56:45.456-07:00 level=INFO msg="Skipping %s: JSONL content unchanged" !BADKEY=auto-import
time=2026-02-26T21:20:48.802-07:00 level=INFO msg="File change detected: %s" !BADKEY=/Users/dominic/repos/github.com/dsisnero/rod/.beads/issues.jsonl
time=2026-02-26T21:20:49.803-07:00 level=INFO msg="Import triggered by file change"
time=2026-02-26T21:20:49.804-07:00 level=INFO msg="Starting %s..." !BADKEY=auto-import
time=2026-02-26T21:20:49.804-07:00 level=INFO msg="Skipping %s: JSONL content unchanged" !BADKEY=auto-import
time=2026-02-26T21:20:54.737-07:00 level=INFO msg="JSONL removed/renamed, re-establishing watch"
time=2026-02-26T21:20:54.788-07:00 level=INFO msg="Successfully re-established JSONL watch after %v" !BADKEY=50ms
time=2026-02-26T21:20:54.788-07:00 level=INFO msg="JSONL file created: %s" !BADKEY=/Users/dominic/repos/github.com/dsisnero/rod/.beads/issues.jsonl
time=2026-02-26T21:20:55.790-07:00 level=INFO msg="Import triggered by file change"
time=2026-02-26T21:20:55.790-07:00 level=INFO msg="Starting %s..." !BADKEY=auto-import
time=2026-02-26T21:20:55.791-07:00 level=INFO msg="Skipping %s: JSONL content unchanged" !BADKEY=auto-import
time=2026-02-26T21:21:02.259-07:00 level=INFO msg="JSONL removed/renamed, re-establishing watch"
time=2026-02-26T21:21:02.311-07:00 level=INFO msg="Successfully re-established JSONL watch after %v" !BADKEY=50ms
time=2026-02-26T21:21:02.311-07:00 level=INFO msg="JSONL file created: %s" !BADKEY=/Users/dominic/repos/github.com/dsisnero/rod/.beads/issues.jsonl
time=2026-02-26T21:21:03.312-07:00 level=INFO msg="Import triggered by file change"
time=2026-02-26T21:21:03.313-07:00 level=INFO msg="Starting %s..." !BADKEY=auto-import
time=2026-02-26T21:21:03.316-07:00 level=INFO msg="Skipping %s: JSONL content unchanged" !BADKEY=auto-import
time=2026-02-26T21:21:19.666-07:00 level=INFO msg="daemon already running (lock held), exiting"
time=2026-02-26T21:21:24.745-07:00 level=INFO msg="JSONL removed/renamed, re-establishing watch"
time=2026-02-26T21:21:24.796-07:00 level=INFO msg="Successfully re-established JSONL watch after %v" !BADKEY=50ms
time=2026-02-26T21:21:24.796-07:00 level=INFO msg="JSONL file created: %s" !BADKEY=/Users/dominic/repos/github.com/dsisnero/rod/.beads/issues.jsonl
time=2026-02-26T21:21:25.798-07:00 level=INFO msg="Import triggered by file change"
time=2026-02-26T21:21:25.799-07:00 level=INFO msg="Starting %s..." !BADKEY=auto-import
time=2026-02-26T21:21:25.803-07:00 level=INFO msg="Skipping %s: JSONL content unchanged" !BADKEY=auto-import
time=2026-02-26T21:21:36.171-07:00 level=INFO msg="daemon already running (lock held), exiting"
time=2026-02-26T21:21:41.248-07:00 level=INFO msg="JSONL removed/renamed, re-establishing watch"
time=2026-02-26T21:21:41.300-07:00 level=INFO msg="Successfully re-established JSONL watch after %v" !BADKEY=50ms
time=2026-02-26T21:21:41.300-07:00 level=INFO msg="JSONL file created: %s" !BADKEY=/Users/dominic/repos/github.com/dsisnero/rod/.beads/issues.jsonl
time=2026-02-26T21:21:42.302-07:00 level=INFO msg="Import triggered by file change"
time=2026-02-26T21:21:42.303-07:00 level=INFO msg="Starting %s..." !BADKEY=auto-import
time=2026-02-26T21:21:42.307-07:00 level=INFO msg="Skipping %s: JSONL content unchanged" !BADKEY=auto-import
time=2026-02-26T21:22:10.890-07:00 level=INFO msg="File change detected: %s" !BADKEY=/Users/dominic/repos/github.com/dsisnero/rod/.beads/issues.jsonl
time=2026-02-26T21:22:11.892-07:00 level=INFO msg="Import triggered by file change"
time=2026-02-26T21:22:11.892-07:00 level=INFO msg="Starting %s..." !BADKEY=auto-import
time=2026-02-26T21:22:11.893-07:00 level=INFO msg="Skipping %s: JSONL content unchanged" !BADKEY=auto-import
time=2026-02-26T21:23:44.115-07:00 level=INFO msg="File change detected: %s" !BADKEY=/Users/dominic/repos/github.com/dsisnero/rod/.beads/issues.jsonl
time=2026-02-26T21:23:45.117-07:00 level=INFO msg="Import triggered by file change"
time=2026-02-26T21:23:45.117-07:00 level=INFO msg="Starting %s..." !BADKEY=auto-import
time=2026-02-26T21:23:45.118-07:00 level=INFO msg="Skipping %s: JSONL content unchanged" !BADKEY=auto-import
time=2026-02-26T21:28:40.534-07:00 level=INFO msg="File change detected: %s" !BADKEY=/Users/dominic/repos/github.com/dsisnero/rod/.beads/issues.jsonl
time=2026-02-26T21:28:41.536-07:00 level=INFO msg="Import triggered by file change"
time=2026-02-26T21:28:41.536-07:00 level=INFO msg="Starting %s..." !BADKEY=auto-import
time=2026-02-26T21:28:41.537-07:00 level=INFO msg="Skipping %s: JSONL content unchanged" !BADKEY=auto-import
time=2026-02-26T21:35:33.656-07:00 level=INFO msg="File change detected: %s" !BADKEY=/Users/dominic/repos/github.com/dsisnero/rod/.beads/issues.jsonl
time=2026-02-26T21:35:34.766-07:00 level=INFO msg="Import triggered by file change"
time=2026-02-26T21:35:34.767-07:00 level=INFO msg="Starting %s..." !BADKEY=auto-import
time=2026-02-26T21:35:34.767-07:00 level=INFO msg="Skipping %s: JSONL content unchanged" !BADKEY=auto-import
time=2026-02-26T21:35:39.948-07:00 level=INFO msg="File change detected: %s" !BADKEY=/Users/dominic/repos/github.com/dsisnero/rod/.beads/issues.jsonl
time=2026-02-26T21:35:40.950-07:00 level=INFO msg="Import triggered by file change"
time=2026-02-26T21:35:40.951-07:00 level=INFO msg="Starting %s..." !BADKEY=auto-import
time=2026-02-26T21:35:40.951-07:00 level=INFO msg="Skipping %s: JSONL content unchanged" !BADKEY=auto-import
time=2026-02-26T21:42:02.308-07:00 level=INFO msg="daemon already running (lock held), exiting"
time=2026-02-26T21:42:07.370-07:00 level=INFO msg="JSONL removed/renamed, re-establishing watch"
time=2026-02-26T21:42:07.421-07:00 level=INFO msg="Successfully re-established JSONL watch after %v" !BADKEY=50ms
time=2026-02-26T21:42:07.421-07:00 level=INFO msg="JSONL file created: %s" !BADKEY=/Users/dominic/repos/github.com/dsisnero/rod/.beads/issues.jsonl
time=2026-02-26T21:42:08.422-07:00 level=INFO msg="Import triggered by file change"
time=2026-02-26T21:42:08.422-07:00 level=INFO msg="Starting %s..." !BADKEY=auto-import
time=2026-02-26T21:42:08.426-07:00 level=INFO msg="Skipping %s: JSONL content unchanged" !BADKEY=auto-import
time=2026-02-26T21:43:55.752-07:00 level=INFO msg="File change detected: %s" !BADKEY=/Users/dominic/repos/github.com/dsisnero/rod/.beads/issues.jsonl
time=2026-02-26T21:43:56.754-07:00 level=INFO msg="Import triggered by file change"
time=2026-02-26T21:43:56.754-07:00 level=INFO msg="Starting %s..." !BADKEY=auto-import
time=2026-02-26T21:43:56.754-07:00 level=INFO msg="Skipping %s: JSONL content unchanged" !BADKEY=auto-import
time=2026-02-26T21:46:44.762-07:00 level=INFO msg="File change detected: %s" !BADKEY=/Users/dominic/repos/github.com/dsisnero/rod/.beads/issues.jsonl
time=2026-02-26T21:46:45.764-07:00 level=INFO msg="Import triggered by file change"
time=2026-02-26T21:46:45.764-07:00 level=INFO msg="Starting %s..." !BADKEY=auto-import
time=2026-02-26T21:46:45.765-07:00 level=INFO msg="Skipping %s: JSONL content unchanged" !BADKEY=auto-import
time=2026-03-03T23:39:16.186-07:00 level=INFO msg="File change detected: %s" !BADKEY=/Users/dominic/repos/github.com/dsisnero/rod/.beads/issues.jsonl
time=2026-03-03T23:39:17.191-07:00 level=INFO msg="Import triggered by file change"
time=2026-03-03T23:39:17.206-07:00 level=INFO msg="Starting %s..." !BADKEY=auto-import
time=2026-03-03T23:39:17.210-07:00 level=INFO msg="Skipping %s: JSONL content unchanged" !BADKEY=auto-import
time=2026-03-03T23:39:17.720-07:00 level=INFO msg="File change detected: %s" !BADKEY=/Users/dominic/repos/github.com/dsisnero/rod/.beads/issues.jsonl
time=2026-03-03T23:39:18.721-07:00 level=INFO msg="Import triggered by file change"
time=2026-03-03T23:39:18.722-07:00 level=INFO msg="Starting %s..." !BADKEY=auto-import
time=2026-03-03T23:39:18.722-07:00 level=INFO msg="Skipping %s: JSONL content unchanged" !BADKEY=auto-import
time=2026-03-04T00:06:33.426-07:00 level=INFO msg="File change detected: %s" !BADKEY=/Users/dominic/repos/github.com/dsisnero/rod/.beads/issues.jsonl
time=2026-03-04T00:06:34.430-07:00 level=INFO msg="Import triggered by file change"
time=2026-03-04T00:06:34.436-07:00 level=INFO msg="Starting %s..." !BADKEY=auto-import
time=2026-03-04T00:06:34.438-07:00 level=INFO msg="Skipping %s: JSONL content unchanged" !BADKEY=auto-import
time=2026-03-04T00:07:15.176-07:00 level=INFO msg="File change detected: %s" !BADKEY=/Users/dominic/repos/github.com/dsisnero/rod/.beads/issues.jsonl
time=2026-03-04T00:07:16.177-07:00 level=INFO msg="Import triggered by file change"
time=2026-03-04T00:07:16.178-07:00 level=INFO msg="Starting %s..." !BADKEY=auto-import
time=2026-03-04T00:07:16.179-07:00 level=INFO msg="Skipping %s: JSONL content unchanged" !BADKEY=auto-import
time=2026-03-04T00:07:57.796-07:00 level=INFO msg="File change detected: %s" !BADKEY=/Users/dominic/repos/github.com/dsisnero/rod/.beads/issues.jsonl
time=2026-03-04T00:07:58.798-07:00 level=INFO msg="Import triggered by file change"
time=2026-03-04T00:07:58.800-07:00 level=INFO msg="Starting %s..." !BADKEY=auto-import
time=2026-03-04T00:07:58.800-07:00 level=INFO msg="Skipping %s: JSONL content unchanged" !BADKEY=auto-import
time=2026-03-04T00:12:34.705-07:00 level=INFO msg="File change detected: %s" !BADKEY=/Users/dominic/repos/github.com/dsisnero/rod/.beads/issues.jsonl
time=2026-03-04T00:12:35.707-07:00 level=INFO msg="Import triggered by file change"
time=2026-03-04T00:12:35.709-07:00 level=INFO msg="Starting %s..." !BADKEY=auto-import
time=2026-03-04T00:12:35.710-07:00 level=INFO msg="Skipping %s: JSONL content unchanged" !BADKEY=auto-import
time=2026-03-04T00:16:13.042-07:00 level=INFO msg="File change detected: %s" !BADKEY=/Users/dominic/repos/github.com/dsisnero/rod/.beads/issues.jsonl
time=2026-03-04T00:16:13.649-07:00 level=INFO msg="File change detected: %s" !BADKEY=/Users/dominic/repos/github.com/dsisnero/rod/.beads/issues.jsonl
time=2026-03-04T00:16:14.045-07:00 level=INFO msg="Import triggered by file change"
time=2026-03-04T00:16:14.046-07:00 level=INFO msg="Starting %s..." !BADKEY=auto-import
time=2026-03-04T00:16:14.046-07:00 level=INFO msg="Skipping %s: JSONL content unchanged" !BADKEY=auto-import
time=2026-03-04T00:16:14.651-07:00 level=INFO msg="Import triggered by file change"
time=2026-03-04T00:16:14.651-07:00 level=INFO msg="Starting %s..." !BADKEY=auto-import
time=2026-03-04T00:16:14.651-07:00 level=INFO msg="Skipping %s: JSONL content unchanged" !BADKEY=auto-import
time=2026-03-04T00:20:04.904-07:00 level=INFO msg="File change detected: %s" !BADKEY=/Users/dominic/repos/github.com/dsisnero/rod/.beads/issues.jsonl
time=2026-03-04T00:20:05.907-07:00 level=INFO msg="Import triggered by file change"
time=2026-03-04T00:20:05.907-07:00 level=INFO msg="Starting %s..." !BADKEY=auto-import
time=2026-03-04T00:20:05.908-07:00 level=INFO msg="Skipping %s: JSONL content unchanged" !BADKEY=auto-import
time=2026-03-04T00:20:42.389-07:00 level=INFO msg="File change detected: %s" !BADKEY=/Users/dominic/repos/github.com/dsisnero/rod/.beads/issues.jsonl
time=2026-03-04T00:20:43.390-07:00 level=INFO msg="Import triggered by file change"
time=2026-03-04T00:20:43.391-07:00 level=INFO msg="Starting %s..." !BADKEY=auto-import
time=2026-03-04T00:20:43.392-07:00 level=INFO msg="Skipping %s: JSONL content unchanged" !BADKEY=auto-import
time=2026-03-11T19:55:42.937-06:00 level=INFO msg="Received signal %v, shutting down..." !BADKEY=terminated
